**
(mainV4.tex
LaTeX2e <2021-11-15> patch level 1
L3 programming layer <2022-02-24> (report.cls
Document Class: report 2021/10/04 v1.4n Standard LaTeX document class
(size12.clo
File: size12.clo 2021/10/04 v1.4n Standard LaTeX file (size option)
)
\c@part=\count181
\c@chapter=\count182
\c@section=\count183
\c@subsection=\count184
\c@subsubsection=\count185
\c@paragraph=\count186
\c@subparagraph=\count187
\c@figure=\count188
\c@table=\count189
\abovecaptionskip=\skip47
\belowcaptionskip=\skip48
\bibindent=\dimen138
) (iftex.sty
Package: iftex 2022/02/03 v1.0f TeX engine tests
) (fontspec.sty (xparse.sty (expl3.sty
Package: expl3 2022-02-24 L3 programming layer (loader) 

(l3backend-xetex.def
File: l3backend-xetex.def 2022-02-07 L3 backend support: XeTeX
\c__kernel_sys_dvipdfmx_version_int=\count190
\l__color_backend_stack_int=\count191
\g__color_backend_stack_int=\count192
\g__graphics_track_int=\count193
\l__pdf_internal_box=\box50
\g__pdf_backend_object_int=\count194
\g__pdf_backend_annotation_int=\count195
\g__pdf_backend_link_int=\count196
))
Package: xparse 2022-01-12 L3 Experimental document command parser
)
Package: fontspec 2022/01/15 v2.8a Font selection for XeLaTeX and LuaLaTeX
 (fontspec-xetex.sty
Package: fontspec-xetex 2022/01/15 v2.8a Font selection for XeLaTeX and LuaLaTe
X
\l__fontspec_script_int=\count197
\l__fontspec_language_int=\count198
\l__fontspec_strnum_int=\count199
\l__fontspec_tmp_int=\count266
\l__fontspec_tmpa_int=\count267
\l__fontspec_tmpb_int=\count268
\l__fontspec_tmpc_int=\count269
\l__fontspec_em_int=\count270
\l__fontspec_emdef_int=\count271
\l__fontspec_strong_int=\count272
\l__fontspec_strongdef_int=\count273
\l__fontspec_tmpa_dim=\dimen139
\l__fontspec_tmpb_dim=\dimen140
\l__fontspec_tmpc_dim=\dimen141
 (fontenc.sty
Package: fontenc 2021/04/29 v2.0v Standard LaTeX package
) (fontspec.cfg)))

Package fontspec Info: Font family 'TimesNewRoman(0)' created for font 'Times
(fontspec)             New Roman' with options [Ligatures=TeX].
(fontspec)              
(fontspec)              This font family consists of the following NFSS
(fontspec)             series/shapes:
(fontspec)              
(fontspec)             - 'normal' (m/n) with NFSS spec.: <->"Times New
(fontspec)             Roman/OT:script=latn;language=dflt;mapping=tex-text;"
(fontspec)             - 'small caps'  (m/sc) with NFSS spec.: <->"Times New
(fontspec)             Roman/OT:script=latn;language=dflt;+smcp;mapping=tex-tex
t;"
(fontspec)             - 'bold' (b/n) with NFSS spec.: <->"Times New
(fontspec)             Roman/B/OT:script=latn;language=dflt;mapping=tex-text;"
(fontspec)             - 'bold small caps'  (b/sc) with NFSS spec.: <->"Times
(fontspec)             New
(fontspec)             Roman/B/OT:script=latn;language=dflt;+smcp;mapping=tex-t
ext;"
(fontspec)             - 'italic' (m/it) with NFSS spec.: <->"Times New
(fontspec)             Roman/I/OT:script=latn;language=dflt;mapping=tex-text;"
(fontspec)             - 'italic small caps'  (m/scit) with NFSS spec.:
(fontspec)             <->"Times New
(fontspec)             Roman/I/OT:script=latn;language=dflt;+smcp;mapping=tex-t
ext;"
(fontspec)             - 'bold italic' (b/it) with NFSS spec.: <->"Times New
(fontspec)             Roman/BI/OT:script=latn;language=dflt;mapping=tex-text;"

(fontspec)             - 'bold italic small caps'  (b/scit) with NFSS spec.:
(fontspec)             <->"Times New
(fontspec)             Roman/BI/OT:script=latn;language=dflt;+smcp;mapping=tex-
text;"


Package fontspec Info: Font family 'Arial(0)' created for font 'Arial' with
(fontspec)             options [Ligatures=TeX].
(fontspec)              
(fontspec)              This font family consists of the following NFSS
(fontspec)             series/shapes:
(fontspec)              
(fontspec)             - 'normal' (m/n) with NFSS spec.:
(fontspec)             <->"Arial/OT:script=latn;language=dflt;mapping=tex-text;
"
(fontspec)             - 'small caps'  (m/sc) with NFSS spec.:
(fontspec)             <->"Arial/OT:script=latn;language=dflt;+smcp;mapping=tex
-text;"
(fontspec)             - 'bold' (b/n) with NFSS spec.:
(fontspec)             <->"Arial/B/OT:script=latn;language=dflt;mapping=tex-tex
t;"
(fontspec)             - 'bold small caps'  (b/sc) with NFSS spec.:
(fontspec)             <->"Arial/B/OT:script=latn;language=dflt;+smcp;mapping=t
ex-text;"
(fontspec)             - 'italic' (m/it) with NFSS spec.:
(fontspec)             <->"Arial/I/OT:script=latn;language=dflt;mapping=tex-tex
t;"
(fontspec)             - 'italic small caps'  (m/scit) with NFSS spec.:
(fontspec)             <->"Arial/I/OT:script=latn;language=dflt;+smcp;mapping=t
ex-text;"
(fontspec)             - 'bold italic' (b/it) with NFSS spec.:
(fontspec)             <->"Arial/BI/OT:script=latn;language=dflt;mapping=tex-te
xt;"
(fontspec)             - 'bold italic small caps'  (b/scit) with NFSS spec.:
(fontspec)             <->"Arial/BI/OT:script=latn;language=dflt;+smcp;mapping=
tex-text;"


Package fontspec Info: Font family 'CourierNew(0)' created for font 'Courier
(fontspec)             New' with options
(fontspec)             [WordSpace={1,0,0},HyphenChar=None,PunctuationSpace=Word
Space].
(fontspec)              
(fontspec)              This font family consists of the following NFSS
(fontspec)             series/shapes:
(fontspec)              
(fontspec)             - 'normal' (m/n) with NFSS spec.: <->"Courier
(fontspec)             New/OT:script=latn;language=dflt;"
(fontspec)             - 'small caps'  (m/sc) with NFSS spec.: 
(fontspec)             and font adjustment code:
(fontspec)             \fontdimen 2\font =1\fontdimen 2\font \fontdimen 3\font
(fontspec)             =0\fontdimen 3\font \fontdimen 4\font =0\fontdimen
(fontspec)             4\font \fontdimen 7\font =0\fontdimen 2\font
(fontspec)             \tex_hyphenchar:D \font =-1\scan_stop: 
(fontspec)             - 'bold' (b/n) with NFSS spec.: <->"Courier
(fontspec)             New/B/OT:script=latn;language=dflt;"
(fontspec)             - 'bold small caps'  (b/sc) with NFSS spec.: 
(fontspec)             and font adjustment code:
(fontspec)             \fontdimen 2\font =1\fontdimen 2\font \fontdimen 3\font
(fontspec)             =0\fontdimen 3\font \fontdimen 4\font =0\fontdimen
(fontspec)             4\font \fontdimen 7\font =0\fontdimen 2\font
(fontspec)             \tex_hyphenchar:D \font =-1\scan_stop: 
(fontspec)             - 'italic' (m/it) with NFSS spec.: <->"Courier
(fontspec)             New/I/OT:script=latn;language=dflt;"
(fontspec)             - 'italic small caps'  (m/scit) with NFSS spec.: 
(fontspec)             and font adjustment code:
(fontspec)             \fontdimen 2\font =1\fontdimen 2\font \fontdimen 3\font
(fontspec)             =0\fontdimen 3\font \fontdimen 4\font =0\fontdimen
(fontspec)             4\font \fontdimen 7\font =0\fontdimen 2\font
(fontspec)             \tex_hyphenchar:D \font =-1\scan_stop: 
(fontspec)             - 'bold italic' (b/it) with NFSS spec.: <->"Courier
(fontspec)             New/BI/OT:script=latn;language=dflt;"
(fontspec)             - 'bold italic small caps'  (b/scit) with NFSS spec.: 
(fontspec)             and font adjustment code:
(fontspec)             \fontdimen 2\font =1\fontdimen 2\font \fontdimen 3\font
(fontspec)             =0\fontdimen 3\font \fontdimen 4\font =0\fontdimen
(fontspec)             4\font \fontdimen 7\font =0\fontdimen 2\font
(fontspec)             \tex_hyphenchar:D \font =-1\scan_stop: 


(babel.sty
Package: babel 2022/02/26 3.73 The Babel package
\babel@savecnt=\count274
\U@D=\dimen142
\l@unhyphenated=\language87
 (xebabel.def (txtbabel.def))
\bbl@readstream=\read2
\bbl@dirlevel=\count275
 (spanish.ldf
Language: spanish.ldf 2021/05/27 v5.0q Spanish support from the babel system
\es@quottoks=\toks16
\es@quotdepth=\count276
Package babel Info: Making " an active character on input line 570.
)) (microtype.sty
Package: microtype 2022/03/14 v3.0d Micro-typographical refinements (RS)

(keyval.sty
Package: keyval 2014/10/28 v1.15 key=value parser (DPC)
\KV@toks@=\toks17
) (etoolbox.sty
Package: etoolbox 2020/10/05 v2.5k e-TeX tools for LaTeX (JAW)
\etb@tempcnta=\count277
)
\MT@toks=\toks18
\MT@tempbox=\box51
\MT@count=\count278
LaTeX Info: Redefining \noprotrusionifhmode on input line 1027.
LaTeX Info: Redefining \leftprotrusion on input line 1028.
LaTeX Info: Redefining \rightprotrusion on input line 1036.
LaTeX Info: Redefining \textls on input line 1195.
\MT@outer@kern=\dimen143
LaTeX Info: Redefining \textmicrotypecontext on input line 1781.
\MT@listname@count=\count279
 (microtype-xetex.def
File: microtype-xetex.def 2022/03/14 v3.0d Definitions specific to xetex (RS)
LaTeX Info: Redefining \lsstyle on input line 236.
)
Package microtype Info: Loading configuration file microtype.cfg.
 (microtype.cfg
File: microtype.cfg 2022/03/14 v3.0d microtype main configuration file (RS)
))
(setspace.sty
Package: setspace 2011/12/19 v6.7a set line spacing
) (geometry.sty
Package: geometry 2020/01/02 v5.9 Page Geometry
 (ifvtex.sty
Package: ifvtex 2019/10/25 v1.7 ifvtex legacy package. Use iftex instead.
)
\Gm@cnth=\count280
\Gm@cntv=\count281
\c@Gm@tempcnt=\count282
\Gm@bindingoffset=\dimen144
\Gm@wd@mp=\dimen145
\Gm@odd@mp=\dimen146
\Gm@even@mp=\dimen147
\Gm@layoutwidth=\dimen148
\Gm@layoutheight=\dimen149
\Gm@layouthoffset=\dimen150
\Gm@layoutvoffset=\dimen151
\Gm@dimlist=\toks19
) (ragged2e.sty
Package: ragged2e 2021/12/15 v3.1 ragged2e Package
\CenteringLeftskip=\skip49
\RaggedLeftLeftskip=\skip50
\RaggedRightLeftskip=\skip51
\CenteringRightskip=\skip52
\RaggedLeftRightskip=\skip53
\RaggedRightRightskip=\skip54
\CenteringParfillskip=\skip55
\RaggedLeftParfillskip=\skip56
\RaggedRightParfillskip=\skip57
\JustifyingParfillskip=\skip58
\CenteringParindent=\skip59
\RaggedLeftParindent=\skip60
\RaggedRightParindent=\skip61
\JustifyingParindent=\skip62
) (amsmath.sty
Package: amsmath 2021/10/15 v2.17l AMS math features
\@mathmargin=\skip63

For additional information on amsmath, use the `?' option.
(amstext.sty
Package: amstext 2021/08/26 v2.01 AMS text
 (amsgen.sty
File: amsgen.sty 1999/11/30 v2.0 generic functions
\@emptytoks=\toks20
\ex@=\dimen152
)) (amsbsy.sty
Package: amsbsy 1999/11/29 v1.2d Bold Symbols
\pmbraise@=\dimen153
) (amsopn.sty
Package: amsopn 2021/08/26 v2.02 operator names
)
\inf@bad=\count283
LaTeX Info: Redefining \frac on input line 234.
\uproot@=\count284
\leftroot@=\count285
LaTeX Info: Redefining \overline on input line 399.
\classnum@=\count286
\DOTSCASE@=\count287
LaTeX Info: Redefining \ldots on input line 496.
LaTeX Info: Redefining \dots on input line 499.
LaTeX Info: Redefining \cdots on input line 620.
\Mathstrutbox@=\box52
\strutbox@=\box53
\big@size=\dimen154
LaTeX Font Info:    Redeclaring font encoding OML on input line 743.
LaTeX Font Info:    Redeclaring font encoding OMS on input line 744.
\macc@depth=\count288
\c@MaxMatrixCols=\count289
\dotsspace@=\muskip16
\c@parentequation=\count290
\dspbrk@lvl=\count291
\tag@help=\toks21
\row@=\count292
\column@=\count293
\maxfields@=\count294
\andhelp@=\toks22
\eqnshift@=\dimen155
\alignsep@=\dimen156
\tagshift@=\dimen157
\tagwidth@=\dimen158
\totwidth@=\dimen159
\lineht@=\dimen160
\@envbody=\toks23
\multlinegap=\skip64
\multlinetaggap=\skip65
\mathdisplay@stack=\toks24
LaTeX Info: Redefining \[ on input line 2938.
LaTeX Info: Redefining \] on input line 2939.
) (amssymb.sty
Package: amssymb 2013/01/14 v3.01 AMS font symbols

(amsfonts.sty
Package: amsfonts 2013/01/14 v3.01 Basic AMSFonts support
\symAMSa=\mathgroup4
\symAMSb=\mathgroup5
LaTeX Font Info:    Redeclaring math symbol \hbar on input line 98.
LaTeX Font Info:    Overwriting math alphabet `\mathfrak' in version `bold'
(Font)                  U/euf/m/n --> U/euf/b/n on input line 106.
)) (textcomp.sty
Package: textcomp 2020/02/02 v2.0n Standard LaTeX package
) (longtable.sty
Package: longtable 2021-09-01 v4.17 Multi-page Table package (DPC)
\LTleft=\skip66
\LTright=\skip67
\LTpre=\skip68
\LTpost=\skip69
\LTchunksize=\count295
\LTcapwidth=\dimen161
\LT@head=\box54
\LT@firsthead=\box55
\LT@foot=\box56
\LT@lastfoot=\box57
\LT@gbox=\box58
\LT@cols=\count296
\LT@rows=\count297
\c@LT@tables=\count298
\c@LT@chunks=\count299
\LT@p@ftn=\toks25
) (booktabs.sty
Package: booktabs 2020/01/12 v1.61803398 Publication quality tables
\heavyrulewidth=\dimen162
\lightrulewidth=\dimen163
\cmidrulewidth=\dimen164
\belowrulesep=\dimen165
\belowbottomsep=\dimen166
\aboverulesep=\dimen167
\abovetopsep=\dimen168
\cmidrulesep=\dimen169
\cmidrulekern=\dimen170
\defaultaddspace=\dimen171
\@cmidla=\count300
\@cmidlb=\count301
\@aboverulesep=\dimen172
\@belowrulesep=\dimen173
\@thisruleclass=\count302
\@lastruleclass=\count303
\@thisrulewidth=\dimen174
) (array.sty
Package: array 2021/10/04 v2.5f Tabular extension package (FMi)
\col@sep=\dimen175
\ar@mcellbox=\box59
\extrarowheight=\dimen176
\NC@list=\toks26
\extratabsurround=\skip70
\backup@length=\skip71
\ar@cellbox=\box60
)
(multirow.sty
Package: multirow 2021/03/15 v2.8 Span multiple rows of a table
\multirow@colwidth=\skip72
\multirow@cntb=\count304
\multirow@dima=\skip73
\bigstrutjot=\dimen177
) (makecell.sty
Package: makecell 2009/08/03 V0.1e Managing of Tab Column Heads and Cells
\rotheadsize=\dimen178
\c@nlinenum=\count305
\TeXr@lab=\toks27
) (tabularx.sty
Package: tabularx 2020/01/15 v2.11c `tabularx' package (DPC)
\TX@col@width=\dimen179
\TX@old@table=\dimen180
\TX@old@col=\dimen181
\TX@target=\dimen182
\TX@delta=\dimen183
\TX@cols=\count306
\TX@ftn=\toks28
) (calc.sty
Package: calc 2017/05/25 v4.3 Infix arithmetic (KKT,FJ)
\calc@Acount=\count307
\calc@Bcount=\count308
\calc@Adimen=\dimen184
\calc@Bdimen=\dimen185
\calc@Askip=\skip74
\calc@Bskip=\skip75
LaTeX Info: Redefining \setlength on input line 80.
LaTeX Info: Redefining \addtolength on input line 81.
\calc@Ccount=\count309
\calc@Cskip=\skip76
) (pdflscape.sty
Package: pdflscape 2019/12/05 v0.12 Display of landscape pages in PDF (HO)

(lscape.sty
Package: lscape 2020/05/28 v3.02 Landscape Pages (DPC)
 (graphics.sty
Package: graphics 2021/03/04 v1.4d Standard LaTeX Graphics (DPC,SPQR)
 (trig.sty
Package: trig 2021/08/11 v1.11 sin cos tan (DPC)
) (graphics.cfg
File: graphics.cfg 2016/06/04 v1.11 sample graphics configuration
)
Package graphics Info: Driver file: xetex.def on input line 107.
 (xetex.def
File: xetex.def 2021/03/18 v5.0k Graphics/color driver for xetex
)))
Package pdflscape Info: Auto-detected driver: dvipdfm (xetex) on input line 98.


(atbegshi-ltx.sty
Package: atbegshi-ltx 2021/01/10 v1.0c Emulation of the original atbegshi
package with kernel methods
)) (colortbl.sty
Package: colortbl 2020/01/04 v1.0e Color table columns (DPC)
 (color.sty
Package: color 2021/12/07 v1.3c Standard LaTeX Color (DPC)
 (color.cfg
File: color.cfg 2016/01/02 v1.6 sample color configuration
)
Package color Info: Driver file: xetex.def on input line 149.
)
\everycr=\toks29
\minrowclearance=\skip77
) (graphicx.sty
Package: graphicx 2021/09/16 v1.2d Enhanced LaTeX Graphics (DPC,SPQR)
\Gin@req@height=\dimen186
\Gin@req@width=\dimen187
)
(adjustbox.sty
Package: adjustbox 2020/08/19 v1.3 Adjusting TeX boxes (trim, clip, ...)
 (xkeyval.sty
Package: xkeyval 2020/11/20 v2.8 package option processing (HA)
 (xkeyval (xkvutils
\XKV@toks=\toks30
\XKV@tempa@toks=\toks31
)
\XKV@depth=\count310
File: xkeyval.tex 2014/12/03 v2.7a key=value parser (HA)
)) (adjcalc.sty
Package: adjcalc 2012/05/16 v1.1 Provides advanced setlength with multiple back
-ends (calc, etex, pgfmath)
) (trimclip.sty
Package: trimclip 2020/08/19 v1.2 Trim and clip general TeX material

(collectbox.sty
Package: collectbox 2012/05/17 v0.4b Collect macro arguments as boxes
\collectedbox=\box61
)
\tc@llx=\dimen188
\tc@lly=\dimen189
\tc@urx=\dimen190
\tc@ury=\dimen191
Package trimclip Info: Using driver 'tc-xetex.def'.
 (tc-xetex.def
File: tc-xetex.def 2019/01/04 v2.2 Clipping driver for xetex
))
\adjbox@Width=\dimen192
\adjbox@Height=\dimen193
\adjbox@Depth=\dimen194
\adjbox@Totalheight=\dimen195
\adjbox@pwidth=\dimen196
\adjbox@pheight=\dimen197
\adjbox@pdepth=\dimen198
\adjbox@ptotalheight=\dimen199
 (ifoddpage.sty
Package: ifoddpage 2016/04/23 v1.1 Conditionals for odd/even page detection
\c@checkoddpage=\count311
) (varwidth.sty
Package: varwidth 2009/03/30 ver 0.92;  Variable-width minipages
\@vwid@box=\box62
\sift@deathcycles=\count312
\@vwid@loff=\dimen256
\@vwid@roff=\dimen257
)) (float.sty
Package: float 2001/11/08 v1.3d Float enhancements (AL)
\c@float@type=\count313
\float@exts=\toks32
\float@box=\box63
\@float@everytoks=\toks33
\@floatcapt=\box64
)
(caption.sty
Package: caption 2022/03/01 v3.6b Customizing captions (AR)
 (caption3.sty
Package: caption3 2022/03/17 v2.3b caption3 kernel (AR)
\caption@tempdima=\dimen258
\captionmargin=\dimen259
\caption@leftmargin=\dimen260
\caption@rightmargin=\dimen261
\caption@width=\dimen262
\caption@indent=\dimen263
\caption@parindent=\dimen264
\caption@hangindent=\dimen265
Package caption Info: Standard document class detected.
)
\c@caption@flags=\count314
\c@continuedfloat=\count315
Package caption Info: float package is loaded.
Package caption Info: longtable package is loaded.
 (ltcaption.sty
Package: ltcaption 2021/01/08 v1.4c longtable captions (AR)
)) (subcaption.sty
Package: subcaption 2022/01/07 v1.5 Sub-captions (AR)
\c@subfigure=\count316
\c@subtable=\count317
) (placeins.sty
Package: placeins 2005/04/18  v 2.2
)
(needspace.sty
Package: needspace 2010/09/12 v1.3d reserve vertical space
) (enumitem.sty
Package: enumitem 2019/06/20 v3.9 Customized lists
\labelindent=\skip78
\enit@outerparindent=\dimen266
\enit@toks=\toks34
\enit@inbox=\box65
\enit@count@id=\count318
\enitdp@description=\count319
) (xcolor.sty
Package: xcolor 2021/10/31 v2.13 LaTeX color extensions (UK)
 (color.cfg
File: color.cfg 2016/01/02 v1.6 sample color configuration
)
Package xcolor Info: Driver file: xetex.def on input line 227.
LaTeX Info: Redefining \color on input line 711.
Package xcolor Info: Model `cmy' substituted by `cmy0' on input line 1352.
Package xcolor Info: Model `RGB' extended on input line 1368.
Package xcolor Info: Model `HTML' substituted by `rgb' on input line 1370.
Package xcolor Info: Model `Hsb' substituted by `hsb' on input line 1371.
Package xcolor Info: Model `tHsb' substituted by `hsb' on input line 1372.
Package xcolor Info: Model `HSB' substituted by `hsb' on input line 1373.
Package xcolor Info: Model `Gray' substituted by `gray' on input line 1374.
Package xcolor Info: Model `wave' substituted by `hsb' on input line 1375.
) (soul.sty
Package: soul 2003/11/17 v2.4 letterspacing/underlining (mf)
\SOUL@word=\toks35
\SOUL@lasttoken=\toks36
\SOUL@cmds=\toks37
\SOUL@buffer=\toks38
\SOUL@token=\toks39
\SOUL@spaceskip=\skip79
\SOUL@ttwidth=\dimen267
\SOUL@uldp=\dimen268
\SOUL@ulht=\dimen269
)
(titlesec.sty
Package: titlesec 2021/07/05 v2.14 Sectioning titles
\ttl@box=\box66
\beforetitleunit=\skip80
\aftertitleunit=\skip81
\ttl@plus=\dimen270
\ttl@minus=\dimen271
\ttl@toksa=\toks40
\titlewidth=\dimen272
\titlewidthlast=\dimen273
\titlewidthfirst=\dimen274
) (tocloft.sty
Package: tocloft 2017/08/31 v2.3i parameterised ToC, etc., typesetting
Package tocloft Info: The document has chapter divisions on input line 51.
\cftparskip=\skip82
\cftbeforetoctitleskip=\skip83
\cftaftertoctitleskip=\skip84
\cftbeforepartskip=\skip85
\cftpartnumwidth=\skip86
\cftpartindent=\skip87
\cftbeforechapskip=\skip88
\cftchapindent=\skip89
\cftchapnumwidth=\skip90
\cftbeforesecskip=\skip91
\cftsecindent=\skip92
\cftsecnumwidth=\skip93
\cftbeforesubsecskip=\skip94
\cftsubsecindent=\skip95
\cftsubsecnumwidth=\skip96
\cftbeforesubsubsecskip=\skip97
\cftsubsubsecindent=\skip98
\cftsubsubsecnumwidth=\skip99
\cftbeforeparaskip=\skip100
\cftparaindent=\skip101
\cftparanumwidth=\skip102
\cftbeforesubparaskip=\skip103
\cftsubparaindent=\skip104
\cftsubparanumwidth=\skip105
\cftbeforeloftitleskip=\skip106
\cftafterloftitleskip=\skip107
\cftbeforefigskip=\skip108
\cftfigindent=\skip109
\cftfignumwidth=\skip110
\c@lofdepth=\count320
\c@lotdepth=\count321
\cftbeforelottitleskip=\skip111
\cftafterlottitleskip=\skip112
\cftbeforetabskip=\skip113
\cfttabindent=\skip114
\cfttabnumwidth=\skip115
) (fancyhdr.sty
Package: fancyhdr 2021/01/28 v4.0.1 Extensive control of page headers and foote
rs
\f@nch@headwidth=\skip116
\f@nch@O@elh=\skip117
\f@nch@O@erh=\skip118
\f@nch@O@olh=\skip119
\f@nch@O@orh=\skip120
\f@nch@O@elf=\skip121
\f@nch@O@erf=\skip122
\f@nch@O@olf=\skip123
\f@nch@O@orf=\skip124
) (xurl.sty
Package: xurl 2022/01/09 v 0.10 modify URL breaks
 (url.sty
\Urlmuskip=\muskip17
Package: url 2013/09/16  ver 3.4  Verb mode for urls, etc.
)) (hyperref.sty
Package: hyperref 2022-02-21 v7.00n Hypertext links for LaTeX

(ltxcmds.sty
Package: ltxcmds 2020-05-10 v1.25 LaTeX kernel commands for general use (HO)
) (pdftexcmds.sty
Package: pdftexcmds 2020-06-27 v0.33 Utility functions of pdfTeX for LuaTeX (HO
)
 (infwarerr.sty
Package: infwarerr 2019/12/03 v1.5 Providing info/warning/error messages (HO)
)
Package pdftexcmds Info: \pdf@primitive is available.
Package pdftexcmds Info: \pdf@ifprimitive is available.
Package pdftexcmds Info: \pdfdraftmode not found.
) (kvsetkeys.sty
Package: kvsetkeys 2019/12/15 v1.18 Key value parser (HO)
)
(kvdefinekeys.sty
Package: kvdefinekeys 2019-12-19 v1.6 Define keys (HO)
) (pdfescape.sty
Package: pdfescape 2019/12/09 v1.15 Implements pdfTeX's escape features (HO)
) (hycolor.sty
Package: hycolor 2020-01-27 v1.10 Color options for hyperref/bookmark (HO)
) (letltxmacro.sty
Package: letltxmacro 2019/12/03 v1.6 Let assignment for LaTeX macros (HO)
) (auxhook.sty
Package: auxhook 2019-12-17 v1.6 Hooks for auxiliary files (HO)
) (kvoptions.sty
Package: kvoptions 2020-10-07 v3.14 Key value format for package options (HO)
)
\@linkdim=\dimen275
\Hy@linkcounter=\count322
\Hy@pagecounter=\count323
 (pd1enc.def
File: pd1enc.def 2022-02-21 v7.00n Hyperref: PDFDocEncoding definition (HO)
) (intcalc.sty
Package: intcalc 2019/12/15 v1.3 Expandable calculations with integers (HO)
) (etexcmds.sty
Package: etexcmds 2019/12/15 v1.7 Avoid name clashes with e-TeX commands (HO)
)
\Hy@SavedSpaceFactor=\count324
 (puenc.def
File: puenc.def 2022-02-21 v7.00n Hyperref: PDF Unicode definition (HO)
)
Package hyperref Info: Hyper figures OFF on input line 4137.
Package hyperref Info: Link nesting OFF on input line 4142.
Package hyperref Info: Hyper index ON on input line 4145.
Package hyperref Info: Plain pages OFF on input line 4152.
Package hyperref Info: Backreferencing OFF on input line 4157.
Package hyperref Info: Implicit mode ON; LaTeX internals redefined.
Package hyperref Info: Bookmarks ON on input line 4390.
\c@Hy@tempcnt=\count325
LaTeX Info: Redefining \url on input line 4749.
\XeTeXLinkMargin=\dimen276

(bitset.sty
Package: bitset 2019/12/09 v1.3 Handle bit-vector datatype (HO)
 (bigintcalc.sty
Package: bigintcalc 2019/12/15 v1.5 Expandable calculations on big integers (HO
)
))
\Fld@menulength=\count326
\Field@Width=\dimen277
\Fld@charsize=\dimen278
Package hyperref Info: Hyper figures OFF on input line 6027.
Package hyperref Info: Link nesting OFF on input line 6032.
Package hyperref Info: Hyper index ON on input line 6035.
Package hyperref Info: backreferencing OFF on input line 6042.
Package hyperref Info: Link coloring OFF on input line 6047.
Package hyperref Info: Link coloring with OCG OFF on input line 6052.
Package hyperref Info: PDF/A mode OFF on input line 6057.
LaTeX Info: Redefining \ref on input line 6097.
LaTeX Info: Redefining \pageref on input line 6101.
\Hy@abspage=\count327
\c@Item=\count328
\c@Hfootnote=\count329
)
Package hyperref Info: Driver (autodetected): hxetex.
 (hxetex.def
File: hxetex.def 2022-02-21 v7.00n Hyperref driver for XeTeX
 (stringenc.sty
Package: stringenc 2019/11/29 v1.12 Convert strings between diff. encodings (HO
)
)
\pdfm@box=\box67
\c@Hy@AnnotLevel=\count330
\HyField@AnnotCount=\count331
\Fld@listcount=\count332
\c@bookmark@seq@number=\count333
 (rerunfilecheck.sty
Package: rerunfilecheck 2019/12/05 v1.9 Rerun checks for auxiliary files (HO)

(atveryend-ltx.sty
Package: atveryend-ltx 2020/08/19 v1.0a Emulation of the original atveryend pac
kage
with kernel methods
) (uniquecounter.sty
Package: uniquecounter 2019/12/15 v1.4 Provide unlimited unique counter (HO)
)
Package uniquecounter Info: New unique counter `rerunfilecheck' on input line 2
86.
)
\Hy@SectionHShift=\skip125
) (bookmark.sty
Package: bookmark 2020-11-06 v1.29 PDF bookmarks (HO)
 (bkm-dvipdfm.def
File: bkm-dvipdfm.def 2020-11-06 v1.29 bookmark driver for dvipdfm (HO)
\BKM@id=\count334
))
Package hyperref Info: Option `colorlinks' set `true' on input line 132.

(mainV4.aux
LaTeX Info: Redefining \. on input line 23.
LaTeX Info: Redefining \% on input line 23.
)
\openout1 = `mainV4.aux'.

LaTeX Font Info:    Checking defaults for OML/cmm/m/it on input line 147.
LaTeX Font Info:    ... okay on input line 147.
LaTeX Font Info:    Checking defaults for OMS/cmsy/m/n on input line 147.
LaTeX Font Info:    ... okay on input line 147.
LaTeX Font Info:    Checking defaults for OT1/cmr/m/n on input line 147.
LaTeX Font Info:    ... okay on input line 147.
LaTeX Font Info:    Checking defaults for T1/cmr/m/n on input line 147.
LaTeX Font Info:    ... okay on input line 147.
LaTeX Font Info:    Checking defaults for TS1/cmr/m/n on input line 147.
LaTeX Font Info:    Trying to load font information for TS1+cmr on input line 1
47.
 (ts1cmr.fd
File: ts1cmr.fd 2019/12/16 v2.5j Standard LaTeX font definitions
)
LaTeX Font Info:    ... okay on input line 147.
LaTeX Font Info:    Checking defaults for TU/lmr/m/n on input line 147.
LaTeX Font Info:    ... okay on input line 147.
LaTeX Font Info:    Checking defaults for OMX/cmex/m/n on input line 147.
LaTeX Font Info:    ... okay on input line 147.
LaTeX Font Info:    Checking defaults for U/cmr/m/n on input line 147.
LaTeX Font Info:    ... okay on input line 147.
LaTeX Font Info:    Checking defaults for PD1/pdf/m/n on input line 147.
LaTeX Font Info:    ... okay on input line 147.
LaTeX Font Info:    Checking defaults for PU/pdf/m/n on input line 147.
LaTeX Font Info:    ... okay on input line 147.

Package fontspec Info: Adjusting the maths setup (use [no-math] to avoid
(fontspec)             this).

\symlegacymaths=\mathgroup6
LaTeX Font Info:    Overwriting symbol font `legacymaths' in version `bold'
(Font)                  OT1/cmr/m/n --> OT1/cmr/bx/n on input line 147.
LaTeX Font Info:    Redeclaring math accent \acute on input line 147.
LaTeX Font Info:    Redeclaring math accent \grave on input line 147.
LaTeX Font Info:    Redeclaring math accent \ddot on input line 147.
LaTeX Font Info:    Redeclaring math accent \tilde on input line 147.
LaTeX Font Info:    Redeclaring math accent \bar on input line 147.
LaTeX Font Info:    Redeclaring math accent \breve on input line 147.
LaTeX Font Info:    Redeclaring math accent \check on input line 147.
LaTeX Font Info:    Redeclaring math accent \hat on input line 147.
LaTeX Font Info:    Redeclaring math accent \dot on input line 147.
LaTeX Font Info:    Redeclaring math accent \mathring on input line 147.
LaTeX Font Info:    Redeclaring math symbol \Gamma on input line 147.
LaTeX Font Info:    Redeclaring math symbol \Delta on input line 147.
LaTeX Font Info:    Redeclaring math symbol \Theta on input line 147.
LaTeX Font Info:    Redeclaring math symbol \Lambda on input line 147.
LaTeX Font Info:    Redeclaring math symbol \Xi on input line 147.
LaTeX Font Info:    Redeclaring math symbol \Pi on input line 147.
LaTeX Font Info:    Redeclaring math symbol \Sigma on input line 147.
LaTeX Font Info:    Redeclaring math symbol \Upsilon on input line 147.
LaTeX Font Info:    Redeclaring math symbol \Phi on input line 147.
LaTeX Font Info:    Redeclaring math symbol \Psi on input line 147.
LaTeX Font Info:    Redeclaring math symbol \Omega on input line 147.
LaTeX Font Info:    Redeclaring math symbol \mathdollar on input line 147.
LaTeX Font Info:    Redeclaring symbol font `operators' on input line 147.
LaTeX Font Info:    Encoding `OT1' has changed to `TU' for symbol font
(Font)              `operators' in the math version `normal' on input line 147.

LaTeX Font Info:    Overwriting symbol font `operators' in version `normal'
(Font)                  OT1/cmr/m/n --> TU/TimesNewRoman(0)/m/n on input line 1
47.
LaTeX Font Info:    Encoding `OT1' has changed to `TU' for symbol font
(Font)              `operators' in the math version `bold' on input line 147.
LaTeX Font Info:    Overwriting symbol font `operators' in version `bold'
(Font)                  OT1/cmr/bx/n --> TU/TimesNewRoman(0)/m/n on input line 
147.
LaTeX Font Info:    Overwriting symbol font `operators' in version `normal'
(Font)                  TU/TimesNewRoman(0)/m/n --> TU/TimesNewRoman(0)/m/n on 
input line 147.
LaTeX Font Info:    Overwriting math alphabet `\mathit' in version `normal'
(Font)                  OT1/cmr/m/it --> TU/TimesNewRoman(0)/m/it on input line
 147.
LaTeX Font Info:    Overwriting math alphabet `\mathbf' in version `normal'
(Font)                  OT1/cmr/bx/n --> TU/TimesNewRoman(0)/b/n on input line 
147.
LaTeX Font Info:    Overwriting math alphabet `\mathsf' in version `normal'
(Font)                  OT1/cmss/m/n --> TU/Arial(0)/m/n on input line 147.
LaTeX Font Info:    Overwriting math alphabet `\mathtt' in version `normal'
(Font)                  OT1/cmtt/m/n --> TU/CourierNew(0)/m/n on input line 147
.
LaTeX Font Info:    Overwriting symbol font `operators' in version `bold'
(Font)                  TU/TimesNewRoman(0)/m/n --> TU/TimesNewRoman(0)/b/n on 
input line 147.
LaTeX Font Info:    Overwriting math alphabet `\mathit' in version `bold'
(Font)                  OT1/cmr/bx/it --> TU/TimesNewRoman(0)/b/it on input lin
e 147.
LaTeX Font Info:    Overwriting math alphabet `\mathsf' in version `bold'
(Font)                  OT1/cmss/bx/n --> TU/Arial(0)/b/n on input line 147.
LaTeX Font Info:    Overwriting math alphabet `\mathtt' in version `bold'
(Font)                  OT1/cmtt/m/n --> TU/CourierNew(0)/b/n on input line 147
.
LaTeX Info: Redefining \. on input line 147.
LaTeX Info: Redefining \% on input line 147.
LaTeX Info: Redefining \microtypecontext on input line 147.
Package microtype Info: Applying patch `item' on input line 147.
Package microtype Info: Applying patch `toc' on input line 147.
Package microtype Info: Applying patch `eqnum' on input line 147.
Package microtype Info: Applying patch `footnote' on input line 147.
Package microtype Info: Character protrusion enabled (level 2).
Package microtype Info: Using default protrusion set `alltext'.
Package microtype Info: No adjustment of tracking.
Package microtype Info: No adjustment of spacing.
Package microtype Info: No adjustment of kerning.
Package microtype Info: Loading generic protrusion settings for font family
(microtype)             `TimesNewRoman' (encoding: TU).
(microtype)             For optimal results, create family-specific settings.
(microtype)             See the microtype manual for details.

*geometry* driver: auto-detecting
*geometry* detected driver: xetex
*geometry* verbose mode - [ preamble ] result:
* driver: xetex
* paper: a4paper
* layout: <same size as paper>
* layoutoffset:(h,v)=(0.0pt,0.0pt)
* modes: 
* h-part:(L,W,R)=(85.35826pt, 441.01773pt, 71.13188pt)
* v-part:(T,H,B)=(76.82234pt, 691.40216pt, 76.82234pt)
* \paperwidth=597.50787pt
* \paperheight=845.04684pt
* \textwidth=441.01773pt
* \textheight=691.40216pt
* \oddsidemargin=13.08827pt
* \evensidemargin=13.08827pt
* \topmargin=-35.44765pt
* \headheight=15.0pt
* \headsep=25.0pt
* \topskip=12.0pt
* \footskip=30.0pt
* \marginparwidth=35.0pt
* \marginparsep=10.0pt
* \columnsep=10.0pt
* \skip\footins=10.8pt plus 4.0pt minus 2.0pt
* \hoffset=0.0pt
* \voffset=0.0pt
* \mag=1000
* \@twocolumnfalse
* \@twosidefalse
* \@mparswitchfalse
* \@reversemarginfalse
* (1in=72.27pt=25.4mm, 1cm=28.453pt)

Package caption Info: Begin \AtBeginDocument code.
Package caption Info: hyperref package is loaded.
Package caption Info: End \AtBeginDocument code.
Package hyperref Info: Link coloring ON on input line 147.
(nameref.sty
Package: nameref 2021-04-02 v2.47 Cross-referencing by name of section
 (refcount.sty
Package: refcount 2019/12/15 v3.6 Data extraction from label references (HO)
) (gettitlestring.sty
Package: gettitlestring 2019/12/15 v1.6 Cleanup title references (HO)
)
\c@section@level=\count335
)
LaTeX Info: Redefining \ref on input line 147.
LaTeX Info: Redefining \pageref on input line 147.
LaTeX Info: Redefining \nameref on input line 147.
LaTeX Info: Redefining \% on input line 147.
File: media/image155.png Graphic file (type bmp)
<media/image155.png>
 [1

] [1

]
LaTeX Font Info:    Trying to load font information for U+msa on input line 219
.
 (umsa.fd
File: umsa.fd 2013/01/14 v3.01 AMS symbols A
) (mt-msa.cfg
File: mt-msa.cfg 2006/02/04 v1.1 microtype config. file: AMS symbols (a) (RS)
)
LaTeX Font Info:    Trying to load font information for U+msb on input line 219
.
 (umsb.fd
File: umsb.fd 2013/01/14 v3.01 AMS symbols B
) (mt-msb.cfg
File: mt-msb.cfg 2005/06/01 v1.0 microtype config. file: AMS symbols (b) (RS)
) (mt-cmr.cfg
File: mt-cmr.cfg 2013/05/19 v2.2 microtype config. file: Computer Modern Roman 
(RS)
) [2

] [1


] [2] (mainV4.toc
LaTeX Info: Redefining \. on input line 1.
LaTeX Info: Redefining \% on input line 1.
 [3

]
LaTeX Info: Redefining \. on input line 78.
LaTeX Info: Redefining \% on input line 78.
 [4]
LaTeX Info: Redefining \. on input line 117.
LaTeX Info: Redefining \% on input line 117.
 [5])
\tf@toc=\write3
\openout3 = `mainV4.toc'.

LaTeX Info: Redefining \. on input line 270.
LaTeX Info: Redefining \% on input line 270.

[6] (mainV4.lot
LaTeX Info: Redefining \. on input line 1.
LaTeX Info: Redefining \% on input line 1.
 [7

])
\tf@lot=\write4
\openout4 = `mainV4.lot'.

LaTeX Info: Redefining \. on input line 275.
LaTeX Info: Redefining \% on input line 275.
 [8] (mainV4.lof
LaTeX Info: Redefining \. on input line 1.
LaTeX Info: Redefining \% on input line 1.
 [9

]
LaTeX Info: Redefining \. on input line 66.
LaTeX Info: Redefining \% on input line 66.
 [10])
\tf@lof=\write5
\openout5 = `mainV4.lof'.

LaTeX Info: Redefining \. on input line 283.
LaTeX Info: Redefining \% on input line 283.
 [11] (build_v4/introduccion
[1


]) (build_v4/cap1_antecedentes
LaTeX Info: Redefining \. on input line 1.
LaTeX Info: Redefining \% on input line 1.
 [2]
Capítulo 1.
File: media/image149.png Graphic file (type bmp)
<media/image149.png>
[3

]
LaTeX Info: Redefining \. on input line 30.
LaTeX Info: Redefining \% on input line 30.
 [4]
LaTeX Info: Redefining \. on input line 72.
LaTeX Info: Redefining \% on input line 72.
 [5]
File: media/image116.png Graphic file (type bmp)
<media/image116.png>
LaTeX Info: Redefining \. on input line 95.
LaTeX Info: Redefining \% on input line 95.
 [6]
LaTeX Info: Redefining \. on input line 126.
LaTeX Info: Redefining \% on input line 126.
 [7]
LaTeX Info: Redefining \. on input line 158.
LaTeX Info: Redefining \% on input line 158.
 [8]
LaTeX Info: Redefining \. on input line 194.
LaTeX Info: Redefining \% on input line 194.
 [9]) (build_v4/cap2_estado_arte
LaTeX Info: Redefining \. on input line 1.
LaTeX Info: Redefining \% on input line 1.
 [10]
Capítulo 2.
File: media/image25.png Graphic file (type bmp)
<media/image25.png>
[11

]
LaTeX Info: Redefining \. on input line 60.
LaTeX Info: Redefining \% on input line 60.
 [12]
Underfull \hbox (badness 1286) in paragraph at lines 88--88
[]|\TU/TimesNewRoman(0)/m/n/12 Opera de día/noche y
 []


Underfull \hbox (badness 10000) in paragraph at lines 88--88
[]|\TU/TimesNewRoman(0)/m/n/12 Instalación sencilla,
 []

LaTeX Info: Redefining \. on input line 98.
LaTeX Info: Redefining \% on input line 98.
[13]
File: media/image17.png Graphic file (type bmp)
<media/image17.png>
LaTeX Info: Redefining \. on input line 137.
LaTeX Info: Redefining \% on input line 137.
 [14]
LaTeX Info: Redefining \. on input line 163.
LaTeX Info: Redefining \% on input line 163.
 [15]
LaTeX Info: Redefining \. on input line 200.
LaTeX Info: Redefining \% on input line 200.
 [16]
Overfull \hbox (10.85933pt too wide) in paragraph at lines 233--233
[]|\TU/TimesNewRoman(0)/b/n/12 Controlador|  
 []


Underfull \hbox (badness 10000) in paragraph at lines 233--233
[]|\TU/TimesNewRoman(0)/m/n/12 Cálculo analítico
 []


Underfull \hbox (badness 10000) in paragraph at lines 233--233
[]|\TU/TimesNewRoman(0)/m/n/12 Flujos de satura-
 []


Underfull \hbox (badness 1360) in paragraph at lines 233--233
\TU/TimesNewRoman(0)/m/n/12 tralizado por satu-
 []


Underfull \hbox (badness 10000) in paragraph at lines 233--233
[]|\TU/TimesNewRoman(0)/m/n/12 Optimización
 []


Underfull \hbox (badness 10000) in paragraph at lines 233--233
\TU/TimesNewRoman(0)/m/n/12 incremental de
 []


Underfull \hbox (badness 10000) in paragraph at lines 233--233
[]|\TU/TimesNewRoman(0)/m/n/12 Detectores aguas
 []


Underfull \hbox (badness 6893) in paragraph at lines 233--233
[]|\TU/TimesNewRoman(0)/m/n/12 Programación dis-
 []


Underfull \hbox (badness 4899) in paragraph at lines 233--233
[]|\TU/TimesNewRoman(0)/m/n/12 Política aprendida
 []


Underfull \hbox (badness 10000) in paragraph at lines 233--233
[]|\TU/TimesNewRoman(0)/m/n/12 Gran volu-
 []


Underfull \hbox (badness 10000) in paragraph at lines 233--233
\TU/TimesNewRoman(0)/m/n/12 men de da-
 []

LaTeX Info: Redefining \. on input line 236.
LaTeX Info: Redefining \% on input line 236.
[17]
LaTeX Info: Redefining \. on input line 260.
LaTeX Info: Redefining \% on input line 260.
 [18]
File: media/image82.png Graphic file (type bmp)
<media/image82.png>
LaTeX Info: Redefining \. on input line 289.
LaTeX Info: Redefining \% on input line 289.
 [19]
Underfull \hbox (badness 5954) in paragraph at lines 303--303
[]|\TU/TimesNewRoman(0)/m/n/12 Capa base de comu-
 []


Underfull \hbox (badness 10000) in paragraph at lines 303--303
[]|\TU/TimesNewRoman(0)/m/n/12 Paquetes de datos,
 []


Underfull \hbox (badness 10000) in paragraph at lines 303--303
[]|\TU/TimesNewRoman(0)/m/n/12 Interoperabilidad con
 []


Underfull \hbox (badness 10000) in paragraph at lines 303--303
\TU/TimesNewRoman(0)/m/n/12 el controlador sema-
 []


Underfull \hbox (badness 1077) in paragraph at lines 303--303
\TU/TimesNewRoman(0)/m/n/12 fórico y la central de
 []


Underfull \hbox (badness 2772) in paragraph at lines 303--303
[]|\TU/TimesNewRoman(0)/m/n/12 Estados de operación,
 []


Underfull \hbox (badness 4391) in paragraph at lines 303--303
\TU/TimesNewRoman(0)/m/n/12 y parámetros permiti-
 []


Underfull \hbox (badness 10000) in paragraph at lines 303--303
[]|\TU/TimesNewRoman(0)/m/n/12 Métricas de tráfico,
 []


Underfull \hbox (badness 10000) in paragraph at lines 303--303
\TU/TimesNewRoman(0)/m/n/12 alarmas, estado ener-
 []


Underfull \hbox (badness 10000) in paragraph at lines 303--303
[]|\TU/TimesNewRoman(0)/m/n/12 Supervisión lo-
 []


Underfull \hbox (badness 10000) in paragraph at lines 303--303
\TU/TimesNewRoman(0)/m/n/12 cal/remota desde la
 []


Underfull \hbox (badness 10000) in paragraph at lines 303--303
[]|\TU/TimesNewRoman(0)/m/n/12 Visualización, alertas,
 []


Underfull \hbox (badness 2343) in paragraph at lines 303--303
\TU/TimesNewRoman(0)/m/n/12 reportes y aprobación
 []

LaTeX Info: Redefining \. on input line 322.
LaTeX Info: Redefining \% on input line 322.
[20]
Underfull \hbox (badness 10000) in paragraph at lines 347--347
[]|\TU/TimesNewRoman(0)/m/n/12 Confidencialidad de
 []


Underfull \hbox (badness 10000) in paragraph at lines 347--347
[]|\TU/TimesNewRoman(0)/m/n/12 Puede aumentar la
 []


Underfull \hbox (badness 10000) in paragraph at lines 347--347
\TU/TimesNewRoman(0)/m/n/12 latencia por cifra-
 []


Underfull \hbox (badness 3039) in paragraph at lines 347--347
[]|\TU/TimesNewRoman(0)/m/n/12 Requiere gestión co-
 []


Underfull \hbox (badness 1755) in paragraph at lines 347--347
\TU/TimesNewRoman(0)/m/n/12 so para los operado-
 []


Underfull \hbox (badness 10000) in paragraph at lines 347--347
[]|\TU/TimesNewRoman(0)/m/n/12 Verifica autenticidad
 []


Underfull \hbox (badness 10000) in paragraph at lines 347--347
[]|\TU/TimesNewRoman(0)/m/n/12 Requiere infraestruc-
 []


Underfull \hbox (badness 10000) in paragraph at lines 347--347
\TU/TimesNewRoman(0)/m/n/12 tura de gestión de
 []


Underfull \hbox (badness 2818) in paragraph at lines 347--347
\TU/TimesNewRoman(0)/m/n/12 antes de su explota-
 []


Underfull \hbox (badness 10000) in paragraph at lines 347--347
[]|\TU/TimesNewRoman(0)/m/n/12 Exige monitoreo y
 []

LaTeX Info: Redefining \. on input line 350.
LaTeX Info: Redefining \% on input line 350.
[21]
Underfull \hbox (badness 2126) in paragraph at lines 370--370
[]|\TU/TimesNewRoman(0)/m/n/12 Ingreso de telemetría
 []


Underfull \hbox (badness 10000) in paragraph at lines 370--370
[]|\TU/TimesNewRoman(0)/m/n/12 Optimización basada
 []


Underfull \hbox (badness 4899) in paragraph at lines 370--370
\TU/TimesNewRoman(0)/m/n/12 en información inco-
 []


Underfull \hbox (badness 1325) in paragraph at lines 370--370
\TU/TimesNewRoman(0)/m/n/12 de parámetros o con-
 []


Underfull \hbox (badness 3919) in paragraph at lines 370--370
\TU/TimesNewRoman(0)/m/n/12 sulta de datos sensi-
 []


Underfull \hbox (badness 8075) in paragraph at lines 370--370
[]|\TU/TimesNewRoman(0)/m/n/12 Pérdida temporal de
 []


Underfull \hbox (badness 4913) in paragraph at lines 370--370
[]|\TU/TimesNewRoman(0)/m/n/12 Enlace de comunica-
 []


Underfull \hbox (badness 2653) in paragraph at lines 370--370
[]|\TU/TimesNewRoman(0)/m/n/12 Gabinete, cableado y
 []

LaTeX Info: Redefining \. on input line 373.
LaTeX Info: Redefining \% on input line 373.
[22]
Underfull \hbox (badness 2334) in paragraph at lines 393--393
[]|\TU/TimesNewRoman(0)/m/n/12 Se descartan recomendaciones
 []


Underfull \hbox (badness 10000) in paragraph at lines 393--393
[]|\TU/TimesNewRoman(0)/m/n/12 La sugerencia debe respetar
 []


Underfull \hbox (badness 10000) in paragraph at lines 393--393
\TU/TimesNewRoman(0)/m/n/12 tiempos mínimos, conflictos
 []


Underfull \hbox (badness 3954) in paragraph at lines 393--393
\TU/TimesNewRoman(0)/m/n/12 de fases y la validación del
 []


Underfull \hbox (badness 4416) in paragraph at lines 393--393
\TU/TimesNewRoman(0)/m/n/12 guras para peatones y flujos
 []

LaTeX Info: Redefining \. on input line 396.
LaTeX Info: Redefining \% on input line 396.
[23]
LaTeX Info: Redefining \. on input line 417.
LaTeX Info: Redefining \% on input line 417.
 [24]
File: media/image144.png Graphic file (type bmp)
<media/image144.png>

Underfull \hbox (badness 5490) in paragraph at lines 453--453
[]|\TU/TimesNewRoman(0)/b/n/12 Características principa-
 []


Underfull \hbox (badness 10000) in paragraph at lines 453--453
[]|\TU/TimesNewRoman(0)/m/n/12 Alta fidelidad, visuali-
 []


Underfull \hbox (badness 10000) in paragraph at lines 453--453
\TU/TimesNewRoman(0)/m/n/12 zación 3D, semáforos
 []


Underfull \hbox (badness 10000) in paragraph at lines 453--453
[]|\TU/TimesNewRoman(0)/m/n/12 Planes SCATS/SCOOT,
 []


Underfull \hbox (badness 10000) in paragraph at lines 453--453
\TU/TimesNewRoman(0)/m/n/12 reales, comunicaciones
 []


Overfull \hbox (16.4521pt too wide) in paragraph at lines 453--453
[]|\TU/TimesNewRoman(0)/m/n/12 Análisis/mesoscópico|  
 []


Underfull \hbox (badness 3058) in paragraph at lines 453--453
[]|\TU/TimesNewRoman(0)/m/n/12 Optimización de intersec-
 []

LaTeX Info: Redefining \. on input line 456.
LaTeX Info: Redefining \% on input line 456.
[25]
Underfull \hbox (badness 2903) in paragraph at lines 481--481
[]|\TU/TimesNewRoman(0)/m/n/12 La visión por compu-
 []


Underfull \hbox (badness 1533) in paragraph at lines 481--481
\TU/TimesNewRoman(0)/m/n/12 y respaldo ante condi-
 []


Underfull \hbox (badness 2922) in paragraph at lines 481--481
[]|\TU/TimesNewRoman(0)/m/n/12 Usar la cámara como
 []


Underfull \hbox (badness 10000) in paragraph at lines 481--481
[]|\TU/TimesNewRoman(0)/m/n/12 Priorizar el control
 []


Underfull \hbox (badness 6691) in paragraph at lines 481--481
\TU/TimesNewRoman(0)/m/n/12 difuso local validable
 []


Underfull \hbox (badness 3199) in paragraph at lines 481--481
\TU/TimesNewRoman(0)/m/n/12 global como recomen-
 []


Overfull \hbox (9.41603pt too wide) in paragraph at lines 481--481
[]|\TU/TimesNewRoman(0)/m/n/12 Comunicaciones|  
 []


Underfull \hbox (badness 10000) in paragraph at lines 481--481
[]|\TU/TimesNewRoman(0)/m/n/12 NTCIP para el en-
 []


Underfull \hbox (badness 10000) in paragraph at lines 481--481
\TU/TimesNewRoman(0)/m/n/12 torno semafórico y
 []


Underfull \hbox (badness 10000) in paragraph at lines 481--481
\TU/TimesNewRoman(0)/m/n/12 MQTT/TLS para la
 []


Overfull \hbox (2.74806pt too wide) in paragraph at lines 481--481
[]|\TU/TimesNewRoman(0)/m/n/12 Ciberseguridad|  
 []


Underfull \hbox (badness 6691) in paragraph at lines 481--481
[]|\TU/TimesNewRoman(0)/m/n/12 Los sistemas conecta-
 []


Underfull \hbox (badness 1571) in paragraph at lines 481--481
[]|\TU/TimesNewRoman(0)/m/n/12 La simulación permite
 []


Underfull \hbox (badness 1418) in paragraph at lines 481--481
[]|\TU/TimesNewRoman(0)/m/n/12 Usar SUMO/TraCI pa-
 []

) (build_v4/cap3_diseno_conceptual
LaTeX Info: Redefining \. on input line 1.
LaTeX Info: Redefining \% on input line 1.
 [26]
LaTeX Info: Redefining \. on input line 1.
LaTeX Info: Redefining \% on input line 1.
 [27]
Capítulo 3.
[28

]
LaTeX Info: Redefining \. on input line 100.
LaTeX Info: Redefining \% on input line 100.
 [29]
LaTeX Info: Redefining \. on input line 107.
LaTeX Info: Redefining \% on input line 107.
 [30]
LaTeX Info: Redefining \. on input line 108.
LaTeX Info: Redefining \% on input line 108.
 [31]
Overfull \hbox (691.40216pt too wide) detected at line 111
[]
 []


Underfull \hbox (badness 10000) in alignment at lines 110--115
[] [] [] [] [] [] []
 []


Underfull \hbox (badness 10000) in alignment at lines 115--119
[] [] [] [] [] [] []
 []


Underfull \hbox (badness 10000) in alignment at lines 119--121
[] [] [] [] [] [] []
 []


Underfull \hbox (badness 10000) in paragraph at lines 123--123
[]|\TU/TimesNewRoman(0)/m/n/10 Índice normalizado
 []


Underfull \hbox (badness 10000) in paragraph at lines 123--123
\TU/TimesNewRoman(0)/m/n/10 y documentado;
 []


Underfull \hbox (badness 10000) in paragraph at lines 123--123
\TU/TimesNewRoman(0)/m/n/10 pesos calibrados o
 []


Underfull \hbox (badness 5548) in paragraph at lines 123--123
[]|\TU/TimesNewRoman(0)/m/n/10 Permite combinar variables
 []


Underfull \hbox (badness 2503) in paragraph at lines 123--123
[]|\TU/TimesNewRoman(0)/m/n/10 Revisión de ecuaciones,
 []


Underfull \hbox (badness 1043) in paragraph at lines 124--124
[]|\TU/TimesNewRoman(0)/m/n/10 Estructura de mensa-
 []


Underfull \hbox (badness 1983) in paragraph at lines 124--124
[]|\TU/TimesNewRoman(0)/m/n/10 Inspección de mensajes,
 []


Underfull \hbox (badness 10000) in paragraph at lines 126--126
[]|\TU/TimesNewRoman(0)/m/n/10 Seguridad
 []


Underfull \hbox (badness 1383) in paragraph at lines 126--126
[]|\TU/TimesNewRoman(0)/m/n/10 Sin conexión directa
 []


Underfull \hbox (badness 2119) in paragraph at lines 126--126
[]|\TU/TimesNewRoman(0)/m/n/10 Diagrama de arquitectu-
 []


Underfull \hbox (badness 2326) in paragraph at lines 127--127
\TU/TimesNewRoman(0)/m/n/10 el Capítulo 6 según
 []


Underfull \hbox (badness 1946) in paragraph at lines 127--127
\TU/TimesNewRoman(0)/m/n/10 norma y controlador
 []


Underfull \hbox (badness 3302) in paragraph at lines 127--127
\TU/TimesNewRoman(0)/m/n/10 ra del dominio operacional
 []


Underfull \hbox (badness 1783) in paragraph at lines 128--128
[]|\TU/TimesNewRoman(0)/m/n/10 Una estimación inválida no
 []


Underfull \hbox (badness 1348) in paragraph at lines 128--128
\TU/TimesNewRoman(0)/m/n/10 tos ausentes o fuera de
 []


Underfull \hbox (badness 10000) in paragraph at lines 129--129
[]|\TU/TimesNewRoman(0)/m/n/10 R-
 []


Overfull \hbox (9.95073pt too wide) in paragraph at lines 129--129
[]|\TU/TimesNewRoman(0)/m/n/10 Comunicación| 
 []


Underfull \hbox (badness 1867) in paragraph at lines 129--129
[]|\TU/TimesNewRoman(0)/m/n/10 Transmitir telemetría, métricas de
 []


Underfull \hbox (badness 10000) in paragraph at lines 129--129
[]|\TU/TimesNewRoman(0)/m/n/10 MQTT/TLS o pro-
 []


Underfull \hbox (badness 10000) in paragraph at lines 129--129
\TU/TimesNewRoman(0)/m/n/10 tocolo equivalente;
 []


Underfull \hbox (badness 10000) in paragraph at lines 130--130
[]|\TU/TimesNewRoman(0)/m/n/10 R-
 []


Overfull \hbox (9.95073pt too wide) in paragraph at lines 130--130
[]|\TU/TimesNewRoman(0)/m/n/10 Comunicación| 
 []


Underfull \hbox (badness 10000) in paragraph at lines 130--130
[]|\TU/TimesNewRoman(0)/m/n/10 Lista blanca, rango
 []


Underfull \hbox (badness 10000) in paragraph at lines 130--130
\TU/TimesNewRoman(0)/m/n/10 permitido, vigen-
 []


Underfull \hbox (badness 10000) in paragraph at lines 130--130
\TU/TimesNewRoman(0)/m/n/10 cia y firma/token
 []


Underfull \hbox (badness 10000) in paragraph at lines 130--130
[]|\TU/TimesNewRoman(0)/m/n/10 Casos de acepta-
 []


Underfull \hbox (badness 10000) in paragraph at lines 130--130
\TU/TimesNewRoman(0)/m/n/10 ción/rechazo de pará-
 []


Underfull \hbox (badness 10000) in paragraph at lines 131--131
[]|\TU/TimesNewRoman(0)/m/n/10 R-
 []


Underfull \hbox (badness 3312) in paragraph at lines 131--131
[]|\TU/TimesNewRoman(0)/m/n/10 Centraliza análisis y opera-
 []


Underfull \hbox (badness 10000) in paragraph at lines 132--132
[]|\TU/TimesNewRoman(0)/m/n/10 R-
 []


Overfull \hbox (12.72417pt too wide) in paragraph at lines 132--132
[]|\TU/TimesNewRoman(0)/m/n/10 Ciberseguridad| 
 []


Underfull \hbox (badness 10000) in paragraph at lines 132--132
[]|\TU/TimesNewRoman(0)/m/n/10 Revisión de configu-
 []


Underfull \hbox (badness 7468) in paragraph at lines 132--132
\TU/TimesNewRoman(0)/m/n/10 ración, flujo de auten-
 []


Underfull \hbox (badness 10000) in paragraph at lines 132--132
\TU/TimesNewRoman(0)/m/n/10 ticación y modelo de
 []


Underfull \hbox (badness 10000) in paragraph at lines 133--133
[]|\TU/TimesNewRoman(0)/m/n/10 R-
 []


Overfull \hbox (12.72417pt too wide) in paragraph at lines 133--133
[]|\TU/TimesNewRoman(0)/m/n/10 Ciberseguridad| 
 []


Underfull \hbox (badness 10000) in paragraph at lines 133--133
[]|\TU/TimesNewRoman(0)/m/n/10 Tabla de amenazas
 []


Underfull \hbox (badness 10000) in paragraph at lines 133--133
\TU/TimesNewRoman(0)/m/n/10 y pruebas negativas
 []


Underfull \hbox (badness 10000) in paragraph at lines 134--134
[]|\TU/TimesNewRoman(0)/m/n/10 R-
 []


Overfull \hbox (12.72417pt too wide) in paragraph at lines 134--134
[]|\TU/TimesNewRoman(0)/m/n/10 Ciberseguridad| 
 []


Underfull \hbox (badness 6995) in paragraph at lines 134--134
[]|\TU/TimesNewRoman(0)/m/n/10 Logs con identidad,
 []


Underfull \hbox (badness 2103) in paragraph at lines 134--134
[]|\TU/TimesNewRoman(0)/m/n/10 Permite auditoría y análisis
 []


Underfull \hbox (badness 10000) in paragraph at lines 135--135
[]|\TU/TimesNewRoman(0)/m/n/10 R-
 []


Overfull \hbox (12.72417pt too wide) in paragraph at lines 135--135
[]|\TU/TimesNewRoman(0)/m/n/10 Ciberseguridad| 
 []


Underfull \hbox (badness 10000) in paragraph at lines 135--135
[]|\TU/TimesNewRoman(0)/m/n/10 Roles diferenciados;
 []


Underfull \hbox (badness 10000) in paragraph at lines 135--135
\TU/TimesNewRoman(0)/m/n/10 ningún usuario del
 []


Underfull \hbox (badness 10000) in paragraph at lines 135--135
\TU/TimesNewRoman(0)/m/n/10 dashboard gobierna
 []


Underfull \hbox (badness 10000) in paragraph at lines 135--135
\TU/TimesNewRoman(0)/m/n/10 directamente las
 []


Underfull \hbox (badness 1412) in paragraph at lines 135--135
[]|\TU/TimesNewRoman(0)/m/n/10 Revisión de permisos y
 []


Underfull \hbox (badness 10000) in paragraph at lines 136--136
[]|\TU/TimesNewRoman(0)/m/n/10 R-
 []


Overfull \hbox (12.72417pt too wide) in paragraph at lines 136--136
[]|\TU/TimesNewRoman(0)/m/n/10 Ciberseguridad| 
 []


Underfull \hbox (badness 10000) in paragraph at lines 137--137
[]|\TU/TimesNewRoman(0)/m/n/10 R-
 []


Overfull \hbox (2.27463pt too wide) in paragraph at lines 137--137
\TU/TimesNewRoman(0)/m/n/10 ELEC01| 
 []


Underfull \hbox (badness 1540) in paragraph at lines 137--137
[]|\TU/TimesNewRoman(0)/m/n/10 Incorporar protecciones contra so-
 []


Underfull \hbox (badness 10000) in paragraph at lines 137--137
[]|\TU/TimesNewRoman(0)/m/n/10 Protecciones dimen-
 []


Underfull \hbox (badness 1803) in paragraph at lines 137--137
\TU/TimesNewRoman(0)/m/n/10 sionadas por cálculo
 []


Underfull \hbox (badness 10000) in paragraph at lines 138--138
[]|\TU/TimesNewRoman(0)/m/n/10 R-
 []


Overfull \hbox (2.27463pt too wide) in paragraph at lines 138--138
\TU/TimesNewRoman(0)/m/n/10 ELEC02| 
 []


Underfull \hbox (badness 5970) in paragraph at lines 138--138
[]|\TU/TimesNewRoman(0)/m/n/10 Balance de potencia y
 []


Underfull \hbox (badness 10000) in paragraph at lines 139--139
[]|\TU/TimesNewRoman(0)/m/n/10 R-
 []


Overfull \hbox (2.27463pt too wide) in paragraph at lines 139--139
\TU/TimesNewRoman(0)/m/n/10 ELEC03| 
 []


Underfull \hbox (badness 5217) in paragraph at lines 139--139
[]|\TU/TimesNewRoman(0)/m/n/10 Canalización y pun-
 []


Underfull \hbox (badness 10000) in paragraph at lines 140--140
[]|\TU/TimesNewRoman(0)/m/n/10 R-
 []


Underfull \hbox (badness 10000) in paragraph at lines 141--141
[]|\TU/TimesNewRoman(0)/m/n/10 R-
 []


Underfull \hbox (badness 10000) in paragraph at lines 142--142
[]|\TU/TimesNewRoman(0)/m/n/10 R-
 []


Underfull \hbox (badness 3138) in paragraph at lines 142--142
[]|\TU/TimesNewRoman(0)/m/n/10 Campo visual y co-
 []


Underfull \hbox (badness 2573) in paragraph at lines 142--142
\TU/TimesNewRoman(0)/m/n/10 estructural y prueba de
 []


Underfull \hbox (badness 10000) in paragraph at lines 143--143
[]|\TU/TimesNewRoman(0)/m/n/10 R-
 []


Underfull \hbox (badness 2865) in paragraph at lines 143--143
[]|\TU/TimesNewRoman(0)/m/n/10 Permitir mantenimiento, actualiza-
 []


Underfull \hbox (badness 1205) in paragraph at lines 143--143
\TU/TimesNewRoman(0)/m/n/10 ción y recuperación sin alterar la
 []


Underfull \hbox (badness 10000) in paragraph at lines 143--143
[]|\TU/TimesNewRoman(0)/m/n/10 Procedimiento
 []


Underfull \hbox (badness 10000) in paragraph at lines 144--144
[]|\TU/TimesNewRoman(0)/m/n/10 R-
 []


Underfull \hbox (badness 10000) in paragraph at lines 145--145
[]|\TU/TimesNewRoman(0)/m/n/10 R-
 []


Underfull \hbox (badness 10000) in paragraph at lines 145--145
[]|\TU/TimesNewRoman(0)/m/n/10 Tabla comparati-
 []


Underfull \hbox (badness 10000) in paragraph at lines 145--145
\TU/TimesNewRoman(0)/m/n/10 va con unidades y
 []


Underfull \hbox (badness 10000) in paragraph at lines 145--145
[]|\TU/TimesNewRoman(0)/m/n/10 Exportación SUMO y
 []


Underfull \hbox (badness 10000) in paragraph at lines 145--145
\TU/TimesNewRoman(0)/m/n/10 procesamiento estadísti-
 []


Underfull \hbox (badness 10000) in paragraph at lines 146--146
[]|\TU/TimesNewRoman(0)/m/n/10 R-
 []


Underfull \hbox (badness 10000) in paragraph at lines 147--147
[]|\TU/TimesNewRoman(0)/m/n/10 R-
 []


Overfull \hbox (2.84103pt too wide) in paragraph at lines 147--147
\TU/TimesNewRoman(0)/m/n/10 COST01| 
 []


Underfull \hbox (badness 1540) in paragraph at lines 147--147
\TU/TimesNewRoman(0)/m/n/10 cha y supuestos, de-
 []


Underfull \hbox (badness 10000) in paragraph at lines 148--148
[]|\TU/TimesNewRoman(0)/m/n/10 R-
 []


Overfull \hbox (24.3892pt too wide) in paragraph at lines 148--148
[]|\TU/TimesNewRoman(0)/m/n/10 Mecánico/Control| 
 []


Underfull \hbox (badness 1354) in paragraph at lines 148--148
[]|\TU/TimesNewRoman(0)/m/n/10 Orientar la cámara hacia los ejes
 []


Underfull \hbox (badness 10000) in paragraph at lines 148--148
[]|\TU/TimesNewRoman(0)/m/n/10 Rango angular y
 []


Underfull \hbox (badness 10000) in paragraph at lines 148--148
\TU/TimesNewRoman(0)/m/n/10 repetibilidad de
 []


Underfull \hbox (badness 10000) in paragraph at lines 148--148
\TU/TimesNewRoman(0)/m/n/10 posicionamiento
 []


Underfull \hbox (badness 10000) in paragraph at lines 148--148
\TU/TimesNewRoman(0)/m/n/10 coherentes con la
 []


Underfull \hbox (badness 1867) in paragraph at lines 148--148
[]|\TU/TimesNewRoman(0)/m/n/10 Revisión de diseño me-
 []


Underfull \hbox (badness 1303) in paragraph at lines 148--148
\TU/TimesNewRoman(0)/m/n/10 cánico, rango angular y
 []


Underfull \hbox (badness 10000) in paragraph at lines 149--149
[]|\TU/TimesNewRoman(0)/m/n/10 R-
 []


Overfull \hbox (29.3892pt too wide) in paragraph at lines 149--149
[]|\TU/TimesNewRoman(0)/m/n/10 Control/Percepción| 
 []


Underfull \hbox (badness 10000) in paragraph at lines 149--149
[]|\TU/TimesNewRoman(0)/m/n/10 Lógica de estados
 []


Underfull \hbox (badness 10000) in paragraph at lines 150--150
[]|\TU/TimesNewRoman(0)/m/n/10 R-
 []


Underfull \hbox (badness 2245) in paragraph at lines 150--150
[]|$\OML/cmm/m/it/10 T[]$ \TU/TimesNewRoman(0)/m/n/10 definido; vec-
 []


Underfull \hbox (badness 5637) in paragraph at lines 150--150
[]|\TU/TimesNewRoman(0)/m/n/10 Revisión de diseño de
 []


Underfull \hbox (badness 10000) in paragraph at lines 151--151
[]|\TU/TimesNewRoman(0)/m/n/10 R-
 []


Overfull \hbox (0.71538pt too wide) in paragraph at lines 151--151
[]|\TU/TimesNewRoman(0)/m/n/10 Control/Seg.
 []


Underfull \hbox (badness 6658) in paragraph at lines 151--151
[]|\TU/TimesNewRoman(0)/m/n/10 Umbral $\OML/cmm/m/it/10 ^^\[]$\TU/TimesNewRoman
(0)/m/n/10 ; transi-
 []


Underfull \hbox (badness 10000) in paragraph at lines 151--151
\TU/TimesNewRoman(0)/m/n/10 ción determinista a
 []


Underfull \hbox (badness 10000) in alignment at lines 121--152
[] [] [] [] [] [] []
 []

LaTeX Info: Redefining \. on input line 152.
LaTeX Info: Redefining \% on input line 152.
[32

]
LaTeX Info: Redefining \. on input line 152.
LaTeX Info: Redefining \% on input line 152.
 [33]
LaTeX Info: Redefining \. on input line 152.
LaTeX Info: Redefining \% on input line 152.
 [34]
LaTeX Info: Redefining \. on input line 152.
LaTeX Info: Redefining \% on input line 152.
 [35]
LaTeX Info: Redefining \. on input line 154.
LaTeX Info: Redefining \% on input line 154.
 [36]
File: media/image91.png Graphic file (type bmp)
<media/image91.png>
LaTeX Info: Redefining \. on input line 199.
LaTeX Info: Redefining \% on input line 199.
 [37

]
LaTeX Info: Redefining \. on input line 213.
LaTeX Info: Redefining \% on input line 213.
 [38]
File: media/image154.jpg Graphic file (type bmp)
<media/image154.jpg>
LaTeX Info: Redefining \. on input line 256.
LaTeX Info: Redefining \% on input line 256.
 [39]
File: media/image27.png Graphic file (type bmp)
<media/image27.png>
LaTeX Info: Redefining \. on input line 274.
LaTeX Info: Redefining \% on input line 274.
 [40]
File: media/image74.png Graphic file (type bmp)
<media/image74.png>
File: media/image83.png Graphic file (type bmp)
<media/image83.png>
LaTeX Info: Redefining \. on input line 294.
LaTeX Info: Redefining \% on input line 294.
 [41]
File: media/image80.png Graphic file (type bmp)
<media/image80.png>
LaTeX Info: Redefining \. on input line 308.
LaTeX Info: Redefining \% on input line 308.
 [42]
File: media/image147.png Graphic file (type bmp)
<media/image147.png>
LaTeX Info: Redefining \. on input line 328.
LaTeX Info: Redefining \% on input line 328.
 [43]
Overfull \hbox (691.40216pt too wide) detected at line 331
[]
 []


Underfull \hbox (badness 10000) in alignment at lines 330--335
[] [] [] [] [] []
 []


Underfull \hbox (badness 10000) in alignment at lines 335--339
[] [] [] [] [] []
 []


Underfull \hbox (badness 10000) in alignment at lines 339--341
[] [] [] [] [] []
 []


Underfull \hbox (badness 1616) in paragraph at lines 347--347
[]|\TU/TimesNewRoman(0)/b/n/10 4G/LTE con respaldo o
 []


Underfull \hbox (badness 1173) in paragraph at lines 350--350
[]|\TU/TimesNewRoman(0)/b/n/10 UPS/batería dimensiona-
 []


Underfull \hbox (badness 4479) in paragraph at lines 351--352
[]|\TU/TimesNewRoman(0)/m/n/10 Gabinete del controlador
 []


Underfull \hbox (badness 10000) in alignment at lines 341--354
[] [] [] [] [] []
 []

LaTeX Info: Redefining \. on input line 356.
LaTeX Info: Redefining \% on input line 356.
[44

]
LaTeX Info: Redefining \. on input line 381.
LaTeX Info: Redefining \% on input line 381.
 [45

]
Overfull \hbox (691.40216pt too wide) detected at line 384
[]
 []


Underfull \hbox (badness 10000) in alignment at lines 383--388
[] [] [] [] [] [] []
 []


Underfull \hbox (badness 10000) in alignment at lines 388--392
[] [] [] [] [] [] []
 []


Underfull \hbox (badness 10000) in alignment at lines 392--394
[] [] [] [] [] [] []
 []


Underfull \hbox (badness 10000) in alignment at lines 394--407
[] [] [] [] [] [] []
 []

LaTeX Info: Redefining \. on input line 409.
LaTeX Info: Redefining \% on input line 409.
[46

]
LaTeX Info: Redefining \. on input line 459.
LaTeX Info: Redefining \% on input line 459.
 [47

]
File: media/image140.png Graphic file (type bmp)
<media/image140.png>
LaTeX Info: Redefining \. on input line 467.
LaTeX Info: Redefining \% on input line 467.
 [48]
LaTeX Info: Redefining \. on input line 474.
LaTeX Info: Redefining \% on input line 474.
 [49]
LaTeX Info: Redefining \. on input line 513.
LaTeX Info: Redefining \% on input line 513.
 [50]
Underfull \hbox (badness 1237) in paragraph at lines 539--539
[]|\TU/TimesNewRoman(0)/m/n/12 Sincroniza la observación con la
 []

LaTeX Info: Redefining \. on input line 542.
LaTeX Info: Redefining \% on input line 542.
[51]
File: media/image49.png Graphic file (type bmp)
<media/image49.png>
LaTeX Info: Redefining \. on input line 566.
LaTeX Info: Redefining \% on input line 566.
 [52]
File: media/image66.png Graphic file (type bmp)
<media/image66.png>
LaTeX Info: Redefining \. on input line 591.
LaTeX Info: Redefining \% on input line 591.
 [53]
File: media/image33.png Graphic file (type bmp)
<media/image33.png>
LaTeX Info: Redefining \. on input line 600.
LaTeX Info: Redefining \% on input line 600.
 [54]
LaTeX Info: Redefining \. on input line 611.
LaTeX Info: Redefining \% on input line 611.
 [55]
File: media/image13.png Graphic file (type bmp)
<media/image13.png>
File: media/image151.png Graphic file (type bmp)
<media/image151.png>
LaTeX Info: Redefining \. on input line 627.
LaTeX Info: Redefining \% on input line 627.
 [56]
LaTeX Info: Redefining \. on input line 653.
LaTeX Info: Redefining \% on input line 653.
 [57]
LaTeX Info: Redefining \. on input line 680.
LaTeX Info: Redefining \% on input line 680.
 [58]
LaTeX Info: Redefining \. on input line 687.
LaTeX Info: Redefining \% on input line 687.
 [59]
Overfull \hbox (691.40216pt too wide) detected at line 690
[]
 []


Underfull \hbox (badness 10000) in paragraph at lines 692--692
[]|\TU/TimesNewRoman(0)/b/n/10 Requerimientos relaciona-
 []


Underfull \hbox (badness 10000) in alignment at lines 689--694
[] [] [] [] []
 []


Underfull \hbox (badness 10000) in paragraph at lines 696--696
[]|\TU/TimesNewRoman(0)/b/n/10 Requerimientos relaciona-
 []


Underfull \hbox (badness 10000) in alignment at lines 694--698
[] [] [] [] []
 []


Underfull \hbox (badness 10000) in alignment at lines 698--700
[] [] [] [] []
 []


Underfull \hbox (badness 1515) in paragraph at lines 701--701
[]|\TU/TimesNewRoman(0)/m/n/10 Base para todos los requeri-
 []


Underfull \hbox (badness 7504) in paragraph at lines 701--701
[]|\TU/TimesNewRoman(0)/m/n/10 Revisión comparativa y
 []


Underfull \hbox (badness 1303) in paragraph at lines 702--702
[]|\TU/TimesNewRoman(0)/m/n/10 Inspección de especifica-
 []


Underfull \hbox (badness 10000) in paragraph at lines 703--703
[]|\TU/TimesNewRoman(0)/m/n/10 R-C01, R-C02, R-C04, R-
 []


Underfull \hbox (badness 1668) in paragraph at lines 704--704
[]|\TU/TimesNewRoman(0)/m/n/10 R-ELEC01 a R-ELEC03, R-
 []


Underfull \hbox (badness 8094) in paragraph at lines 705--705
[]|\TU/TimesNewRoman(0)/m/n/10 R-MEC01 a R-MEC03, R-
 []


Underfull \hbox (badness 3240) in paragraph at lines 705--705
[]|\TU/TimesNewRoman(0)/m/n/10 CAD, cálculo y simula-
 []


Underfull \hbox (badness 10000) in paragraph at lines 707--707
[]|\TU/TimesNewRoman(0)/m/n/10 R-COM01, R-COM02, R-
 []


Underfull \hbox (badness 10000) in alignment at lines 700--712
[] [] [] [] []
 []

LaTeX Info: Redefining \. on input line 714.
LaTeX Info: Redefining \% on input line 714.
[60

]) (build_v4/cap4_diseno_electronico
Capítulo 4.
[61


]
Overfull \hbox (9.78044pt too wide) in paragraph at lines 28--28
[]|\TU/TimesNewRoman(0)/b/n/10 Función/componente| 
 []


Underfull \hbox (badness 10000) in paragraph at lines 30--30
[]|\TU/TimesNewRoman(0)/m/n/10 Información obtenida,
 []


Underfull \hbox (badness 2165) in paragraph at lines 30--30
\TU/TimesNewRoman(0)/m/n/10 a oclusión e iluminación. An-
 []


Underfull \hbox (badness 10000) in paragraph at lines 31--31
[]|\TU/TimesNewRoman(0)/m/n/10 Procesamiento
 []


Underfull \hbox (badness 10000) in paragraph at lines 31--32
[]|\TU/TimesNewRoman(0)/m/n/10 R-C01, R-
 []


Underfull \hbox (badness 3260) in paragraph at lines 32--32
[]|\TU/TimesNewRoman(0)/m/n/10 Cobertura, independen-
 []


Underfull \hbox (badness 2753) in paragraph at lines 32--32
[]|\TU/TimesNewRoman(0)/m/n/10 4G/LTE con Ether-
 []


Underfull \hbox (badness 2452) in paragraph at lines 32--33
[]|\TU/TimesNewRoman(0)/m/n/10 R-COM01, R-
 []


Underfull \hbox (badness 1681) in paragraph at lines 33--33
[]|\TU/TimesNewRoman(0)/m/n/10 Sensor aislado tipo
 []


Underfull \hbox (badness 10000) in paragraph at lines 34--34
[]|\TU/TimesNewRoman(0)/m/n/10 Protección, eficiencia,
 []


Underfull \hbox (badness 10000) in paragraph at lines 34--34
[]|\TU/TimesNewRoman(0)/m/n/10 Fuente industrial
 []


Underfull \hbox (badness 5091) in paragraph at lines 35--35
[]|\TU/TimesNewRoman(0)/m/n/10 Lineal, buck comercial,
 []


Underfull \hbox (badness 3701) in paragraph at lines 35--35
[]|\TU/TimesNewRoman(0)/m/n/10 Convertidores buck
 []


Underfull \hbox (badness 10000) in paragraph at lines 36--36
[]|\TU/TimesNewRoman(0)/m/n/10 Autonomía, seguridad,
 []


Underfull \hbox (badness 10000) in paragraph at lines 36--36
[]|\TU/TimesNewRoman(0)/m/n/10 Mantiene registro y apagado
 []


Underfull \hbox (badness 1331) in paragraph at lines 36--36
\TU/TimesNewRoman(0)/m/n/10 controlado; autonomía verifica-
 []


Underfull \hbox (badness 2894) in paragraph at lines 37--37
[]|\TU/TimesNewRoman(0)/m/n/10 Seguridad, aislamiento,
 []


Underfull \hbox (badness 10000) in paragraph at lines 37--37
\TU/TimesNewRoman(0)/m/n/10 compatibilidad, autori-
 []


Underfull \hbox (badness 10000) in paragraph at lines 37--38
[]|\TU/TimesNewRoman(0)/m/n/10 R-C02, R-
 []

LaTeX Info: Redefining \. on input line 42.
LaTeX Info: Redefining \% on input line 42.
[62]
File: media/image89.png Graphic file (type bmp)
<media/image89.png>
LaTeX Info: Redefining \. on input line 79.
LaTeX Info: Redefining \% on input line 79.
 [63


]
File: media/image75.png Graphic file (type bmp)
<media/image75.png>
File: media/image150.png Graphic file (type bmp)
<media/image150.png>
LaTeX Info: Redefining \. on input line 105.
LaTeX Info: Redefining \% on input line 105.
 [64]
File: media/image110.png Graphic file (type bmp)
<media/image110.png>
LaTeX Info: Redefining \. on input line 131.
LaTeX Info: Redefining \% on input line 131.
 [65]
File: media/image85.png Graphic file (type bmp)
<media/image85.png>
LaTeX Info: Redefining \. on input line 153.
LaTeX Info: Redefining \% on input line 153.
 [66]
File: media/image157.png Graphic file (type bmp)
<media/image157.png>
File: media/image153.png Graphic file (type bmp)
<media/image153.png>
LaTeX Info: Redefining \. on input line 179.
LaTeX Info: Redefining \% on input line 179.
 [67]
File: media/image20.png Graphic file (type bmp)
<media/image20.png>
LaTeX Info: Redefining \. on input line 210.
LaTeX Info: Redefining \% on input line 210.
 [68]
File: media/image68.png Graphic file (type bmp)
<media/image68.png>
LaTeX Info: Redefining \. on input line 230.
LaTeX Info: Redefining \% on input line 230.
 [69]
LaTeX Info: Redefining \. on input line 271.
LaTeX Info: Redefining \% on input line 271.
 [70]
File: media/image21.png Graphic file (type bmp)
<media/image21.png>
LaTeX Info: Redefining \. on input line 293.
LaTeX Info: Redefining \% on input line 293.
 [71]
LaTeX Info: Redefining \. on input line 345.
LaTeX Info: Redefining \% on input line 345.
 [72]
File: media/image86.png Graphic file (type bmp)
<media/image86.png>
LaTeX Info: Redefining \. on input line 375.
LaTeX Info: Redefining \% on input line 375.
 [73]
File: media/image87.png Graphic file (type bmp)
<media/image87.png>
LaTeX Info: Redefining \. on input line 395.
LaTeX Info: Redefining \% on input line 395.
 [74]
File: media/image114.png Graphic file (type bmp)
<media/image114.png>

Missing character: There is no ^^S (U+0013) in font Times New Roman:script=latn
;language=dflt;mapping=tex-text;!
Missing character: There is no ^^S (U+0013) in font Times New Roman:script=latn
;language=dflt;mapping=tex-text;!
LaTeX Info: Redefining \. on input line 425.
LaTeX Info: Redefining \% on input line 425.
[75]
File: media/image6.png Graphic file (type bmp)
<media/image6.png>
File: media/image72.png Graphic file (type bmp)
<media/image72.png>
LaTeX Info: Redefining \. on input line 454.
LaTeX Info: Redefining \% on input line 454.
 [76]
File: media/image136.png Graphic file (type bmp)
<media/image136.png>
File: media/image35.png Graphic file (type bmp)
<media/image35.png>
LaTeX Info: Redefining \. on input line 470.
LaTeX Info: Redefining \% on input line 470.
 [77]
File: media/image40.png Graphic file (type bmp)
<media/image40.png>
LaTeX Info: Redefining \. on input line 488.
LaTeX Info: Redefining \% on input line 488.
 [78]
Underfull \hbox (badness 5924) in paragraph at lines 500--500
[]|\TU/TimesNewRoman(0)/m/n/10 Schneider ID K 25A
 []

LaTeX Info: Redefining \. on input line 553.
LaTeX Info: Redefining \% on input line 553.
[79]
LaTeX Info: Redefining \. on input line 568.
LaTeX Info: Redefining \% on input line 568.
 [80]
File: media/image117.png Graphic file (type bmp)
<media/image117.png>
File: media/image77.png Graphic file (type bmp)
<media/image77.png>
LaTeX Info: Redefining \. on input line 605.
LaTeX Info: Redefining \% on input line 605.
 [81]
File: media/image69.png Graphic file (type bmp)
<media/image69.png>
File: media/image8.png Graphic file (type bmp)
<media/image8.png>
LaTeX Info: Redefining \. on input line 630.
LaTeX Info: Redefining \% on input line 630.
 [82]
File: media/image97.png Graphic file (type bmp)
<media/image97.png>
LaTeX Info: Redefining \. on input line 650.
LaTeX Info: Redefining \% on input line 650.
 [83]
File: media/image11.png Graphic file (type bmp)
<media/image11.png>
) (build_v4/cap5_diseno_mecanico
LaTeX Info: Redefining \. on input line 1.
LaTeX Info: Redefining \% on input line 1.
 [84]
Capítulo 5.

Underfull \hbox (badness 3849) in paragraph at lines 28--28
[]|\TU/TimesNewRoman(0)/m/n/12 Resistencia estructural: soportar peso
 []


Underfull \hbox (badness 1540) in paragraph at lines 28--28
[]|\TU/TimesNewRoman(0)/m/n/12 Cargas, Von Mises, desplazamiento y
 []


Underfull \hbox (badness 10000) in paragraph at lines 28--28
[]|\TU/TimesNewRoman(0)/m/n/12 Manipulación/vandalismo: cerradura,
 []


Underfull \hbox (badness 8038) in paragraph at lines 28--28
[]|\TU/TimesNewRoman(0)/m/n/12 Ventilación y temperatura: mantener
 []

[85

]
LaTeX Info: Redefining \. on input line 38.
LaTeX Info: Redefining \% on input line 38.
 [86]
LaTeX Info: Redefining \. on input line 55.
LaTeX Info: Redefining \% on input line 55.
 [87]
File: media/image30.png Graphic file (type bmp)
<media/image30.png>
File: media/image64.png Graphic file (type bmp)
<media/image64.png>
LaTeX Info: Redefining \. on input line 71.
LaTeX Info: Redefining \% on input line 71.
 [88]
File: media/image111.png Graphic file (type bmp)
<media/image111.png>
LaTeX Info: Redefining \. on input line 79.
LaTeX Info: Redefining \% on input line 79.
 [89]
File: media/image109.png Graphic file (type bmp)
<media/image109.png>
LaTeX Info: Redefining \. on input line 93.
LaTeX Info: Redefining \% on input line 93.
 [90]
LaTeX Info: Redefining \. on input line 110.
LaTeX Info: Redefining \% on input line 110.
 [91]
File: media/image145.png Graphic file (type bmp)
<media/image145.png>
LaTeX Info: Redefining \. on input line 125.
LaTeX Info: Redefining \% on input line 125.
 [92]
LaTeX Info: Redefining \. on input line 141.
LaTeX Info: Redefining \% on input line 141.
 [93]
File: media/image42.png Graphic file (type bmp)
<media/image42.png>
LaTeX Info: Redefining \. on input line 156.
LaTeX Info: Redefining \% on input line 156.
 [94]
File: media/image37.png Graphic file (type bmp)
<media/image37.png>
File: media/image51.png Graphic file (type bmp)
<media/image51.png>
LaTeX Info: Redefining \. on input line 172.
LaTeX Info: Redefining \% on input line 172.
 [95]
File: media/image125.png Graphic file (type bmp)
<media/image125.png>
LaTeX Info: Redefining \. on input line 184.
LaTeX Info: Redefining \% on input line 184.
 [96]
LaTeX Info: Redefining \. on input line 189.
LaTeX Info: Redefining \% on input line 189.
 [97]
LaTeX Info: Redefining \. on input line 224.
LaTeX Info: Redefining \% on input line 224.
 [98]
LaTeX Info: Redefining \. on input line 243.
LaTeX Info: Redefining \% on input line 243.
 [99]
File: media/image73.png Graphic file (type bmp)
<media/image73.png>
File: media/image104.png Graphic file (type bmp)
<media/image104.png>
LaTeX Info: Redefining \. on input line 264.
LaTeX Info: Redefining \% on input line 264.

[100]
LaTeX Info: Redefining \. on input line 282.
LaTeX Info: Redefining \% on input line 282.
 [101]
File: media/image55.png Graphic file (type bmp)
<media/image55.png>
File: media/image159.png Graphic file (type bmp)
<media/image159.png>
LaTeX Info: Redefining \. on input line 309.
LaTeX Info: Redefining \% on input line 309.
 [102]
File: media/image90.png Graphic file (type bmp)
<media/image90.png>
LaTeX Info: Redefining \. on input line 319.
LaTeX Info: Redefining \% on input line 319.
 [103]
File: media/image96.png Graphic file (type bmp)
<media/image96.png>
LaTeX Info: Redefining \. on input line 327.
LaTeX Info: Redefining \% on input line 327.
 [104]
LaTeX Info: Redefining \. on input line 331.
LaTeX Info: Redefining \% on input line 331.
 [105]
File: media/image134.png Graphic file (type bmp)
<media/image134.png>
LaTeX Info: Redefining \. on input line 349.
LaTeX Info: Redefining \% on input line 349.
 [106]
File: media/image31.png Graphic file (type bmp)
<media/image31.png>
LaTeX Info: Redefining \. on input line 361.
LaTeX Info: Redefining \% on input line 361.
 [107]
File: media/image100.png Graphic file (type bmp)
<media/image100.png>
File: media/image141.png Graphic file (type bmp)
<media/image141.png>
LaTeX Info: Redefining \. on input line 377.
LaTeX Info: Redefining \% on input line 377.
 [108]
File: media/image61.png Graphic file (type bmp)
<media/image61.png>
LaTeX Info: Redefining \. on input line 397.
LaTeX Info: Redefining \% on input line 397.
 [109]
File: media/image99.png Graphic file (type bmp)
<media/image99.png>
LaTeX Info: Redefining \. on input line 405.
LaTeX Info: Redefining \% on input line 405.
 [110]
File: media/image130.png Graphic file (type bmp)
<media/image130.png>
LaTeX Info: Redefining \. on input line 417.
LaTeX Info: Redefining \% on input line 417.
 [111]
File: media/image1.png Graphic file (type bmp)
<media/image1.png>
LaTeX Info: Redefining \. on input line 425.
LaTeX Info: Redefining \% on input line 425.

[112]
LaTeX Info: Redefining \. on input line 434.
LaTeX Info: Redefining \% on input line 434.
 [113]
File: media/image29.png Graphic file (type bmp)
<media/image29.png>
LaTeX Info: Redefining \. on input line 456.
LaTeX Info: Redefining \% on input line 456.
 [114]
LaTeX Info: Redefining \. on input line 461.
LaTeX Info: Redefining \% on input line 461.
 [115]
Underfull \hbox (badness 4120) in paragraph at lines 469--470
[]\TU/TimesNewRoman(0)/b/n/12 Poste y soporte del controlador semafórico: \TU/T
imesNewRoman(0)/m/n/12 perfil tubular de acero A36
 []

) (build_v4/cap6_control
LaTeX Info: Redefining \. on input line 1.
LaTeX Info: Redefining \% on input line 1.
 [116]
Capítulo 6.
[117

]
LaTeX Info: Redefining \. on input line 83.
LaTeX Info: Redefining \% on input line 83.
 [118]
Overfull \hbox (34.55975pt too wide) detected at line 129
\OML/cmm/m/it/12 V[]\OT1/cmr/m/n/12 (\OML/cmm/m/it/12 l; t\OT1/cmr/m/n/12 ) = [
] [] \OML/cmm/m/it/12 velocidad\OT1/cmr/m/n/12 (\OML/cmm/m/it/12 v\OT1/cmr/m/n/
12 )\OML/cmm/m/it/12 ;  V[]\OT1/cmr/m/n/12 (\OML/cmm/m/it/12 l; t\OT1/cmr/m/n/1
2 ) = \OMS/cmsy/m/n/12 f\OML/cmm/m/it/12 v \OMS/cmsy/m/n/12 2 \OML/cmm/m/it/12 
V\OT1/cmr/m/n/12 (\OML/cmm/m/it/12 l; t\OT1/cmr/m/n/12 ) : \OML/cmm/m/it/12 vel
ocidad\OT1/cmr/m/n/12 (\OML/cmm/m/it/12 v\OT1/cmr/m/n/12 ) \OMS/cmsy/m/n/12 ^^U
 \OML/cmm/m/it/12 "\OMS/cmsy/m/n/12 g\OML/cmm/m/it/12 :
 []

LaTeX Info: Redefining \. on input line 129.
LaTeX Info: Redefining \% on input line 129.
[119]
Overfull \hbox (34.2758pt too wide) detected at line 166
\OML/cmm/m/it/12 EV\OT1/cmr/m/n/12 (\OML/cmm/m/it/12 l; t\OT1/cmr/m/n/12 ) = []
 \OML/cmm/m/it/12 ^^N[]\OT1/cmr/m/n/12 [\OML/cmm/m/it/12 v; t\OT1/cmr/m/n/12 ]\
OML/cmm/m/it/12 ;  ^^N[]\OT1/cmr/m/n/12 [\OML/cmm/m/it/12 v; t\OT1/cmr/m/n/12 ]
 = []
 []

LaTeX Info: Redefining \. on input line 176.
LaTeX Info: Redefining \% on input line 176.
[120]
LaTeX Info: Redefining \. on input line 230.
LaTeX Info: Redefining \% on input line 230.
 [121]
File: media/image95.png Graphic file (type bmp)
<media/image95.png>
File: media/image143.png Graphic file (type bmp)
<media/image143.png>
LaTeX Info: Redefining \. on input line 247.
LaTeX Info: Redefining \% on input line 247.
 [122]
Overfull \hbox (54.7862pt too wide) detected at line 266
\OML/cmm/m/it/12 ICV\OT1/cmr/m/n/12 (\OML/cmm/m/it/12 l; t\OT1/cmr/m/n/12 ) = [
]
 []

LaTeX Info: Redefining \. on input line 276.
LaTeX Info: Redefining \% on input line 276.
[123]
LaTeX Info: Redefining \. on input line 327.
LaTeX Info: Redefining \% on input line 327.
 [124]
Overfull \hbox (1.39949pt too wide) in paragraph at lines 365--376
 [][] 
 []

LaTeX Info: Redefining \. on input line 378.
LaTeX Info: Redefining \% on input line 378.
[125]

Package hyperref Warning: Token not allowed in a PDF string (Unicode):
(hyperref)                removing `\leavevmode@ifvmode' on input line 379.


Package hyperref Warning: Token not allowed in a PDF string (Unicode):
(hyperref)                \kern 2.00043pt
(hyperref)                removed on input line 379.


Package hyperref Warning: Token not allowed in a PDF string (Unicode):
(hyperref)                removing `math shift' on input line 379.


Package hyperref Warning: Token not allowed in a PDF string (Unicode):
(hyperref)                removing `\rightarrow' on input line 379.


Package hyperref Warning: Token not allowed in a PDF string (Unicode):
(hyperref)                removing `math shift' on input line 379.


Package hyperref Warning: Token not allowed in a PDF string (Unicode):
(hyperref)                removing `\leavevmode@ifvmode' on input line 379.


Package hyperref Warning: Token not allowed in a PDF string (Unicode):
(hyperref)                \kern 2.00043pt
(hyperref)                removed on input line 379.

LaTeX Info: Redefining \. on input line 426.
LaTeX Info: Redefining \% on input line 426.
[126]
LaTeX Info: Redefining \. on input line 449.
LaTeX Info: Redefining \% on input line 449.
 [127]
LaTeX Info: Redefining \. on input line 485.
LaTeX Info: Redefining \% on input line 485.
 [128]
LaTeX Info: Redefining \. on input line 527.
LaTeX Info: Redefining \% on input line 527.
 [129]
LaTeX Info: Redefining \. on input line 573.
LaTeX Info: Redefining \% on input line 573.
 [130]
Underfull \hbox (badness 10000) in paragraph at lines 582--582
[]|\TU/TimesNewRoman(0)/m/n/12 Calcula ICV, ejecuta
 []


Underfull \hbox (badness 10000) in paragraph at lines 582--582
\TU/TimesNewRoman(0)/m/n/12 recomendación acota-
 []


Underfull \hbox (badness 1173) in paragraph at lines 582--583
[]|\TU/TimesNewRoman(0)/m/n/12 Controlador sema-
 []


Underfull \hbox (badness 10000) in paragraph at lines 583--583
[]|\TU/TimesNewRoman(0)/m/n/12 Asistido por
 []


Underfull \hbox (badness 10000) in paragraph at lines 583--583
[]|\TU/TimesNewRoman(0)/m/n/12 Recomendación
 []


Underfull \hbox (badness 10000) in paragraph at lines 583--583
\TU/TimesNewRoman(0)/m/n/12 remota autenticada,
 []


Underfull \hbox (badness 1242) in paragraph at lines 583--583
\TU/TimesNewRoman(0)/m/n/12 vigente y dentro de
 []


Underfull \hbox (badness 1173) in paragraph at lines 583--584
[]|\TU/TimesNewRoman(0)/m/n/12 Controlador sema-
 []


Underfull \hbox (badness 1067) in paragraph at lines 584--584
[]|\TU/TimesNewRoman(0)/m/n/12 Sin conectivi-
 []


Underfull \hbox (badness 10000) in paragraph at lines 584--584
[]|\TU/TimesNewRoman(0)/m/n/12 Conserva configura-
 []


Underfull \hbox (badness 3199) in paragraph at lines 584--584
\TU/TimesNewRoman(0)/m/n/12 ción válida, almacena
 []


Underfull \hbox (badness 1789) in paragraph at lines 584--584
\TU/TimesNewRoman(0)/m/n/12 localmente y continúa
 []


Underfull \hbox (badness 1173) in paragraph at lines 584--585
[]|\TU/TimesNewRoman(0)/m/n/12 Controlador sema-
 []


Underfull \hbox (badness 10000) in paragraph at lines 585--585
[]|\TU/TimesNewRoman(0)/m/n/12 Sensado de-
 []


Underfull \hbox (badness 10000) in paragraph at lines 585--585
\TU/TimesNewRoman(0)/m/n/12 variables fuera de
 []


Underfull \hbox (badness 10000) in paragraph at lines 585--585
\TU/TimesNewRoman(0)/m/n/12 rango, cámara en
 []


Underfull \hbox (badness 10000) in paragraph at lines 585--585
\TU/TimesNewRoman(0)/m/n/12 reorientación más
 []


Underfull \hbox (badness 1478) in paragraph at lines 585--585
\TU/TimesNewRoman(0)/m/n/12 allá del tiempo per-
 []


Underfull \hbox (badness 1158) in paragraph at lines 585--585
\TU/TimesNewRoman(0)/m/n/12 conserva el último es-
 []


Underfull \hbox (badness 1173) in paragraph at lines 585--586
[]|\TU/TimesNewRoman(0)/m/n/12 Controlador sema-
 []


Underfull \hbox (badness 10000) in paragraph at lines 586--586
\TU/TimesNewRoman(0)/m/n/12 be recomendaciones
 []


Underfull \hbox (badness 10000) in paragraph at lines 586--586
\TU/TimesNewRoman(0)/m/n/12 y ejecuta apaga-
 []


Underfull \hbox (badness 1173) in paragraph at lines 586--587
[]|\TU/TimesNewRoman(0)/m/n/12 Controlador sema-
 []

LaTeX Info: Redefining \. on input line 592.
LaTeX Info: Redefining \% on input line 592.
[131]
LaTeX Info: Redefining \. on input line 601.
LaTeX Info: Redefining \% on input line 601.
 [132]
Underfull \hbox (badness 2790) in paragraph at lines 630--630
[]|\TU/TimesNewRoman(0)/m/n/12 Descartar cuadros en el estado
 []


Underfull \hbox (badness 1270) in paragraph at lines 630--630
[]|\TU/TimesNewRoman(0)/m/n/12 Aplicar una ventana \TU/TimesNewRoman(0)/m/it/12
 SETTLING
 []


Underfull \hbox (badness 1742) in paragraph at lines 630--630
[]|\TU/TimesNewRoman(0)/m/n/12 Asociar marca temporal a cada
 []


Underfull \hbox (badness 1776) in paragraph at lines 630--630
[]|\TU/TimesNewRoman(0)/m/n/12 Congelar la adaptación, generar
 []

LaTeX Info: Redefining \. on input line 633.
LaTeX Info: Redefining \% on input line 633.
[133]
LaTeX Info: Redefining \. on input line 649.
LaTeX Info: Redefining \% on input line 649.
 [134]
LaTeX Info: Redefining \. on input line 679.
LaTeX Info: Redefining \% on input line 679.
 [135]
Underfull \hbox (badness 10000) in paragraph at lines 687--688
[]|\TU/TimesNewRoman(0)/b/n/12 Mecanismo pro-
 []


Underfull \hbox (badness 10000) in paragraph at lines 689--689
[]|\TU/TimesNewRoman(0)/m/n/12 Cuentas, vi-
 []


Underfull \hbox (badness 10000) in paragraph at lines 689--689
\TU/TimesNewRoman(0)/m/n/12 sualización y
 []


Underfull \hbox (badness 10000) in paragraph at lines 689--689
[]|\TU/TimesNewRoman(0)/m/n/12 Exposición o
 []


Underfull \hbox (badness 1158) in paragraph at lines 689--689
[]|\TU/TimesNewRoman(0)/m/n/12 MFA, RBAC, mínimo privile-
 []


Underfull \hbox (badness 1237) in paragraph at lines 689--690
[]|\TU/TimesNewRoman(0)/m/n/12 Revisión de roles y
 []


Underfull \hbox (badness 10000) in paragraph at lines 689--690
\TU/TimesNewRoman(0)/m/n/12 flujo de autentica-
 []


Underfull \hbox (badness 10000) in paragraph at lines 690--690
[]|\TU/TimesNewRoman(0)/m/n/12 Configuración y
 []


Underfull \hbox (badness 7740) in paragraph at lines 690--690
[]|\TU/TimesNewRoman(0)/m/n/12 Degradación del
 []


Underfull \hbox (badness 1005) in paragraph at lines 691--692
[]|\TU/TimesNewRoman(0)/m/n/12 Inspección de confi-
 []


Underfull \hbox (badness 7168) in paragraph at lines 692--692
[]|\TU/TimesNewRoman(0)/m/n/12 Inyección de datos
 []


Underfull \hbox (badness 10000) in paragraph at lines 692--692
[]|\TU/TimesNewRoman(0)/m/n/12 ICV, estados y
 []


Underfull \hbox (badness 10000) in paragraph at lines 692--692
[]|\TU/TimesNewRoman(0)/m/n/12 Decisiones inco-
 []


Underfull \hbox (badness 2237) in paragraph at lines 692--693
[]|\TU/TimesNewRoman(0)/m/n/12 Pruebas con mensa-
 []


Underfull \hbox (badness 10000) in paragraph at lines 693--693
[]|\TU/TimesNewRoman(0)/m/n/12 Supervisión y
 []


Underfull \hbox (badness 10000) in paragraph at lines 694--694
[]|\TU/TimesNewRoman(0)/m/n/12 Indisponibilidad
 []


Underfull \hbox (badness 4779) in paragraph at lines 695--695
[]|\TU/TimesNewRoman(0)/m/n/12 Secretos no embebidos, rota-
 []


Underfull \hbox (badness 1681) in paragraph at lines 696--696
[]|\TU/TimesNewRoman(0)/m/n/12 Software edge y
 []


Underfull \hbox (badness 1127) in paragraph at lines 696--696
[]|\TU/TimesNewRoman(0)/m/n/12 Ejecución de có-
 []


Overfull \hbox (4.76543pt too wide) in paragraph at lines 696--696
[]|\TU/TimesNewRoman(0)/m/n/12 Baja/Media| 
 []


Underfull \hbox (badness 1009) in paragraph at lines 696--696
\TU/TimesNewRoman(0)/m/n/12 ticado, control de versiones y
 []


Underfull \hbox (badness 10000) in paragraph at lines 696--697
[]|\TU/TimesNewRoman(0)/m/n/12 Flujo de actualiza-
 []


Underfull \hbox (badness 2818) in paragraph at lines 697--697
[]|\TU/TimesNewRoman(0)/m/n/12 Fallo de sincroniza-
 []


Overfull \hbox (1.94057pt too wide) in paragraph at lines 697--697
[]|\TU/TimesNewRoman(0)/m/n/12 Recomendaciones
 []


Underfull \hbox (badness 1028) in paragraph at lines 697--697
\TU/TimesNewRoman(0)/m/n/12 mero de secuencia e invalida-
 []


Overfull \hbox (4.76543pt too wide) in paragraph at lines 698--698
[]|\TU/TimesNewRoman(0)/m/n/12 Baja/Media| 
 []

LaTeX Info: Redefining \. on input line 703.
LaTeX Info: Redefining \% on input line 703.
[136

]
Overfull \vbox (234.80215pt too high) has occurred while \output is active []

LaTeX Info: Redefining \. on input line 703.
LaTeX Info: Redefining \% on input line 703.

[137]
LaTeX Info: Redefining \. on input line 743.
LaTeX Info: Redefining \% on input line 743.
 [138

]) (build_v4/cap7_validacion
LaTeX Info: Redefining \. on input line 1.
LaTeX Info: Redefining \% on input line 1.
 [139]
Capítulo 7.

Underfull \hbox (badness 2020) in paragraph at lines 37--37
[]|\TU/TimesNewRoman(0)/m/n/12 Control semafórico fijo /
 []


Underfull \hbox (badness 1383) in paragraph at lines 37--37
[]|\TU/TimesNewRoman(0)/m/n/12 Configuración documenta-
 []


Underfull \hbox (badness 1189) in paragraph at lines 37--37
[]|\TU/TimesNewRoman(0)/m/n/12 Mejora o no degradación
 []


Underfull \hbox (badness 2376) in paragraph at lines 37--37
\TU/TimesNewRoman(0)/m/n/12 de coordinación de nube
 []


Underfull \hbox (badness 1859) in paragraph at lines 37--37
\TU/TimesNewRoman(0)/m/n/12 cleo; recomendación vali-
 []


Underfull \hbox (badness 6691) in paragraph at lines 37--37
[]|\TU/TimesNewRoman(0)/m/n/12 Sin dependencia de res-
 []


Underfull \hbox (badness 1721) in paragraph at lines 37--37
[]|\TU/TimesNewRoman(0)/m/n/12 Establecer una cota com-
 []


Underfull \hbox (badness 3635) in paragraph at lines 37--37
\TU/TimesNewRoman(0)/m/n/12 parativa con información
 []

[140

]
Package microtype Info: Loading generic protrusion settings for font family
(microtype)             `CourierNew' (encoding: TU).
(microtype)             For optimal results, create family-specific settings.
(microtype)             See the microtype manual for details.
LaTeX Info: Redefining \. on input line 77.
LaTeX Info: Redefining \% on input line 77.
 [141]
LaTeX Info: Redefining \. on input line 104.
LaTeX Info: Redefining \% on input line 104.
 [142]
File: media/image65.png Graphic file (type bmp)
<media/image65.png>
File: media/image58.png Graphic file (type bmp)
<media/image58.png>
LaTeX Info: Redefining \. on input line 126.
LaTeX Info: Redefining \% on input line 126.
 [143]
File: media/image10.png Graphic file (type bmp)
<media/image10.png>
LaTeX Info: Redefining \. on input line 146.
LaTeX Info: Redefining \% on input line 146.
 [144]
LaTeX Info: Redefining \. on input line 187.
LaTeX Info: Redefining \% on input line 187.
 [145]
LaTeX Info: Redefining \. on input line 226.
LaTeX Info: Redefining \% on input line 226.
 [146]
LaTeX Info: Redefining \. on input line 266.
LaTeX Info: Redefining \% on input line 266.
 [147]
LaTeX Info: Redefining \. on input line 299.
LaTeX Info: Redefining \% on input line 299.
 [148]
Underfull \hbox (badness 1052) in paragraph at lines 351--351
[]|\TU/TimesNewRoman(0)/m/n/12 Cadena cámara$\OMS/cmsy/m/n/12 !$\TU/TimesNewRom
an(0)/m/n/12 ICV demostra-
 []


Overfull \hbox (14.12404pt too wide) in paragraph at lines 351--351
[]|\TU/TimesNewRoman(0)/m/n/12 Comunicación/seguridad| 
 []


Underfull \hbox (badness 10000) in paragraph at lines 351--351
[]|\TU/TimesNewRoman(0)/m/n/12 Rechazo de parámetros invá-
 []


Underfull \hbox (badness 10000) in paragraph at lines 351--351
\TU/TimesNewRoman(0)/m/n/12 lidos y vencidos por vigen-
 []


Underfull \hbox (badness 2707) in paragraph at lines 351--351
\TU/TimesNewRoman(0)/m/n/12 señados; disponibilidad por de-
 []


Underfull \hbox (badness 1215) in paragraph at lines 351--351
[]|\TU/TimesNewRoman(0)/m/n/12 Arquitectura TLS, autenticación
 []


Underfull \hbox (badness 10000) in paragraph at lines 351--351
[]|\TU/TimesNewRoman(0)/m/n/12 Sistema de orientación (NE-
 []


Underfull \hbox (badness 10000) in paragraph at lines 351--351
\TU/TimesNewRoman(0)/m/n/12 MA 23, biela-manivela, roda-
 []


Underfull \hbox (badness 10000) in paragraph at lines 351--351
\TU/TimesNewRoman(0)/m/n/12 miento) dimensionado en el
 []


Underfull \hbox (badness 10000) in paragraph at lines 351--351
[]|\TU/TimesNewRoman(0)/m/n/12 Política de estados \TU/TimesNewRoman(0)/m/it/12
 MO-
 []


Underfull \hbox (badness 10000) in paragraph at lines 351--351
\TU/TimesNewRoman(0)/m/it/12 VING\TU/TimesNewRoman(0)/m/n/12 /\TU/TimesNewRoman
(0)/m/it/12 SETTLING\TU/TimesNewRoman(0)/m/n/12 /\TU/TimesNewRoman(0)/m/it/12 O
BSERVING
 []


Underfull \hbox (badness 1783) in paragraph at lines 351--351
[]|\TU/TimesNewRoman(0)/m/n/12 CAPEX/OPEX consolidados en
 []

LaTeX Info: Redefining \. on input line 354.
LaTeX Info: Redefining \% on input line 354.
[149]
Overfull \vbox (750.97862pt too high) has occurred while \output is active []

LaTeX Info: Redefining \. on input line 354.
LaTeX Info: Redefining \% on input line 354.

[150]
LaTeX Info: Redefining \. on input line 407.
LaTeX Info: Redefining \% on input line 407.
 [151]
Underfull \hbox (badness 1609) in paragraph at lines 437--437
[]|\TU/TimesNewRoman(0)/m/n/12 150 W $\OMS/cmsy/m/n/12 ^^B$ \TU/TimesNewRoman(0
)/m/n/12 24 h $\OMS/cmsy/m/n/12 ^^B$ \TU/TimesNewRoman(0)/m/n/12 365 d @ S/
 []


Underfull \hbox (badness 1845) in paragraph at lines 437--437
[]|\TU/TimesNewRoman(0)/m/n/12 Plan de datos 10 GB/mes @ S/
 []

LaTeX Info: Redefining \. on input line 440.
LaTeX Info: Redefining \% on input line 440.
[152]) (build_v4/cierre
LaTeX Info: Redefining \. on input line 4.
LaTeX Info: Redefining \% on input line 4.
 [153] [154

]
LaTeX Info: Redefining \. on input line 73.
LaTeX Info: Redefining \% on input line 73.
 [155]
LaTeX Info: Redefining \. on input line 105.
LaTeX Info: Redefining \% on input line 105.
 [156]
LaTeX Info: Redefining \. on input line 112.
LaTeX Info: Redefining \% on input line 112.
 [157]
(build_v4/bibliografia_items [158

]
LaTeX Info: Redefining \. on input line 48.
LaTeX Info: Redefining \% on input line 48.
 [159]
LaTeX Info: Redefining \. on input line 70.
LaTeX Info: Redefining \% on input line 70.
 [160]
LaTeX Info: Redefining \. on input line 94.
LaTeX Info: Redefining \% on input line 94.
 [161]
LaTeX Info: Redefining \. on input line 116.
LaTeX Info: Redefining \% on input line 116.
 [162]
LaTeX Info: Redefining \. on input line 142.
LaTeX Info: Redefining \% on input line 142.
 [163]
LaTeX Info: Redefining \. on input line 166.
LaTeX Info: Redefining \% on input line 166.
 [164])
LaTeX Info: Redefining \. on input line 118.
LaTeX Info: Redefining \% on input line 118.

[165] [166

]
LaTeX Info: Redefining \. on input line 193.
LaTeX Info: Redefining \% on input line 193.
 [167] (build_v4/anexo_componentes

Package caption Warning: \captionsetup{type*=...} or \captionof
(caption)                outside box or environment on input line 4.
See the caption package documentation for explanation.


Underfull \hbox (badness 10000) in alignment at lines 10--49
[] [] [] []
 []


Underfull \hbox (badness 10000) in alignment at lines 49--51
[] [] [] []
 []


Underfull \hbox (badness 10000) in alignment at lines 51--52
[] [] [] []
 []

LaTeX Info: Redefining \. on input line 54.
LaTeX Info: Redefining \% on input line 54.
[168]
Underfull \hbox (badness 10000) in alignment at lines 59--87
[] []
 []


Underfull \hbox (badness 10000) in alignment at lines 87--89
[] []
 []


Underfull \hbox (badness 10000) in alignment at lines 89--90
[] []
 []


Underfull \hbox (badness 10000) in alignment at lines 99--138
[] [] [] []
 []


Underfull \hbox (badness 10000) in alignment at lines 138--140
[] [] [] []
 []


Underfull \hbox (badness 10000) in alignment at lines 140--141
[] [] [] []
 []


Underfull \hbox (badness 10000) in alignment at lines 148--176
[] []
 []


Underfull \hbox (badness 10000) in alignment at lines 176--178
[] []
 []


Underfull \hbox (badness 10000) in alignment at lines 178--179
[] []
 []


Underfull \hbox (badness 10000) in alignment at lines 188--227
[] [] [] []
 []


Underfull \hbox (badness 10000) in alignment at lines 227--229
[] [] [] []
 []


Underfull \hbox (badness 10000) in alignment at lines 229--230
[] [] [] []
 []

LaTeX Info: Redefining \. on input line 232.
LaTeX Info: Redefining \% on input line 232.
[169]
Underfull \hbox (badness 10000) in alignment at lines 237--260
[] []
 []


Underfull \hbox (badness 10000) in alignment at lines 260--262
[] []
 []


Underfull \hbox (badness 10000) in alignment at lines 262--263
[] []
 []


Underfull \hbox (badness 10000) in alignment at lines 363--391
[] []
 []


Underfull \hbox (badness 10000) in alignment at lines 391--393
[] []
 []


Underfull \hbox (badness 10000) in alignment at lines 393--394
[] []
 []

LaTeX Info: Redefining \. on input line 398.
LaTeX Info: Redefining \% on input line 398.
[170]
Underfull \hbox (badness 10000) in alignment at lines 405--444
[] [] [] []
 []


Underfull \hbox (badness 10000) in alignment at lines 444--446
[] [] [] []
 []


Underfull \hbox (badness 10000) in alignment at lines 446--447
[] [] [] []
 []


Underfull \hbox (badness 10000) in alignment at lines 454--492
[] []
 []


Underfull \hbox (badness 10000) in alignment at lines 492--494
[] []
 []


Underfull \hbox (badness 10000) in alignment at lines 494--495
[] []
 []


Underfull \hbox (badness 10000) in alignment at lines 502--535
[] []
 []


Underfull \hbox (badness 10000) in alignment at lines 535--537
[] []
 []


Underfull \hbox (badness 10000) in alignment at lines 537--538
[] []
 []


Underfull \hbox (badness 10000) in alignment at lines 545--583
[] []
 []


Underfull \hbox (badness 10000) in alignment at lines 583--585
[] []
 []


Underfull \hbox (badness 10000) in alignment at lines 585--586
[] []
 []

LaTeX Info: Redefining \. on input line 586.
LaTeX Info: Redefining \% on input line 586.
[171]
Underfull \hbox (badness 10000) in alignment at lines 595--643
[] []
 []


Underfull \hbox (badness 10000) in alignment at lines 643--645
[] []
 []


Underfull \hbox (badness 10000) in alignment at lines 645--646
[] []
 []


Underfull \hbox (badness 10000) in alignment at lines 653--696
[] []
 []


Underfull \hbox (badness 10000) in alignment at lines 696--698
[] []
 []


Underfull \hbox (badness 10000) in alignment at lines 698--699
[] []
 []

LaTeX Info: Redefining \. on input line 701.
LaTeX Info: Redefining \% on input line 701.
[172]
Underfull \hbox (badness 10000) in alignment at lines 706--764
[] []
 []


Underfull \hbox (badness 10000) in alignment at lines 764--766
[] []
 []


Underfull \hbox (badness 10000) in alignment at lines 766--767
[] []
 []


Underfull \hbox (badness 10000) in alignment at lines 774--817
[] []
 []


Underfull \hbox (badness 10000) in alignment at lines 817--819
[] []
 []


Underfull \hbox (badness 10000) in alignment at lines 819--820
[] []
 []


Underfull \hbox (badness 10000) in alignment at lines 827--855
[] []
 []


Underfull \hbox (badness 10000) in alignment at lines 855--857
[] []
 []


Underfull \hbox (badness 10000) in alignment at lines 857--858
[] []
 []

LaTeX Info: Redefining \. on input line 860.
LaTeX Info: Redefining \% on input line 860.
[173]
Underfull \hbox (badness 10000) in alignment at lines 865--898
[] []
 []


Underfull \hbox (badness 10000) in alignment at lines 898--900
[] []
 []


Underfull \hbox (badness 10000) in alignment at lines 900--901
[] []
 []


Underfull \hbox (badness 10000) in alignment at lines 908--946
[] []
 []


Underfull \hbox (badness 10000) in alignment at lines 946--948
[] []
 []


Underfull \hbox (badness 10000) in alignment at lines 948--949
[] []
 []


Underfull \hbox (badness 10000) in alignment at lines 958--1411
[] [] [] []
 []


Underfull \hbox (badness 10000) in alignment at lines 1411--1413
[] [] [] []
 []


Underfull \hbox (badness 10000) in alignment at lines 1413--1414
[] [] [] []
 []

LaTeX Info: Redefining \. on input line 1414.
LaTeX Info: Redefining \% on input line 1414.
[174]
LaTeX Info: Redefining \. on input line 1414.
LaTeX Info: Redefining \% on input line 1414.
 [175]
LaTeX Info: Redefining \. on input line 1414.
LaTeX Info: Redefining \% on input line 1414.
 [176]
Overfull \vbox (375.5654pt too high) has occurred while \output is active []

LaTeX Info: Redefining \. on input line 1414.
LaTeX Info: Redefining \% on input line 1414.

[177])
File: media/image3.png Graphic file (type bmp)
<media/image3.png>
File: media/image138.png Graphic file (type bmp)
<media/image138.png>
LaTeX Info: Redefining \. on input line 235.
LaTeX Info: Redefining \% on input line 235.
 [178]
File: media/image94.png Graphic file (type bmp)
<media/image94.png>
File: media/image62.png Graphic file (type bmp)
<media/image62.png>
LaTeX Info: Redefining \. on input line 237.
LaTeX Info: Redefining \% on input line 237.
 [179]
File: media/image137.png Graphic file (type bmp)
<media/image137.png>
File: media/image32.png Graphic file (type bmp)
<media/image32.png>
LaTeX Info: Redefining \. on input line 239.
LaTeX Info: Redefining \% on input line 239.
 [180]
File: media/image121.png Graphic file (type bmp)
<media/image121.png>
File: media/image59.png Graphic file (type bmp)
<media/image59.png>
LaTeX Info: Redefining \. on input line 241.
LaTeX Info: Redefining \% on input line 241.
 [181]
File: media/image34.png Graphic file (type bmp)
<media/image34.png>
File: media/image23.png Graphic file (type bmp)
<media/image23.png>
LaTeX Info: Redefining \. on input line 245.
LaTeX Info: Redefining \% on input line 245.
 [182]
File: media/image142.png Graphic file (type bmp)
<media/image142.png>
File: media/image135.png Graphic file (type bmp)
<media/image135.png>
LaTeX Info: Redefining \. on input line 249.
LaTeX Info: Redefining \% on input line 249.
 [183]
File: media/image98.png Graphic file (type bmp)
<media/image98.png>
File: media/image38.png Graphic file (type bmp)
<media/image38.png>
LaTeX Info: Redefining \. on input line 251.
LaTeX Info: Redefining \% on input line 251.
 [184]
File: media/image119.png Graphic file (type bmp)
<media/image119.png>
File: media/image123.png Graphic file (type bmp)
<media/image123.png>
LaTeX Info: Redefining \. on input line 255.
LaTeX Info: Redefining \% on input line 255.
 [185]
File: media/image63.png Graphic file (type bmp)
<media/image63.png>
File: media/image92.png Graphic file (type bmp)
<media/image92.png>
LaTeX Info: Redefining \. on input line 257.
LaTeX Info: Redefining \% on input line 257.
 [186]
File: media/image4.png Graphic file (type bmp)
<media/image4.png>
File: media/image129.png Graphic file (type bmp)
<media/image129.png>
LaTeX Info: Redefining \. on input line 261.
LaTeX Info: Redefining \% on input line 261.
 [187]
File: media/image106.png Graphic file (type bmp)
<media/image106.png>
)

Package caption Warning: Unused \captionsetup[figure] on input line 227.
See the caption package documentation for explanation.

LaTeX Info: Redefining \. on input line 303.
LaTeX Info: Redefining \% on input line 303.
[188] (mainV4.aux
LaTeX Info: Redefining \. on input line 23.
LaTeX Info: Redefining \% on input line 23.
) )
Output written on mainV4.xdv (202 pages, 3370572 bytes).
