{"type": "FeatureCollection", "features": [{"type": "Feature", "id": "-1003215120", "geometry": {"type": "LineString", "coordinates": [[-77.059502, -12.076392], [-77.05874, -12.076529], [-77.05872, -12.07654], [-77.058704, -12.076556], [-77.058693, -12.076575], [-77.058688, -12.076597], [-77.058689, -12.07662], [-77.058697, -12.076639], [-77.058709, -12.076656], [-77.058725, -12.07667], [-77.058745, -12.076678], [-77.058766, -12.076681], [-77.059531, -12.076585]]}, "properties": {"id": "-1003215120", "nombre": "-1003215120", "longitud": 192.36, "velocidad_max": 10.0, "num_lanes": 1}}, {"type": "Feature", "id": "-1005240503#1", "geometry": {"type": "LineString", "coordinates": [[-77.011981, -12.041687], [-77.011983, -12.041688]]}, "properties": {"id": "-1005240503#1", "nombre": "-1005240503#1", "longitud": 0.2, "velocidad_max": 50.0, "num_lanes": 1}}, {"type": "Feature", "id": "-1008108801", "geometry": {"type": "LineString", "coordinates": [[-77.045584, -12.041461], [-77.045041, -12.041386], [-77.045029, -12.041394], [-77.045021, -12.041414], [-77.045009, -12.041529], [-77.044969, -12.041723], [-77.044948, -12.041779], [-77.04493, -12.041806], [-77.044912, -12.04183], [-77.044882, -12.041855], [-77.044793, -12.041904], [-77.04475, -12.041929], [-77.044726, -12.041944], [-77.044692, -12.041953], [-77.044688, -12.041953]]}, "properties": {"id": "-1008108801", "nombre": "-1008108801", "longitud": 140.0, "velocidad_max": 50.0, "num_lanes": 1}}, {"type": "Feature", "id": "-1008689220#0", "geometry": {"type": "LineString", "coordinates": [[-77.014251, -12.100058], [-77.013938, -12.099425]]}, "properties": {"id": "-1008689220#0", "nombre": "Calle Doctor Ricardo J. Angulo R.", "longitud": 77.85, "velocidad_max": 30.0, "num_lanes": 1}}, {"type": "Feature", "id": "-1008689220#3", "geometry": {"type": "LineString", "coordinates": [[-77.014946, -12.101406], [-77.014567, -12.100678], [-77.014436, -12.100437], [-77.014305, -12.100165]]}, "properties": {"id": "-1008689220#3", "nombre": "Calle Doctor Ricardo J. Angulo R.", "longitud": 154.02, "velocidad_max": 30.0, "num_lanes": 1}}, {"type": "Feature", "id": "-1008689220#4", "geometry": {"type": "LineString", "coordinates": [[-77.01517, -12.101822], [-77.015007, -12.101521]]}, "properties": {"id": "-1008689220#4", "nombre": "Calle Doctor Ricardo J. Angulo R.", "longitud": 37.75, "velocidad_max": 30.0, "num_lanes": 1}}, {"type": "Feature", "id": "-1008689220#5", "geometry": {"type": "LineString", "coordinates": [[-77.015516, -12.102452], [-77.015232, -12.101937]]}, "properties": {"id": "-1008689220#5", "nombre": "Calle Doctor Ricardo J. Angulo R.", "longitud": 64.8, "velocidad_max": 30.0, "num_lanes": 1}}, {"type": "Feature", "id": "-1008689220#6", "geometry": {"type": "LineString", "coordinates": [[-77.015649, -12.102696], [-77.015577, -12.102565]]}, "properties": {"id": "-1008689220#6", "nombre": "Calle Doctor Ricardo J. Angulo R.", "longitud": 16.43, "velocidad_max": 30.0, "num_lanes": 1}}, {"type": "Feature", "id": "-1008689220#7", "geometry": {"type": "LineString", "coordinates": [[-77.01609, -12.1035], [-77.015717, -12.102821]]}, "properties": {"id": "-1008689220#7", "nombre": "Calle Doctor Ricardo J. Angulo R.", "longitud": 85.39, "velocidad_max": 30.0, "num_lanes": 1}}, {"type": "Feature", "id": "-1008689220#9", "geometry": {"type": "LineString", "coordinates": [[-77.016423, -12.105698], [-77.016484, -12.105594], [-77.016563, -12.105389], [-77.016559, -12.105266], [-77.016452, -12.104374], [-77.016377, -12.104055], [-77.016324, -12.103929], [-77.016153, -12.103614]]}, "properties": {"id": "-1008689220#9", "nombre": "Calle Doctor Ricardo J. Angulo R.", "longitud": 241.35, "velocidad_max": 30.0, "num_lanes": 1}}, {"type": "Feature", "id": "-1011544041#2", "geometry": {"type": "LineString", "coordinates": [[-77.029716, -12.045824], [-77.029692, -12.04584], [-77.029301, -12.046093], [-77.028796, -12.04639]]}, "properties": {"id": "-1011544041#2", "nombre": "Jirón Junín", "longitud": 118.13, "velocidad_max": 30.0, "num_lanes": 1}}, {"type": "Feature", "id": "-1011904678", "geometry": {"type": "LineString", "coordinates": [[-77.034723, -12.042586], [-77.03468, -12.042566], [-77.034662, -12.042547]]}, "properties": {"id": "-1011904678", "nombre": "Prolongación Tacna", "longitud": 8.12, "velocidad_max": 40.0, "num_lanes": 1}}, {"type": "Feature", "id": "-1013225435#3", "geometry": {"type": "LineString", "coordinates": [[-77.044168, -12.046372], [-77.04417, -12.046303], [-77.044196, -12.046103], [-77.044281, -12.045264]]}, "properties": {"id": "-1013225435#3", "nombre": "Jirón Huarochirí", "longitud": 123.22, "velocidad_max": 30.0, "num_lanes": 2}}, {"type": "Feature", "id": "-1013225436#2", "geometry": {"type": "LineString", "coordinates": [[-77.043121, -12.044976], [-77.043698, -12.045037], [-77.044122, -12.045082], [-77.044193, -12.045089]]}, "properties": {"id": "-1013225436#2", "nombre": "Avenida Guillermo Dansey", "longitud": 117.4, "velocidad_max": 30.0, "num_lanes": 2}}, {"type": "Feature", "id": "-1013422279", "geometry": {"type": "LineString", "coordinates": [[-77.038822, -12.050964], [-77.038824, -12.050964]]}, "properties": {"id": "-1013422279", "nombre": "Jirón Quilca", "longitud": 0.2, "velocidad_max": 30.0, "num_lanes": 1}}, {"type": "Feature", "id": "-1015929409#2", "geometry": {"type": "LineString", "coordinates": [[-77.025098, -12.09311], [-77.025117, -12.093147], [-77.025479, -12.093879], [-77.025485, -12.093891]]}, "properties": {"id": "-1015929409#2", "nombre": "Calle El Parque", "longitud": 96.14, "velocidad_max": 40.0, "num_lanes": 1}}, {"type": "Feature", "id": "-1018156624#3", "geometry": {"type": "LineString", "coordinates": [[-77.065138, -12.071019], [-77.064546, -12.071619], [-77.064291, -12.071899]]}, "properties": {"id": "-1018156624#3", "nombre": "-1018156624#3", "longitud": 134.11, "velocidad_max": 40.0, "num_lanes": 1}}, {"type": "Feature", "id": "-1022441258", "geometry": {"type": "LineString", "coordinates": [[-77.036284, -12.044451], [-77.036283, -12.044452]]}, "properties": {"id": "-1022441258", "nombre": "Jirón Ica", "longitud": 0.2, "velocidad_max": 50.0, "num_lanes": 1}}, {"type": "Feature", "id": "-1024287691", "geometry": {"type": "LineString", "coordinates": [[-77.036941, -12.045389], [-77.036943, -12.045389]]}, "properties": {"id": "-1024287691", "nombre": "Jirón Huancavelica", "longitud": 0.2, "velocidad_max": 50.0, "num_lanes": 1}}, {"type": "Feature", "id": "-1024287705", "geometry": {"type": "LineString", "coordinates": [[-77.038238, -12.047266], [-77.03824, -12.047265]]}, "properties": {"id": "-1024287705", "nombre": "Jirón Moquegua", "longitud": 0.2, "velocidad_max": 30.0, "num_lanes": 1}}, {"type": "Feature", "id": "-1024289636", "geometry": {"type": "LineString", "coordinates": [[-77.037961, -12.06002], [-77.037963, -12.06002]]}, "properties": {"id": "-1024289636", "nombre": "Avenida 9 de Diciembre", "longitud": 0.2, "velocidad_max": 50.0, "num_lanes": 2}}, {"type": "Feature", "id": "-1024289640#0", "geometry": {"type": "LineString", "coordinates": [[-77.034683, -12.042527], [-77.034697, -12.042542], [-77.034731, -12.042558]]}, "properties": {"id": "-1024289640#0", "nombre": "Prolongación Tacna", "longitud": 6.33, "velocidad_max": 40.0, "num_lanes": 1}}, {"type": "Feature", "id": "-1024289640#1", "geometry": {"type": "LineString", "coordinates": [[-77.03434, -12.042178], [-77.034373, -12.042206], [-77.034418, -12.042245], [-77.034457, -12.042284], [-77.034681, -12.042526]]}, "properties": {"id": "-1024289640#1", "nombre": "Prolongación Tacna", "longitud": 53.61, "velocidad_max": 40.0, "num_lanes": 1}}, {"type": "Feature", "id": "-1029647827#1", "geometry": {"type": "LineString", "coordinates": [[-77.054298, -12.092126], [-77.05424, -12.092002], [-77.053876, -12.091304]]}, "properties": {"id": "-1029647827#1", "nombre": "Calle Bolognesi", "longitud": 101.93, "velocidad_max": 10.0, "num_lanes": 1}}, {"type": "Feature", "id": "-1029647828#1", "geometry": {"type": "LineString", "coordinates": [[-77.052399, -12.090976], [-77.052475, -12.090939], [-77.052892, -12.090728], [-77.053194, -12.090583]]}, "properties": {"id": "-1029647828#1", "nombre": "Calle Bolognesi", "longitud": 96.83, "velocidad_max": 10.0, "num_lanes": 1}}, {"type": "Feature", "id": "-1029647829#0", "geometry": {"type": "LineString", "coordinates": [[-77.052883, -12.091749], [-77.052837, -12.09177]]}, "properties": {"id": "-1029647829#0", "nombre": "-1029647829#0", "longitud": 5.43, "velocidad_max": 10.0, "num_lanes": 1}}, {"type": "Feature", "id": "-1029647830", "geometry": {"type": "LineString", "coordinates": [[-77.053235, -12.090797], [-77.053284, -12.090775]]}, "properties": {"id": "-1029647830", "nombre": "-1029647830", "longitud": 5.84, "velocidad_max": 10.0, "num_lanes": 1}}, {"type": "Feature", "id": "-1060284235", "geometry": {"type": "LineString", "coordinates": [[-77.065585, -12.054329], [-77.065602, -12.05445], [-77.065624, -12.0547], [-77.065629, -12.054888]]}, "properties": {"id": "-1060284235", "nombre": "Jirón José Miguel Ríos", "longitud": 62.13, "velocidad_max": 50.0, "num_lanes": 1}}, {"type": "Feature", "id": "-1091361352", "geometry": {"type": "LineString", "coordinates": [[-77.043891, -12.064016], [-77.043825, -12.064068]]}, "properties": {"id": "-1091361352", "nombre": "Sihuas", "longitud": 9.18, "velocidad_max": 50.0, "num_lanes": 1}}, {"type": "Feature", "id": "-1091362500", "geometry": {"type": "LineString", "coordinates": [[-77.048292, -12.06389], [-77.048227, -12.06394], [-77.047623, -12.064431], [-77.047604, -12.064441]]}, "properties": {"id": "-1091362500", "nombre": "Jirón Pichincha", "longitud": 96.72, "velocidad_max": 50.0, "num_lanes": 1}}, {"type": "Feature", "id": "-1091362501", "geometry": {"type": "LineString", "coordinates": [[-77.047565, -12.064442], [-77.047545, -12.064434], [-77.047268, -12.064085], [-77.047255, -12.064069]]}, "properties": {"id": "-1091362501", "nombre": "Jirón Pichincha", "longitud": 53.6, "velocidad_max": 40.0, "num_lanes": 1}}, {"type": "Feature", "id": "-1092430114", "geometry": {"type": "LineString", "coordinates": [[-77.065964, -12.072214], [-77.065963, -12.072192], [-77.065911, -12.071579], [-77.065906, -12.071516]]}, "properties": {"id": "-1092430114", "nombre": "Asturias", "longitud": 77.5, "velocidad_max": 10.0, "num_lanes": 1}}, {"type": "Feature", "id": "-1092462751", "geometry": {"type": "LineString", "coordinates": [[-77.068713, -12.070851], [-77.069215, -12.070727]]}, "properties": {"id": "-1092462751", "nombre": "Cadiz", "longitud": 56.26, "velocidad_max": 50.0, "num_lanes": 1}}, {"type": "Feature", "id": "-1092465664#0", "geometry": {"type": "LineString", "coordinates": [[-77.02545, -12.047505], [-77.025451, -12.047506], [-77.025485, -12.047535], [-77.025513, -12.047566], [-77.025527, -12.04759], [-77.025647, -12.047826], [-77.025657, -12.047844], [-77.025802, -12.048129]]}, "properties": {"id": "-1092465664#0", "nombre": "Jirón Ayacucho", "longitud": 79.38, "velocidad_max": 30.0, "num_lanes": 1}}, {"type": "Feature", "id": "-1092471109", "geometry": {"type": "LineString", "coordinates": [[-77.025118, -12.04692], [-77.025128, -12.046941], [-77.025345, -12.047383]]}, "properties": {"id": "-1092471109", "nombre": "Jirón Ayacucho", "longitud": 56.87, "velocidad_max": 30.0, "num_lanes": 1}}, {"type": "Feature", "id": "-1092681276", "geometry": {"type": "LineString", "coordinates": [[-77.011854, -12.062201], [-77.01196, -12.061467]]}, "properties": {"id": "-1092681276", "nombre": "Jirón Pisagua", "longitud": 82.05, "velocidad_max": 50.0, "num_lanes": 1}}, {"type": "Feature", "id": "-1092690771", "geometry": {"type": "LineString", "coordinates": [[-77.018577, -12.082059], [-77.01845, -12.081648], [-77.018446, -12.081635]]}, "properties": {"id": "-1092690771", "nombre": "Astete", "longitud": 48.98, "velocidad_max": 50.0, "num_lanes": 1}}, {"type": "Feature", "id": "-1092690772", "geometry": {"type": "LineString", "coordinates": [[-77.020332, -12.08543], [-77.020462, -12.084532], [-77.020477, -12.084426], [-77.020479, -12.08441]]}, "properties": {"id": "-1092690772", "nombre": "Calle Juan Voto Bernales", "longitud": 113.95, "velocidad_max": 50.0, "num_lanes": 1}}, {"type": "Feature", "id": "-1092690773#2", "geometry": {"type": "LineString", "coordinates": [[-77.020202, -12.08638], [-77.020278, -12.085807], [-77.020314, -12.08556]]}, "properties": {"id": "-1092690773#2", "nombre": "Calle Juan Voto Bernales", "longitud": 91.52, "velocidad_max": 50.0, "num_lanes": 1}}, {"type": "Feature", "id": "-1092691363", "geometry": {"type": "LineString", "coordinates": [[-77.018677, -12.077217], [-77.018131, -12.077245]]}, "properties": {"id": "-1092691363", "nombre": "Miguel Dasso", "longitud": 59.5, "velocidad_max": 50.0, "num_lanes": 1}}, {"type": "Feature", "id": "-1092691366", "geometry": {"type": "LineString", "coordinates": [[-77.018256, -12.078495], [-77.018283, -12.078493], [-77.01877, -12.07844]]}, "properties": {"id": "-1092691366", "nombre": "Vizcardo Guzmán", "longitud": 56.32, "velocidad_max": 30.0, "num_lanes": 1}}, {"type": "Feature", "id": "-1092737930", "geometry": {"type": "LineString", "coordinates": [[-77.013189, -12.043325], [-77.012137, -12.042183], [-77.011851, -12.041873], [-77.011843, -12.041864]]}, "properties": {"id": "-1092737930", "nombre": "-1092737930", "longitud": 218.25, "velocidad_max": 10.0, "num_lanes": 1}}, {"type": "Feature", "id": "-1092740747", "geometry": {"type": "LineString", "coordinates": [[-77.01144, -12.045105], [-77.011886, -12.044965]]}, "properties": {"id": "-1092740747", "nombre": "Jirón Vásquez Acuña", "longitud": 51.06, "velocidad_max": 50.0, "num_lanes": 1}}, {"type": "Feature", "id": "-1092741184", "geometry": {"type": "LineString", "coordinates": [[-77.011695, -12.04561], [-77.011712, -12.045786], [-77.012028, -12.045745], [-77.011973, -12.045338]]}, "properties": {"id": "-1092741184", "nombre": "-1092741184", "longitud": 99.84, "velocidad_max": 10.0, "num_lanes": 1}}, {"type": "Feature", "id": "-1092995420#0", "geometry": {"type": "LineString", "coordinates": [[-77.044628, -12.041968], [-77.044628, -12.041969]]}, "properties": {"id": "-1092995420#0", "nombre": "Jirón Huarochirí", "longitud": 0.2, "velocidad_max": 50.0, "num_lanes": 1}}, {"type": "Feature", "id": "-1093232489#1", "geometry": {"type": "LineString", "coordinates": [[-77.010394, -12.066835], [-77.01033, -12.067299], [-77.010263, -12.067776]]}, "properties": {"id": "-1093232489#1", "nombre": "Jirón 3 de Febrero", "longitud": 105.06, "velocidad_max": 30.0, "num_lanes": 1}}, {"type": "Feature", "id": "-1093232494", "geometry": {"type": "LineString", "coordinates": [[-77.01165, -12.06915], [-77.011597, -12.069143], [-77.011001, -12.069064]]}, "properties": {"id": "-1093232494", "nombre": "Jirón Italia", "longitud": 71.23, "velocidad_max": 30.0, "num_lanes": 1}}, {"type": "Feature", "id": "-1093232500", "geometry": {"type": "LineString", "coordinates": [[-77.010418, -12.066142], [-77.009781, -12.06606]]}, "properties": {"id": "-1093232500", "nombre": "Jirón Sebastián Barranca", "longitud": 69.98, "velocidad_max": 20.0, "num_lanes": 1}}, {"type": "Feature", "id": "-1093241041", "geometry": {"type": "LineString", "coordinates": [[-77.014229, -12.071954], [-77.014778, -12.072019]]}, "properties": {"id": "-1093241041", "nombre": "Jirón Bélgica", "longitud": 60.19, "velocidad_max": 50.0, "num_lanes": 1}}, {"type": "Feature", "id": "-1093241044#1", "geometry": {"type": "LineString", "coordinates": [[-77.017147, -12.075211], [-77.017264, -12.075544]]}, "properties": {"id": "-1093241044#1", "nombre": "Prolongación Lucanas", "longitud": 38.96, "velocidad_max": 50.0, "num_lanes": 1}}, {"type": "Feature", "id": "-1093961732#2", "geometry": {"type": "LineString", "coordinates": [[-77.024432, -12.076084], [-77.024793, -12.076234], [-77.024924, -12.076288], [-77.025258, -12.076425]]}, "properties": {"id": "-1093961732#2", "nombre": "Las Amatistas", "longitud": 97.58, "velocidad_max": 20.0, "num_lanes": 1}}, {"type": "Feature", "id": "-1093976508", "geometry": {"type": "LineString", "coordinates": [[-77.017148, -12.078159], [-77.016891, -12.07819]]}, "properties": {"id": "-1093976508", "nombre": "José Manuel Córdova", "longitud": 28.17, "velocidad_max": 50.0, "num_lanes": 1}}, {"type": "Feature", "id": "-1093990252#0", "geometry": {"type": "LineString", "coordinates": [[-77.011786, -12.085148], [-77.012193, -12.084946]]}, "properties": {"id": "-1093990252#0", "nombre": "Calle Enrique Cipriani", "longitud": 49.63, "velocidad_max": 50.0, "num_lanes": 1}}, {"type": "Feature", "id": "-1093990252#2", "geometry": {"type": "LineString", "coordinates": [[-77.010726, -12.085602], [-77.011123, -12.085433], [-77.01167, -12.085201]]}, "properties": {"id": "-1093990252#2", "nombre": "Calle Enrique Cipriani", "longitud": 111.9, "velocidad_max": 50.0, "num_lanes": 1}}, {"type": "Feature", "id": "-1093990252#3", "geometry": {"type": "LineString", "coordinates": [[-77.010153, -12.08574], [-77.01018, -12.085736], [-77.010608, -12.085639]]}, "properties": {"id": "-1093990252#3", "nombre": "Calle Enrique Cipriani", "longitud": 50.8, "velocidad_max": 50.0, "num_lanes": 1}}, {"type": "Feature", "id": "-1093990252#4", "geometry": {"type": "LineString", "coordinates": [[-77.009958, -12.085772], [-77.010018, -12.085762]]}, "properties": {"id": "-1093990252#4", "nombre": "Calle Enrique Cipriani", "longitud": 6.61, "velocidad_max": 50.0, "num_lanes": 1}}, {"type": "Feature", "id": "-1094682298#3", "geometry": {"type": "LineString", "coordinates": [[-77.013886, -12.099299], [-77.013723, -12.098787], [-77.013635, -12.098375], [-77.013631, -12.098354], [-77.013627, -12.098331], [-77.013592, -12.098068], [-77.01359, -12.097725], [-77.013589, -12.097387], [-77.013589, -12.097365]]}, "properties": {"id": "-1094682298#3", "nombre": "Calle Doctor Ricardo J. Angulo R.", "longitud": 218.03, "velocidad_max": 30.0, "num_lanes": 1}}, {"type": "Feature", "id": "-1095034774", "geometry": {"type": "LineString", "coordinates": [[-77.031354, -12.094081], [-77.031016, -12.094053]]}, "properties": {"id": "-1095034774", "nombre": "De las Casas", "longitud": 36.94, "velocidad_max": 50.0, "num_lanes": 1}}, {"type": "Feature", "id": "-1095037649", "geometry": {"type": "LineString", "coordinates": [[-77.043943, -12.068267], [-77.043461, -12.067913], [-77.043052, -12.067611]]}, "properties": {"id": "-1095037649", "nombre": "Avenida de la Peruanidad", "longitud": 121.14, "velocidad_max": 50.0, "num_lanes": 2}}, {"type": "Feature", "id": "-1095037650", "geometry": {"type": "LineString", "coordinates": [[-77.044406, -12.068742], [-77.044381, -12.068659], [-77.044341, -12.068589], [-77.044285, -12.06853], [-77.044204, -12.068463], [-77.044127, -12.068405], [-77.044013, -12.068319]]}, "properties": {"id": "-1095037650", "nombre": "Avenida de la Peruanidad", "longitud": 65.13, "velocidad_max": 50.0, "num_lanes": 2}}, {"type": "Feature", "id": "-1095219236#1", "geometry": {"type": "LineString", "coordinates": [[-77.067166, -12.05991], [-77.067164, -12.059909], [-77.067093, -12.059887], [-77.0668, -12.059837]]}, "properties": {"id": "-1095219236#1", "nombre": "Leonidas Laserre", "longitud": 40.66, "velocidad_max": 50.0, "num_lanes": 1}}, {"type": "Feature", "id": "-1095219238#1", "geometry": {"type": "LineString", "coordinates": [[-77.065513, -12.062237], [-77.065511, -12.062226], [-77.065501, -12.062171], [-77.065445, -12.06187]]}, "properties": {"id": "-1095219238#1", "nombre": "Avenida Manuel Casos", "longitud": 41.3, "velocidad_max": 50.0, "num_lanes": 1}}, {"type": "Feature", "id": "-1095219239#1", "geometry": {"type": "LineString", "coordinates": [[-77.063266, -12.062162], [-77.063355, -12.062146], [-77.063588, -12.062106]]}, "properties": {"id": "-1095219239#1", "nombre": "Jirón Eduardo de Castillo", "longitud": 35.6, "velocidad_max": 50.0, "num_lanes": 1}}, {"type": "Feature", "id": "-1095219240#0", "geometry": {"type": "LineString", "coordinates": [[-77.063976, -12.061041], [-77.06364, -12.060989]]}, "properties": {"id": "-1095219240#0", "nombre": "Jirón Raúl Porras Barrenechea", "longitud": 37.04, "velocidad_max": 50.0, "num_lanes": 1}}, {"type": "Feature", "id": "-1095219240#2", "geometry": {"type": "LineString", "coordinates": [[-77.06523, -12.061052], [-77.064998, -12.061086], [-77.06471, -12.061108], [-77.064382, -12.061097], [-77.06411, -12.06106]]}, "properties": {"id": "-1095219240#2", "nombre": "Jirón Raúl Porras Barrenechea", "longitud": 122.62, "velocidad_max": 50.0, "num_lanes": 1}}, {"type": "Feature", "id": "-1095249272", "geometry": {"type": "LineString", "coordinates": [[-77.054393, -12.058084], [-77.054973, -12.057605]]}, "properties": {"id": "-1095249272", "nombre": "Jirón General Vidal", "longitud": 82.43, "velocidad_max": 30.0, "num_lanes": 1}}, {"type": "Feature", "id": "-1095276082", "geometry": {"type": "LineString", "coordinates": [[-77.047089, -12.082663], [-77.046979, -12.082214], [-77.046976, -12.082202], [-77.046972, -12.082188]]}, "properties": {"id": "-1095276082", "nombre": "-1095276082", "longitud": 54.07, "velocidad_max": 10.0, "num_lanes": 1}}, {"type": "Feature", "id": "-1095296666", "geometry": {"type": "LineString", "coordinates": [[-77.05108, -12.092062], [-77.05108, -12.092063]]}, "properties": {"id": "-1095296666", "nombre": "Calle Daniel Alcides Carrión", "longitud": 0.2, "velocidad_max": 50.0, "num_lanes": 1}}, {"type": "Feature", "id": "-1095297880#1", "geometry": {"type": "LineString", "coordinates": [[-77.030043, -12.085808], [-77.030013, -12.086026], [-77.029979, -12.086279], [-77.029977, -12.086292]]}, "properties": {"id": "-1095297880#1", "nombre": "Avenida Francisco Lazo", "longitud": 54.02, "velocidad_max": 50.0, "num_lanes": 1}}, {"type": "Feature", "id": "-1096062083", "geometry": {"type": "LineString", "coordinates": [[-77.016897, -12.085308], [-77.016714, -12.084912]]}, "properties": {"id": "-1096062083", "nombre": "Roncal", "longitud": 48.15, "velocidad_max": 50.0, "num_lanes": 1}}, {"type": "Feature", "id": "-1096062086", "geometry": {"type": "LineString", "coordinates": [[-77.019466, -12.08419], [-77.019374, -12.08379]]}, "properties": {"id": "-1096062086", "nombre": "Sumarán", "longitud": 45.37, "velocidad_max": 50.0, "num_lanes": 1}}, {"type": "Feature", "id": "-1096063292#1", "geometry": {"type": "LineString", "coordinates": [[-77.020747, -12.086525], [-77.020713, -12.086519], [-77.020274, -12.086468]]}, "properties": {"id": "-1096063292#1", "nombre": "Jirón Antonion de Zela", "longitud": 51.97, "velocidad_max": 50.0, "num_lanes": 1}}, {"type": "Feature", "id": "-1096428266", "geometry": {"type": "LineString", "coordinates": [[-77.04764, -12.0816], [-77.047732, -12.081599]]}, "properties": {"id": "-1096428266", "nombre": "-1096428266", "longitud": 10.05, "velocidad_max": 80.0, "num_lanes": 1}}, {"type": "Feature", "id": "-1096727199", "geometry": {"type": "LineString", "coordinates": [[-77.053765, -12.070607], [-77.053766, -12.0706], [-77.053778, -12.070546], [-77.053793, -12.070436], [-77.053789, -12.070279]]}, "properties": {"id": "-1096727199", "nombre": "-1096727199", "longitud": 36.62, "velocidad_max": 10.0, "num_lanes": 1}}, {"type": "Feature", "id": "-1096727200", "geometry": {"type": "LineString", "coordinates": [[-77.054943, -12.069976], [-77.054819, -12.069998], [-77.054674, -12.070022]]}, "properties": {"id": "-1096727200", "nombre": "Calle Parque Osores", "longitud": 29.71, "velocidad_max": 20.0, "num_lanes": 1}}, {"type": "Feature", "id": "-111884853#10", "geometry": {"type": "LineString", "coordinates": [[-77.012885, -12.050969], [-77.012865, -12.050615]]}, "properties": {"id": "-111884853#10", "nombre": "Avenida Sebastián Lorente", "longitud": 39.28, "velocidad_max": 50.0, "num_lanes": 2}}, {"type": "Feature", "id": "-111884853#11", "geometry": {"type": "LineString", "coordinates": [[-77.012924, -12.051517], [-77.012894, -12.051099]]}, "properties": {"id": "-111884853#11", "nombre": "Avenida Sebastián Lorente", "longitud": 46.36, "velocidad_max": 50.0, "num_lanes": 2}}, {"type": "Feature", "id": "-111884853#12", "geometry": {"type": "LineString", "coordinates": [[-77.012969, -12.052133], [-77.012935, -12.051666]]}, "properties": {"id": "-111884853#12", "nombre": "Avenida Sebastián Lorente", "longitud": 51.79, "velocidad_max": 50.0, "num_lanes": 2}}, {"type": "Feature", "id": "-111884853#14", "geometry": {"type": "LineString", "coordinates": [[-77.012981, -12.052395], [-77.012979, -12.052362], [-77.012975, -12.05226]]}, "properties": {"id": "-111884853#14", "nombre": "Avenida Sebastián Lorente", "longitud": 14.96, "velocidad_max": 50.0, "num_lanes": 2}}, {"type": "Feature", "id": "-111884853#15", "geometry": {"type": "LineString", "coordinates": [[-77.013017, -12.053002], [-77.012989, -12.052525]]}, "properties": {"id": "-111884853#15", "nombre": "Avenida Sebastián Lorente", "longitud": 52.88, "velocidad_max": 50.0, "num_lanes": 2}}, {"type": "Feature", "id": "-111884853#2", "geometry": {"type": "LineString", "coordinates": [[-77.012667, -12.048329], [-77.012534, -12.047226], [-77.012495, -12.046816], [-77.012402, -12.04607], [-77.012372, -12.045726], [-77.012329, -12.045233], [-77.012329, -12.045187], [-77.012333, -12.045149], [-77.012347, -12.045091], [-77.012359, -12.045065]]}, "properties": {"id": "-111884853#2", "nombre": "Avenida Sebastián Lorente", "longitud": 363.65, "velocidad_max": 50.0, "num_lanes": 2}}, {"type": "Feature", "id": "-111884853#7", "geometry": {"type": "LineString", "coordinates": [[-77.012791, -12.049418], [-77.012771, -12.049239], [-77.012746, -12.049024], [-77.012737, -12.048909], [-77.012683, -12.04846]]}, "properties": {"id": "-111884853#7", "nombre": "Avenida Sebastián Lorente", "longitud": 106.67, "velocidad_max": 50.0, "num_lanes": 2}}, {"type": "Feature", "id": "-111884853#9", "geometry": {"type": "LineString", "coordinates": [[-77.012857, -12.050484], [-77.012844, -12.050255], [-77.012802, -12.049541]]}, "properties": {"id": "-111884853#9", "nombre": "Avenida Sebastián Lorente", "longitud": 104.57, "velocidad_max": 50.0, "num_lanes": 2}}, {"type": "Feature", "id": "-111885016#2", "geometry": {"type": "LineString", "coordinates": [[-77.067161, -12.081717], [-77.066965, -12.081798], [-77.066819, -12.081857]]}, "properties": {"id": "-111885016#2", "nombre": "-111885016#2", "longitud": 40.29, "velocidad_max": 50.0, "num_lanes": 1}}, {"type": "Feature", "id": "-111885939#0", "geometry": {"type": "LineString", "coordinates": [[-77.065161, -12.05995], [-77.065216, -12.059593]]}, "properties": {"id": "-111885939#0", "nombre": "Avenida Manuel Casos", "longitud": 39.88, "velocidad_max": 50.0, "num_lanes": 1}}, {"type": "Feature", "id": "-111885939#1", "geometry": {"type": "LineString", "coordinates": [[-77.065206, -12.060582], [-77.065167, -12.060291], [-77.065155, -12.060089]]}, "properties": {"id": "-111885939#1", "nombre": "Avenida Manuel Casos", "longitud": 54.83, "velocidad_max": 50.0, "num_lanes": 1}}, {"type": "Feature", "id": "-111885939#2", "geometry": {"type": "LineString", "coordinates": [[-77.065269, -12.060965], [-77.065225, -12.06071]]}, "properties": {"id": "-111885939#2", "nombre": "Avenida Manuel Casos", "longitud": 28.65, "velocidad_max": 50.0, "num_lanes": 1}}, {"type": "Feature", "id": "-111885939#3", "geometry": {"type": "LineString", "coordinates": [[-77.06534, -12.061337], [-77.065292, -12.061093]]}, "properties": {"id": "-111885939#3", "nombre": "Avenida Manuel Casos", "longitud": 27.49, "velocidad_max": 50.0, "num_lanes": 1}}, {"type": "Feature", "id": "-111885939#4", "geometry": {"type": "LineString", "coordinates": [[-77.06542, -12.061742], [-77.065365, -12.061465]]}, "properties": {"id": "-111885939#4", "nombre": "Avenida Manuel Casos", "longitud": 31.18, "velocidad_max": 50.0, "num_lanes": 1}}, {"type": "Feature", "id": "-111888007#0", "geometry": {"type": "LineString", "coordinates": [[-77.010172, -12.067845], [-77.009479, -12.067759]]}, "properties": {"id": "-111888007#0", "nombre": "Avenida Isabel La Católica", "longitud": 76.08, "velocidad_max": 30.0, "num_lanes": 1}}, {"type": "Feature", "id": "-111888007#1", "geometry": {"type": "LineString", "coordinates": [[-77.011053, -12.067957], [-77.010304, -12.067861]]}, "properties": {"id": "-111888007#1", "nombre": "Avenida Isabel La Católica", "longitud": 82.25, "velocidad_max": 30.0, "num_lanes": 1}}, {"type": "Feature", "id": "-111888821#2", "geometry": {"type": "LineString", "coordinates": [[-77.049869, -12.042511], [-77.049907, -12.042515], [-77.050048, -12.042525], [-77.050256, -12.042542], [-77.051004, -12.042597]]}, "properties": {"id": "-111888821#2", "nombre": "Jirón Huancavelica", "longitud": 124.04, "velocidad_max": 30.0, "num_lanes": 1}}, {"type": "Feature", "id": "-111889021#0", "geometry": {"type": "LineString", "coordinates": [[-77.059144, -12.087182], [-77.058778, -12.08747]]}, "properties": {"id": "-111889021#0", "nombre": "Pasaje José Quiñones", "longitud": 51.07, "velocidad_max": 30.0, "num_lanes": 1}}, {"type": "Feature", "id": "-111889021#1", "geometry": {"type": "LineString", "coordinates": [[-77.059528, -12.086905], [-77.059508, -12.086906], [-77.059249, -12.087102]]}, "properties": {"id": "-111889021#1", "nombre": "Pasaje José Quiñones", "longitud": 37.8, "velocidad_max": 30.0, "num_lanes": 1}}, {"type": "Feature", "id": "-111893056#0", "geometry": {"type": "LineString", "coordinates": [[-77.05991, -12.087869], [-77.060146, -12.087682], [-77.06016, -12.087665]]}, "properties": {"id": "-111893056#0", "nombre": "Pasaje José Quiñones", "longitud": 35.41, "velocidad_max": 30.0, "num_lanes": 1}}, {"type": "Feature", "id": "-111893056#1", "geometry": {"type": "LineString", "coordinates": [[-77.05941, -12.088256], [-77.059807, -12.08795]]}, "properties": {"id": "-111893056#1", "nombre": "Pasaje José Quiñones", "longitud": 54.81, "velocidad_max": 30.0, "num_lanes": 1}}, {"type": "Feature", "id": "-111898235#0", "geometry": {"type": "LineString", "coordinates": [[-77.065144, -12.062922], [-77.065086, -12.062597], [-77.065081, -12.062568], [-77.06508, -12.062563]]}, "properties": {"id": "-111898235#0", "nombre": "Las Azuncenas", "longitud": 40.35, "velocidad_max": 50.0, "num_lanes": 1}}, {"type": "Feature", "id": "-111898235#1", "geometry": {"type": "LineString", "coordinates": [[-77.065268, -12.063617], [-77.065167, -12.06305]]}, "properties": {"id": "-111898235#1", "nombre": "Las Azuncenas", "longitud": 63.7, "velocidad_max": 50.0, "num_lanes": 1}}, {"type": "Feature", "id": "-111899002#1", "geometry": {"type": "LineString", "coordinates": [[-77.066669, -12.059294], [-77.066786, -12.058793], [-77.066833, -12.058748], [-77.066863, -12.058719], [-77.067008, -12.058741], [-77.067083, -12.058754], [-77.067208, -12.058775], [-77.067279, -12.058786]]}, "properties": {"id": "-111899002#1", "nombre": "Liberato Luyo", "longitud": 114.53, "velocidad_max": 50.0, "num_lanes": 1}}, {"type": "Feature", "id": "-111901266#1", "geometry": {"type": "LineString", "coordinates": [[-77.066258, -12.063439], [-77.066218, -12.063221], [-77.066156, -12.06288]]}, "properties": {"id": "-111901266#1", "nombre": "Calle Las Dalias", "longitud": 62.81, "velocidad_max": 40.0, "num_lanes": 1}}, {"type": "Feature", "id": "-111901266#3", "geometry": {"type": "LineString", "coordinates": [[-77.066457, -12.064494], [-77.066405, -12.064189], [-77.066282, -12.063566]]}, "properties": {"id": "-111901266#3", "nombre": "Calle Las Dalias", "longitud": 104.46, "velocidad_max": 40.0, "num_lanes": 1}}, {"type": "Feature", "id": "-111901266#4", "geometry": {"type": "LineString", "coordinates": [[-77.06653, -12.064894], [-77.066479, -12.064622]]}, "properties": {"id": "-111901266#4", "nombre": "Calle Las Dalias", "longitud": 30.61, "velocidad_max": 40.0, "num_lanes": 1}}, {"type": "Feature", "id": "-111901266#5", "geometry": {"type": "LineString", "coordinates": [[-77.066647, -12.065516], [-77.066554, -12.065022]]}, "properties": {"id": "-111901266#5", "nombre": "Calle Las Dalias", "longitud": 55.53, "velocidad_max": 40.0, "num_lanes": 1}}, {"type": "Feature", "id": "-111901266#6", "geometry": {"type": "LineString", "coordinates": [[-77.06682, -12.066466], [-77.06667, -12.065644]]}, "properties": {"id": "-111901266#6", "nombre": "Calle Las Dalias", "longitud": 92.45, "velocidad_max": 40.0, "num_lanes": 1}}, {"type": "Feature", "id": "-111901266#9", "geometry": {"type": "LineString", "coordinates": [[-77.066949, -12.067076], [-77.066896, -12.066849], [-77.06688, -12.066771], [-77.066878, -12.066762], [-77.066844, -12.066594]]}, "properties": {"id": "-111901266#9", "nombre": "Calle Las Dalias", "longitud": 54.57, "velocidad_max": 40.0, "num_lanes": 1}}, {"type": "Feature", "id": "-111901707#1", "geometry": {"type": "LineString", "coordinates": [[-77.054058, -12.059687], [-77.054011, -12.059709], [-77.052804, -12.060031]]}, "properties": {"id": "-111901707#1", "nombre": "Pasaje Mariano Melgar", "longitud": 141.87, "velocidad_max": 50.0, "num_lanes": 1}}, {"type": "Feature", "id": "-111904465#1", "geometry": {"type": "LineString", "coordinates": [[-77.064115, -12.060611], [-77.064179, -12.060287], [-77.064253, -12.059935], [-77.064371, -12.059373]]}, "properties": {"id": "-111904465#1", "nombre": "Jirón Pablo Arguedas", "longitud": 139.83, "velocidad_max": 50.0, "num_lanes": 1}}, {"type": "Feature", "id": "-111904465#4", "geometry": {"type": "LineString", "coordinates": [[-77.064043, -12.060969], [-77.064089, -12.06074]]}, "properties": {"id": "-111904465#4", "nombre": "Jirón Pablo Arguedas", "longitud": 25.75, "velocidad_max": 50.0, "num_lanes": 1}}, {"type": "Feature", "id": "-111904465#6", "geometry": {"type": "LineString", "coordinates": [[-77.06398, -12.061556], [-77.063974, -12.061485], [-77.06399, -12.061237], [-77.064014, -12.061113], [-77.064017, -12.061099]]}, "properties": {"id": "-111904465#6", "nombre": "Jirón Pablo Arguedas", "longitud": 50.9, "velocidad_max": 50.0, "num_lanes": 1}}, {"type": "Feature", "id": "-111904465#7", "geometry": {"type": "LineString", "coordinates": [[-77.064053, -12.061975], [-77.064008, -12.06174], [-77.063999, -12.061689]]}, "properties": {"id": "-111904465#7", "nombre": "Jirón Pablo Arguedas", "longitud": 32.16, "velocidad_max": 50.0, "num_lanes": 1}}, {"type": "Feature", "id": "-111905439#0", "geometry": {"type": "LineString", "coordinates": [[-77.020632, -12.070359], [-77.020885, -12.070393], [-77.020901, -12.070395]]}, "properties": {"id": "-111905439#0", "nombre": "Pasaje Luis Escobar", "longitud": 29.48, "velocidad_max": 20.0, "num_lanes": 1}}, {"type": "Feature", "id": "-111905439#2", "geometry": {"type": "LineString", "coordinates": [[-77.020008, -12.070279], [-77.020113, -12.070292], [-77.020501, -12.070342]]}, "properties": {"id": "-111905439#2", "nombre": "Pasaje Luis Escobar", "longitud": 54.18, "velocidad_max": 20.0, "num_lanes": 1}}, {"type": "Feature", "id": "-111907505#2", "geometry": {"type": "LineString", "coordinates": [[-77.057253, -12.073037], [-77.057248, -12.07299], [-77.057234, -12.072934], [-77.057172, -12.072804], [-77.057131, -12.072718]]}, "properties": {"id": "-111907505#2", "nombre": "Parque Ayacucho", "longitud": 38.07, "velocidad_max": 50.0, "num_lanes": 1}}, {"type": "Feature", "id": "-111909780", "geometry": {"type": "LineString", "coordinates": [[-77.024101, -12.061171], [-77.024181, -12.061627]]}, "properties": {"id": "-111909780", "nombre": "Jirón Agustín Antonete", "longitud": 51.19, "velocidad_max": 30.0, "num_lanes": 1}}, {"type": "Feature", "id": "-111910806#0", "geometry": {"type": "LineString", "coordinates": [[-77.065965, -12.067185], [-77.065676, -12.067242], [-77.065659, -12.067245]]}, "properties": {"id": "-111910806#0", "nombre": "Calle Los Tulipanes", "longitud": 33.95, "velocidad_max": 30.0, "num_lanes": 1}}, {"type": "Feature", "id": "-111910806#2", "geometry": {"type": "LineString", "coordinates": [[-77.066905, -12.067157], [-77.066489, -12.067145], [-77.066237, -12.067146], [-77.066141, -12.067153], [-77.066093, -12.067161]]}, "properties": {"id": "-111910806#2", "nombre": "Calle Los Tulipanes", "longitud": 88.5, "velocidad_max": 30.0, "num_lanes": 1}}, {"type": "Feature", "id": "-111914479#11", "geometry": {"type": "LineString", "coordinates": [[-77.064736, -12.062625], [-77.064737, -12.062633], [-77.064867, -12.063455], [-77.064907, -12.063681]]}, "properties": {"id": "-111914479#11", "nombre": "Jirón Enrique López Albújar", "longitud": 118.27, "velocidad_max": 50.0, "num_lanes": 1}}, {"type": "Feature", "id": "-111914479#2", "geometry": {"type": "LineString", "coordinates": [[-77.065619, -12.067304], [-77.065666, -12.067547]]}, "properties": {"id": "-111914479#2", "nombre": "Jirón Enrique López Albújar", "longitud": 27.33, "velocidad_max": 50.0, "num_lanes": 1}}, {"type": "Feature", "id": "-111914479#3", "geometry": {"type": "LineString", "coordinates": [[-77.065542, -12.066936], [-77.065547, -12.066949], [-77.065593, -12.067177]]}, "properties": {"id": "-111914479#3", "nombre": "Jirón Enrique López Albújar", "longitud": 27.24, "velocidad_max": 50.0, "num_lanes": 1}}, {"type": "Feature", "id": "-111914479#6", "geometry": {"type": "LineString", "coordinates": [[-77.065196, -12.065261], [-77.06529, -12.065763], [-77.065405, -12.06638], [-77.065449, -12.066626], [-77.065466, -12.066716], [-77.065494, -12.066809], [-77.065496, -12.066813]]}, "properties": {"id": "-111914479#6", "nombre": "Jirón Enrique López Albújar", "longitud": 174.89, "velocidad_max": 50.0, "num_lanes": 1}}, {"type": "Feature", "id": "-111914479#7", "geometry": {"type": "LineString", "coordinates": [[-77.065122, -12.064869], [-77.065172, -12.065133]]}, "properties": {"id": "-111914479#7", "nombre": "Jirón Enrique López Albújar", "longitud": 29.71, "velocidad_max": 50.0, "num_lanes": 1}}, {"type": "Feature", "id": "-111914479#9", "geometry": {"type": "LineString", "coordinates": [[-77.06493, -12.063809], [-77.065027, -12.064349], [-77.065081, -12.064648], [-77.065098, -12.064741]]}, "properties": {"id": "-111914479#9", "nombre": "Jirón Enrique López Albújar", "longitud": 104.7, "velocidad_max": 50.0, "num_lanes": 1}}, {"type": "Feature", "id": "-111916233#0", "geometry": {"type": "LineString", "coordinates": [[-77.061455, -12.060585], [-77.06144, -12.060582]]}, "properties": {"id": "-111916233#0", "nombre": "Jirón Raúl Porras Barrenechea", "longitud": 1.63, "velocidad_max": 50.0, "num_lanes": 1}}, {"type": "Feature", "id": "-111916233#3", "geometry": {"type": "LineString", "coordinates": [[-77.062204, -12.060731], [-77.061647, -12.060623]]}, "properties": {"id": "-111916233#3", "nombre": "Jirón Raúl Porras Barrenechea", "longitud": 61.8, "velocidad_max": 50.0, "num_lanes": 1}}, {"type": "Feature", "id": "-111916233#6", "geometry": {"type": "LineString", "coordinates": [[-77.062984, -12.060885], [-77.062416, -12.060773], [-77.062334, -12.060757]]}, "properties": {"id": "-111916233#6", "nombre": "Jirón Raúl Porras Barrenechea", "longitud": 72.19, "velocidad_max": 50.0, "num_lanes": 1}}, {"type": "Feature", "id": "-111916549", "geometry": {"type": "LineString", "coordinates": [[-77.053217, -12.056785], [-77.053625, -12.05726]]}, "properties": {"id": "-111916549", "nombre": "Jirón Pastaza", "longitud": 68.91, "velocidad_max": 40.0, "num_lanes": 1}}, {"type": "Feature", "id": "-111917159#0", "geometry": {"type": "LineString", "coordinates": [[-77.033849, -12.098783], [-77.033887, -12.098548]]}, "properties": {"id": "-111917159#0", "nombre": "Calle Las Amazonas", "longitud": 26.31, "velocidad_max": 30.0, "num_lanes": 1}}, {"type": "Feature", "id": "-111917159#1", "geometry": {"type": "LineString", "coordinates": [[-77.033808, -12.099044], [-77.033836, -12.098865]]}, "properties": {"id": "-111917159#1", "nombre": "Calle Las Amazonas", "longitud": 20.02, "velocidad_max": 30.0, "num_lanes": 1}}, {"type": "Feature", "id": "-111920335#3", "geometry": {"type": "LineString", "coordinates": [[-77.069011, -12.057348], [-77.06896, -12.057338], [-77.068737, -12.057294], [-77.068662, -12.057279]]}, "properties": {"id": "-111920335#3", "nombre": "Jirón Victor Criado y Tejada", "longitud": 38.81, "velocidad_max": 40.0, "num_lanes": 1}}, {"type": "Feature", "id": "-111920335#4", "geometry": {"type": "LineString", "coordinates": [[-77.069607, -12.057463], [-77.069141, -12.057374]]}, "properties": {"id": "-111920335#4", "nombre": "Jirón Victor Criado y Tejada", "longitud": 51.63, "velocidad_max": 40.0, "num_lanes": 1}}, {"type": "Feature", "id": "-111920335#5", "geometry": {"type": "LineString", "coordinates": [[-77.07515, -12.05708], [-77.074753, -12.057193], [-77.074516, -12.057244], [-77.074269, -12.057276], [-77.073469, -12.057358], [-77.072106, -12.057453], [-77.071672, -12.057484], [-77.071211, -12.057518], [-77.071112, -12.057524], [-77.070663, -12.057554], [-77.070541, -12.057564], [-77.070418, -12.057566], [-77.070282, -12.05756], [-77.070145, -12.057545], [-77.069736, -12.057485]]}, "properties": {"id": "-111920335#5", "nombre": "Jirón Victor Criado y Tejada", "longitud": 594.07, "velocidad_max": 40.0, "num_lanes": 1}}, {"type": "Feature", "id": "-111921456#2", "geometry": {"type": "LineString", "coordinates": [[-77.04852, -12.042304], [-77.048614, -12.041317], [-77.048666, -12.040783], [-77.048667, -12.040772]]}, "properties": {"id": "-111921456#2", "nombre": "Jirón Acomayo", "longitud": 170.25, "velocidad_max": 30.0, "num_lanes": 1}}, {"type": "Feature", "id": "-111921456#6", "geometry": {"type": "LineString", "coordinates": [[-77.048399, -12.04356], [-77.048427, -12.043274], [-77.048452, -12.043007], [-77.048478, -12.042737], [-77.04851, -12.042406]]}, "properties": {"id": "-111921456#6", "nombre": "Jirón Acomayo", "longitud": 128.26, "velocidad_max": 30.0, "num_lanes": 1}}, {"type": "Feature", "id": "-111922470", "geometry": {"type": "LineString", "coordinates": [[-77.012992, -12.094857], [-77.012353, -12.094732]]}, "properties": {"id": "-111922470", "nombre": "Calle Juan Mejia Baca", "longitud": 70.97, "velocidad_max": 30.0, "num_lanes": 1}}, {"type": "Feature", "id": "-111923296", "geometry": {"type": "LineString", "coordinates": [[-77.056128, -12.068636], [-77.056076, -12.068219]]}, "properties": {"id": "-111923296", "nombre": "-111923296", "longitud": 46.54, "velocidad_max": 30.0, "num_lanes": 1}}, {"type": "Feature", "id": "-111924178#0", "geometry": {"type": "LineString", "coordinates": [[-77.058929, -12.062753], [-77.058648, -12.062846], [-77.058632, -12.062851]]}, "properties": {"id": "-111924178#0", "nombre": "Jirón Cabo Pantoja", "longitud": 34.06, "velocidad_max": 50.0, "num_lanes": 1}}, {"type": "Feature", "id": "-111925266#0", "geometry": {"type": "LineString", "coordinates": [[-77.059833, -12.066874], [-77.059949, -12.067139], [-77.059962, -12.067207]]}, "properties": {"id": "-111925266#0", "nombre": "-111925266#0", "longitud": 39.62, "velocidad_max": 30.0, "num_lanes": 1}}, {"type": "Feature", "id": "-111925266#1", "geometry": {"type": "LineString", "coordinates": [[-77.05966, -12.066475], [-77.059777, -12.066746]]}, "properties": {"id": "-111925266#1", "nombre": "-111925266#1", "longitud": 32.54, "velocidad_max": 30.0, "num_lanes": 1}}, {"type": "Feature", "id": "-111925266#2", "geometry": {"type": "LineString", "coordinates": [[-77.059416, -12.065941], [-77.059433, -12.065957], [-77.059608, -12.066355]]}, "properties": {"id": "-111925266#2", "nombre": "-111925266#2", "longitud": 50.54, "velocidad_max": 30.0, "num_lanes": 1}}, {"type": "Feature", "id": "-111925346", "geometry": {"type": "LineString", "coordinates": [[-77.013307, -12.093387], [-77.012671, -12.093264]]}, "properties": {"id": "-111925346", "nombre": "Calle 42", "longitud": 70.55, "velocidad_max": 30.0, "num_lanes": 1}}, {"type": "Feature", "id": "-111929362#0", "geometry": {"type": "LineString", "coordinates": [[-77.023693, -12.07552], [-77.023814, -12.075188], [-77.023833, -12.075137]]}, "properties": {"id": "-111929362#0", "nombre": "Pasaje México", "longitud": 45.04, "velocidad_max": 30.0, "num_lanes": 1}}, {"type": "Feature", "id": "-111929620#6", "geometry": {"type": "LineString", "coordinates": [[-77.010434, -12.060022], [-77.010633, -12.060046], [-77.01086, -12.060073], [-77.011128, -12.060106], [-77.011404, -12.060139], [-77.011787, -12.060185], [-77.011853, -12.060193], [-77.012384, -12.060262]]}, "properties": {"id": "-111929620#6", "nombre": "Jirón Feliciano de la Vega", "longitud": 214.03, "velocidad_max": 50.0, "num_lanes": 1}}, {"type": "Feature", "id": "-111931271#1", "geometry": {"type": "LineString", "coordinates": [[-77.012609, -12.053444], [-77.012557, -12.053479]]}, "properties": {"id": "-111931271#1", "nombre": "Jirón Junín", "longitud": 6.82, "velocidad_max": 40.0, "num_lanes": 1}}, {"type": "Feature", "id": "-111931271#4", "geometry": {"type": "LineString", "coordinates": [[-77.012961, -12.053189], [-77.012893, -12.053238], [-77.012761, -12.053334], [-77.012692, -12.053385]]}, "properties": {"id": "-111931271#4", "nombre": "Jirón Junín", "longitud": 36.47, "velocidad_max": 40.0, "num_lanes": 1}}, {"type": "Feature", "id": "-111932956#0", "geometry": {"type": "LineString", "coordinates": [[-77.030118, -12.08231], [-77.030185, -12.081861]]}, "properties": {"id": "-111932956#0", "nombre": "-111932956#0", "longitud": 50.27, "velocidad_max": 10.0, "num_lanes": 1}}, {"type": "Feature", "id": "-111932956#1", "geometry": {"type": "LineString", "coordinates": [[-77.030083, -12.082538], [-77.030098, -12.082439]]}, "properties": {"id": "-111932956#1", "nombre": "-111932956#1", "longitud": 11.08, "velocidad_max": 10.0, "num_lanes": 1}}, {"type": "Feature", "id": "-111932956#2", "geometry": {"type": "LineString", "coordinates": [[-77.030044, -12.082804], [-77.030064, -12.082667]]}, "properties": {"id": "-111932956#2", "nombre": "-111932956#2", "longitud": 15.33, "velocidad_max": 10.0, "num_lanes": 1}}, {"type": "Feature", "id": "-111933511#2", "geometry": {"type": "LineString", "coordinates": [[-77.06188, -12.061963], [-77.061518, -12.060837], [-77.061502, -12.060765], [-77.061494, -12.0607], [-77.061497, -12.060646]]}, "properties": {"id": "-111933511#2", "nombre": "Jirón Ricardo Alvarado", "longitud": 152.01, "velocidad_max": 50.0, "num_lanes": 1}}, {"type": "Feature", "id": "-111935106", "geometry": {"type": "LineString", "coordinates": [[-77.049706, -12.106641], [-77.049685, -12.106651], [-77.049291, -12.106849], [-77.049237, -12.106874]]}, "properties": {"id": "-111935106", "nombre": "Calle José Gómez", "longitud": 57.15, "velocidad_max": 50.0, "num_lanes": 1}}, {"type": "Feature", "id": "-111935262", "geometry": {"type": "LineString", "coordinates": [[-77.057815, -12.104625], [-77.057344, -12.104187]]}, "properties": {"id": "-111935262", "nombre": "Calle Baltazar La Torre", "longitud": 70.54, "velocidad_max": 50.0, "num_lanes": 1}}, {"type": "Feature", "id": "-111935990#4", "geometry": {"type": "LineString", "coordinates": [[-77.01323, -12.043915], [-77.01333, -12.043941], [-77.013785, -12.044062], [-77.014158, -12.044161], [-77.014235, -12.044178], [-77.014436, -12.044222], [-77.014666, -12.044269], [-77.014708, -12.04428]]}, "properties": {"id": "-111935990#4", "nombre": "-111935990#4", "longitud": 165.9, "velocidad_max": 50.0, "num_lanes": 1}}, {"type": "Feature", "id": "-111936195#1", "geometry": {"type": "LineString", "coordinates": [[-77.034204, -12.101723], [-77.034155, -12.101236], [-77.034117, -12.100895]]}, "properties": {"id": "-111936195#1", "nombre": "-111936195#1", "longitud": 92.03, "velocidad_max": 20.0, "num_lanes": 1}}, {"type": "Feature", "id": "-111936319#0", "geometry": {"type": "LineString", "coordinates": [[-77.066087, -12.061668], [-77.066344, -12.06162], [-77.06641, -12.061606]]}, "properties": {"id": "-111936319#0", "nombre": "Jirón Eduardo de Castillo", "longitud": 35.9, "velocidad_max": 50.0, "num_lanes": 1}}, {"type": "Feature", "id": "-111936319#1", "geometry": {"type": "LineString", "coordinates": [[-77.065509, -12.061777], [-77.065956, -12.061692]]}, "properties": {"id": "-111936319#1", "nombre": "Jirón Eduardo de Castillo", "longitud": 49.59, "velocidad_max": 50.0, "num_lanes": 1}}, {"type": "Feature", "id": "-111936319#2", "geometry": {"type": "LineString", "coordinates": [[-77.064142, -12.062011], [-77.065379, -12.061801]]}, "properties": {"id": "-111936319#2", "nombre": "Jirón Eduardo de Castillo", "longitud": 136.64, "velocidad_max": 50.0, "num_lanes": 1}}, {"type": "Feature", "id": "-111936319#3", "geometry": {"type": "LineString", "coordinates": [[-77.063718, -12.062084], [-77.064012, -12.062033]]}, "properties": {"id": "-111936319#3", "nombre": "Jirón Eduardo de Castillo", "longitud": 32.49, "velocidad_max": 50.0, "num_lanes": 1}}, {"type": "Feature", "id": "-111937371#0", "geometry": {"type": "LineString", "coordinates": [[-77.049901, -12.041142], [-77.04993, -12.040831]]}, "properties": {"id": "-111937371#0", "nombre": "Jirón Ramón Cárcamo", "longitud": 34.55, "velocidad_max": 50.0, "num_lanes": 1}}, {"type": "Feature", "id": "-111937371#3", "geometry": {"type": "LineString", "coordinates": [[-77.049767, -12.042414], [-77.049847, -12.041666], [-77.049873, -12.041455], [-77.04989, -12.041272]]}, "properties": {"id": "-111937371#3", "nombre": "Jirón Ramón Cárcamo", "longitud": 127.09, "velocidad_max": 50.0, "num_lanes": 1}}, {"type": "Feature", "id": "-111938186#0", "geometry": {"type": "LineString", "coordinates": [[-77.063848, -12.059221], [-77.063648, -12.059183], [-77.063604, -12.059175], [-77.063579, -12.05917]]}, "properties": {"id": "-111938186#0", "nombre": "-111938186#0", "longitud": 29.84, "velocidad_max": 30.0, "num_lanes": 1}}, {"type": "Feature", "id": "-111938186#1", "geometry": {"type": "LineString", "coordinates": [[-77.064331, -12.059313], [-77.063977, -12.059246]]}, "properties": {"id": "-111938186#1", "nombre": "-111938186#1", "longitud": 39.22, "velocidad_max": 30.0, "num_lanes": 1}}, {"type": "Feature", "id": "-111938186#3", "geometry": {"type": "LineString", "coordinates": [[-77.064744, -12.059394], [-77.064634, -12.059372]]}, "properties": {"id": "-111938186#3", "nombre": "-111938186#3", "longitud": 12.29, "velocidad_max": 30.0, "num_lanes": 1}}, {"type": "Feature", "id": "-111939180#0", "geometry": {"type": "LineString", "coordinates": [[-77.053902, -12.091291], [-77.054267, -12.091989], [-77.054325, -12.092115]]}, "properties": {"id": "-111939180#0", "nombre": "Calle Bolognesi", "longitud": 102.19, "velocidad_max": 10.0, "num_lanes": 1}}, {"type": "Feature", "id": "-111939180#1", "geometry": {"type": "LineString", "coordinates": [[-77.053313, -12.090526], [-77.053398, -12.090485], [-77.053444, -12.090473], [-77.05348, -12.090506], [-77.053841, -12.091175]]}, "properties": {"id": "-111939180#1", "nombre": "Calle Bolognesi", "longitud": 104.65, "velocidad_max": 10.0, "num_lanes": 1}}, {"type": "Feature", "id": "-111939717#5", "geometry": {"type": "LineString", "coordinates": [[-77.061261, -12.062535], [-77.060967, -12.062634], [-77.060803, -12.062689], [-77.060783, -12.062695], [-77.060622, -12.062756], [-77.060426, -12.062821], [-77.060332, -12.062852]]}, "properties": {"id": "-111939717#5", "nombre": "Jirón Germán Carrasco", "longitud": 107.05, "velocidad_max": 50.0, "num_lanes": 1}}, {"type": "Feature", "id": "-111940197", "geometry": {"type": "LineString", "coordinates": [[-77.065762, -12.052637], [-77.065638, -12.052268]]}, "properties": {"id": "-111940197", "nombre": "Calle Pedro Pascual Farfán", "longitud": 43.03, "velocidad_max": 50.0, "num_lanes": 1}}, {"type": "Feature", "id": "-111941015", "geometry": {"type": "LineString", "coordinates": [[-77.069631, -12.055614], [-77.070136, -12.055671], [-77.070757, -12.055744], [-77.07123, -12.055791]]}, "properties": {"id": "-111941015", "nombre": "Jirón Juana Manuela Gorriti", "longitud": 175.27, "velocidad_max": 50.0, "num_lanes": 1}}, {"type": "Feature", "id": "-111941116#0", "geometry": {"type": "LineString", "coordinates": [[-77.054513, -12.069162], [-77.054494, -12.069077], [-77.05448, -12.069067], [-77.054419, -12.069062], [-77.054309, -12.069086], [-77.054287, -12.069099], [-77.054259, -12.069141], [-77.054255, -12.069162], [-77.05426, -12.069186], [-77.054334, -12.069297]]}, "properties": {"id": "-111941116#0", "nombre": "Parque Maldonado", "longitud": 58.54, "velocidad_max": 10.0, "num_lanes": 1}}, {"type": "Feature", "id": "-111941116#2", "geometry": {"type": "LineString", "coordinates": [[-77.054335, -12.069298], [-77.054449, -12.069453], [-77.054459, -12.069456], [-77.054529, -12.069436], [-77.054537, -12.069422], [-77.05454, -12.069404], [-77.054532, -12.069287]]}, "properties": {"id": "-111941116#2", "nombre": "Parque Maldonado", "longitud": 47.03, "velocidad_max": 10.0, "num_lanes": 1}}, {"type": "Feature", "id": "-111943263#0", "geometry": {"type": "LineString", "coordinates": [[-77.048787, -12.040723], [-77.048757, -12.040723]]}, "properties": {"id": "-111943263#0", "nombre": "-111943263#0", "longitud": 3.35, "velocidad_max": 30.0, "num_lanes": 1}}, {"type": "Feature", "id": "-111943263#2", "geometry": {"type": "LineString", "coordinates": [[-77.049931, -12.040625], [-77.049852, -12.040628], [-77.049753, -12.040643], [-77.049638, -12.040673], [-77.049537, -12.040686], [-77.049153, -12.040709], [-77.048976, -12.040718], [-77.048922, -12.04072]]}, "properties": {"id": "-111943263#2", "nombre": "-111943263#2", "longitud": 110.66, "velocidad_max": 30.0, "num_lanes": 1}}, {"type": "Feature", "id": "-111943263#3", "geometry": {"type": "LineString", "coordinates": [[-77.051226, -12.040494], [-77.050442, -12.040618], [-77.050291, -12.040633], [-77.050125, -12.040625], [-77.050066, -12.040624]]}, "properties": {"id": "-111943263#3", "nombre": "-111943263#3", "longitud": 127.63, "velocidad_max": 30.0, "num_lanes": 1}}, {"type": "Feature", "id": "-111945303", "geometry": {"type": "LineString", "coordinates": [[-77.041406, -12.040995], [-77.041342, -12.041165], [-77.041164, -12.04145]]}, "properties": {"id": "-111945303", "nombre": "Jirón Ica", "longitud": 57.07, "velocidad_max": 30.0, "num_lanes": 1}}, {"type": "Feature", "id": "-111946728#1", "geometry": {"type": "LineString", "coordinates": [[-77.06649, -12.060199], [-77.066693, -12.059873]]}, "properties": {"id": "-111946728#1", "nombre": "Jirón Agustín Lange", "longitud": 42.36, "velocidad_max": 50.0, "num_lanes": 1}}, {"type": "Feature", "id": "-111946728#3", "geometry": {"type": "LineString", "coordinates": [[-77.066, -12.061218], [-77.066008, -12.061193], [-77.066042, -12.061066], [-77.066097, -12.060955], [-77.066232, -12.060681], [-77.066247, -12.060649], [-77.066425, -12.060315]]}, "properties": {"id": "-111946728#3", "nombre": "Jirón Agustín Lange", "longitud": 110.42, "velocidad_max": 50.0, "num_lanes": 1}}, {"type": "Feature", "id": "-111946728#5", "geometry": {"type": "LineString", "coordinates": [[-77.066002, -12.061626], [-77.065988, -12.061344]]}, "properties": {"id": "-111946728#5", "nombre": "Jirón Agustín Lange", "longitud": 31.24, "velocidad_max": 50.0, "num_lanes": 1}}, {"type": "Feature", "id": "-111952297", "geometry": {"type": "LineString", "coordinates": [[-77.01471, -12.074121], [-77.015059, -12.074102]]}, "properties": {"id": "-111952297", "nombre": "Pasaje Ignacio Cossío", "longitud": 38.05, "velocidad_max": 50.0, "num_lanes": 1}}, {"type": "Feature", "id": "-111953237", "geometry": {"type": "LineString", "coordinates": [[-77.010542, -12.100565], [-77.011087, -12.100597]]}, "properties": {"id": "-111953237", "nombre": "Calle Ossip Satkin", "longitud": 59.46, "velocidad_max": 50.0, "num_lanes": 1}}, {"type": "Feature", "id": "-111955348#2", "geometry": {"type": "LineString", "coordinates": [[-77.015703, -12.074996], [-77.015674, -12.074906], [-77.015646, -12.074778], [-77.015633, -12.07463], [-77.015633, -12.074586], [-77.015634, -12.074565], [-77.015636, -12.074363], [-77.01566, -12.074148], [-77.015696, -12.074]]}, "properties": {"id": "-111955348#2", "nombre": "Jirón Carlos Gutiérrez Noriega", "longitud": 111.71, "velocidad_max": 30.0, "num_lanes": 1}}, {"type": "Feature", "id": "-111955348#3", "geometry": {"type": "LineString", "coordinates": [[-77.015791, -12.075516], [-77.0158, -12.075406], [-77.015792, -12.075311], [-77.015766, -12.075192], [-77.015743, -12.07512]]}, "properties": {"id": "-111955348#3", "nombre": "Jirón Carlos Gutiérrez Noriega", "longitud": 44.6, "velocidad_max": 30.0, "num_lanes": 1}}, {"type": "Feature", "id": "-111955926#1", "geometry": {"type": "LineString", "coordinates": [[-77.017677, -12.101146], [-77.017577, -12.101093], [-77.017506, -12.101055]]}, "properties": {"id": "-111955926#1", "nombre": "-111955926#1", "longitud": 21.16, "velocidad_max": 30.0, "num_lanes": 1}}, {"type": "Feature", "id": "-111958327#0", "geometry": {"type": "LineString", "coordinates": [[-77.012063, -12.11838], [-77.012262, -12.118049]]}, "properties": {"id": "-111958327#0", "nombre": "Calle José Sabogal", "longitud": 42.52, "velocidad_max": 50.0, "num_lanes": 1}}, {"type": "Feature", "id": "-111958327#1", "geometry": {"type": "LineString", "coordinates": [[-77.01199, -12.118671], [-77.012008, -12.118523]]}, "properties": {"id": "-111958327#1", "nombre": "Calle José Sabogal", "longitud": 16.55, "velocidad_max": 50.0, "num_lanes": 1}}, {"type": "Feature", "id": "-111959905", "geometry": {"type": "LineString", "coordinates": [[-77.011251, -12.077733], [-77.011377, -12.077562], [-77.011359, -12.077194], [-77.011367, -12.076966], [-77.011407, -12.076765], [-77.011415, -12.076719]]}, "properties": {"id": "-111959905", "nombre": "-111959905", "longitud": 117.25, "velocidad_max": 10.0, "num_lanes": 1}}, {"type": "Feature", "id": "-111966340", "geometry": {"type": "LineString", "coordinates": [[-77.019793, -12.098511], [-77.019859, -12.098536], [-77.019928, -12.098561]]}, "properties": {"id": "-111966340", "nombre": "Calle Las Oropéndolas", "longitud": 15.65, "velocidad_max": 50.0, "num_lanes": 1}}, {"type": "Feature", "id": "-111967183#0", "geometry": {"type": "LineString", "coordinates": [[-77.069522, -12.06722], [-77.069512, -12.067581], [-77.069511, -12.067641]]}, "properties": {"id": "-111967183#0", "nombre": "Calle Urano", "longitud": 46.66, "velocidad_max": 50.0, "num_lanes": 1}}, {"type": "Feature", "id": "-111967183#1", "geometry": {"type": "LineString", "coordinates": [[-77.069536, -12.06671], [-77.069525, -12.06709]]}, "properties": {"id": "-111967183#1", "nombre": "Calle Urano", "longitud": 42.05, "velocidad_max": 50.0, "num_lanes": 1}}, {"type": "Feature", "id": "-111967183#2", "geometry": {"type": "LineString", "coordinates": [[-77.069548, -12.066249], [-77.069539, -12.06658]]}, "properties": {"id": "-111967183#2", "nombre": "Calle Urano", "longitud": 36.63, "velocidad_max": 50.0, "num_lanes": 1}}, {"type": "Feature", "id": "-111967997#1", "geometry": {"type": "LineString", "coordinates": [[-77.064973, -12.066938], [-77.064959, -12.066887], [-77.064762, -12.065842], [-77.064595, -12.064979], [-77.064585, -12.064926]]}, "properties": {"id": "-111967997#1", "nombre": "Jirón Los Gladiolos", "longitud": 226.63, "velocidad_max": 50.0, "num_lanes": 1}}, {"type": "Feature", "id": "-111968257", "geometry": {"type": "LineString", "coordinates": [[-77.05764, -12.056604], [-77.057267, -12.056567]]}, "properties": {"id": "-111968257", "nombre": "Pasaje Las Cautivas", "longitud": 40.89, "velocidad_max": 30.0, "num_lanes": 1}}, {"type": "Feature", "id": "-111969851#2", "geometry": {"type": "LineString", "coordinates": [[-77.066395, -12.060255], [-77.065236, -12.060043]]}, "properties": {"id": "-111969851#2", "nombre": "Jirón Manuel Rocavero", "longitud": 128.4, "velocidad_max": 50.0, "num_lanes": 1}}, {"type": "Feature", "id": "-1130749767#0", "geometry": {"type": "LineString", "coordinates": [[-77.03822, -12.095653], [-77.038311, -12.095032]]}, "properties": {"id": "-1130749767#0", "nombre": "Calle Las Palmeras", "longitud": 69.44, "velocidad_max": 40.0, "num_lanes": 2}}, {"type": "Feature", "id": "-1145435402", "geometry": {"type": "LineString", "coordinates": [[-77.023041, -12.090945], [-77.023041, -12.090947]]}, "properties": {"id": "-1145435402", "nombre": "-1145435402", "longitud": 0.2, "velocidad_max": 80.0, "num_lanes": 1}}, {"type": "Feature", "id": "-1146125604#1", "geometry": {"type": "LineString", "coordinates": [[-77.024609, -12.060215], [-77.024867, -12.060247], [-77.025238, -12.060293]]}, "properties": {"id": "-1146125604#1", "nombre": "Jirón Antonio Raimondi", "longitud": 69.02, "velocidad_max": 50.0, "num_lanes": 1}}, {"type": "Feature", "id": "-1147122862", "geometry": {"type": "LineString", "coordinates": [[-77.012862, -12.06233], [-77.01302, -12.061134], [-77.013025, -12.061118]]}, "properties": {"id": "-1147122862", "nombre": "Avenida Aviación", "longitud": 135.32, "velocidad_max": 50.0, "num_lanes": 1}}, {"type": "Feature", "id": "-1147128357", "geometry": {"type": "LineString", "coordinates": [[-77.013194, -12.057044], [-77.012789, -12.056517]]}, "properties": {"id": "-1147128357", "nombre": "Jirón Antonio Raimondi", "longitud": 73.14, "velocidad_max": 10.0, "num_lanes": 1}}, {"type": "Feature", "id": "-1147128358", "geometry": {"type": "LineString", "coordinates": [[-77.012706, -12.056415], [-77.012695, -12.056402], [-77.012301, -12.05593]]}, "properties": {"id": "-1147128358", "nombre": "Jirón Antonio Raimondi", "longitud": 69.5, "velocidad_max": 30.0, "num_lanes": 1}}, {"type": "Feature", "id": "-1147145442", "geometry": {"type": "LineString", "coordinates": [[-77.014071, -12.071734], [-77.014044, -12.071732], [-77.013554, -12.071667]]}, "properties": {"id": "-1147145442", "nombre": "Jirón Bélgica", "longitud": 56.87, "velocidad_max": 20.0, "num_lanes": 1}}, {"type": "Feature", "id": "-1147145443#1", "geometry": {"type": "LineString", "coordinates": [[-77.01291, -12.072235], [-77.012918, -12.072166], [-77.01292, -12.072146], [-77.012988, -12.071638]]}, "properties": {"id": "-1147145443#1", "nombre": "Jirón Mariscal Agustín Gamarra", "longitud": 66.55, "velocidad_max": 50.0, "num_lanes": 1}}, {"type": "Feature", "id": "-1147145444", "geometry": {"type": "LineString", "coordinates": [[-77.011792, -12.071177], [-77.012503, -12.071259], [-77.012978, -12.071325]]}, "properties": {"id": "-1147145444", "nombre": "Jirón Bélgica", "longitud": 130.16, "velocidad_max": 30.0, "num_lanes": 1}}, {"type": "Feature", "id": "-1147145445", "geometry": {"type": "LineString", "coordinates": [[-77.014352, -12.069482], [-77.01435, -12.069481]]}, "properties": {"id": "-1147145445", "nombre": "Jirón Italia", "longitud": 0.2, "velocidad_max": 30.0, "num_lanes": 1}}, {"type": "Feature", "id": "-1147145446", "geometry": {"type": "LineString", "coordinates": [[-77.012834, -12.069299], [-77.012105, -12.069212], [-77.01206, -12.069207]]}, "properties": {"id": "-1147145446", "nombre": "Jirón Italia", "longitud": 84.88, "velocidad_max": 30.0, "num_lanes": 1}}, {"type": "Feature", "id": "-1147145447", "geometry": {"type": "LineString", "coordinates": [[-77.014501, -12.068396], [-77.014494, -12.068395], [-77.013987, -12.068332]]}, "properties": {"id": "-1147145447", "nombre": "Avenida Isabel La Católica", "longitud": 56.41, "velocidad_max": 30.0, "num_lanes": 1}}, {"type": "Feature", "id": "-1147145450", "geometry": {"type": "LineString", "coordinates": [[-77.012349, -12.067004], [-77.012421, -12.067013], [-77.013127, -12.067103]]}, "properties": {"id": "-1147145450", "nombre": "Jirón San Cristóbal", "longitud": 85.39, "velocidad_max": 50.0, "num_lanes": 1}}, {"type": "Feature", "id": "-1147145451", "geometry": {"type": "LineString", "coordinates": [[-77.012434, -12.066377], [-77.012485, -12.066385], [-77.013211, -12.066477]]}, "properties": {"id": "-1147145451", "nombre": "Calle Sebastian Barranca", "longitud": 85.29, "velocidad_max": 50.0, "num_lanes": 1}}, {"type": "Feature", "id": "-1147145453", "geometry": {"type": "LineString", "coordinates": [[-77.015042, -12.065403], [-77.015044, -12.065404]]}, "properties": {"id": "-1147145453", "nombre": "Jirón Hipólito Unánue", "longitud": 0.2, "velocidad_max": 50.0, "num_lanes": 1}}, {"type": "Feature", "id": "-1147145454#0", "geometry": {"type": "LineString", "coordinates": [[-77.012639, -12.065091], [-77.012655, -12.065093], [-77.01307, -12.065147], [-77.013383, -12.065188]]}, "properties": {"id": "-1147145454#0", "nombre": "Jirón Hipólito Unánue", "longitud": 81.71, "velocidad_max": 50.0, "num_lanes": 1}}, {"type": "Feature", "id": "-1147145455", "geometry": {"type": "LineString", "coordinates": [[-77.015103, -12.064108], [-77.015045, -12.0641], [-77.014818, -12.064069], [-77.01464, -12.064044], [-77.014577, -12.064036]]}, "properties": {"id": "-1147145455", "nombre": "Jirón Humboldt", "longitud": 57.92, "velocidad_max": 50.0, "num_lanes": 1}}, {"type": "Feature", "id": "-1147145459", "geometry": {"type": "LineString", "coordinates": [[-77.014694, -12.062588], [-77.014857, -12.061402], [-77.014866, -12.061347]]}, "properties": {"id": "-1147145459", "nombre": "Jirón Antonio Bazo", "longitud": 138.64, "velocidad_max": 30.0, "num_lanes": 1}}, {"type": "Feature", "id": "-1147145461", "geometry": {"type": "LineString", "coordinates": [[-77.013374, -12.060532], [-77.01412, -12.06084]]}, "properties": {"id": "-1147145461", "nombre": "-1147145461", "longitud": 88.04, "velocidad_max": 10.0, "num_lanes": 1}}, {"type": "Feature", "id": "-1147973419", "geometry": {"type": "LineString", "coordinates": [[-77.010256, -12.060559], [-77.010254, -12.060528], [-77.010267, -12.060339], [-77.010313, -12.060088]]}, "properties": {"id": "-1147973419", "nombre": "Prolongación Avenida San Pablo", "longitud": 52.65, "velocidad_max": 30.0, "num_lanes": 1}}, {"type": "Feature", "id": "-1148010179", "geometry": {"type": "LineString", "coordinates": [[-77.015504, -12.066806], [-77.015019, -12.066735], [-77.01498, -12.066729]]}, "properties": {"id": "-1148010179", "nombre": "Calle Sebastian Barranca", "longitud": 57.69, "velocidad_max": 30.0, "num_lanes": 1}}, {"type": "Feature", "id": "-1148297619#1", "geometry": {"type": "LineString", "coordinates": [[-77.017805, -12.040198], [-77.017797, -12.040161], [-77.017772, -12.040075], [-77.017722, -12.039971], [-77.017689, -12.039908], [-77.017682, -12.039894], [-77.01767, -12.039875], [-77.017655, -12.039857], [-77.017589, -12.039797]]}, "properties": {"id": "-1148297619#1", "nombre": "Avenida Santa Rosa", "longitud": 51.22, "velocidad_max": 40.0, "num_lanes": 1}}, {"type": "Feature", "id": "-1148997037", "geometry": {"type": "LineString", "coordinates": [[-77.019898, -12.079036], [-77.019895, -12.078952], [-77.019886, -12.078936], [-77.019872, -12.078928], [-77.019608, -12.078956]]}, "properties": {"id": "-1148997037", "nombre": "Federico Barreto", "longitud": 41.92, "velocidad_max": 50.0, "num_lanes": 1}}, {"type": "Feature", "id": "-1148997038", "geometry": {"type": "LineString", "coordinates": [[-77.02464, -12.076629], [-77.025097, -12.076805]]}, "properties": {"id": "-1148997038", "nombre": "Jirón Topacios", "longitud": 53.39, "velocidad_max": 50.0, "num_lanes": 1}}, {"type": "Feature", "id": "-1149974289", "geometry": {"type": "LineString", "coordinates": [[-77.066833, -12.06267], [-77.066896, -12.062659], [-77.067144, -12.06262]]}, "properties": {"id": "-1149974289", "nombre": "Calle Angel Valenzuela", "longitud": 34.31, "velocidad_max": 50.0, "num_lanes": 1}}, {"type": "Feature", "id": "-1149974290#0", "geometry": {"type": "LineString", "coordinates": [[-77.068252, -12.062574], [-77.068297, -12.062346], [-77.068325, -12.062204]]}, "properties": {"id": "-1149974290#0", "nombre": "Jirón Leonidas La Sarre", "longitud": 41.67, "velocidad_max": 50.0, "num_lanes": 1}}, {"type": "Feature", "id": "-1149974290#1", "geometry": {"type": "LineString", "coordinates": [[-77.068216, -12.063053], [-77.068236, -12.062698]]}, "properties": {"id": "-1149974290#1", "nombre": "Jirón Leonidas La Sarre", "longitud": 39.3, "velocidad_max": 50.0, "num_lanes": 1}}, {"type": "Feature", "id": "-1149974303", "geometry": {"type": "LineString", "coordinates": [[-77.067663, -12.067092], [-77.067742, -12.067094], [-77.067933, -12.067099]]}, "properties": {"id": "-1149974303", "nombre": "Calle Marte", "longitud": 29.44, "velocidad_max": 50.0, "num_lanes": 1}}, {"type": "Feature", "id": "-1149974305", "geometry": {"type": "LineString", "coordinates": [[-77.066994, -12.06758], [-77.066994, -12.067544], [-77.066994, -12.06731], [-77.066985, -12.067225], [-77.066979, -12.067205]]}, "properties": {"id": "-1149974305", "nombre": "Calle Las Dalias", "longitud": 41.62, "velocidad_max": 40.0, "num_lanes": 1}}, {"type": "Feature", "id": "-1150190688", "geometry": {"type": "LineString", "coordinates": [[-77.05935, -12.083114], [-77.059368, -12.083136], [-77.059696, -12.083559]]}, "properties": {"id": "-1150190688", "nombre": "Parque Almagro", "longitud": 62.04, "velocidad_max": 10.0, "num_lanes": 1}}, {"type": "Feature", "id": "-1150198891", "geometry": {"type": "LineString", "coordinates": [[-77.057872, -12.086075], [-77.058494, -12.08687], [-77.058548, -12.08694]]}, "properties": {"id": "-1150198891", "nombre": "Pasaje Puerto Rico", "longitud": 120.71, "velocidad_max": 50.0, "num_lanes": 1}}, {"type": "Feature", "id": "-1150236367#2", "geometry": {"type": "LineString", "coordinates": [[-77.066737, -12.059359], [-77.067034, -12.059415], [-77.067268, -12.059459], [-77.067319, -12.059473]]}, "properties": {"id": "-1150236367#2", "nombre": "Jose Francisco Arana", "longitud": 64.59, "velocidad_max": 50.0, "num_lanes": 1}}, {"type": "Feature", "id": "-1150236367#3", "geometry": {"type": "LineString", "coordinates": [[-77.065488, -12.059125], [-77.066607, -12.059335]]}, "properties": {"id": "-1150236367#3", "nombre": "Jose Francisco Arana", "longitud": 124.08, "velocidad_max": 50.0, "num_lanes": 1}}, {"type": "Feature", "id": "-1150236368", "geometry": {"type": "LineString", "coordinates": [[-77.066582, -12.062759], [-77.066517, -12.062771], [-77.066227, -12.062817]]}, "properties": {"id": "-1150236368", "nombre": "Calle Los Geranios", "longitud": 39.25, "velocidad_max": 50.0, "num_lanes": 1}}, {"type": "Feature", "id": "-1150236369", "geometry": {"type": "LineString", "coordinates": [[-77.066736, -12.065552], [-77.066923, -12.065523], [-77.067088, -12.06549]]}, "properties": {"id": "-1150236369", "nombre": "-1150236369", "longitud": 38.91, "velocidad_max": 50.0, "num_lanes": 1}}, {"type": "Feature", "id": "-1150255833#0", "geometry": {"type": "LineString", "coordinates": [[-77.066897, -12.051003], [-77.066891, -12.051002], [-77.066592, -12.050978], [-77.06653, -12.050972]]}, "properties": {"id": "-1150255833#0", "nombre": "Pasaje El Ángel", "longitud": 40.12, "velocidad_max": 50.0, "num_lanes": 1}}, {"type": "Feature", "id": "-1150531427#1", "geometry": {"type": "LineString", "coordinates": [[-77.021816, -12.070948], [-77.021863, -12.070954], [-77.022017, -12.070972], [-77.022245, -12.070999], [-77.023254, -12.071119]]}, "properties": {"id": "-1150531427#1", "nombre": "Pasaje Francia", "longitud": 157.71, "velocidad_max": 50.0, "num_lanes": 1}}, {"type": "Feature", "id": "-1150545353#1", "geometry": {"type": "LineString", "coordinates": [[-77.021658, -12.072085], [-77.021714, -12.072092], [-77.021919, -12.072118], [-77.022226, -12.072156], [-77.022509, -12.072192], [-77.022538, -12.072195]]}, "properties": {"id": "-1150545353#1", "nombre": "Pasaje Bélgica", "longitud": 96.6, "velocidad_max": 10.0, "num_lanes": 1}}, {"type": "Feature", "id": "-1150554739", "geometry": {"type": "LineString", "coordinates": [[-77.062437, -12.100274], [-77.061845, -12.099182], [-77.061837, -12.099167]]}, "properties": {"id": "-1150554739", "nombre": "Jirón Carlos Baca Flor", "longitud": 138.82, "velocidad_max": 50.0, "num_lanes": 1}}, {"type": "Feature", "id": "-1150558511#2", "geometry": {"type": "LineString", "coordinates": [[-77.013666, -12.049024], [-77.014181, -12.049031], [-77.014236, -12.049032], [-77.014548, -12.049036]]}, "properties": {"id": "-1150558511#2", "nombre": "Jirón Teniente Felipe Arancibia", "longitud": 96.11, "velocidad_max": 40.0, "num_lanes": 1}}, {"type": "Feature", "id": "-1150558512#3", "geometry": {"type": "LineString", "coordinates": [[-77.015538, -12.048457], [-77.015227, -12.048454], [-77.01505, -12.048452], [-77.015003, -12.048452], [-77.014609, -12.048447]]}, "properties": {"id": "-1150558512#3", "nombre": "Jirón Teniente Cesar Rodriguez", "longitud": 101.19, "velocidad_max": 30.0, "num_lanes": 1}}, {"type": "Feature", "id": "-1150558513", "geometry": {"type": "LineString", "coordinates": [[-77.013649, -12.04805], [-77.013705, -12.047496]]}, "properties": {"id": "-1150558513", "nombre": "Jirón Isaias Clivio", "longitud": 61.54, "velocidad_max": 30.0, "num_lanes": 1}}, {"type": "Feature", "id": "-1150734840#2", "geometry": {"type": "LineString", "coordinates": [[-77.055372, -12.094701], [-77.055394, -12.094745]]}, "properties": {"id": "-1150734840#2", "nombre": "Calle Manuel Sebastián Ugarte y Moscoso", "longitud": 5.4, "velocidad_max": 40.0, "num_lanes": 1}}, {"type": "Feature", "id": "-1150734843#2", "geometry": {"type": "LineString", "coordinates": [[-77.057128, -12.093859], [-77.057154, -12.093912]]}, "properties": {"id": "-1150734843#2", "nombre": "Calle Flora Tristan", "longitud": 6.57, "velocidad_max": 40.0, "num_lanes": 1}}, {"type": "Feature", "id": "-1150792958#0", "geometry": {"type": "LineString", "coordinates": [[-77.067182, -12.064539], [-77.067276, -12.064522], [-77.067492, -12.06448]]}, "properties": {"id": "-1150792958#0", "nombre": "Calle Rosales", "longitud": 34.37, "velocidad_max": 50.0, "num_lanes": 1}}, {"type": "Feature", "id": "-1150799380", "geometry": {"type": "LineString", "coordinates": [[-77.069976, -12.09956], [-77.069976, -12.09956]]}, "properties": {"id": "-1150799380", "nombre": "Avenida Antonio José de Sucre", "longitud": 0.1, "velocidad_max": 50.0, "num_lanes": 1}}, {"type": "Feature", "id": "-1150810596", "geometry": {"type": "LineString", "coordinates": [[-77.067133, -12.061949], [-77.067132, -12.061935], [-77.067103, -12.061595]]}, "properties": {"id": "-1150810596", "nombre": "Jirón César Figueroa Toledo", "longitud": 39.31, "velocidad_max": 50.0, "num_lanes": 1}}, {"type": "Feature", "id": "-1150810598", "geometry": {"type": "LineString", "coordinates": [[-77.059366, -12.062607], [-77.059054, -12.062711]]}, "properties": {"id": "-1150810598", "nombre": "Jirón Cabo Pantoja", "longitud": 35.83, "velocidad_max": 50.0, "num_lanes": 1}}, {"type": "Feature", "id": "-1150811346", "geometry": {"type": "LineString", "coordinates": [[-77.051067, -12.098981], [-77.050916, -12.09897]]}, "properties": {"id": "-1150811346", "nombre": "Avenida Aurelio Miró Quesada", "longitud": 16.54, "velocidad_max": 60.0, "num_lanes": 1}}, {"type": "Feature", "id": "-1150827429", "geometry": {"type": "LineString", "coordinates": [[-77.039953, -12.071116], [-77.039974, -12.071075], [-77.040418, -12.070873]]}, "properties": {"id": "-1150827429", "nombre": "Jirón Nazca", "longitud": 58.33, "velocidad_max": 30.0, "num_lanes": 1}}, {"type": "Feature", "id": "-1150827430", "geometry": {"type": "LineString", "coordinates": [[-77.040368, -12.072207], [-77.040363, -12.07219], [-77.040201, -12.07173], [-77.039952, -12.071153]]}, "properties": {"id": "-1150827430", "nombre": "Jirón Francisco de Zela", "longitud": 125.22, "velocidad_max": 30.0, "num_lanes": 1}}, {"type": "Feature", "id": "-1150977014", "geometry": {"type": "LineString", "coordinates": [[-77.038353, -12.094848], [-77.038353, -12.094845], [-77.038366, -12.094756], [-77.038467, -12.094072], [-77.038502, -12.093831], [-77.038593, -12.093219]]}, "properties": {"id": "-1150977014", "nombre": "Calle Las Palmeras", "longitud": 182.12, "velocidad_max": 40.0, "num_lanes": 1}}, {"type": "Feature", "id": "-1150977015", "geometry": {"type": "LineString", "coordinates": [[-77.038255, -12.094958], [-77.038178, -12.094947], [-77.037526, -12.094853]]}, "properties": {"id": "-1150977015", "nombre": "Avenida Jorge Basadre Grohmann", "longitud": 80.22, "velocidad_max": 50.0, "num_lanes": 2}}, {"type": "Feature", "id": "-1150982789", "geometry": {"type": "LineString", "coordinates": [[-77.041358, -12.097472], [-77.041494, -12.096607]]}, "properties": {"id": "-1150982789", "nombre": "Calle Los Álamos", "longitud": 96.85, "velocidad_max": 30.0, "num_lanes": 1}}, {"type": "Feature", "id": "-1150982791", "geometry": {"type": "LineString", "coordinates": [[-77.039821, -12.096874], [-77.039873, -12.096775]]}, "properties": {"id": "-1150982791", "nombre": "Avenida Nicolás de Ribera", "longitud": 12.34, "velocidad_max": 30.0, "num_lanes": 1}}, {"type": "Feature", "id": "-1151015874#4", "geometry": {"type": "LineString", "coordinates": [[-77.047548, -12.092656], [-77.047546, -12.092665], [-77.047458, -12.093269], [-77.047391, -12.093729], [-77.047346, -12.094042]]}, "properties": {"id": "-1151015874#4", "nombre": "Avenida Las Flores", "longitud": 154.96, "velocidad_max": 40.0, "num_lanes": 2}}, {"type": "Feature", "id": "-1151076309#0", "geometry": {"type": "LineString", "coordinates": [[-77.011257, -12.073098], [-77.011398, -12.073116]]}, "properties": {"id": "-1151076309#0", "nombre": "Alberto Montellanos", "longitud": 15.53, "velocidad_max": 30.0, "num_lanes": 1}}, {"type": "Feature", "id": "-1151076310#0", "geometry": {"type": "LineString", "coordinates": [[-77.010813, -12.073042], [-77.011125, -12.073081]]}, "properties": {"id": "-1151076310#0", "nombre": "Alberto Montellanos", "longitud": 34.23, "velocidad_max": 30.0, "num_lanes": 1}}, {"type": "Feature", "id": "-1151076310#1", "geometry": {"type": "LineString", "coordinates": [[-77.00977, -12.072739], [-77.010102, -12.072907], [-77.010222, -12.07295], [-77.010349, -12.072983], [-77.010682, -12.073025]]}, "properties": {"id": "-1151076310#1", "nombre": "Alberto Montellanos", "longitud": 105.37, "velocidad_max": 30.0, "num_lanes": 1}}, {"type": "Feature", "id": "-1151076310#2", "geometry": {"type": "LineString", "coordinates": [[-77.009432, -12.072552], [-77.009652, -12.072676]]}, "properties": {"id": "-1151076310#2", "nombre": "Alberto Montellanos", "longitud": 27.61, "velocidad_max": 30.0, "num_lanes": 1}}, {"type": "Feature", "id": "-1151076313", "geometry": {"type": "LineString", "coordinates": [[-77.01083, -12.075182], [-77.010561, -12.075136]]}, "properties": {"id": "-1151076313", "nombre": "Calle Enrique Barreda", "longitud": 29.77, "velocidad_max": 50.0, "num_lanes": 1}}, {"type": "Feature", "id": "-1152224058", "geometry": {"type": "LineString", "coordinates": [[-77.019669, -12.081822], [-77.01966, -12.081575], [-77.019653, -12.0814]]}, "properties": {"id": "-1152224058", "nombre": "General Ayala", "longitud": 46.69, "velocidad_max": 50.0, "num_lanes": 1}}, {"type": "Feature", "id": "-1152224060", "geometry": {"type": "LineString", "coordinates": [[-77.020828, -12.082537], [-77.021182, -12.08258], [-77.021278, -12.082591]]}, "properties": {"id": "-1152224060", "nombre": "Calle Mariano Pacheco", "longitud": 49.32, "velocidad_max": 50.0, "num_lanes": 1}}, {"type": "Feature", "id": "-1152231663", "geometry": {"type": "LineString", "coordinates": [[-77.014371, -12.084279], [-77.014373, -12.084278]]}, "properties": {"id": "-1152231663", "nombre": "-1152231663", "longitud": 0.2, "velocidad_max": 80.0, "num_lanes": 1}}, {"type": "Feature", "id": "-1152240414", "geometry": {"type": "LineString", "coordinates": [[-77.063549, -12.063707], [-77.063633, -12.063693], [-77.064326, -12.063571]]}, "properties": {"id": "-1152240414", "nombre": "Calle Ernesto Malinowski", "longitud": 85.95, "velocidad_max": 40.0, "num_lanes": 1}}, {"type": "Feature", "id": "-1152240415#1", "geometry": {"type": "LineString", "coordinates": [[-77.05854, -12.067263], [-77.058548, -12.067295], [-77.058876, -12.06808], [-77.05889, -12.068114], [-77.058891, -12.068115]]}, "properties": {"id": "-1152240415#1", "nombre": "Jirón Oviedo", "longitud": 101.77, "velocidad_max": 50.0, "num_lanes": 1}}, {"type": "Feature", "id": "-1152276723#0", "geometry": {"type": "LineString", "coordinates": [[-77.016138, -12.085909], [-77.016139, -12.085911], [-77.016152, -12.085941]]}, "properties": {"id": "-1152276723#0", "nombre": "Calle Miguel Checa", "longitud": 3.85, "velocidad_max": 40.0, "num_lanes": 1}}, {"type": "Feature", "id": "-1152276724#1", "geometry": {"type": "LineString", "coordinates": [[-77.01657, -12.086878], [-77.016582, -12.086903]]}, "properties": {"id": "-1152276724#1", "nombre": "Calle Miguel Checa", "longitud": 3.11, "velocidad_max": 40.0, "num_lanes": 1}}, {"type": "Feature", "id": "-1152276727#1", "geometry": {"type": "LineString", "coordinates": [[-77.018612, -12.085375], [-77.018216, -12.085557]]}, "properties": {"id": "-1152276727#1", "nombre": "Calle Manuel Vildoso", "longitud": 47.68, "velocidad_max": 30.0, "num_lanes": 1}}, {"type": "Feature", "id": "-1152276728#0", "geometry": {"type": "LineString", "coordinates": [[-77.017406, -12.085354], [-77.017418, -12.085379], [-77.017593, -12.085761]]}, "properties": {"id": "-1152276728#0", "nombre": "Calle Pedro Bertonelli", "longitud": 49.4, "velocidad_max": 40.0, "num_lanes": 1}}, {"type": "Feature", "id": "-1152277467", "geometry": {"type": "LineString", "coordinates": [[-77.060505, -12.050985], [-77.060542, -12.050972], [-77.060866, -12.050841]]}, "properties": {"id": "-1152277467", "nombre": "Turner", "longitud": 42.4, "velocidad_max": 50.0, "num_lanes": 1}}, {"type": "Feature", "id": "-1152282666", "geometry": {"type": "LineString", "coordinates": [[-77.019882, -12.088667], [-77.019902, -12.088526], [-77.019963, -12.088086], [-77.020025, -12.087641], [-77.020104, -12.087081]]}, "properties": {"id": "-1152282666", "nombre": "Calle Carmelino", "longitud": 177.16, "velocidad_max": 50.0, "num_lanes": 1}}, {"type": "Feature", "id": "-1152282668#0", "geometry": {"type": "LineString", "coordinates": [[-77.019008, -12.086844], [-77.01901, -12.086844]]}, "properties": {"id": "-1152282668#0", "nombre": "Calle Pascual Saco Oliveros", "longitud": 0.2, "velocidad_max": 40.0, "num_lanes": 1}}, {"type": "Feature", "id": "-1152282669", "geometry": {"type": "LineString", "coordinates": [[-77.019395, -12.085626], [-77.019052, -12.08572], [-77.019018, -12.08573]]}, "properties": {"id": "-1152282669", "nombre": "Calle Remigio García", "longitud": 42.64, "velocidad_max": 50.0, "num_lanes": 1}}, {"type": "Feature", "id": "-1152282670", "geometry": {"type": "LineString", "coordinates": [[-77.019073, -12.084603], [-77.019093, -12.084647], [-77.019275, -12.085081], [-77.019446, -12.085525]]}, "properties": {"id": "-1152282670", "nombre": "Manuel Arrisueño", "longitud": 109.87, "velocidad_max": 50.0, "num_lanes": 1}}, {"type": "Feature", "id": "-1152282671#1", "geometry": {"type": "LineString", "coordinates": [[-77.020882, -12.085583], [-77.020698, -12.085559], [-77.020401, -12.08552]]}, "properties": {"id": "-1152282671#1", "nombre": "Calle Remigio García", "longitud": 52.84, "velocidad_max": 50.0, "num_lanes": 1}}, {"type": "Feature", "id": "-1152293228", "geometry": {"type": "LineString", "coordinates": [[-77.015778, -12.082784], [-77.015791, -12.082813], [-77.015966, -12.083195]]}, "properties": {"id": "-1152293228", "nombre": "Trujillo", "longitud": 49.84, "velocidad_max": 50.0, "num_lanes": 1}}, {"type": "Feature", "id": "-1152293229", "geometry": {"type": "LineString", "coordinates": [[-77.017586, -12.083194], [-77.017519, -12.083225], [-77.016927, -12.08349], [-77.016711, -12.083587], [-77.016549, -12.08366]]}, "properties": {"id": "-1152293229", "nombre": "Calle Mariano Pacheco", "longitud": 124.15, "velocidad_max": 50.0, "num_lanes": 1}}, {"type": "Feature", "id": "-1152293230", "geometry": {"type": "LineString", "coordinates": [[-77.017815, -12.083722], [-77.017752, -12.08375], [-77.017179, -12.084005], [-77.016961, -12.084102], [-77.016798, -12.084174]]}, "properties": {"id": "-1152293230", "nombre": "Calle Raimundo Cárcamo", "longitud": 121.48, "velocidad_max": 50.0, "num_lanes": 1}}, {"type": "Feature", "id": "-1152294033", "geometry": {"type": "LineString", "coordinates": [[-77.014887, -12.080855], [-77.015004, -12.081105], [-77.015058, -12.081212]]}, "properties": {"id": "-1152294033", "nombre": "Batería Independencia", "longitud": 43.66, "velocidad_max": 50.0, "num_lanes": 1}}, {"type": "Feature", "id": "-1152294034#0", "geometry": {"type": "LineString", "coordinates": [[-77.016322, -12.08113], [-77.016528, -12.081108], [-77.016672, -12.081096]]}, "properties": {"id": "-1152294034#0", "nombre": "Calle General Antonio de la Guerra", "longitud": 38.31, "velocidad_max": 50.0, "num_lanes": 1}}, {"type": "Feature", "id": "-1152294034#1", "geometry": {"type": "LineString", "coordinates": [[-77.015843, -12.081189], [-77.01619, -12.081145]]}, "properties": {"id": "-1152294034#1", "nombre": "Calle General Antonio de la Guerra", "longitud": 38.11, "velocidad_max": 50.0, "num_lanes": 1}}, {"type": "Feature", "id": "-1152294034#3", "geometry": {"type": "LineString", "coordinates": [[-77.015135, -12.081265], [-77.015664, -12.08121], [-77.015712, -12.081204]]}, "properties": {"id": "-1152294034#3", "nombre": "Calle General Antonio de la Guerra", "longitud": 63.21, "velocidad_max": 50.0, "num_lanes": 1}}, {"type": "Feature", "id": "-1152294034#5", "geometry": {"type": "LineString", "coordinates": [[-77.014207, -12.081598], [-77.014894, -12.081303], [-77.015002, -12.081284]]}, "properties": {"id": "-1152294034#5", "nombre": "Calle General Antonio de la Guerra", "longitud": 93.54, "velocidad_max": 50.0, "num_lanes": 1}}, {"type": "Feature", "id": "-1152294038#0", "geometry": {"type": "LineString", "coordinates": [[-77.013989, -12.081256], [-77.013997, -12.081273], [-77.014137, -12.081573]]}, "properties": {"id": "-1152294038#0", "nombre": "La Merced", "longitud": 38.59, "velocidad_max": 40.0, "num_lanes": 1}}, {"type": "Feature", "id": "-1152294038#1", "geometry": {"type": "LineString", "coordinates": [[-77.013494, -12.080109], [-77.013935, -12.081136]]}, "properties": {"id": "-1152294038#1", "nombre": "La Merced", "longitud": 123.4, "velocidad_max": 40.0, "num_lanes": 1}}, {"type": "Feature", "id": "-1152469888#1", "geometry": {"type": "LineString", "coordinates": [[-77.052918, -12.057866], [-77.052631, -12.057542], [-77.052233, -12.057091]]}, "properties": {"id": "-1152469888#1", "nombre": "Jirón Napo", "longitud": 113.69, "velocidad_max": 40.0, "num_lanes": 1}}, {"type": "Feature", "id": "-1152470840", "geometry": {"type": "LineString", "coordinates": [[-77.03909, -12.089775], [-77.039155, -12.089293]]}, "properties": {"id": "-1152470840", "nombre": "Jirón Francisco de Zela", "longitud": 53.88, "velocidad_max": 80.0, "num_lanes": 1}}, {"type": "Feature", "id": "-1152479654", "geometry": {"type": "LineString", "coordinates": [[-77.048276, -12.058147], [-77.048308, -12.057777]]}, "properties": {"id": "-1152479654", "nombre": "Jirón Loreto", "longitud": 41.06, "velocidad_max": 30.0, "num_lanes": 1}}, {"type": "Feature", "id": "-1152516212", "geometry": {"type": "LineString", "coordinates": [[-77.054602, -12.069196], [-77.054792, -12.069165]]}, "properties": {"id": "-1152516212", "nombre": "Parque Maldonado", "longitud": 20.97, "velocidad_max": 10.0, "num_lanes": 1}}, {"type": "Feature", "id": "-1152521576", "geometry": {"type": "LineString", "coordinates": [[-77.050492, -12.047961], [-77.05042, -12.047955], [-77.050133, -12.047929], [-77.049472, -12.0479], [-77.04942, -12.047901]]}, "properties": {"id": "-1152521576", "nombre": "-1152521576", "longitud": 116.97, "velocidad_max": 30.0, "num_lanes": 1}}, {"type": "Feature", "id": "-1152523219", "geometry": {"type": "LineString", "coordinates": [[-77.010279, -12.110816], [-77.010285, -12.110819], [-77.010293, -12.110837], [-77.01021, -12.112171], [-77.010209, -12.112183]]}, "properties": {"id": "-1152523219", "nombre": "Calle Jorge Isaac", "longitud": 152.16, "velocidad_max": 50.0, "num_lanes": 1}}, {"type": "Feature", "id": "-1152558946", "geometry": {"type": "LineString", "coordinates": [[-77.063142, -12.082306], [-77.063024, -12.082402]]}, "properties": {"id": "-1152558946", "nombre": "Rospigliosi", "longitud": 16.65, "velocidad_max": 50.0, "num_lanes": 1}}, {"type": "Feature", "id": "-1152711596#2", "geometry": {"type": "LineString", "coordinates": [[-77.05555, -12.076923], [-77.05613, -12.07645], [-77.056149, -12.076434], [-77.056247, -12.076349]]}, "properties": {"id": "-1152711596#2", "nombre": "Calle Prolongación Cayetano Heredia", "longitud": 98.97, "velocidad_max": 40.0, "num_lanes": 1}}, {"type": "Feature", "id": "-1155815791", "geometry": {"type": "LineString", "coordinates": [[-77.050376, -12.115626], [-77.050384, -12.115614], [-77.050451, -12.11547], [-77.050575, -12.115212], [-77.050679, -12.114991], [-77.050799, -12.114831], [-77.051097, -12.114437]]}, "properties": {"id": "-1155815791", "nombre": "-1155815791", "longitud": 154.0, "velocidad_max": 50.0, "num_lanes": 1}}, {"type": "Feature", "id": "-1155822644#1", "geometry": {"type": "LineString", "coordinates": [[-77.043207, -12.119961], [-77.042911, -12.119313], [-77.042907, -12.119303]]}, "properties": {"id": "-1155822644#1", "nombre": "Calle 7 de Junio", "longitud": 79.8, "velocidad_max": 50.0, "num_lanes": 1}}, {"type": "Feature", "id": "-1156806211#1", "geometry": {"type": "LineString", "coordinates": [[-77.041349, -12.049086], [-77.041598, -12.049437], [-77.042266, -12.04949]]}, "properties": {"id": "-1156806211#1", "nombre": "Pasaje Peñaloza", "longitud": 120.37, "velocidad_max": 30.0, "num_lanes": 1}}, {"type": "Feature", "id": "-1159477011", "geometry": {"type": "LineString", "coordinates": [[-77.051212, -12.042579], [-77.051654, -12.042612]]}, "properties": {"id": "-1159477011", "nombre": "Jirón Huancavelica", "longitud": 48.31, "velocidad_max": 30.0, "num_lanes": 1}}, {"type": "Feature", "id": "-1159669210", "geometry": {"type": "LineString", "coordinates": [[-77.011309, -12.066871], [-77.011904, -12.066947], [-77.011934, -12.066951]]}, "properties": {"id": "-1159669210", "nombre": "Jirón San Cristóbal", "longitud": 68.68, "velocidad_max": 30.0, "num_lanes": 1}}, {"type": "Feature", "id": "-1159669211", "geometry": {"type": "LineString", "coordinates": [[-77.011508, -12.070235], [-77.011498, -12.070233], [-77.010939, -12.070163], [-77.010849, -12.070151]]}, "properties": {"id": "-1159669211", "nombre": "Jirón Francia", "longitud": 72.33, "velocidad_max": 50.0, "num_lanes": 1}}, {"type": "Feature", "id": "-1164183337#0", "geometry": {"type": "LineString", "coordinates": [[-77.048339, -12.040321], [-77.048622, -12.040348]]}, "properties": {"id": "-1164183337#0", "nombre": "-1164183337#0", "longitud": 30.94, "velocidad_max": 50.0, "num_lanes": 1}}, {"type": "Feature", "id": "-1164183337#1", "geometry": {"type": "LineString", "coordinates": [[-77.047935, -12.040284], [-77.048207, -12.040309]]}, "properties": {"id": "-1164183337#1", "nombre": "-1164183337#1", "longitud": 29.83, "velocidad_max": 50.0, "num_lanes": 1}}, {"type": "Feature", "id": "-1164183337#2", "geometry": {"type": "LineString", "coordinates": [[-77.047513, -12.040244], [-77.047803, -12.040271]]}, "properties": {"id": "-1164183337#2", "nombre": "-1164183337#2", "longitud": 31.78, "velocidad_max": 50.0, "num_lanes": 1}}, {"type": "Feature", "id": "-1164183338", "geometry": {"type": "LineString", "coordinates": [[-77.048494, -12.038209], [-77.048387, -12.039303], [-77.048346, -12.039717], [-77.048293, -12.040266]]}, "properties": {"id": "-1164183338", "nombre": "-1164183338", "longitud": 228.64, "velocidad_max": 50.0, "num_lanes": 1}}, {"type": "Feature", "id": "-1164183342", "geometry": {"type": "LineString", "coordinates": [[-77.047859, -12.040226], [-77.047909, -12.03972]]}, "properties": {"id": "-1164183342", "nombre": "-1164183342", "longitud": 56.16, "velocidad_max": 50.0, "num_lanes": 1}}, {"type": "Feature", "id": "-1166007546", "geometry": {"type": "LineString", "coordinates": [[-77.050214, -12.054611], [-77.050766, -12.054655], [-77.050812, -12.054656]]}, "properties": {"id": "-1166007546", "nombre": "-1166007546", "longitud": 65.25, "velocidad_max": 10.0, "num_lanes": 1}}, {"type": "Feature", "id": "-1172347025", "geometry": {"type": "LineString", "coordinates": [[-77.067261, -12.064961], [-77.067288, -12.064956], [-77.068222, -12.064796], [-77.068886, -12.064684]]}, "properties": {"id": "-1172347025", "nombre": "Calle Julio Rodavero", "longitud": 179.64, "velocidad_max": 50.0, "num_lanes": 1}}, {"type": "Feature", "id": "-1177154774", "geometry": {"type": "LineString", "coordinates": [[-77.009997, -12.087058], [-77.009927, -12.087047]]}, "properties": {"id": "-1177154774", "nombre": "Calle Boulevard de la Literatura", "longitud": 7.79, "velocidad_max": 30.0, "num_lanes": 1}}, {"type": "Feature", "id": "-1177735796", "geometry": {"type": "LineString", "coordinates": [[-77.009927, -12.087218], [-77.009971, -12.087223]]}, "properties": {"id": "-1177735796", "nombre": "-1177735796", "longitud": 4.84, "velocidad_max": 10.0, "num_lanes": 1}}, {"type": "Feature", "id": "-1177768547#0", "geometry": {"type": "LineString", "coordinates": [[-77.056769, -12.056526], [-77.056542, -12.056508]]}, "properties": {"id": "-1177768547#0", "nombre": "Pasaje Las Cautivas", "longitud": 24.85, "velocidad_max": 30.0, "num_lanes": 1}}, {"type": "Feature", "id": "-1177768547#1", "geometry": {"type": "LineString", "coordinates": [[-77.057136, -12.056555], [-77.056901, -12.056536]]}, "properties": {"id": "-1177768547#1", "nombre": "Pasaje Las Cautivas", "longitud": 25.68, "velocidad_max": 30.0, "num_lanes": 1}}, {"type": "Feature", "id": "-1178038818", "geometry": {"type": "LineString", "coordinates": [[-77.048448, -12.046361], [-77.048478, -12.045889], [-77.048465, -12.045832], [-77.048432, -12.045753], [-77.048366, -12.045624], [-77.048357, -12.045606]]}, "properties": {"id": "-1178038818", "nombre": "-1178038818", "longitud": 86.44, "velocidad_max": 50.0, "num_lanes": 1}}, {"type": "Feature", "id": "-1180572584", "geometry": {"type": "LineString", "coordinates": [[-77.057107, -12.096607], [-77.05694, -12.096298]]}, "properties": {"id": "-1180572584", "nombre": "-1180572584", "longitud": 38.71, "velocidad_max": 10.0, "num_lanes": 1}}, {"type": "Feature", "id": "-1180576087", "geometry": {"type": "LineString", "coordinates": [[-77.062977, -12.098787], [-77.0627, -12.098927], [-77.062693, -12.098931]]}, "properties": {"id": "-1180576087", "nombre": "-1180576087", "longitud": 34.73, "velocidad_max": 50.0, "num_lanes": 1}}, {"type": "Feature", "id": "-1181234361", "geometry": {"type": "LineString", "coordinates": [[-77.060385, -12.092595], [-77.060334, -12.092621], [-77.060056, -12.092761], [-77.060007, -12.092765], [-77.05997, -12.092736], [-77.059964, -12.092682], [-77.059995, -12.092647], [-77.060278, -12.092503], [-77.060322, -12.092479]]}, "properties": {"id": "-1181234361", "nombre": "Pasaje Comandante Jimenez", "longitud": 102.08, "velocidad_max": 10.0, "num_lanes": 1}}, {"type": "Feature", "id": "-1181234363", "geometry": {"type": "LineString", "coordinates": [[-77.061699, -12.096405], [-77.061409, -12.096544]]}, "properties": {"id": "-1181234363", "nombre": "-1181234363", "longitud": 35.11, "velocidad_max": 50.0, "num_lanes": 1}}, {"type": "Feature", "id": "-1183114954", "geometry": {"type": "LineString", "coordinates": [[-77.044999, -12.083151], [-77.044914, -12.083772], [-77.044912, -12.083788]]}, "properties": {"id": "-1183114954", "nombre": "Jirón Sinchi Roca", "longitud": 71.17, "velocidad_max": 50.0, "num_lanes": 1}}, {"type": "Feature", "id": "-1183114956", "geometry": {"type": "LineString", "coordinates": [[-77.041594, -12.090126], [-77.041599, -12.090095], [-77.041681, -12.089546]]}, "properties": {"id": "-1183114956", "nombre": "Calle José Pezet y Monet", "longitud": 64.85, "velocidad_max": 50.0, "num_lanes": 1}}, {"type": "Feature", "id": "-1183326961", "geometry": {"type": "LineString", "coordinates": [[-77.047073, -12.043533], [-77.047073, -12.043531]]}, "properties": {"id": "-1183326961", "nombre": "Avenida Pacasmayo", "longitud": 0.2, "velocidad_max": 40.0, "num_lanes": 2}}, {"type": "Feature", "id": "-1183565701#0", "geometry": {"type": "LineString", "coordinates": [[-77.052874, -12.090998], [-77.052656, -12.091128], [-77.052655, -12.091131], [-77.052655, -12.091138], [-77.052678, -12.091173]]}, "properties": {"id": "-1183565701#0", "nombre": "-1183565701#0", "longitud": 33.49, "velocidad_max": 10.0, "num_lanes": 1}}, {"type": "Feature", "id": "-1183565701#1", "geometry": {"type": "LineString", "coordinates": [[-77.052755, -12.091189], [-77.052947, -12.091096], [-77.052947, -12.091098], [-77.052888, -12.090997]]}, "properties": {"id": "-1183565701#1", "nombre": "-1183565701#1", "longitud": 36.41, "velocidad_max": 10.0, "num_lanes": 1}}, {"type": "Feature", "id": "-1183566728", "geometry": {"type": "LineString", "coordinates": [[-77.014391, -12.070047], [-77.01439, -12.070047]]}, "properties": {"id": "-1183566728", "nombre": "-1183566728", "longitud": 0.2, "velocidad_max": 80.0, "num_lanes": 1}}, {"type": "Feature", "id": "-1183605003", "geometry": {"type": "LineString", "coordinates": [[-77.047591, -12.088299], [-77.047576, -12.088399], [-77.047406, -12.089429], [-77.047405, -12.089436]]}, "properties": {"id": "-1183605003", "nombre": "Pasaje Central", "longitud": 127.46, "velocidad_max": 50.0, "num_lanes": 1}}, {"type": "Feature", "id": "-1183608449#0", "geometry": {"type": "LineString", "coordinates": [[-77.020597, -12.073299], [-77.020505, -12.073995]]}, "properties": {"id": "-1183608449#0", "nombre": "Jirón Manuel Cisneros", "longitud": 77.63, "velocidad_max": 30.0, "num_lanes": 1}}, {"type": "Feature", "id": "-1183608449#1", "geometry": {"type": "LineString", "coordinates": [[-77.02069, -12.072594], [-77.020614, -12.07317]]}, "properties": {"id": "-1183608449#1", "nombre": "Jirón Manuel Cisneros", "longitud": 64.27, "velocidad_max": 30.0, "num_lanes": 1}}, {"type": "Feature", "id": "-1183608449#2", "geometry": {"type": "LineString", "coordinates": [[-77.0209, -12.07102], [-77.020708, -12.072465]]}, "properties": {"id": "-1183608449#2", "nombre": "Jirón Manuel Cisneros", "longitud": 161.31, "velocidad_max": 30.0, "num_lanes": 1}}, {"type": "Feature", "id": "-1183608449#4", "geometry": {"type": "LineString", "coordinates": [[-77.02097, -12.070484], [-77.020955, -12.070576], [-77.020917, -12.070889]]}, "properties": {"id": "-1183608449#4", "nombre": "Jirón Manuel Cisneros", "longitud": 45.2, "velocidad_max": 30.0, "num_lanes": 1}}, {"type": "Feature", "id": "-1183608449#5", "geometry": {"type": "LineString", "coordinates": [[-77.02102, -12.070123], [-77.02099, -12.070354]]}, "properties": {"id": "-1183608449#5", "nombre": "Jirón Manuel Cisneros", "longitud": 25.74, "velocidad_max": 30.0, "num_lanes": 1}}, {"type": "Feature", "id": "-1183608449#6", "geometry": {"type": "LineString", "coordinates": [[-77.021122, -12.069345], [-77.02112, -12.069358], [-77.021036, -12.069994]]}, "properties": {"id": "-1183608449#6", "nombre": "Jirón Manuel Cisneros", "longitud": 72.37, "velocidad_max": 30.0, "num_lanes": 1}}, {"type": "Feature", "id": "-1183817546", "geometry": {"type": "LineString", "coordinates": [[-77.068372, -12.061965], [-77.068374, -12.061958], [-77.068396, -12.061818], [-77.068395, -12.061711], [-77.068384, -12.061624], [-77.068382, -12.06161]]}, "properties": {"id": "-1183817546", "nombre": "Jirón Leonidas La Sarre", "longitud": 39.58, "velocidad_max": 50.0, "num_lanes": 1}}, {"type": "Feature", "id": "-1183824884", "geometry": {"type": "LineString", "coordinates": [[-77.023352, -12.070387], [-77.023055, -12.070351]]}, "properties": {"id": "-1183824884", "nombre": "-1183824884", "longitud": 32.59, "velocidad_max": 50.0, "num_lanes": 1}}, {"type": "Feature", "id": "-1183864951", "geometry": {"type": "LineString", "coordinates": [[-77.029824, -12.100991], [-77.028926, -12.100845]]}, "properties": {"id": "-1183864951", "nombre": "Calle Chacarilla", "longitud": 99.13, "velocidad_max": 40.0, "num_lanes": 1}}, {"type": "Feature", "id": "-1184385553", "geometry": {"type": "LineString", "coordinates": [[-77.016336, -12.063588], [-77.016651, -12.063621]]}, "properties": {"id": "-1184385553", "nombre": "-1184385553", "longitud": 34.47, "velocidad_max": 50.0, "num_lanes": 1}}, {"type": "Feature", "id": "-1185174064#1", "geometry": {"type": "LineString", "coordinates": [[-77.052743, -12.091283], [-77.052788, -12.091367], [-77.05292, -12.091642]]}, "properties": {"id": "-1185174064#1", "nombre": "-1185174064#1", "longitud": 44.18, "velocidad_max": 10.0, "num_lanes": 1}}, {"type": "Feature", "id": "-1185664028", "geometry": {"type": "LineString", "coordinates": [[-77.010064, -12.113327], [-77.010256, -12.113023], [-77.010283, -12.112954], [-77.010291, -12.112857], [-77.010293, -12.112789]]}, "properties": {"id": "-1185664028", "nombre": "Pasaje Grau", "longitud": 66.05, "velocidad_max": 50.0, "num_lanes": 1}}, {"type": "Feature", "id": "-118847798#1", "geometry": {"type": "LineString", "coordinates": [[-77.038653, -12.092809], [-77.038745, -12.092102], [-77.03879, -12.091809], [-77.038839, -12.091441]]}, "properties": {"id": "-118847798#1", "nombre": "Calle Las Palmeras", "longitud": 152.75, "velocidad_max": 40.0, "num_lanes": 1}}, {"type": "Feature", "id": "-1188763406", "geometry": {"type": "LineString", "coordinates": [[-77.015445, -12.109072], [-77.015566, -12.109077]]}, "properties": {"id": "-1188763406", "nombre": "Pasaje Flaubert", "longitud": 13.16, "velocidad_max": 50.0, "num_lanes": 1}}, {"type": "Feature", "id": "-11979621#2", "geometry": {"type": "LineString", "coordinates": [[-77.04236, -12.117941], [-77.04248, -12.118238], [-77.042646, -12.118649]]}, "properties": {"id": "-11979621#2", "nombre": "Avenida Santa Cruz", "longitud": 84.25, "velocidad_max": 60.0, "num_lanes": 1}}, {"type": "Feature", "id": "-11979621#4", "geometry": {"type": "LineString", "coordinates": [[-77.041999, -12.117144], [-77.042014, -12.117176], [-77.042302, -12.117806]]}, "properties": {"id": "-11979621#4", "nombre": "Avenida Santa Cruz", "longitud": 80.39, "velocidad_max": 60.0, "num_lanes": 1}}, {"type": "Feature", "id": "-11979621#6", "geometry": {"type": "LineString", "coordinates": [[-77.041572, -12.116226], [-77.04191, -12.11695], [-77.041932, -12.116998]]}, "properties": {"id": "-11979621#6", "nombre": "Avenida Santa Cruz", "longitud": 93.99, "velocidad_max": 60.0, "num_lanes": 1}}, {"type": "Feature", "id": "-11979621#7", "geometry": {"type": "LineString", "coordinates": [[-77.040748, -12.11518], [-77.040927, -12.115415], [-77.041498, -12.116116]]}, "properties": {"id": "-11979621#7", "nombre": "Avenida Santa Cruz", "longitud": 131.93, "velocidad_max": 60.0, "num_lanes": 1}}, {"type": "Feature", "id": "-11980143", "geometry": {"type": "LineString", "coordinates": [[-77.034499, -12.100924], [-77.034417, -12.100933], [-77.034338, -12.100932], [-77.034265, -12.100922], [-77.034177, -12.100883], [-77.034167, -12.100878]]}, "properties": {"id": "-11980143", "nombre": "Calle Ernesto Plascencia", "longitud": 37.39, "velocidad_max": 20.0, "num_lanes": 1}}, {"type": "Feature", "id": "-11988566#0", "geometry": {"type": "LineString", "coordinates": [[-77.030579, -12.102197], [-77.029775, -12.102063]]}, "properties": {"id": "-11988566#0", "nombre": "Calle La Florida", "longitud": 88.71, "velocidad_max": 40.0, "num_lanes": 1}}, {"type": "Feature", "id": "-11988566#1", "geometry": {"type": "LineString", "coordinates": [[-77.031632, -12.102367], [-77.030738, -12.102223]]}, "properties": {"id": "-11988566#1", "nombre": "Calle La Florida", "longitud": 98.67, "velocidad_max": 40.0, "num_lanes": 1}}, {"type": "Feature", "id": "-11988611", "geometry": {"type": "LineString", "coordinates": [[-77.027902, -12.100673], [-77.027842, -12.100663], [-77.027784, -12.100657], [-77.027743, -12.100657], [-77.027693, -12.100659], [-77.027629, -12.100664], [-77.027562, -12.100674], [-77.027516, -12.100687], [-77.027477, -12.100698], [-77.027403, -12.10073], [-77.027263, -12.100787]]}, "properties": {"id": "-11988611", "nombre": "Calle Chacarilla", "longitud": 72.15, "velocidad_max": 40.0, "num_lanes": 1}}, {"type": "Feature", "id": "-119996447#0", "geometry": {"type": "LineString", "coordinates": [[-77.021953, -12.084914], [-77.021951, -12.084932], [-77.021842, -12.08575], [-77.02184, -12.085763]]}, "properties": {"id": "-119996447#0", "nombre": "Enrique León García", "longitud": 94.77, "velocidad_max": 40.0, "num_lanes": 1}}, {"type": "Feature", "id": "-119996447#1", "geometry": {"type": "LineString", "coordinates": [[-77.022053, -12.084177], [-77.021966, -12.084805], [-77.021965, -12.084813]]}, "properties": {"id": "-119996447#1", "nombre": "Enrique León García", "longitud": 70.99, "velocidad_max": 40.0, "num_lanes": 1}}, {"type": "Feature", "id": "-119996447#2", "geometry": {"type": "LineString", "coordinates": [[-77.022145, -12.083513], [-77.022071, -12.084048]]}, "properties": {"id": "-119996447#2", "nombre": "Enrique León García", "longitud": 59.8, "velocidad_max": 40.0, "num_lanes": 1}}, {"type": "Feature", "id": "-119996447#3", "geometry": {"type": "LineString", "coordinates": [[-77.022217, -12.082994], [-77.022163, -12.083384]]}, "properties": {"id": "-119996447#3", "nombre": "Enrique León García", "longitud": 43.48, "velocidad_max": 40.0, "num_lanes": 1}}, {"type": "Feature", "id": "-119996447#4", "geometry": {"type": "LineString", "coordinates": [[-77.022289, -12.082504], [-77.022231, -12.082896]]}, "properties": {"id": "-119996447#4", "nombre": "Enrique León García", "longitud": 43.82, "velocidad_max": 40.0, "num_lanes": 1}}, {"type": "Feature", "id": "-119996447#5", "geometry": {"type": "LineString", "coordinates": [[-77.022403, -12.081735], [-77.022307, -12.082379]]}, "properties": {"id": "-119996447#5", "nombre": "Enrique León García", "longitud": 72.02, "velocidad_max": 40.0, "num_lanes": 1}}, {"type": "Feature", "id": "-1200705435", "geometry": {"type": "LineString", "coordinates": [[-77.010231, -12.049312], [-77.010042, -12.049326]]}, "properties": {"id": "-1200705435", "nombre": "Pasaje Churin", "longitud": 20.68, "velocidad_max": 50.0, "num_lanes": 1}}, {"type": "Feature", "id": "-120216117", "geometry": {"type": "LineString", "coordinates": [[-77.010942, -12.112477], [-77.010944, -12.112445]]}, "properties": {"id": "-120216117", "nombre": "-120216117", "longitud": 3.55, "velocidad_max": 80.0, "num_lanes": 1}}, {"type": "Feature", "id": "-120863175#1", "geometry": {"type": "LineString", "coordinates": [[-77.020851, -12.060765], [-77.020747, -12.061598], [-77.020698, -12.061878]]}, "properties": {"id": "-120863175#1", "nombre": "Jirón Prolongación Huamanga", "longitud": 124.31, "velocidad_max": 30.0, "num_lanes": 1}}, {"type": "Feature", "id": "-120936083#0", "geometry": {"type": "LineString", "coordinates": [[-77.058239, -12.07548], [-77.058607, -12.075451], [-77.058648, -12.075437], [-77.058671, -12.075419]]}, "properties": {"id": "-120936083#0", "nombre": "Calle Prolongación Cayetano Heredia", "longitud": 48.2, "velocidad_max": 50.0, "num_lanes": 1}}, {"type": "Feature", "id": "-120936083#1", "geometry": {"type": "LineString", "coordinates": [[-77.057772, -12.075408], [-77.057778, -12.075413], [-77.057867, -12.075444], [-77.057996, -12.075467], [-77.058113, -12.075479], [-77.058114, -12.075479]]}, "properties": {"id": "-120936083#1", "nombre": "Calle Prolongación Cayetano Heredia", "longitud": 38.29, "velocidad_max": 50.0, "num_lanes": 1}}, {"type": "Feature", "id": "-120936083#2", "geometry": {"type": "LineString", "coordinates": [[-77.057338, -12.075485], [-77.05734, -12.075484], [-77.05765, -12.075382], [-77.057664, -12.075381]]}, "properties": {"id": "-120936083#2", "nombre": "Calle Prolongación Cayetano Heredia", "longitud": 37.3, "velocidad_max": 50.0, "num_lanes": 1}}, {"type": "Feature", "id": "-120936083#4", "geometry": {"type": "LineString", "coordinates": [[-77.057102, -12.075659], [-77.057216, -12.075569], [-77.057227, -12.075559]]}, "properties": {"id": "-120936083#4", "nombre": "Calle Prolongación Cayetano Heredia", "longitud": 17.57, "velocidad_max": 50.0, "num_lanes": 1}}, {"type": "Feature", "id": "-121023254#0", "geometry": {"type": "LineString", "coordinates": [[-77.067743, -12.060197], [-77.067721, -12.060169], [-77.06758, -12.060072], [-77.067424, -12.06001], [-77.067407, -12.060004]]}, "properties": {"id": "-121023254#0", "nombre": "Jirón Leonidas La Sarre", "longitud": 42.94, "velocidad_max": 50.0, "num_lanes": 1}}, {"type": "Feature", "id": "-121023254#3", "geometry": {"type": "LineString", "coordinates": [[-77.068342, -12.061479], [-77.068243, -12.061219], [-77.067899, -12.060497]]}, "properties": {"id": "-121023254#3", "nombre": "Jirón Leonidas La Sarre", "longitud": 118.93, "velocidad_max": 50.0, "num_lanes": 1}}, {"type": "Feature", "id": "-121070369#0", "geometry": {"type": "LineString", "coordinates": [[-77.062896, -12.055625], [-77.061886, -12.055429]]}, "properties": {"id": "-121070369#0", "nombre": "Jirón Luisa Beausejour", "longitud": 112.09, "velocidad_max": 30.0, "num_lanes": 1}}, {"type": "Feature", "id": "-121070369#1", "geometry": {"type": "LineString", "coordinates": [[-77.064034, -12.055844], [-77.063248, -12.055693], [-77.063026, -12.05565]]}, "properties": {"id": "-121070369#1", "nombre": "Jirón Luisa Beausejour", "longitud": 111.81, "velocidad_max": 30.0, "num_lanes": 1}}, {"type": "Feature", "id": "-121070369#2", "geometry": {"type": "LineString", "coordinates": [[-77.064564, -12.055946], [-77.064164, -12.055869]]}, "properties": {"id": "-121070369#2", "nombre": "Jirón Luisa Beausejour", "longitud": 44.38, "velocidad_max": 30.0, "num_lanes": 1}}, {"type": "Feature", "id": "-121070369#3", "geometry": {"type": "LineString", "coordinates": [[-77.064958, -12.056022], [-77.064694, -12.055971]]}, "properties": {"id": "-121070369#3", "nombre": "Jirón Luisa Beausejour", "longitud": 29.26, "velocidad_max": 30.0, "num_lanes": 1}}, {"type": "Feature", "id": "-121070369#4", "geometry": {"type": "LineString", "coordinates": [[-77.065442, -12.056115], [-77.065087, -12.056046]]}, "properties": {"id": "-121070369#4", "nombre": "Jirón Luisa Beausejour", "longitud": 39.37, "velocidad_max": 30.0, "num_lanes": 1}}, {"type": "Feature", "id": "-121070369#5", "geometry": {"type": "LineString", "coordinates": [[-77.065891, -12.056201], [-77.065572, -12.05614]]}, "properties": {"id": "-121070369#5", "nombre": "Jirón Luisa Beausejour", "longitud": 35.37, "velocidad_max": 30.0, "num_lanes": 1}}, {"type": "Feature", "id": "-121070369#6", "geometry": {"type": "LineString", "coordinates": [[-77.066463, -12.056362], [-77.066358, -12.056337], [-77.066084, -12.056245], [-77.066018, -12.056229]]}, "properties": {"id": "-121070369#6", "nombre": "Jirón Luisa Beausejour", "longitud": 50.71, "velocidad_max": 30.0, "num_lanes": 1}}, {"type": "Feature", "id": "-121070369#7", "geometry": {"type": "LineString", "coordinates": [[-77.067046, -12.056483], [-77.066594, -12.056391]]}, "properties": {"id": "-121070369#7", "nombre": "Jirón Luisa Beausejour", "longitud": 50.34, "velocidad_max": 30.0, "num_lanes": 1}}, {"type": "Feature", "id": "-122525613#1", "geometry": {"type": "LineString", "coordinates": [[-77.011343, -12.055851], [-77.010886, -12.056206], [-77.011207, -12.056614]]}, "properties": {"id": "-122525613#1", "nombre": "Jirón García Naranjo", "longitud": 120.59, "velocidad_max": 50.0, "num_lanes": 1}}, {"type": "Feature", "id": "-122541915#3", "geometry": {"type": "LineString", "coordinates": [[-77.013766, -12.043112], [-77.013788, -12.043123], [-77.013988, -12.043163], [-77.014588, -12.043264], [-77.014807, -12.043308], [-77.015035, -12.043354], [-77.015045, -12.043356], [-77.015323, -12.043416], [-77.015416, -12.043472], [-77.015701, -12.043735], [-77.016385, -12.044371], [-77.016667, -12.044606], [-77.016944, -12.044867], [-77.016964, -12.044881], [-77.016999, -12.044904]]}, "properties": {"id": "-122541915#3", "nombre": "Pasaje Martinety", "longitud": 419.15, "velocidad_max": 30.0, "num_lanes": 1}}, {"type": "Feature", "id": "-122541915#4", "geometry": {"type": "LineString", "coordinates": [[-77.013673, -12.042982], [-77.013674, -12.042983]]}, "properties": {"id": "-122541915#4", "nombre": "Pasaje Martinety", "longitud": 0.2, "velocidad_max": 30.0, "num_lanes": 1}}, {"type": "Feature", "id": "-122541915#5", "geometry": {"type": "LineString", "coordinates": [[-77.0135, -12.043062], [-77.013548, -12.042998], [-77.013557, -12.042985]]}, "properties": {"id": "-122541915#5", "nombre": "Pasaje Martinety", "longitud": 10.53, "velocidad_max": 30.0, "num_lanes": 1}}, {"type": "Feature", "id": "-122541918#5", "geometry": {"type": "LineString", "coordinates": [[-77.013196, -12.041736], [-77.013183, -12.0418], [-77.013008, -12.042071], [-77.012946, -12.042178], [-77.012927, -12.042235], [-77.012926, -12.042299], [-77.012937, -12.042369], [-77.012961, -12.042425], [-77.012995, -12.042492], [-77.013002, -12.042537], [-77.013027, -12.04263], [-77.013039, -12.042708], [-77.013064, -12.042756], [-77.013081, -12.042779], [-77.013117, -12.042827], [-77.013264, -12.042943], [-77.013428, -12.043071]]}, "properties": {"id": "-122541918#5", "nombre": "Martinete", "longitud": 176.45, "velocidad_max": 30.0, "num_lanes": 1}}, {"type": "Feature", "id": "-122541919", "geometry": {"type": "LineString", "coordinates": [[-77.011911, -12.045293], [-77.011669, -12.045313]]}, "properties": {"id": "-122541919", "nombre": "-122541919", "longitud": 26.46, "velocidad_max": 10.0, "num_lanes": 1}}, {"type": "Feature", "id": "-122541935#1", "geometry": {"type": "LineString", "coordinates": [[-77.011476, -12.051006], [-77.01155, -12.051252], [-77.011564, -12.051301], [-77.011618, -12.05146], [-77.011668, -12.051602], [-77.011699, -12.051673], [-77.011734, -12.051749], [-77.011745, -12.05178]]}, "properties": {"id": "-122541935#1", "nombre": "Jirón José Rivera y Dávalos", "longitud": 90.64, "velocidad_max": 30.0, "num_lanes": 1}}, {"type": "Feature", "id": "-122541935#11", "geometry": {"type": "LineString", "coordinates": [[-77.011042, -12.045975], [-77.011042, -12.045978], [-77.011026, -12.046172], [-77.010986, -12.046656], [-77.010965, -12.047021], [-77.01095, -12.047271], [-77.010957, -12.047556], [-77.011016, -12.048479]]}, "properties": {"id": "-122541935#11", "nombre": "Jirón José Rivera y Dávalos", "longitud": 277.58, "velocidad_max": 30.0, "num_lanes": 1}}, {"type": "Feature", "id": "-122541935#2", "geometry": {"type": "LineString", "coordinates": [[-77.011411, -12.050767], [-77.01144, -12.050878]]}, "properties": {"id": "-122541935#2", "nombre": "Jirón José Rivera y Dávalos", "longitud": 12.68, "velocidad_max": 30.0, "num_lanes": 1}}, {"type": "Feature", "id": "-122541935#6", "geometry": {"type": "LineString", "coordinates": [[-77.011152, -12.049724], [-77.011178, -12.049823], [-77.011243, -12.05007], [-77.01125, -12.050095], [-77.011271, -12.050185], [-77.011333, -12.050458], [-77.011379, -12.050641]]}, "properties": {"id": "-122541935#6", "nombre": "Jirón José Rivera y Dávalos", "longitud": 104.44, "velocidad_max": 30.0, "num_lanes": 1}}, {"type": "Feature", "id": "-122541935#7", "geometry": {"type": "LineString", "coordinates": [[-77.011098, -12.049419], [-77.011127, -12.049604]]}, "properties": {"id": "-122541935#7", "nombre": "Jirón José Rivera y Dávalos", "longitud": 20.71, "velocidad_max": 30.0, "num_lanes": 1}}, {"type": "Feature", "id": "-122541935#9", "geometry": {"type": "LineString", "coordinates": [[-77.011025, -12.048607], [-77.01108, -12.049224], [-77.01109, -12.049335]]}, "properties": {"id": "-122541935#9", "nombre": "Jirón José Rivera y Dávalos", "longitud": 80.85, "velocidad_max": 30.0, "num_lanes": 1}}, {"type": "Feature", "id": "-122541938#0", "geometry": {"type": "LineString", "coordinates": [[-77.011952, -12.045208], [-77.011923, -12.045045], [-77.011914, -12.045003]]}, "properties": {"id": "-122541938#0", "nombre": "-122541938#0", "longitud": 23.05, "velocidad_max": 10.0, "num_lanes": 1}}, {"type": "Feature", "id": "-122554774#1", "geometry": {"type": "LineString", "coordinates": [[-77.011708, -12.050879], [-77.011661, -12.050421], [-77.01164, -12.049787]]}, "properties": {"id": "-122554774#1", "nombre": "Jirón Conchucos", "longitud": 121.17, "velocidad_max": 30.0, "num_lanes": 1}}, {"type": "Feature", "id": "-122554774#2", "geometry": {"type": "LineString", "coordinates": [[-77.011756, -12.051434], [-77.011721, -12.051014]]}, "properties": {"id": "-122554774#2", "nombre": "Jirón Conchucos", "longitud": 46.62, "velocidad_max": 30.0, "num_lanes": 1}}, {"type": "Feature", "id": "-122554774#4", "geometry": {"type": "LineString", "coordinates": [[-77.011776, -12.051772], [-77.011768, -12.051586], [-77.011767, -12.051564]]}, "properties": {"id": "-122554774#4", "nombre": "Jirón Conchucos", "longitud": 23.03, "velocidad_max": 30.0, "num_lanes": 1}}, {"type": "Feature", "id": "-122554778#2", "geometry": {"type": "LineString", "coordinates": [[-77.01178, -12.050936], [-77.012237, -12.050972], [-77.012576, -12.050999], [-77.01282, -12.051018]]}, "properties": {"id": "-122554778#2", "nombre": "Oropesa", "longitud": 113.71, "velocidad_max": 30.0, "num_lanes": 1}}, {"type": "Feature", "id": "-122554778#3", "geometry": {"type": "LineString", "coordinates": [[-77.011518, -12.050925], [-77.011667, -12.050929]]}, "properties": {"id": "-122554778#3", "nombre": "Oropesa", "longitud": 16.22, "velocidad_max": 30.0, "num_lanes": 1}}, {"type": "Feature", "id": "-122554780", "geometry": {"type": "LineString", "coordinates": [[-77.01035, -12.049756], [-77.010246, -12.049323]]}, "properties": {"id": "-122554780", "nombre": "Pasaje Ámbar", "longitud": 49.26, "velocidad_max": 50.0, "num_lanes": 1}}, {"type": "Feature", "id": "-122554781", "geometry": {"type": "LineString", "coordinates": [[-77.011319, -12.050737], [-77.010399, -12.050945]]}, "properties": {"id": "-122554781", "nombre": "Jirón Pativilca", "longitud": 102.76, "velocidad_max": 30.0, "num_lanes": 1}}, {"type": "Feature", "id": "-122554784#0", "geometry": {"type": "LineString", "coordinates": [[-77.010039, -12.048615], [-77.009527, -12.048649]]}, "properties": {"id": "-122554784#0", "nombre": "Jirón Huacho", "longitud": 55.95, "velocidad_max": 30.0, "num_lanes": 1}}, {"type": "Feature", "id": "-122554784#1", "geometry": {"type": "LineString", "coordinates": [[-77.010313, -12.048601], [-77.010172, -12.048608]]}, "properties": {"id": "-122554784#1", "nombre": "Jirón Huacho", "longitud": 15.43, "velocidad_max": 30.0, "num_lanes": 1}}, {"type": "Feature", "id": "-122554784#2", "geometry": {"type": "LineString", "coordinates": [[-77.01094, -12.048563], [-77.010445, -12.048593]]}, "properties": {"id": "-122554784#2", "nombre": "Jirón Huacho", "longitud": 54.01, "velocidad_max": 30.0, "num_lanes": 1}}, {"type": "Feature", "id": "-122554786#4", "geometry": {"type": "LineString", "coordinates": [[-77.012089, -12.052498], [-77.012329, -12.052478], [-77.012431, -12.052473], [-77.012673, -12.05246], [-77.012766, -12.052456], [-77.012918, -12.052449]]}, "properties": {"id": "-122554786#4", "nombre": "Jirón Antonio Miró Quezada", "longitud": 90.47, "velocidad_max": 30.0, "num_lanes": 1}}, {"type": "Feature", "id": "-122554786#6", "geometry": {"type": "LineString", "coordinates": [[-77.011757, -12.052615], [-77.01183, -12.052582], [-77.011947, -12.052532]]}, "properties": {"id": "-122554786#6", "nombre": "Jirón Antonio Miró Quezada", "longitud": 22.58, "velocidad_max": 30.0, "num_lanes": 1}}, {"type": "Feature", "id": "-122554787#1", "geometry": {"type": "LineString", "coordinates": [[-77.009993, -12.049054], [-77.010102, -12.049042], [-77.010158, -12.049026], [-77.010262, -12.048883], [-77.010333, -12.048787], [-77.010363, -12.048721], [-77.010365, -12.04865]]}, "properties": {"id": "-122554787#1", "nombre": "Jirón Oyón", "longitud": 66.77, "velocidad_max": 30.0, "num_lanes": 1}}, {"type": "Feature", "id": "-122554795#0", "geometry": {"type": "LineString", "coordinates": [[-77.010441, -12.04979], [-77.011057, -12.049666]]}, "properties": {"id": "-122554795#0", "nombre": "Jirón República", "longitud": 68.47, "velocidad_max": 30.0, "num_lanes": 1}}, {"type": "Feature", "id": "-122554795#1", "geometry": {"type": "LineString", "coordinates": [[-77.010137, -12.049851], [-77.010312, -12.049816]]}, "properties": {"id": "-122554795#1", "nombre": "Jirón República", "longitud": 19.46, "velocidad_max": 30.0, "num_lanes": 1}}, {"type": "Feature", "id": "-122554795#2", "geometry": {"type": "LineString", "coordinates": [[-77.009622, -12.049956], [-77.010007, -12.049878]]}, "properties": {"id": "-122554795#2", "nombre": "Jirón República", "longitud": 42.8, "velocidad_max": 30.0, "num_lanes": 1}}, {"type": "Feature", "id": "-122554797#0", "geometry": {"type": "LineString", "coordinates": [[-77.009903, -12.049014], [-77.009891, -12.048923], [-77.009924, -12.048885], [-77.010096, -12.048874], [-77.010111, -12.048848], [-77.010095, -12.048664]]}, "properties": {"id": "-122554797#0", "nombre": "Jirón Oyón", "longitud": 58.18, "velocidad_max": 30.0, "num_lanes": 1}}, {"type": "Feature", "id": "-122554797#1", "geometry": {"type": "LineString", "coordinates": [[-77.009947, -12.049257], [-77.009941, -12.049212], [-77.009926, -12.049146]]}, "properties": {"id": "-122554797#1", "nombre": "Jirón Oyón", "longitud": 12.5, "velocidad_max": 30.0, "num_lanes": 1}}, {"type": "Feature", "id": "-122554797#2", "geometry": {"type": "LineString", "coordinates": [[-77.010048, -12.049817], [-77.009969, -12.049386]]}, "properties": {"id": "-122554797#2", "nombre": "Jirón Oyón", "longitud": 48.35, "velocidad_max": 30.0, "num_lanes": 1}}, {"type": "Feature", "id": "-1227294023#1", "geometry": {"type": "LineString", "coordinates": [[-77.057434, -12.051471], [-77.057431, -12.051459], [-77.057172, -12.050608], [-77.057149, -12.050524], [-77.057011, -12.049988], [-77.056984, -12.04967], [-77.056939, -12.049129], [-77.056924, -12.048958], [-77.05692, -12.048872]]}, "properties": {"id": "-1227294023#1", "nombre": "-1227294023#1", "longitud": 294.35, "velocidad_max": 10.0, "num_lanes": 1}}, {"type": "Feature", "id": "-1227520147#1", "geometry": {"type": "LineString", "coordinates": [[-77.049838, -12.059073], [-77.049997, -12.058949], [-77.050195, -12.058795], [-77.050208, -12.058783]]}, "properties": {"id": "-1227520147#1", "nombre": "Jirón Olmedo", "longitud": 51.52, "velocidad_max": 50.0, "num_lanes": 1}}, {"type": "Feature", "id": "-1244788972#0", "geometry": {"type": "LineString", "coordinates": [[-77.014774, -12.044347], [-77.014774, -12.044349]]}, "properties": {"id": "-1244788972#0", "nombre": "-1244788972#0", "longitud": 0.2, "velocidad_max": 50.0, "num_lanes": 1}}, {"type": "Feature", "id": "-1244788972#3", "geometry": {"type": "LineString", "coordinates": [[-77.014896, -12.043891], [-77.014874, -12.043975], [-77.014815, -12.04419], [-77.014798, -12.044251]]}, "properties": {"id": "-1244788972#3", "nombre": "-1244788972#3", "longitud": 41.17, "velocidad_max": 50.0, "num_lanes": 1}}, {"type": "Feature", "id": "-1244788974", "geometry": {"type": "LineString", "coordinates": [[-77.0147, -12.044308], [-77.014659, -12.044297], [-77.01443, -12.04425], [-77.014228, -12.044207], [-77.014151, -12.044189], [-77.013777, -12.04409], [-77.013322, -12.043969], [-77.01322, -12.043942]]}, "properties": {"id": "-1244788974", "nombre": "-1244788974", "longitud": 166.28, "velocidad_max": 50.0, "num_lanes": 1}}, {"type": "Feature", "id": "-1245624282", "geometry": {"type": "LineString", "coordinates": [[-77.01369, -12.111122], [-77.013819, -12.110952], [-77.013864, -12.1109], [-77.013907, -12.110889], [-77.013961, -12.110904], [-77.014008, -12.110973], [-77.014066, -12.111075], [-77.014108, -12.111197], [-77.014132, -12.111293]]}, "properties": {"id": "-1245624282", "nombre": "-1245624282", "longitud": 89.27, "velocidad_max": 50.0, "num_lanes": 1}}, {"type": "Feature", "id": "-1245624285#0", "geometry": {"type": "LineString", "coordinates": [[-77.024941, -12.104905], [-77.024976, -12.104972]]}, "properties": {"id": "-1245624285#0", "nombre": "-1245624285#0", "longitud": 8.29, "velocidad_max": 50.0, "num_lanes": 1}}, {"type": "Feature", "id": "-1245624285#1", "geometry": {"type": "LineString", "coordinates": [[-77.024712, -12.104499], [-77.024878, -12.104791]]}, "properties": {"id": "-1245624285#1", "nombre": "-1245624285#1", "longitud": 37.06, "velocidad_max": 50.0, "num_lanes": 1}}, {"type": "Feature", "id": "-1245624285#2", "geometry": {"type": "LineString", "coordinates": [[-77.024597, -12.104296], [-77.024647, -12.104385]]}, "properties": {"id": "-1245624285#2", "nombre": "-1245624285#2", "longitud": 11.29, "velocidad_max": 50.0, "num_lanes": 1}}, {"type": "Feature", "id": "-1252114021", "geometry": {"type": "LineString", "coordinates": [[-77.052934, -12.08156], [-77.053087, -12.081731], [-77.053086, -12.081731], [-77.053119, -12.081699]]}, "properties": {"id": "-1252114021", "nombre": "-1252114021", "longitud": 30.46, "velocidad_max": 10.0, "num_lanes": 1}}, {"type": "Feature", "id": "-1253103144#0", "geometry": {"type": "LineString", "coordinates": [[-77.038133, -12.041425], [-77.038173, -12.041488], [-77.038204, -12.041527], [-77.038318, -12.041687]]}, "properties": {"id": "-1253103144#0", "nombre": "Jirón Angaraes", "longitud": 35.4, "velocidad_max": 50.0, "num_lanes": 1}}, {"type": "Feature", "id": "-1253103144#1", "geometry": {"type": "LineString", "coordinates": [[-77.038069, -12.041301], [-77.038073, -12.041311]]}, "properties": {"id": "-1253103144#1", "nombre": "-1253103144#1", "longitud": 1.12, "velocidad_max": 50.0, "num_lanes": 1}}, {"type": "Feature", "id": "-1253103145#0", "geometry": {"type": "LineString", "coordinates": [[-77.038098, -12.041214], [-77.038274, -12.041191], [-77.038293, -12.041193], [-77.038319, -12.041242], [-77.038312, -12.041262], [-77.038152, -12.041356]]}, "properties": {"id": "-1253103145#0", "nombre": "-1253103145#0", "longitud": 50.05, "velocidad_max": 50.0, "num_lanes": 1}}, {"type": "Feature", "id": "-1253103145#1", "geometry": {"type": "LineString", "coordinates": [[-77.03784, -12.041249], [-77.037965, -12.041232]]}, "properties": {"id": "-1253103145#1", "nombre": "-1253103145#1", "longitud": 13.76, "velocidad_max": 50.0, "num_lanes": 1}}, {"type": "Feature", "id": "-125812077#2", "geometry": {"type": "LineString", "coordinates": [[-77.065429, -12.06137], [-77.065927, -12.061273]]}, "properties": {"id": "-125812077#2", "nombre": "Jirón Manuel Alanza", "longitud": 55.27, "velocidad_max": 50.0, "num_lanes": 1}}, {"type": "Feature", "id": "-125812077#4", "geometry": {"type": "LineString", "coordinates": [[-77.064066, -12.061596], [-77.065299, -12.061396]]}, "properties": {"id": "-125812077#4", "nombre": "Jirón Manuel Alanza", "longitud": 136.11, "velocidad_max": 50.0, "num_lanes": 1}}, {"type": "Feature", "id": "-125812085", "geometry": {"type": "LineString", "coordinates": [[-77.064492, -12.064381], [-77.064348, -12.063611]]}, "properties": {"id": "-125812085", "nombre": "Pasaje Salazar Bondy", "longitud": 86.63, "velocidad_max": 50.0, "num_lanes": 1}}, {"type": "Feature", "id": "-125812091#0", "geometry": {"type": "LineString", "coordinates": [[-77.066096, -12.062839], [-77.065636, -12.06292], [-77.065238, -12.062987]]}, "properties": {"id": "-125812091#0", "nombre": "Calle Los Geranios", "longitud": 94.91, "velocidad_max": 50.0, "num_lanes": 1}}, {"type": "Feature", "id": "-125812092#0", "geometry": {"type": "LineString", "coordinates": [[-77.065231, -12.063704], [-77.064986, -12.063745], [-77.064973, -12.063748]]}, "properties": {"id": "-125812092#0", "nombre": "-125812092#0", "longitud": 28.52, "velocidad_max": 30.0, "num_lanes": 1}}, {"type": "Feature", "id": "-125812092#2", "geometry": {"type": "LineString", "coordinates": [[-77.066222, -12.063526], [-77.065771, -12.063607], [-77.065362, -12.063681]]}, "properties": {"id": "-125812092#2", "nombre": "-125812092#2", "longitud": 95.16, "velocidad_max": 30.0, "num_lanes": 1}}, {"type": "Feature", "id": "-125812094#2", "geometry": {"type": "LineString", "coordinates": [[-77.065914, -12.066625], [-77.065854, -12.0663], [-77.06572, -12.065573], [-77.065649, -12.065181]]}, "properties": {"id": "-125812094#2", "nombre": "Los Fresnos", "longitud": 162.35, "velocidad_max": 30.0, "num_lanes": 1}}, {"type": "Feature", "id": "-125812094#5", "geometry": {"type": "LineString", "coordinates": [[-77.066, -12.067097], [-77.065963, -12.066893], [-77.065937, -12.066753]]}, "properties": {"id": "-125812094#5", "nombre": "Los Fresnos", "longitud": 38.61, "velocidad_max": 30.0, "num_lanes": 1}}, {"type": "Feature", "id": "-125812099#3", "geometry": {"type": "LineString", "coordinates": [[-77.061283, -12.062431], [-77.061149, -12.062039], [-77.061088, -12.061856], [-77.061086, -12.061847], [-77.060632, -12.060492]]}, "properties": {"id": "-125812099#3", "nombre": "Jirón Juan Chávez Tueros", "longitud": 225.92, "velocidad_max": 50.0, "num_lanes": 1}}, {"type": "Feature", "id": "-125812102#2", "geometry": {"type": "LineString", "coordinates": [[-77.062274, -12.060797], [-77.06226, -12.06088], [-77.062262, -12.061028], [-77.062293, -12.061174], [-77.06235, -12.061312], [-77.062433, -12.061437], [-77.062484, -12.061505], [-77.062485, -12.061506]]}, "properties": {"id": "-125812102#2", "nombre": "Jirón Benigno Antesana", "longitud": 84.76, "velocidad_max": 50.0, "num_lanes": 1}}, {"type": "Feature", "id": "-125812103#0", "geometry": {"type": "LineString", "coordinates": [[-77.063574, -12.060592], [-77.063382, -12.060557], [-77.063319, -12.060545], [-77.063312, -12.060544]]}, "properties": {"id": "-125812103#0", "nombre": "Manuel Escorza", "longitud": 29.1, "velocidad_max": 50.0, "num_lanes": 1}}, {"type": "Feature", "id": "-125812103#1", "geometry": {"type": "LineString", "coordinates": [[-77.064048, -12.06068], [-77.063704, -12.060616]]}, "properties": {"id": "-125812103#1", "nombre": "Manuel Escorza", "longitud": 38.14, "velocidad_max": 50.0, "num_lanes": 1}}, {"type": "Feature", "id": "-125812103#2", "geometry": {"type": "LineString", "coordinates": [[-77.064705, -12.060736], [-77.06459, -12.060739], [-77.064395, -12.060728], [-77.064178, -12.060708]]}, "properties": {"id": "-125812103#2", "nombre": "Manuel Escorza", "longitud": 57.46, "velocidad_max": 50.0, "num_lanes": 1}}, {"type": "Feature", "id": "-125812103#4", "geometry": {"type": "LineString", "coordinates": [[-77.065166, -12.060669], [-77.064843, -12.060723]]}, "properties": {"id": "-125812103#4", "nombre": "Manuel Escorza", "longitud": 35.68, "velocidad_max": 50.0, "num_lanes": 1}}, {"type": "Feature", "id": "-125812104#1", "geometry": {"type": "LineString", "coordinates": [[-77.064785, -12.059417], [-77.064748, -12.059598], [-77.064722, -12.05981], [-77.064712, -12.060023], [-77.064718, -12.060236], [-77.06474, -12.060448], [-77.064776, -12.060646]]}, "properties": {"id": "-125812104#1", "nombre": "Jirón Enrique López Albújar", "longitud": 137.08, "velocidad_max": 50.0, "num_lanes": 1}}, {"type": "Feature", "id": "-125812106#2", "geometry": {"type": "LineString", "coordinates": [[-77.06364, -12.060523], [-77.063887, -12.059286], [-77.063888, -12.059281]]}, "properties": {"id": "-125812106#2", "nombre": "Justo Arias Araguez", "longitud": 140.1, "velocidad_max": 50.0, "num_lanes": 1}}, {"type": "Feature", "id": "-125812123#1", "geometry": {"type": "LineString", "coordinates": [[-77.069298, -12.056292], [-77.069402, -12.055972], [-77.069522, -12.055669]]}, "properties": {"id": "-125812123#1", "nombre": "Jirón Trinidad Ceus", "longitud": 73.14, "velocidad_max": 50.0, "num_lanes": 1}}, {"type": "Feature", "id": "-125812123#2", "geometry": {"type": "LineString", "coordinates": [[-77.069164, -12.056804], [-77.06926, -12.05642]]}, "properties": {"id": "-125812123#2", "nombre": "Jirón Trinidad Ceus", "longitud": 43.75, "velocidad_max": 50.0, "num_lanes": 1}}, {"type": "Feature", "id": "-125812123#3", "geometry": {"type": "LineString", "coordinates": [[-77.069077, -12.05728], [-77.069136, -12.056934]]}, "properties": {"id": "-125812123#3", "nombre": "Jirón Trinidad Ceus", "longitud": 38.76, "velocidad_max": 50.0, "num_lanes": 1}}, {"type": "Feature", "id": "-125812124", "geometry": {"type": "LineString", "coordinates": [[-77.069361, -12.056362], [-77.069938, -12.056489], [-77.070017, -12.056501], [-77.070157, -12.05652], [-77.070307, -12.056534], [-77.07071, -12.056545]]}, "properties": {"id": "-125812124", "nombre": "Jirón José Remy Barua", "longitud": 148.77, "velocidad_max": 50.0, "num_lanes": 1}}, {"type": "Feature", "id": "-125812125", "geometry": {"type": "LineString", "coordinates": [[-77.069693, -12.055257], [-77.069593, -12.055556]]}, "properties": {"id": "-125812125", "nombre": "Jirón Trinidad Ceus", "longitud": 34.81, "velocidad_max": 50.0, "num_lanes": 1}}, {"type": "Feature", "id": "-125812126", "geometry": {"type": "LineString", "coordinates": [[-77.071166, -12.057046], [-77.070701, -12.057062], [-77.070288, -12.057071], [-77.070182, -12.057062], [-77.069895, -12.057038], [-77.069225, -12.056899]]}, "properties": {"id": "-125812126", "nombre": "Jirón Felipe Yofre", "longitud": 213.15, "velocidad_max": 50.0, "num_lanes": 1}}, {"type": "Feature", "id": "-125812127#0", "geometry": {"type": "LineString", "coordinates": [[-77.069763, -12.055176], [-77.070043, -12.055205], [-77.071284, -12.055337], [-77.071679, -12.055375], [-77.071767, -12.055384]]}, "properties": {"id": "-125812127#0", "nombre": "Jirón Eleazar Guzmán y Barrón", "longitud": 219.38, "velocidad_max": 30.0, "num_lanes": 1}}, {"type": "Feature", "id": "-125812127#1", "geometry": {"type": "LineString", "coordinates": [[-77.069299, -12.055128], [-77.069631, -12.055162]]}, "properties": {"id": "-125812127#1", "nombre": "Jirón Eleazar Guzmán y Barrón", "longitud": 36.33, "velocidad_max": 30.0, "num_lanes": 1}}, {"type": "Feature", "id": "-126127935#10", "geometry": {"type": "LineString", "coordinates": [[-77.055808, -12.058451], [-77.055938, -12.058342], [-77.056001, -12.058289], [-77.056104, -12.058203], [-77.056141, -12.058172], [-77.056402, -12.057953]]}, "properties": {"id": "-126127935#10", "nombre": "Jirón Restauración", "longitud": 84.93, "velocidad_max": 30.0, "num_lanes": 1}}, {"type": "Feature", "id": "-126127935#2", "geometry": {"type": "LineString", "coordinates": [[-77.057071, -12.057391], [-77.057338, -12.057167], [-77.057431, -12.057089], [-77.057696, -12.056867]]}, "properties": {"id": "-126127935#2", "nombre": "Jirón Restauración", "longitud": 89.41, "velocidad_max": 30.0, "num_lanes": 1}}, {"type": "Feature", "id": "-126127935#5", "geometry": {"type": "LineString", "coordinates": [[-77.05648, -12.057887], [-77.056761, -12.057651], [-77.056793, -12.057625], [-77.05697, -12.057476]]}, "properties": {"id": "-126127935#5", "nombre": "Jirón Restauración", "longitud": 70.14, "velocidad_max": 30.0, "num_lanes": 1}}, {"type": "Feature", "id": "-126127961#1", "geometry": {"type": "LineString", "coordinates": [[-77.055636, -12.05951], [-77.055783, -12.059378], [-77.056186, -12.059026]]}, "properties": {"id": "-126127961#1", "nombre": "Jirón Atalaya", "longitud": 80.3, "velocidad_max": 50.0, "num_lanes": 1}}, {"type": "Feature", "id": "-126127961#4", "geometry": {"type": "LineString", "coordinates": [[-77.05494, -12.060097], [-77.055042, -12.060011], [-77.055374, -12.059732], [-77.055559, -12.059577]]}, "properties": {"id": "-126127961#4", "nombre": "Jirón Atalaya", "longitud": 88.57, "velocidad_max": 50.0, "num_lanes": 1}}, {"type": "Feature", "id": "-126127966#4", "geometry": {"type": "LineString", "coordinates": [[-77.055599, -12.062244], [-77.055743, -12.062414], [-77.05582, -12.062507], [-77.05587, -12.062566], [-77.055933, -12.062641], [-77.056034, -12.062761], [-77.056147, -12.062897], [-77.0562, -12.062978]]}, "properties": {"id": "-126127966#4", "nombre": "Jirón Azcona", "longitud": 104.4, "velocidad_max": 50.0, "num_lanes": 1}}, {"type": "Feature", "id": "-126127966#6", "geometry": {"type": "LineString", "coordinates": [[-77.055125, -12.061719], [-77.055309, -12.061922], [-77.055531, -12.062165]]}, "properties": {"id": "-126127966#6", "nombre": "Jirón Azcona", "longitud": 66.37, "velocidad_max": 50.0, "num_lanes": 1}}, {"type": "Feature", "id": "-126127980#0", "geometry": {"type": "LineString", "coordinates": [[-77.055198, -12.06454], [-77.055156, -12.064551], [-77.054416, -12.064747], [-77.054269, -12.064787]]}, "properties": {"id": "-126127980#0", "nombre": "Jirón Alto de la Luna", "longitud": 104.83, "velocidad_max": 30.0, "num_lanes": 1}}, {"type": "Feature", "id": "-126127980#1", "geometry": {"type": "LineString", "coordinates": [[-77.055718, -12.064395], [-77.055334, -12.064503]]}, "properties": {"id": "-126127980#1", "nombre": "Jirón Alto de la Luna", "longitud": 43.52, "velocidad_max": 30.0, "num_lanes": 1}}, {"type": "Feature", "id": "-126127980#5", "geometry": {"type": "LineString", "coordinates": [[-77.056946, -12.063898], [-77.056358, -12.064145], [-77.055984, -12.064303], [-77.055976, -12.064306]]}, "properties": {"id": "-126127980#5", "nombre": "Jirón Alto de la Luna", "longitud": 114.81, "velocidad_max": 30.0, "num_lanes": 1}}, {"type": "Feature", "id": "-126128008#2", "geometry": {"type": "LineString", "coordinates": [[-77.059779, -12.0653], [-77.060015, -12.065237], [-77.06024, -12.065176], [-77.06025, -12.065174]]}, "properties": {"id": "-126128008#2", "nombre": "Jirón Francisco de Orellana", "longitud": 53.1, "velocidad_max": 30.0, "num_lanes": 1}}, {"type": "Feature", "id": "-126128008#4", "geometry": {"type": "LineString", "coordinates": [[-77.058791, -12.065565], [-77.059224, -12.065449], [-77.059651, -12.065334]]}, "properties": {"id": "-126128008#4", "nombre": "Jirón Francisco de Orellana", "longitud": 97.14, "velocidad_max": 30.0, "num_lanes": 1}}, {"type": "Feature", "id": "-126128008#5", "geometry": {"type": "LineString", "coordinates": [[-77.058275, -12.065713], [-77.05829, -12.065709], [-77.058692, -12.065593]]}, "properties": {"id": "-126128008#5", "nombre": "Jirón Francisco de Orellana", "longitud": 47.36, "velocidad_max": 30.0, "num_lanes": 1}}, {"type": "Feature", "id": "-126128012#0", "geometry": {"type": "LineString", "coordinates": [[-77.059383, -12.0665], [-77.059554, -12.066433]]}, "properties": {"id": "-126128012#0", "nombre": "-126128012#0", "longitud": 20.05, "velocidad_max": 50.0, "num_lanes": 1}}, {"type": "Feature", "id": "-126128012#1", "geometry": {"type": "LineString", "coordinates": [[-77.059116, -12.066603], [-77.05926, -12.066548]]}, "properties": {"id": "-126128012#1", "nombre": "-126128012#1", "longitud": 16.8, "velocidad_max": 50.0, "num_lanes": 1}}, {"type": "Feature", "id": "-126128019#1", "geometry": {"type": "LineString", "coordinates": [[-77.055705, -12.065468], [-77.056109, -12.06531]]}, "properties": {"id": "-126128019#1", "nombre": "-126128019#1", "longitud": 47.32, "velocidad_max": 50.0, "num_lanes": 1}}, {"type": "Feature", "id": "-126129848", "geometry": {"type": "LineString", "coordinates": [[-77.057194, -12.05648], [-77.057258, -12.055839]]}, "properties": {"id": "-126129848", "nombre": "Saenz Peña", "longitud": 71.22, "velocidad_max": 30.0, "num_lanes": 1}}, {"type": "Feature", "id": "-126129860", "geometry": {"type": "LineString", "coordinates": [[-77.055828, -12.070543], [-77.056588, -12.070687]]}, "properties": {"id": "-126129860", "nombre": "Rivadavia", "longitud": 84.27, "velocidad_max": 50.0, "num_lanes": 1}}, {"type": "Feature", "id": "-126129862#2", "geometry": {"type": "LineString", "coordinates": [[-77.056463, -12.071869], [-77.056301, -12.071879], [-77.05622, -12.071885], [-77.056121, -12.071907], [-77.056062, -12.071896], [-77.055995, -12.071862], [-77.055946, -12.071837], [-77.055902, -12.071801], [-77.055876, -12.071757], [-77.055878, -12.071695], [-77.055923, -12.07148], [-77.056007, -12.071083]]}, "properties": {"id": "-126129862#2", "nombre": "-126129862#2", "longitud": 146.14, "velocidad_max": 50.0, "num_lanes": 1}}, {"type": "Feature", "id": "-1263940392#1", "geometry": {"type": "LineString", "coordinates": [[-77.051431, -12.056199], [-77.05155, -12.056629], [-77.051582, -12.056733]]}, "properties": {"id": "-1263940392#1", "nombre": "Jirón Aguarico", "longitud": 61.43, "velocidad_max": 40.0, "num_lanes": 1}}, {"type": "Feature", "id": "-126587258#3", "geometry": {"type": "LineString", "coordinates": [[-77.035816, -12.046065], [-77.036012, -12.045948], [-77.03616, -12.045859], [-77.03673, -12.045519], [-77.036743, -12.045511]]}, "properties": {"id": "-126587258#3", "nombre": "Jirón Huancavelica", "longitud": 118.22, "velocidad_max": 30.0, "num_lanes": 1}}, {"type": "Feature", "id": "-126587258#5", "geometry": {"type": "LineString", "coordinates": [[-77.034802, -12.046698], [-77.035503, -12.046259], [-77.035689, -12.046143], [-77.035702, -12.046134]]}, "properties": {"id": "-126587258#5", "nombre": "Jirón Huancavelica", "longitud": 116.22, "velocidad_max": 30.0, "num_lanes": 1}}, {"type": "Feature", "id": "-1271946317", "geometry": {"type": "LineString", "coordinates": [[-77.052197, -12.058625], [-77.052201, -12.058636]]}, "properties": {"id": "-1271946317", "nombre": "Jirón Aguarico", "longitud": 1.32, "velocidad_max": 50.0, "num_lanes": 1}}, {"type": "Feature", "id": "-1275112563#1", "geometry": {"type": "LineString", "coordinates": [[-77.013746, -12.042976], [-77.013773, -12.04294], [-77.013803, -12.042904], [-77.013887, -12.042803], [-77.014124, -12.042491]]}, "properties": {"id": "-1275112563#1", "nombre": "-1275112563#1", "longitud": 67.65, "velocidad_max": 50.0, "num_lanes": 1}}, {"type": "Feature", "id": "-1275339359", "geometry": {"type": "LineString", "coordinates": [[-77.061855, -12.088478], [-77.061334, -12.088892]]}, "properties": {"id": "-1275339359", "nombre": "Calle Francisco Graña", "longitud": 72.9, "velocidad_max": 30.0, "num_lanes": 1}}, {"type": "Feature", "id": "-1275741821", "geometry": {"type": "LineString", "coordinates": [[-77.028789, -12.041213], [-77.028986, -12.04119], [-77.029356, -12.041143]]}, "properties": {"id": "-1275741821", "nombre": "-1275741821", "longitud": 62.25, "velocidad_max": 50.0, "num_lanes": 1}}, {"type": "Feature", "id": "-1291648294", "geometry": {"type": "LineString", "coordinates": [[-77.02373, -12.091033], [-77.02373, -12.091031]]}, "properties": {"id": "-1291648294", "nombre": "-1291648294", "longitud": 0.2, "velocidad_max": 80.0, "num_lanes": 1}}, {"type": "Feature", "id": "-129197979#5", "geometry": {"type": "LineString", "coordinates": [[-77.06153, -12.103814], [-77.061504, -12.10377], [-77.061333, -12.103479], [-77.061194, -12.103222], [-77.061155, -12.10315], [-77.061104, -12.103044], [-77.061042, -12.102901], [-77.061029, -12.102841], [-77.061023, -12.10277], [-77.06102, -12.102636], [-77.061026, -12.102298], [-77.061027, -12.102268], [-77.061025, -12.102169], [-77.061015, -12.102062], [-77.061009, -12.102023], [-77.060913, -12.101666], [-77.060897, -12.1016], [-77.060858, -12.10144], [-77.0608, -12.101202], [-77.060785, -12.101144]]}, "properties": {"id": "-129197979#5", "nombre": "Jirón Alberto Yabar", "longitud": 312.03, "velocidad_max": 10.0, "num_lanes": 1}}, {"type": "Feature", "id": "-129197983", "geometry": {"type": "LineString", "coordinates": [[-77.060453, -12.100198], [-77.06134, -12.099922]]}, "properties": {"id": "-129197983", "nombre": "Calle Juan Luxardo", "longitud": 101.31, "velocidad_max": 30.0, "num_lanes": 1}}, {"type": "Feature", "id": "-129197987", "geometry": {"type": "LineString", "coordinates": [[-77.057801, -12.099575], [-77.057006, -12.099963]]}, "properties": {"id": "-129197987", "nombre": "Calle Augusto Bolognesi", "longitud": 96.64, "velocidad_max": 50.0, "num_lanes": 1}}, {"type": "Feature", "id": "-129197989#1", "geometry": {"type": "LineString", "coordinates": [[-77.056496, -12.098975], [-77.056722, -12.098865], [-77.057294, -12.098588]]}, "properties": {"id": "-129197989#1", "nombre": "Calle José Dionisio Anchorena", "longitud": 96.86, "velocidad_max": 50.0, "num_lanes": 1}}, {"type": "Feature", "id": "-129198001", "geometry": {"type": "LineString", "coordinates": [[-77.060163, -12.087653], [-77.060158, -12.087628], [-77.059557, -12.086916], [-77.059535, -12.086906]]}, "properties": {"id": "-129198001", "nombre": "Pedro la Rosa", "longitud": 107.87, "velocidad_max": 30.0, "num_lanes": 1}}, {"type": "Feature", "id": "-129281466", "geometry": {"type": "LineString", "coordinates": [[-77.031715, -12.091904], [-77.031441, -12.091541]]}, "properties": {"id": "-129281466", "nombre": "Perricholi", "longitud": 49.99, "velocidad_max": 30.0, "num_lanes": 1}}, {"type": "Feature", "id": "-1293313851#1", "geometry": {"type": "LineString", "coordinates": [[-77.013822, -12.053651], [-77.013636, -12.053631], [-77.013175, -12.05358]]}, "properties": {"id": "-1293313851#1", "nombre": "Jirón Cusco", "longitud": 70.99, "velocidad_max": 40.0, "num_lanes": 1}}, {"type": "Feature", "id": "-129377284#1", "geometry": {"type": "LineString", "coordinates": [[-77.021728, -12.094586], [-77.021848, -12.094288], [-77.021881, -12.094206]]}, "properties": {"id": "-129377284#1", "nombre": "Avenida República de Panamá", "longitud": 45.22, "velocidad_max": 30.0, "num_lanes": 1}}, {"type": "Feature", "id": "-129377284#3", "geometry": {"type": "LineString", "coordinates": [[-77.021674, -12.094726], [-77.021688, -12.094691], [-77.021727, -12.094589]]}, "properties": {"id": "-129377284#3", "nombre": "Avenida República de Panamá", "longitud": 16.21, "velocidad_max": 30.0, "num_lanes": 1}}, {"type": "Feature", "id": "-129399204#2", "geometry": {"type": "LineString", "coordinates": [[-77.027914, -12.093418], [-77.027912, -12.093434], [-77.027822, -12.094069], [-77.027813, -12.094137]]}, "properties": {"id": "-129399204#2", "nombre": "Calle Las Orquídeas", "longitud": 80.32, "velocidad_max": 30.0, "num_lanes": 1}}, {"type": "Feature", "id": "-129399204#5", "geometry": {"type": "LineString", "coordinates": [[-77.028017, -12.092684], [-77.028016, -12.092696], [-77.027933, -12.093283], [-77.027929, -12.093317]]}, "properties": {"id": "-129399204#5", "nombre": "Calle Las Orquídeas", "longitud": 70.76, "velocidad_max": 30.0, "num_lanes": 1}}, {"type": "Feature", "id": "-129399208#1", "geometry": {"type": "LineString", "coordinates": [[-77.039893, -12.096739], [-77.039944, -12.096674], [-77.039997, -12.096616], [-77.040049, -12.096568], [-77.040097, -12.096529], [-77.040152, -12.09649], [-77.040197, -12.096458], [-77.040263, -12.096418], [-77.040318, -12.096391], [-77.040368, -12.096374], [-77.040423, -12.096365], [-77.04045, -12.096363]]}, "properties": {"id": "-129399208#1", "nombre": "Avenida Nicolás de Ribera", "longitud": 75.56, "velocidad_max": 30.0, "num_lanes": 1}}, {"type": "Feature", "id": "-1294649342#3", "geometry": {"type": "LineString", "coordinates": [[-77.048283, -12.087581], [-77.048243, -12.087848], [-77.048209, -12.088078]]}, "properties": {"id": "-1294649342#3", "nombre": "Avenida Guillermo Prescott", "longitud": 55.55, "velocidad_max": 40.0, "num_lanes": 2}}, {"type": "Feature", "id": "-1294649342#4", "geometry": {"type": "LineString", "coordinates": [[-77.04842, -12.086659], [-77.048302, -12.087452]]}, "properties": {"id": "-1294649342#4", "nombre": "Avenida Guillermo Prescott", "longitud": 88.69, "velocidad_max": 40.0, "num_lanes": 2}}, {"type": "Feature", "id": "-129474861#0", "geometry": {"type": "LineString", "coordinates": [[-77.054361, -12.097529], [-77.054585, -12.097973]]}, "properties": {"id": "-129474861#0", "nombre": "Calle Baltazar La Torre", "longitud": 54.82, "velocidad_max": 40.0, "num_lanes": 1}}, {"type": "Feature", "id": "-129474861#1", "geometry": {"type": "LineString", "coordinates": [[-77.053892, -12.096573], [-77.054316, -12.097438]]}, "properties": {"id": "-129474861#1", "nombre": "Calle Baltazar La Torre", "longitud": 106.26, "velocidad_max": 40.0, "num_lanes": 1}}, {"type": "Feature", "id": "-129474861#3", "geometry": {"type": "LineString", "coordinates": [[-77.052839, -12.095149], [-77.052858, -12.095177], [-77.052941, -12.095296], [-77.053781, -12.096409], [-77.053826, -12.096469]]}, "properties": {"id": "-129474861#3", "nombre": "Calle Baltazar La Torre", "longitud": 181.39, "velocidad_max": 40.0, "num_lanes": 1}}, {"type": "Feature", "id": "-129822384#0", "geometry": {"type": "LineString", "coordinates": [[-77.0335, -12.115831], [-77.0335, -12.115807], [-77.0335, -12.115767]]}, "properties": {"id": "-129822384#0", "nombre": "Calle General Borgoño", "longitud": 7.13, "velocidad_max": 40.0, "num_lanes": 1}}, {"type": "Feature", "id": "-129822384#1", "geometry": {"type": "LineString", "coordinates": [[-77.033501, -12.116867], [-77.033501, -12.116818], [-77.0335, -12.115961]]}, "properties": {"id": "-129822384#1", "nombre": "Calle General Borgoño", "longitud": 100.15, "velocidad_max": 40.0, "num_lanes": 1}}, {"type": "Feature", "id": "-129822384#2", "geometry": {"type": "LineString", "coordinates": [[-77.033503, -12.117899], [-77.033502, -12.117043], [-77.033501, -12.116997]]}, "properties": {"id": "-129822384#2", "nombre": "Calle General Borgoño", "longitud": 99.75, "velocidad_max": 40.0, "num_lanes": 1}}, {"type": "Feature", "id": "-129822384#5", "geometry": {"type": "LineString", "coordinates": [[-77.033504, -12.118936], [-77.033503, -12.118504], [-77.033503, -12.118469], [-77.033503, -12.118106], [-77.033503, -12.118029]]}, "properties": {"id": "-129822384#5", "nombre": "Calle General Borgoño", "longitud": 100.31, "velocidad_max": 40.0, "num_lanes": 1}}, {"type": "Feature", "id": "-129822387#2", "geometry": {"type": "LineString", "coordinates": [[-77.037085, -12.114], [-77.037098, -12.114], [-77.037351, -12.114013], [-77.037973, -12.114038]]}, "properties": {"id": "-129822387#2", "nombre": "Avenida Angamos Oeste", "longitud": 96.8, "velocidad_max": 40.0, "num_lanes": 2}}, {"type": "Feature", "id": "-130147857#9", "geometry": {"type": "LineString", "coordinates": [[-77.056157, -12.044546], [-77.056161, -12.044504], [-77.056233, -12.043643], [-77.05626, -12.043379], [-77.056283, -12.043161], [-77.056322, -12.042807], [-77.056425, -12.041731], [-77.056435, -12.041626], [-77.056486, -12.041142], [-77.056601, -12.039965], [-77.056606, -12.039847], [-77.056601, -12.039688], [-77.056601, -12.039649]]}, "properties": {"id": "-130147857#9", "nombre": "Jirón República de Ecuador", "longitud": 544.16, "velocidad_max": 30.0, "num_lanes": 1}}, {"type": "Feature", "id": "-1302723166#1", "geometry": {"type": "LineString", "coordinates": [[-77.039014, -12.114081], [-77.039794, -12.114114], [-77.0398, -12.114114]]}, "properties": {"id": "-1302723166#1", "nombre": "Avenida Angamos Oeste", "longitud": 85.69, "velocidad_max": 40.0, "num_lanes": 2}}, {"type": "Feature", "id": "-1302723167", "geometry": {"type": "LineString", "coordinates": [[-77.039169, -12.113201], [-77.039821, -12.113996], [-77.039848, -12.11403]]}, "properties": {"id": "-1302723167", "nombre": "Avenida Santa Cruz", "longitud": 117.79, "velocidad_max": 60.0, "num_lanes": 1}}, {"type": "Feature", "id": "-1311309176#1", "geometry": {"type": "LineString", "coordinates": [[-77.063275, -12.060935], [-77.063239, -12.060929], [-77.063236, -12.060928]]}, "properties": {"id": "-1311309176#1", "nombre": "Jirón Raúl Porras Barrenechea", "longitud": 4.24, "velocidad_max": 50.0, "num_lanes": 1}}, {"type": "Feature", "id": "-1316590209#0", "geometry": {"type": "LineString", "coordinates": [[-77.062639, -12.04986], [-77.062931, -12.050619]]}, "properties": {"id": "-1316590209#0", "nombre": "Jirón Manuel Tellería Vicuña", "longitud": 89.73, "velocidad_max": 50.0, "num_lanes": 1}}, {"type": "Feature", "id": "-1316590209#1", "geometry": {"type": "LineString", "coordinates": [[-77.06252, -12.049549], [-77.062521, -12.049554], [-77.062592, -12.049739]]}, "properties": {"id": "-1316590209#1", "nombre": "Jirón Manuel Tellería Vicuña", "longitud": 22.46, "velocidad_max": 50.0, "num_lanes": 1}}, {"type": "Feature", "id": "-1316590209#2", "geometry": {"type": "LineString", "coordinates": [[-77.062527, -12.049154], [-77.062522, -12.049202], [-77.062499, -12.049419], [-77.062499, -12.049428]]}, "properties": {"id": "-1316590209#2", "nombre": "Jirón Manuel Tellería Vicuña", "longitud": 30.49, "velocidad_max": 50.0, "num_lanes": 1}}, {"type": "Feature", "id": "-1316750732#1", "geometry": {"type": "LineString", "coordinates": [[-77.061882, -12.06208], [-77.061393, -12.062463]]}, "properties": {"id": "-1316750732#1", "nombre": "Jirón Germán Carrasco", "longitud": 68.09, "velocidad_max": 50.0, "num_lanes": 1}}, {"type": "Feature", "id": "-1316750732#2", "geometry": {"type": "LineString", "coordinates": [[-77.062472, -12.061614], [-77.061989, -12.061996]]}, "properties": {"id": "-1316750732#2", "nombre": "Jirón Germán Carrasco", "longitud": 67.47, "velocidad_max": 50.0, "num_lanes": 1}}, {"type": "Feature", "id": "-1318245542#1", "geometry": {"type": "LineString", "coordinates": [[-77.069127, -12.058044], [-77.069166, -12.058053], [-77.069302, -12.058089]]}, "properties": {"id": "-1318245542#1", "nombre": "Avenida República de Venezuela", "longitud": 19.72, "velocidad_max": 60.0, "num_lanes": 1}}, {"type": "Feature", "id": "-1318245543", "geometry": {"type": "LineString", "coordinates": [[-77.06939, -12.058046], [-77.069389, -12.058054]]}, "properties": {"id": "-1318245543", "nombre": "-1318245543", "longitud": 0.88, "velocidad_max": 80.0, "num_lanes": 1}}, {"type": "Feature", "id": "-1318245544#0", "geometry": {"type": "LineString", "coordinates": [[-77.070481, -12.058385], [-77.070571, -12.058407]]}, "properties": {"id": "-1318245544#0", "nombre": "Avenida República de Venezuela", "longitud": 10.09, "velocidad_max": 60.0, "num_lanes": 1}}, {"type": "Feature", "id": "-1318245544#1", "geometry": {"type": "LineString", "coordinates": [[-77.06943, -12.058122], [-77.070192, -12.058313]]}, "properties": {"id": "-1318245544#1", "nombre": "Avenida República de Venezuela", "longitud": 85.52, "velocidad_max": 60.0, "num_lanes": 1}}, {"type": "Feature", "id": "-1318245545#1", "geometry": {"type": "LineString", "coordinates": [[-77.06807, -12.059394], [-77.068006, -12.059227], [-77.067854, -12.058813]]}, "properties": {"id": "-1318245545#1", "nombre": "Santa Francisca de Romaña", "longitud": 68.48, "velocidad_max": 40.0, "num_lanes": 1}}, {"type": "Feature", "id": "-1318245546#3", "geometry": {"type": "LineString", "coordinates": [[-77.068714, -12.060862], [-77.068504, -12.060387], [-77.068354, -12.060047], [-77.068118, -12.059515]]}, "properties": {"id": "-1318245546#3", "nombre": "Santa Francisca de Romaña", "longitud": 162.5, "velocidad_max": 40.0, "num_lanes": 1}}, {"type": "Feature", "id": "-1320513852", "geometry": {"type": "LineString", "coordinates": [[-77.014684, -12.09214], [-77.014723, -12.091971], [-77.014725, -12.091962]]}, "properties": {"id": "-1320513852", "nombre": "Calle Doctor Ricardo J. Angulo R.", "longitud": 20.12, "velocidad_max": 30.0, "num_lanes": 1}}, {"type": "Feature", "id": "-1320513853#0", "geometry": {"type": "LineString", "coordinates": [[-77.014884, -12.091177], [-77.014898, -12.091112], [-77.014946, -12.090995], [-77.015025, -12.090894], [-77.01511, -12.090802]]}, "properties": {"id": "-1320513853#0", "nombre": "Calle Doctor Ricardo J. Angulo R.", "longitud": 49.2, "velocidad_max": 30.0, "num_lanes": 1}}, {"type": "Feature", "id": "-1320513853#1", "geometry": {"type": "LineString", "coordinates": [[-77.014757, -12.091823], [-77.014857, -12.091306]]}, "properties": {"id": "-1320513853#1", "nombre": "Calle Doctor Ricardo J. Angulo R.", "longitud": 58.19, "velocidad_max": 30.0, "num_lanes": 1}}, {"type": "Feature", "id": "-132689854", "geometry": {"type": "LineString", "coordinates": [[-77.011093, -12.045897], [-77.011376, -12.045921]]}, "properties": {"id": "-132689854", "nombre": "-132689854", "longitud": 30.99, "velocidad_max": 30.0, "num_lanes": 1}}, {"type": "Feature", "id": "-133242880#0", "geometry": {"type": "LineString", "coordinates": [[-77.040791, -12.090144], [-77.040786, -12.090176], [-77.040591, -12.091501], [-77.040583, -12.091552]]}, "properties": {"id": "-133242880#0", "nombre": "Calle Cápac Yupanqui", "longitud": 157.47, "velocidad_max": 50.0, "num_lanes": 1}}, {"type": "Feature", "id": "-133242880#1", "geometry": {"type": "LineString", "coordinates": [[-77.040896, -12.089431], [-77.040814, -12.089988], [-77.04081, -12.090015]]}, "properties": {"id": "-133242880#1", "nombre": "Calle Cápac Yupanqui", "longitud": 65.26, "velocidad_max": 50.0, "num_lanes": 1}}, {"type": "Feature", "id": "-1333063102#1", "geometry": {"type": "LineString", "coordinates": [[-77.045081, -12.118136], [-77.045286, -12.117914], [-77.045399, -12.117795]]}, "properties": {"id": "-1333063102#1", "nombre": "Calle Contralmirante Villar", "longitud": 51.32, "velocidad_max": 30.0, "num_lanes": 1}}, {"type": "Feature", "id": "-1333516958", "geometry": {"type": "LineString", "coordinates": [[-77.024562, -12.105204], [-77.023812, -12.105594]]}, "properties": {"id": "-1333516958", "nombre": "Prolongación Los Faisanes", "longitud": 92.35, "velocidad_max": 30.0, "num_lanes": 1}}, {"type": "Feature", "id": "-1333763336", "geometry": {"type": "LineString", "coordinates": [[-77.046708, -12.071861], [-77.04668, -12.071884], [-77.046301, -12.07219], [-77.046183, -12.072271], [-77.046168, -12.072276], [-77.046158, -12.072276], [-77.046145, -12.072272], [-77.046051, -12.072109]]}, "properties": {"id": "-1333763336", "nombre": "-1333763336", "longitud": 98.06, "velocidad_max": 10.0, "num_lanes": 1}}, {"type": "Feature", "id": "-1334357007", "geometry": {"type": "LineString", "coordinates": [[-77.067733, -12.04314], [-77.067812, -12.04225]]}, "properties": {"id": "-1334357007", "nombre": "Calle Las Fabricas", "longitud": 98.84, "velocidad_max": 50.0, "num_lanes": 1}}, {"type": "Feature", "id": "-1335131478", "geometry": {"type": "LineString", "coordinates": [[-77.062427, -12.091669], [-77.062352, -12.091728], [-77.062248, -12.091808]]}, "properties": {"id": "-1335131478", "nombre": "-1335131478", "longitud": 24.84, "velocidad_max": 10.0, "num_lanes": 1}}, {"type": "Feature", "id": "-1335753483", "geometry": {"type": "LineString", "coordinates": [[-77.038693, -12.107598], [-77.038556, -12.1075], [-77.038384, -12.107676]]}, "properties": {"id": "-1335753483", "nombre": "-1335753483", "longitud": 45.46, "velocidad_max": 10.0, "num_lanes": 1}}, {"type": "Feature", "id": "-1336066109", "geometry": {"type": "LineString", "coordinates": [[-77.049866, -12.104844], [-77.049944, -12.105066], [-77.049993, -12.105206]]}, "properties": {"id": "-1336066109", "nombre": "-1336066109", "longitud": 42.42, "velocidad_max": 10.0, "num_lanes": 1}}, {"type": "Feature", "id": "-1336361484#0", "geometry": {"type": "LineString", "coordinates": [[-77.058956, -12.068158], [-77.059102, -12.068133]]}, "properties": {"id": "-1336361484#0", "nombre": "Jirón General Belgrano", "longitud": 16.14, "velocidad_max": 50.0, "num_lanes": 1}}, {"type": "Feature", "id": "-1336361484#2", "geometry": {"type": "LineString", "coordinates": [[-77.058473, -12.068291], [-77.058543, -12.068269], [-77.058677, -12.068224], [-77.058777, -12.068198], [-77.058828, -12.068185]]}, "properties": {"id": "-1336361484#2", "nombre": "Jirón General Belgrano", "longitud": 40.39, "velocidad_max": 50.0, "num_lanes": 1}}, {"type": "Feature", "id": "-1336486923", "geometry": {"type": "LineString", "coordinates": [[-77.043803, -12.063239], [-77.043804, -12.063238]]}, "properties": {"id": "-1336486923", "nombre": "Gálvez Chipoco", "longitud": 0.2, "velocidad_max": 40.0, "num_lanes": 1}}, {"type": "Feature", "id": "-1336506897", "geometry": {"type": "LineString", "coordinates": [[-77.06553, -12.053691], [-77.065704, -12.053663], [-77.065738, -12.053663]]}, "properties": {"id": "-1336506897", "nombre": "Jirón José del Carmen Saco", "longitud": 22.89, "velocidad_max": 50.0, "num_lanes": 1}}, {"type": "Feature", "id": "-1336510853#0", "geometry": {"type": "LineString", "coordinates": [[-77.061294, -12.056391], [-77.060782, -12.056285]]}, "properties": {"id": "-1336510853#0", "nombre": "Avenida República de Venezuela", "longitud": 56.96, "velocidad_max": 60.0, "num_lanes": 2}}, {"type": "Feature", "id": "-1336510853#2", "geometry": {"type": "LineString", "coordinates": [[-77.061374, -12.056417], [-77.061356, -12.056406]]}, "properties": {"id": "-1336510853#2", "nombre": "Avenida República de Venezuela", "longitud": 2.26, "velocidad_max": 60.0, "num_lanes": 2}}, {"type": "Feature", "id": "-1336518305", "geometry": {"type": "LineString", "coordinates": [[-77.049153, -12.10459], [-77.0492, -12.104583], [-77.049559, -12.104525]]}, "properties": {"id": "-1336518305", "nombre": "-1336518305", "longitud": 44.79, "velocidad_max": 10.0, "num_lanes": 1}}, {"type": "Feature", "id": "-1336518306", "geometry": {"type": "LineString", "coordinates": [[-77.048946, -12.103807], [-77.048903, -12.103812], [-77.04838, -12.103863]]}, "properties": {"id": "-1336518306", "nombre": "-1336518306", "longitud": 61.94, "velocidad_max": 10.0, "num_lanes": 1}}, {"type": "Feature", "id": "-1336519021", "geometry": {"type": "LineString", "coordinates": [[-77.063703, -12.064535], [-77.063718, -12.064534], [-77.06448, -12.064398]]}, "properties": {"id": "-1336519021", "nombre": "Castañón", "longitud": 86.01, "velocidad_max": 50.0, "num_lanes": 1}}, {"type": "Feature", "id": "-1336521199#1", "geometry": {"type": "LineString", "coordinates": [[-77.063639, -12.052563], [-77.063703, -12.052722], [-77.063914, -12.053242]]}, "properties": {"id": "-1336521199#1", "nombre": "Jirón Manuel Tellería Vicuña", "longitud": 80.85, "velocidad_max": 30.0, "num_lanes": 1}}, {"type": "Feature", "id": "-1336521199#3", "geometry": {"type": "LineString", "coordinates": [[-77.063336, -12.051816], [-77.063482, -12.052177], [-77.06359, -12.052442]]}, "properties": {"id": "-1336521199#3", "nombre": "Jirón Manuel Tellería Vicuña", "longitud": 74.59, "velocidad_max": 30.0, "num_lanes": 1}}, {"type": "Feature", "id": "-1336521199#6", "geometry": {"type": "LineString", "coordinates": [[-77.063165, -12.051396], [-77.063287, -12.051696]]}, "properties": {"id": "-1336521199#6", "nombre": "Jirón Manuel Tellería Vicuña", "longitud": 35.77, "velocidad_max": 30.0, "num_lanes": 1}}, {"type": "Feature", "id": "-1336563010", "geometry": {"type": "LineString", "coordinates": [[-77.052765, -12.056318], [-77.053059, -12.056622]]}, "properties": {"id": "-1336563010", "nombre": "Jirón Napo", "longitud": 46.33, "velocidad_max": 40.0, "num_lanes": 1}}, {"type": "Feature", "id": "-1336566515", "geometry": {"type": "LineString", "coordinates": [[-77.057894, -12.068394], [-77.057914, -12.068288], [-77.057923, -12.068244]]}, "properties": {"id": "-1336566515", "nombre": "-1336566515", "longitud": 16.9, "velocidad_max": 50.0, "num_lanes": 1}}, {"type": "Feature", "id": "-1336566518", "geometry": {"type": "LineString", "coordinates": [[-77.059823, -12.067861], [-77.059263, -12.067863], [-77.059241, -12.067864], [-77.059221, -12.067863]]}, "properties": {"id": "-1336566518", "nombre": "Pasaje La Huaca", "longitud": 65.61, "velocidad_max": 30.0, "num_lanes": 1}}, {"type": "Feature", "id": "-1336625189#0", "geometry": {"type": "LineString", "coordinates": [[-77.057336, -12.070358], [-77.057343, -12.070325], [-77.057377, -12.070168], [-77.057394, -12.070092], [-77.057451, -12.069831], [-77.057468, -12.069753], [-77.057491, -12.069648], [-77.057513, -12.069547]]}, "properties": {"id": "-1336625189#0", "nombre": "Calle Salta", "longitud": 91.86, "velocidad_max": 50.0, "num_lanes": 1}}, {"type": "Feature", "id": "-1336625189#3", "geometry": {"type": "LineString", "coordinates": [[-77.05715, -12.071201], [-77.057205, -12.070951], [-77.057247, -12.070758], [-77.057314, -12.070458]]}, "properties": {"id": "-1336625189#3", "nombre": "Calle Salta", "longitud": 84.08, "velocidad_max": 50.0, "num_lanes": 1}}, {"type": "Feature", "id": "-1336625196", "geometry": {"type": "LineString", "coordinates": [[-77.056001, -12.069662], [-77.056048, -12.069671], [-77.056725, -12.069803], [-77.056785, -12.069815]]}, "properties": {"id": "-1336625196", "nombre": "Brasilia", "longitud": 87.0, "velocidad_max": 50.0, "num_lanes": 1}}, {"type": "Feature", "id": "-1336638774", "geometry": {"type": "LineString", "coordinates": [[-77.057505, -12.0657], [-77.057606, -12.065819], [-77.057653, -12.065895], [-77.057696, -12.065983], [-77.057829, -12.066301], [-77.057865, -12.06636], [-77.057907, -12.0664], [-77.057964, -12.066437], [-77.058022, -12.066454], [-77.058273, -12.066489], [-77.058334, -12.066487], [-77.058384, -12.066476], [-77.058433, -12.066457], [-77.058479, -12.066434]]}, "properties": {"id": "-1336638774", "nombre": "Jirón Francisco Mazzocchio", "longitud": 155.07, "velocidad_max": 50.0, "num_lanes": 1}}, {"type": "Feature", "id": "-1336638775", "geometry": {"type": "LineString", "coordinates": [[-77.05725, -12.063336], [-77.057255, -12.063347], [-77.057697, -12.064358], [-77.057788, -12.064524], [-77.057809, -12.064563]]}, "properties": {"id": "-1336638775", "nombre": "Jirón Aguaytía", "longitud": 148.84, "velocidad_max": 50.0, "num_lanes": 1}}, {"type": "Feature", "id": "-1336638777", "geometry": {"type": "LineString", "coordinates": [[-77.058009, -12.063953], [-77.058051, -12.063939], [-77.058789, -12.063691], [-77.058807, -12.063685]]}, "properties": {"id": "-1336638777", "nombre": "Jirón Requena", "longitud": 91.77, "velocidad_max": 50.0, "num_lanes": 1}}, {"type": "Feature", "id": "-1336638779", "geometry": {"type": "LineString", "coordinates": [[-77.059386, -12.063929], [-77.059372, -12.063888], [-77.058994, -12.062784]]}, "properties": {"id": "-1336638779", "nombre": "Pasaje Rio Santiago", "longitud": 133.7, "velocidad_max": 30.0, "num_lanes": 1}}, {"type": "Feature", "id": "-1336854332", "geometry": {"type": "LineString", "coordinates": [[-77.03724, -12.090311], [-77.037207, -12.090305], [-77.036908, -12.090259]]}, "properties": {"id": "-1336854332", "nombre": "-1336854332", "longitud": 36.57, "velocidad_max": 10.0, "num_lanes": 1}}, {"type": "Feature", "id": "-1336902761", "geometry": {"type": "LineString", "coordinates": [[-77.048329, -12.073852], [-77.048303, -12.073872], [-77.047988, -12.074115], [-77.047596, -12.074418], [-77.047531, -12.074466], [-77.047491, -12.074498]]}, "properties": {"id": "-1336902761", "nombre": "Diez Canseco", "longitud": 115.87, "velocidad_max": 50.0, "num_lanes": 1}}, {"type": "Feature", "id": "-1336956630", "geometry": {"type": "LineString", "coordinates": [[-77.058445, -12.048819], [-77.058464, -12.048876], [-77.058523, -12.049066], [-77.058676, -12.049562], [-77.058768, -12.049842], [-77.058944, -12.050405], [-77.059023, -12.050639], [-77.059148, -12.050949], [-77.059154, -12.050963], [-77.059155, -12.050965]]}, "properties": {"id": "-1336956630", "nombre": "Sicuani", "longitud": 249.82, "velocidad_max": 10.0, "num_lanes": 1}}, {"type": "Feature", "id": "-1336959823", "geometry": {"type": "LineString", "coordinates": [[-77.064, -12.04551], [-77.06382, -12.047338]]}, "properties": {"id": "-1336959823", "nombre": "Condestable José Celendón", "longitud": 203.19, "velocidad_max": 30.0, "num_lanes": 1}}, {"type": "Feature", "id": "-1336960802", "geometry": {"type": "LineString", "coordinates": [[-77.059574, -12.081064], [-77.059832, -12.081393], [-77.059912, -12.081495]]}, "properties": {"id": "-1336960802", "nombre": "Jirón Toribio Ara", "longitud": 60.2, "velocidad_max": 50.0, "num_lanes": 1}}, {"type": "Feature", "id": "-1337729114", "geometry": {"type": "LineString", "coordinates": [[-77.055012, -12.056156], [-77.055834, -12.055921]]}, "properties": {"id": "-1337729114", "nombre": "Avenida Arica", "longitud": 93.23, "velocidad_max": 55.0, "num_lanes": 1}}, {"type": "Feature", "id": "-1337772381", "geometry": {"type": "LineString", "coordinates": [[-77.061549, -12.052371], [-77.061512, -12.052285], [-77.061421, -12.05207]]}, "properties": {"id": "-1337772381", "nombre": "Ignacio Alvarez Thomas", "longitud": 36.07, "velocidad_max": 50.0, "num_lanes": 1}}, {"type": "Feature", "id": "-1337772382", "geometry": {"type": "LineString", "coordinates": [[-77.060277, -12.049002], [-77.060277, -12.049005], [-77.060275, -12.049094], [-77.06029, -12.049233], [-77.06034, -12.049371]]}, "properties": {"id": "-1337772382", "nombre": "Ignacio Alvarez Thomas", "longitud": 41.85, "velocidad_max": 50.0, "num_lanes": 1}}, {"type": "Feature", "id": "-1337772383", "geometry": {"type": "LineString", "coordinates": [[-77.061562, -12.049816], [-77.061826, -12.049717], [-77.061872, -12.0497]]}, "properties": {"id": "-1337772383", "nombre": "Clorinda Malto", "longitud": 36.16, "velocidad_max": 30.0, "num_lanes": 1}}, {"type": "Feature", "id": "-1337772384#0", "geometry": {"type": "LineString", "coordinates": [[-77.062305, -12.051643], [-77.062501, -12.051568], [-77.062626, -12.051519]]}, "properties": {"id": "-1337772384#0", "nombre": "Jirón Holanda", "longitud": 37.49, "velocidad_max": 50.0, "num_lanes": 1}}, {"type": "Feature", "id": "-1337772384#1", "geometry": {"type": "LineString", "coordinates": [[-77.061911, -12.051795], [-77.062182, -12.05169]]}, "properties": {"id": "-1337772384#1", "nombre": "Jirón Holanda", "longitud": 31.7, "velocidad_max": 50.0, "num_lanes": 1}}, {"type": "Feature", "id": "-1337772384#3", "geometry": {"type": "LineString", "coordinates": [[-77.061466, -12.051966], [-77.061788, -12.051842]]}, "properties": {"id": "-1337772384#3", "nombre": "Jirón Holanda", "longitud": 37.65, "velocidad_max": 50.0, "num_lanes": 1}}, {"type": "Feature", "id": "-1338017494", "geometry": {"type": "LineString", "coordinates": [[-77.063473, -12.095793], [-77.063297, -12.095277]]}, "properties": {"id": "-1338017494", "nombre": "Calle Cesar Vallejo", "longitud": 60.19, "velocidad_max": 50.0, "num_lanes": 1}}, {"type": "Feature", "id": "-1338017495#1", "geometry": {"type": "LineString", "coordinates": [[-77.062429, -12.094215], [-77.062488, -12.094184], [-77.062762, -12.093981]]}, "properties": {"id": "-1338017495#1", "nombre": "Jirón Honorio Delgado", "longitud": 44.64, "velocidad_max": 50.0, "num_lanes": 1}}, {"type": "Feature", "id": "-1338017497", "geometry": {"type": "LineString", "coordinates": [[-77.062965, -12.097229], [-77.062845, -12.097286], [-77.062045, -12.097666], [-77.062005, -12.097685]]}, "properties": {"id": "-1338017497", "nombre": "Jirón Rokovich", "longitud": 115.99, "velocidad_max": 50.0, "num_lanes": 1}}, {"type": "Feature", "id": "-1338083012#0", "geometry": {"type": "LineString", "coordinates": [[-77.059726, -12.103255], [-77.059982, -12.103434], [-77.060058, -12.103483], [-77.060104, -12.103509], [-77.06014, -12.103527], [-77.06019, -12.10355], [-77.060244, -12.103566], [-77.060257, -12.103568]]}, "properties": {"id": "-1338083012#0", "nombre": "Calle Manuel S. Ugarte y Moscoso", "longitud": 67.78, "velocidad_max": 40.0, "num_lanes": 1}}, {"type": "Feature", "id": "-1338083012#1", "geometry": {"type": "LineString", "coordinates": [[-77.058997, -12.102402], [-77.059255, -12.102752], [-77.059613, -12.103153]]}, "properties": {"id": "-1338083012#1", "nombre": "Calle Manuel S. Ugarte y Moscoso", "longitud": 106.98, "velocidad_max": 40.0, "num_lanes": 1}}, {"type": "Feature", "id": "-1338111112", "geometry": {"type": "LineString", "coordinates": [[-77.059751, -12.06539], [-77.059755, -12.065403], [-77.059797, -12.065577]]}, "properties": {"id": "-1338111112", "nombre": "-1338111112", "longitud": 21.27, "velocidad_max": 50.0, "num_lanes": 1}}, {"type": "Feature", "id": "-1338326236", "geometry": {"type": "LineString", "coordinates": [[-77.051874, -12.057541], [-77.051873, -12.057542]]}, "properties": {"id": "-1338326236", "nombre": "-1338326236", "longitud": 0.2, "velocidad_max": 80.0, "num_lanes": 1}}, {"type": "Feature", "id": "-1338344281#0", "geometry": {"type": "LineString", "coordinates": [[-77.060315, -12.103665], [-77.060244, -12.103858], [-77.06014, -12.104029], [-77.059976, -12.104214], [-77.059922, -12.104271]]}, "properties": {"id": "-1338344281#0", "nombre": "Calle Godofredo García", "longitud": 80.53, "velocidad_max": 40.0, "num_lanes": 1}}, {"type": "Feature", "id": "-1338344281#1", "geometry": {"type": "LineString", "coordinates": [[-77.060507, -12.103136], [-77.060459, -12.103245], [-77.060371, -12.103504]]}, "properties": {"id": "-1338344281#1", "nombre": "Calle Godofredo García", "longitud": 43.35, "velocidad_max": 40.0, "num_lanes": 1}}, {"type": "Feature", "id": "-1338344284", "geometry": {"type": "LineString", "coordinates": [[-77.060882, -12.100968], [-77.060883, -12.100969]]}, "properties": {"id": "-1338344284", "nombre": "Avenida Antonio Miro Quesada", "longitud": 0.2, "velocidad_max": 100.0, "num_lanes": 1}}, {"type": "Feature", "id": "-1338344287", "geometry": {"type": "LineString", "coordinates": [[-77.06226, -12.100629], [-77.062318, -12.100686], [-77.062356, -12.100803], [-77.062406, -12.100967]]}, "properties": {"id": "-1338344287", "nombre": "Avenida Malecón", "longitud": 41.51, "velocidad_max": 10.0, "num_lanes": 1}}, {"type": "Feature", "id": "-1338359518", "geometry": {"type": "LineString", "coordinates": [[-77.050384, -12.068677], [-77.050977, -12.068199], [-77.051184, -12.068033], [-77.051275, -12.067959], [-77.051471, -12.067801], [-77.051538, -12.067745]]}, "properties": {"id": "-1338359518", "nombre": "Pasaje Nicolini", "longitud": 162.59, "velocidad_max": 20.0, "num_lanes": 1}}, {"type": "Feature", "id": "-1338361638", "geometry": {"type": "LineString", "coordinates": [[-77.062953, -12.098729], [-77.062668, -12.098878]]}, "properties": {"id": "-1338361638", "nombre": "-1338361638", "longitud": 35.2, "velocidad_max": 50.0, "num_lanes": 1}}, {"type": "Feature", "id": "-1338369629", "geometry": {"type": "LineString", "coordinates": [[-77.068568, -12.061019], [-77.068695, -12.060939]]}, "properties": {"id": "-1338369629", "nombre": "Jirón Francisco de Asis", "longitud": 16.42, "velocidad_max": 40.0, "num_lanes": 1}}, {"type": "Feature", "id": "-1338385757#2", "geometry": {"type": "LineString", "coordinates": [[-77.053691, -12.057337], [-77.05406, -12.057772], [-77.054168, -12.057899], [-77.054321, -12.058078]]}, "properties": {"id": "-1338385757#2", "nombre": "Jirón Pastaza", "longitud": 106.91, "velocidad_max": 50.0, "num_lanes": 1}}, {"type": "Feature", "id": "-1339503243", "geometry": {"type": "LineString", "coordinates": [[-77.060438, -12.063458], [-77.06051, -12.063665], [-77.060563, -12.063812]]}, "properties": {"id": "-1339503243", "nombre": "-1339503243", "longitud": 41.53, "velocidad_max": 50.0, "num_lanes": 1}}, {"type": "Feature", "id": "-1339503245", "geometry": {"type": "LineString", "coordinates": [[-77.061712, -12.063713], [-77.06181, -12.063681]]}, "properties": {"id": "-1339503245", "nombre": "Juan Espejo Tamayo", "longitud": 11.28, "velocidad_max": 50.0, "num_lanes": 1}}, {"type": "Feature", "id": "-1339503246", "geometry": {"type": "LineString", "coordinates": [[-77.061797, -12.063602], [-77.061682, -12.063612]]}, "properties": {"id": "-1339503246", "nombre": "Juan Espejo Tamayo", "longitud": 12.54, "velocidad_max": 50.0, "num_lanes": 1}}, {"type": "Feature", "id": "-1339672752#1", "geometry": {"type": "LineString", "coordinates": [[-77.046669, -12.047655], [-77.046673, -12.047577], [-77.046708, -12.047277], [-77.046724, -12.047151]]}, "properties": {"id": "-1339672752#1", "nombre": "Jirón Jorge Chávez", "longitud": 56.18, "velocidad_max": 40.0, "num_lanes": 1}}, {"type": "Feature", "id": "-1339672757", "geometry": {"type": "LineString", "coordinates": [[-77.046923, -12.045451], [-77.046827, -12.046408]]}, "properties": {"id": "-1339672757", "nombre": "Avenida Pacasmayo", "longitud": 106.41, "velocidad_max": 40.0, "num_lanes": 1}}, {"type": "Feature", "id": "-1339867002", "geometry": {"type": "LineString", "coordinates": [[-77.060935, -12.094937], [-77.060719, -12.095039], [-77.060642, -12.095075]]}, "properties": {"id": "-1339867002", "nombre": "-1339867002", "longitud": 35.33, "velocidad_max": 10.0, "num_lanes": 1}}, {"type": "Feature", "id": "-1339875650", "geometry": {"type": "LineString", "coordinates": [[-77.043365, -12.094661], [-77.043526, -12.09468], [-77.043682, -12.094704]]}, "properties": {"id": "-1339875650", "nombre": "Pasaje Palmira", "longitud": 34.86, "velocidad_max": 10.0, "num_lanes": 1}}, {"type": "Feature", "id": "-1339875651", "geometry": {"type": "LineString", "coordinates": [[-77.042714, -12.094572], [-77.042836, -12.094587], [-77.043032, -12.094616]]}, "properties": {"id": "-1339875651", "nombre": "Pasaje Palmira", "longitud": 34.93, "velocidad_max": 10.0, "num_lanes": 1}}, {"type": "Feature", "id": "-1339924019", "geometry": {"type": "LineString", "coordinates": [[-77.047877, -12.09086], [-77.047931, -12.090868], [-77.048424, -12.090929], [-77.048509, -12.090354], [-77.048911, -12.090424], [-77.048929, -12.090427]]}, "properties": {"id": "-1339924019", "nombre": "-1339924019", "longitud": 170.9, "velocidad_max": 30.0, "num_lanes": 1}}, {"type": "Feature", "id": "-1339932044", "geometry": {"type": "LineString", "coordinates": [[-77.036298, -12.091781], [-77.036392, -12.091794], [-77.03651, -12.09181]]}, "properties": {"id": "-1339932044", "nombre": "Pasaje Jorge Arrospide Loyola", "longitud": 23.34, "velocidad_max": 50.0, "num_lanes": 1}}, {"type": "Feature", "id": "-1339943750#0", "geometry": {"type": "LineString", "coordinates": [[-77.058121, -12.088558], [-77.058203, -12.088491]]}, "properties": {"id": "-1339943750#0", "nombre": "Jirón Santo Domingo", "longitud": 11.62, "velocidad_max": 50.0, "num_lanes": 1}}, {"type": "Feature", "id": "-1339943750#3", "geometry": {"type": "LineString", "coordinates": [[-77.057283, -12.089238], [-77.057354, -12.08918], [-77.05739, -12.089152], [-77.058019, -12.088641]]}, "properties": {"id": "-1339943750#3", "nombre": "Jirón Santo Domingo", "longitud": 103.86, "velocidad_max": 50.0, "num_lanes": 1}}, {"type": "Feature", "id": "-1340110967", "geometry": {"type": "LineString", "coordinates": [[-77.038403, -12.111132], [-77.038659, -12.110868], [-77.03868, -12.110846]]}, "properties": {"id": "-1340110967", "nombre": "-1340110967", "longitud": 43.71, "velocidad_max": 50.0, "num_lanes": 1}}, {"type": "Feature", "id": "-1340110968", "geometry": {"type": "LineString", "coordinates": [[-77.038627, -12.111313], [-77.038857, -12.111055], [-77.03888, -12.111032]]}, "properties": {"id": "-1340110968", "nombre": "-1340110968", "longitud": 41.56, "velocidad_max": 50.0, "num_lanes": 1}}, {"type": "Feature", "id": "-1340160495", "geometry": {"type": "LineString", "coordinates": [[-77.058969, -12.089447], [-77.059019, -12.089519], [-77.059216, -12.089805]]}, "properties": {"id": "-1340160495", "nombre": "-1340160495", "longitud": 47.89, "velocidad_max": 10.0, "num_lanes": 1}}, {"type": "Feature", "id": "-1340160496", "geometry": {"type": "LineString", "coordinates": [[-77.059286, -12.089909], [-77.059489, -12.090212], [-77.05951, -12.090242]]}, "properties": {"id": "-1340160496", "nombre": "-1340160496", "longitud": 44.19, "velocidad_max": 10.0, "num_lanes": 1}}, {"type": "Feature", "id": "-1340315872#2", "geometry": {"type": "LineString", "coordinates": [[-77.061664, -12.060279], [-77.061651, -12.060343], [-77.061618, -12.060509], [-77.061613, -12.060535]]}, "properties": {"id": "-1340315872#2", "nombre": "Jirón Ricardo Alvarado", "longitud": 28.88, "velocidad_max": 10.0, "num_lanes": 1}}, {"type": "Feature", "id": "-1340373100", "geometry": {"type": "LineString", "coordinates": [[-77.058384, -12.082258], [-77.058407, -12.082284], [-77.059105, -12.083133], [-77.059124, -12.083155]]}, "properties": {"id": "-1340373100", "nombre": "Pasaje Lourdes", "longitud": 127.9, "velocidad_max": 50.0, "num_lanes": 1}}, {"type": "Feature", "id": "-1340376740", "geometry": {"type": "LineString", "coordinates": [[-77.038113, -12.114043], [-77.038885, -12.114076]]}, "properties": {"id": "-1340376740", "nombre": "Avenida Angamos Oeste", "longitud": 84.18, "velocidad_max": 40.0, "num_lanes": 2}}, {"type": "Feature", "id": "-1340396367#1", "geometry": {"type": "LineString", "coordinates": [[-77.023452, -12.064058], [-77.02337, -12.064049], [-77.023354, -12.064034], [-77.02335, -12.064013], [-77.023361, -12.063925], [-77.023367, -12.063885]]}, "properties": {"id": "-1340396367#1", "nombre": "Jirón Mendoza Merino", "longitud": 28.03, "velocidad_max": 10.0, "num_lanes": 1}}, {"type": "Feature", "id": "-1341315085", "geometry": {"type": "LineString", "coordinates": [[-77.051227, -12.056995], [-77.051444, -12.057013]]}, "properties": {"id": "-1341315085", "nombre": "Avenida Bolivia", "longitud": 23.75, "velocidad_max": 50.0, "num_lanes": 1}}, {"type": "Feature", "id": "-1341315086#0", "geometry": {"type": "LineString", "coordinates": [[-77.05056, -12.056939], [-77.050637, -12.056945], [-77.050774, -12.056957]]}, "properties": {"id": "-1341315086#0", "nombre": "Avenida Bolivia", "longitud": 23.38, "velocidad_max": 50.0, "num_lanes": 1}}, {"type": "Feature", "id": "-1341315086#1", "geometry": {"type": "LineString", "coordinates": [[-77.050226, -12.056911], [-77.050429, -12.056928]]}, "properties": {"id": "-1341315086#1", "nombre": "Avenida Bolivia", "longitud": 22.14, "velocidad_max": 50.0, "num_lanes": 1}}, {"type": "Feature", "id": "-1341315086#2", "geometry": {"type": "LineString", "coordinates": [[-77.049882, -12.056882], [-77.050094, -12.0569]]}, "properties": {"id": "-1341315086#2", "nombre": "Avenida Bolivia", "longitud": 23.22, "velocidad_max": 50.0, "num_lanes": 1}}, {"type": "Feature", "id": "-1341315086#3", "geometry": {"type": "LineString", "coordinates": [[-77.049261, -12.056831], [-77.04975, -12.056871]]}, "properties": {"id": "-1341315086#3", "nombre": "Avenida Bolivia", "longitud": 53.44, "velocidad_max": 50.0, "num_lanes": 1}}, {"type": "Feature", "id": "-1341346288", "geometry": {"type": "LineString", "coordinates": [[-77.058102, -12.087463], [-77.058643, -12.088083]]}, "properties": {"id": "-1341346288", "nombre": "Pasaje Maracaibo", "longitud": 90.44, "velocidad_max": 10.0, "num_lanes": 1}}, {"type": "Feature", "id": "-1341577109", "geometry": {"type": "LineString", "coordinates": [[-77.026641, -12.106715], [-77.026522, -12.106674], [-77.026521, -12.106674]]}, "properties": {"id": "-1341577109", "nombre": "Pasaje Los Jilgueros", "longitud": 13.83, "velocidad_max": 50.0, "num_lanes": 1}}, {"type": "Feature", "id": "-1341693352", "geometry": {"type": "LineString", "coordinates": [[-77.019621, -12.069806], [-77.019714, -12.06917]]}, "properties": {"id": "-1341693352", "nombre": "Prolongación Huamanga", "longitud": 71.06, "velocidad_max": 30.0, "num_lanes": 1}}, {"type": "Feature", "id": "-1341990469", "geometry": {"type": "LineString", "coordinates": [[-77.020508, -12.084164], [-77.020514, -12.084113], [-77.020571, -12.083754]]}, "properties": {"id": "-1341990469", "nombre": "Calle Juan Voto Bernales", "longitud": 45.96, "velocidad_max": 50.0, "num_lanes": 1}}, {"type": "Feature", "id": "-1342548812", "geometry": {"type": "LineString", "coordinates": [[-77.009503, -12.059991], [-77.009988, -12.060058]]}, "properties": {"id": "-1342548812", "nombre": "Pasaje Morello", "longitud": 53.33, "velocidad_max": 10.0, "num_lanes": 1}}, {"type": "Feature", "id": "-1343207494", "geometry": {"type": "LineString", "coordinates": [[-77.023849, -12.081292], [-77.023771, -12.080907], [-77.023769, -12.080893]]}, "properties": {"id": "-1343207494", "nombre": "-1343207494", "longitud": 45.02, "velocidad_max": 50.0, "num_lanes": 1}}, {"type": "Feature", "id": "-1343207503", "geometry": {"type": "LineString", "coordinates": [[-77.025055, -12.071598], [-77.025005, -12.071589], [-77.024541, -12.071506], [-77.024527, -12.071498]]}, "properties": {"id": "-1343207503", "nombre": "-1343207503", "longitud": 58.58, "velocidad_max": 10.0, "num_lanes": 1}}, {"type": "Feature", "id": "-1343411235", "geometry": {"type": "LineString", "coordinates": [[-77.050969, -12.043793], [-77.05097, -12.043786]]}, "properties": {"id": "-1343411235", "nombre": "Jirón Ramón Cárcamo", "longitud": 0.73, "velocidad_max": 80.0, "num_lanes": 2}}, {"type": "Feature", "id": "-1343437441", "geometry": {"type": "LineString", "coordinates": [[-77.010775, -12.112334], [-77.010775, -12.112332]]}, "properties": {"id": "-1343437441", "nombre": "Jean Paul Sartre", "longitud": 0.2, "velocidad_max": 40.0, "num_lanes": 1}}, {"type": "Feature", "id": "-1343727804", "geometry": {"type": "LineString", "coordinates": [[-77.059119, -12.072342], [-77.059156, -12.072341], [-77.059601, -12.072318], [-77.059669, -12.072316]]}, "properties": {"id": "-1343727804", "nombre": "-1343727804", "longitud": 59.97, "velocidad_max": 50.0, "num_lanes": 1}}, {"type": "Feature", "id": "-1343820629", "geometry": {"type": "LineString", "coordinates": [[-77.039105, -12.06961], [-77.03909, -12.069874]]}, "properties": {"id": "-1343820629", "nombre": "-1343820629", "longitud": 29.22, "velocidad_max": 50.0, "num_lanes": 1}}, {"type": "Feature", "id": "-1344068421", "geometry": {"type": "LineString", "coordinates": [[-77.039798, -12.093669], [-77.039735, -12.093984], [-77.039728, -12.093999], [-77.039708, -12.094013], [-77.039441, -12.093976]]}, "properties": {"id": "-1344068421", "nombre": "-1344068421", "longitud": 69.37, "velocidad_max": 50.0, "num_lanes": 1}}, {"type": "Feature", "id": "-1347456658", "geometry": {"type": "LineString", "coordinates": [[-77.04996, -12.091907], [-77.049834, -12.092801], [-77.049829, -12.092838]]}, "properties": {"id": "-1347456658", "nombre": "Calle Tomás Edison", "longitud": 103.97, "velocidad_max": 50.0, "num_lanes": 1}}, {"type": "Feature", "id": "-1347480484", "geometry": {"type": "LineString", "coordinates": [[-77.031434, -12.041437], [-77.031499, -12.041873]]}, "properties": {"id": "-1347480484", "nombre": "Ayabaca", "longitud": 48.67, "velocidad_max": 50.0, "num_lanes": 1}}, {"type": "Feature", "id": "-134910831#1", "geometry": {"type": "LineString", "coordinates": [[-77.013102, -12.079391], [-77.012996, -12.079177], [-77.012724, -12.078614], [-77.012724, -12.078548], [-77.01275, -12.078508]]}, "properties": {"id": "-134910831#1", "nombre": "Calle 4", "longitud": 107.87, "velocidad_max": 50.0, "num_lanes": 1}}, {"type": "Feature", "id": "-1364061733", "geometry": {"type": "LineString", "coordinates": [[-77.038685, -12.052089], [-77.038687, -12.052089]]}, "properties": {"id": "-1364061733", "nombre": "Jirón Ilo", "longitud": 0.2, "velocidad_max": 30.0, "num_lanes": 1}}, {"type": "Feature", "id": "-1364061734", "geometry": {"type": "LineString", "coordinates": [[-77.038595, -12.052779], [-77.038593, -12.052779]]}, "properties": {"id": "-1364061734", "nombre": "Pasaje Nueva Rosita", "longitud": 0.2, "velocidad_max": 30.0, "num_lanes": 1}}, {"type": "Feature", "id": "-1364061735", "geometry": {"type": "LineString", "coordinates": [[-77.03853, -12.053291], [-77.038532, -12.053292]]}, "properties": {"id": "-1364061735", "nombre": "Pasaje Villarán", "longitud": 0.2, "velocidad_max": 50.0, "num_lanes": 1}}, {"type": "Feature", "id": "-1364061736", "geometry": {"type": "LineString", "coordinates": [[-77.038757, -12.051533], [-77.038756, -12.051533]]}, "properties": {"id": "-1364061736", "nombre": "Jirón Dávalos Lisson", "longitud": 0.2, "velocidad_max": 50.0, "num_lanes": 1}}, {"type": "Feature", "id": "-1375368625", "geometry": {"type": "LineString", "coordinates": [[-77.068353, -12.064268], [-77.068352, -12.064261], [-77.068345, -12.0642], [-77.068336, -12.06414], [-77.068256, -12.063735], [-77.068223, -12.063478], [-77.068218, -12.063302], [-77.068213, -12.063243], [-77.068213, -12.063183]]}, "properties": {"id": "-1375368625", "nombre": "Jirón Leonidas La Sarre", "longitud": 121.27, "velocidad_max": 50.0, "num_lanes": 1}}, {"type": "Feature", "id": "-1384242794#2", "geometry": {"type": "LineString", "coordinates": [[-77.044685, -12.041924], [-77.044686, -12.041924], [-77.044714, -12.041917], [-77.044735, -12.041904], [-77.044778, -12.041879], [-77.044865, -12.041831], [-77.04489, -12.041811], [-77.044906, -12.041789], [-77.044922, -12.041765], [-77.04494, -12.041715], [-77.04498, -12.041525], [-77.044992, -12.041408], [-77.045005, -12.041375], [-77.045034, -12.041356], [-77.045588, -12.041432]]}, "properties": {"id": "-1384242794#2", "nombre": "-1384242794#2", "longitud": 140.96, "velocidad_max": 50.0, "num_lanes": 1}}, {"type": "Feature", "id": "-1384410493", "geometry": {"type": "LineString", "coordinates": [[-77.013101, -12.11749], [-77.013246, -12.11736]]}, "properties": {"id": "-1384410493", "nombre": "-1384410493", "longitud": 21.35, "velocidad_max": 50.0, "num_lanes": 1}}, {"type": "Feature", "id": "-1384410494", "geometry": {"type": "LineString", "coordinates": [[-77.01327, -12.117838], [-77.013512, -12.117794]]}, "properties": {"id": "-1384410494", "nombre": "-1384410494", "longitud": 26.76, "velocidad_max": 50.0, "num_lanes": 1}}, {"type": "Feature", "id": "-1384649557", "geometry": {"type": "LineString", "coordinates": [[-77.065499, -12.070433], [-77.065462, -12.070236], [-77.065436, -12.070096]]}, "properties": {"id": "-1384649557", "nombre": "-1384649557", "longitud": 37.86, "velocidad_max": 50.0, "num_lanes": 1}}, {"type": "Feature", "id": "-1384651869", "geometry": {"type": "LineString", "coordinates": [[-77.056041, -12.092757], [-77.056186, -12.093048], [-77.056227, -12.093107]]}, "properties": {"id": "-1384651869", "nombre": "-1384651869", "longitud": 43.82, "velocidad_max": 50.0, "num_lanes": 1}}, {"type": "Feature", "id": "-1384831645", "geometry": {"type": "LineString", "coordinates": [[-77.064598, -12.053959], [-77.064606, -12.054161], [-77.064612, -12.054234], [-77.064654, -12.054265]]}, "properties": {"id": "-1384831645", "nombre": "-1384831645", "longitud": 36.27, "velocidad_max": 50.0, "num_lanes": 1}}, {"type": "Feature", "id": "-1384899333", "geometry": {"type": "LineString", "coordinates": [[-77.049269, -12.047769], [-77.049338, -12.047194], [-77.049343, -12.047157]]}, "properties": {"id": "-1384899333", "nombre": "Jirón Presbítero García Villón", "longitud": 68.15, "velocidad_max": 30.0, "num_lanes": 1}}, {"type": "Feature", "id": "-1384899856#0", "geometry": {"type": "LineString", "coordinates": [[-77.02446, -12.070486], [-77.024484, -12.070322]]}, "properties": {"id": "-1384899856#0", "nombre": "-1384899856#0", "longitud": 18.29, "velocidad_max": 10.0, "num_lanes": 1}}, {"type": "Feature", "id": "-1384899856#1", "geometry": {"type": "LineString", "coordinates": [[-77.024424, -12.070731], [-77.024441, -12.070615]]}, "properties": {"id": "-1384899856#1", "nombre": "-1384899856#1", "longitud": 12.9, "velocidad_max": 10.0, "num_lanes": 1}}, {"type": "Feature", "id": "-1384899857", "geometry": {"type": "LineString", "coordinates": [[-77.025174, -12.07066], [-77.025124, -12.070652], [-77.024644, -12.070576], [-77.024533, -12.070573]]}, "properties": {"id": "-1384899857", "nombre": "-1384899857", "longitud": 70.5, "velocidad_max": 10.0, "num_lanes": 1}}, {"type": "Feature", "id": "-1384899862", "geometry": {"type": "LineString", "coordinates": [[-77.023538, -12.075923], [-77.023566, -12.075848], [-77.023647, -12.075641]]}, "properties": {"id": "-1384899862", "nombre": "Pasaje México", "longitud": 33.39, "velocidad_max": 30.0, "num_lanes": 1}}, {"type": "Feature", "id": "-1384899864", "geometry": {"type": "LineString", "coordinates": [[-77.023752, -12.075595], [-77.024427, -12.07585]]}, "properties": {"id": "-1384899864", "nombre": "Pasaje los Jaspes", "longitud": 78.78, "velocidad_max": 50.0, "num_lanes": 1}}, {"type": "Feature", "id": "-1384911737", "geometry": {"type": "LineString", "coordinates": [[-77.024255, -12.047961], [-77.024279, -12.04795], [-77.024375, -12.047905], [-77.024586, -12.047806], [-77.025303, -12.047475]]}, "properties": {"id": "-1384911737", "nombre": "Jirón Simón Rodríguez", "longitud": 126.15, "velocidad_max": 30.0, "num_lanes": 1}}, {"type": "Feature", "id": "-1384916753#0", "geometry": {"type": "LineString", "coordinates": [[-77.018892, -12.062728], [-77.018936, -12.062734], [-77.019146, -12.062764], [-77.019307, -12.062787], [-77.019443, -12.062806], [-77.019637, -12.062834], [-77.019716, -12.062845]]}, "properties": {"id": "-1384916753#0", "nombre": "Pasaje Hernando de Luque", "longitud": 90.68, "velocidad_max": 30.0, "num_lanes": 1}}, {"type": "Feature", "id": "-1384916753#1", "geometry": {"type": "LineString", "coordinates": [[-77.017958, -12.062595], [-77.018003, -12.062601], [-77.018731, -12.062705]]}, "properties": {"id": "-1384916753#1", "nombre": "Pasaje Hernando de Luque", "longitud": 85.05, "velocidad_max": 30.0, "num_lanes": 1}}, {"type": "Feature", "id": "-1384916755", "geometry": {"type": "LineString", "coordinates": [[-77.018966, -12.062182], [-77.018984, -12.062185], [-77.019217, -12.062213], [-77.01936, -12.062231], [-77.019515, -12.06225], [-77.019741, -12.062279], [-77.019787, -12.062285]]}, "properties": {"id": "-1384916755", "nombre": "-1384916755", "longitud": 90.21, "velocidad_max": 30.0, "num_lanes": 1}}, {"type": "Feature", "id": "-1385047467", "geometry": {"type": "LineString", "coordinates": [[-77.047082, -12.096541], [-77.047097, -12.096542], [-77.047316, -12.096569], [-77.047317, -12.096568], [-77.047356, -12.09637], [-77.04737, -12.096305]]}, "properties": {"id": "-1385047467", "nombre": "-1385047467", "longitud": 55.53, "velocidad_max": 50.0, "num_lanes": 1}}, {"type": "Feature", "id": "-1385087942", "geometry": {"type": "LineString", "coordinates": [[-77.025455, -12.111275], [-77.025487, -12.110863]]}, "properties": {"id": "-1385087942", "nombre": "-1385087942", "longitud": 45.71, "velocidad_max": 50.0, "num_lanes": 1}}, {"type": "Feature", "id": "-1385121538", "geometry": {"type": "LineString", "coordinates": [[-77.048641, -12.103142], [-77.048643, -12.103062], [-77.048642, -12.103019]]}, "properties": {"id": "-1385121538", "nombre": "-1385121538", "longitud": 13.63, "velocidad_max": 50.0, "num_lanes": 1}}, {"type": "Feature", "id": "-1385178910", "geometry": {"type": "LineString", "coordinates": [[-77.014781, -12.067314], [-77.014783, -12.067314]]}, "properties": {"id": "-1385178910", "nombre": "Jirón San Cristóbal", "longitud": 0.2, "velocidad_max": 50.0, "num_lanes": 1}}, {"type": "Feature", "id": "-1385679660", "geometry": {"type": "LineString", "coordinates": [[-77.024329, -12.072526], [-77.024876, -12.072597], [-77.024928, -12.072608]]}, "properties": {"id": "-1385679660", "nombre": "-1385679660", "longitud": 65.9, "velocidad_max": 50.0, "num_lanes": 1}}, {"type": "Feature", "id": "-1385710535", "geometry": {"type": "LineString", "coordinates": [[-77.02668, -12.077708], [-77.026852, -12.077783]]}, "properties": {"id": "-1385710535", "nombre": "Jirón Topacios", "longitud": 20.44, "velocidad_max": 50.0, "num_lanes": 1}}, {"type": "Feature", "id": "-1385764840", "geometry": {"type": "LineString", "coordinates": [[-77.024819, -12.104376], [-77.024815, -12.104379], [-77.024732, -12.104428]]}, "properties": {"id": "-1385764840", "nombre": "-1385764840", "longitud": 11.03, "velocidad_max": 50.0, "num_lanes": 1}}, {"type": "Feature", "id": "-1385764841", "geometry": {"type": "LineString", "coordinates": [[-77.025036, -12.104804], [-77.024964, -12.104838]]}, "properties": {"id": "-1385764841", "nombre": "-1385764841", "longitud": 8.74, "velocidad_max": 50.0, "num_lanes": 1}}, {"type": "Feature", "id": "-1385764843", "geometry": {"type": "LineString", "coordinates": [[-77.025425, -12.106301], [-77.025398, -12.106237]]}, "properties": {"id": "-1385764843", "nombre": "-1385764843", "longitud": 7.7, "velocidad_max": 50.0, "num_lanes": 1}}, {"type": "Feature", "id": "-1385764844#0", "geometry": {"type": "LineString", "coordinates": [[-77.025451, -12.106137], [-77.025561, -12.106115], [-77.025576, -12.106111]]}, "properties": {"id": "-1385764844#0", "nombre": "-1385764844#0", "longitud": 13.98, "velocidad_max": 50.0, "num_lanes": 1}}, {"type": "Feature", "id": "-1385764844#1", "geometry": {"type": "LineString", "coordinates": [[-77.025326, -12.106038], [-77.025367, -12.106109]]}, "properties": {"id": "-1385764844#1", "nombre": "-1385764844#1", "longitud": 9.01, "velocidad_max": 50.0, "num_lanes": 1}}, {"type": "Feature", "id": "-1385767621", "geometry": {"type": "LineString", "coordinates": [[-77.05079, -12.107128], [-77.050839, -12.107211]]}, "properties": {"id": "-1385767621", "nombre": "-1385767621", "longitud": 10.63, "velocidad_max": 50.0, "num_lanes": 1}}, {"type": "Feature", "id": "-1385767623", "geometry": {"type": "LineString", "coordinates": [[-77.050423, -12.107055], [-77.050621, -12.107355]]}, "properties": {"id": "-1385767623", "nombre": "-1385767623", "longitud": 39.59, "velocidad_max": 50.0, "num_lanes": 1}}, {"type": "Feature", "id": "-1385785240", "geometry": {"type": "LineString", "coordinates": [[-77.010466, -12.080259], [-77.010497, -12.080339], [-77.010491, -12.080368], [-77.010464, -12.080385], [-77.010253, -12.080472]]}, "properties": {"id": "-1385785240", "nombre": "-1385785240", "longitud": 41.06, "velocidad_max": 50.0, "num_lanes": 1}}, {"type": "Feature", "id": "-1385847400", "geometry": {"type": "LineString", "coordinates": [[-77.062805, -12.041587], [-77.063242, -12.041632], [-77.063541, -12.041663]]}, "properties": {"id": "-1385847400", "nombre": "-1385847400", "longitud": 80.58, "velocidad_max": 10.0, "num_lanes": 1}}, {"type": "Feature", "id": "-1385847401", "geometry": {"type": "LineString", "coordinates": [[-77.062774, -12.041934], [-77.063505, -12.041995]]}, "properties": {"id": "-1385847401", "nombre": "-1385847401", "longitud": 79.9, "velocidad_max": 10.0, "num_lanes": 1}}, {"type": "Feature", "id": "-1385979132", "geometry": {"type": "LineString", "coordinates": [[-77.031394, -12.117018], [-77.031394, -12.117023], [-77.031393, -12.117042], [-77.0314, -12.117843], [-77.0314, -12.117916]]}, "properties": {"id": "-1385979132", "nombre": "Calle Coronel Inclán", "longitud": 99.29, "velocidad_max": 40.0, "num_lanes": 1}}, {"type": "Feature", "id": "-1385979134", "geometry": {"type": "LineString", "coordinates": [[-77.0314, -12.118047], [-77.0314, -12.118087], [-77.031399, -12.118874], [-77.031403, -12.118949]]}, "properties": {"id": "-1385979134", "nombre": "Calle Coronel Inclán", "longitud": 99.79, "velocidad_max": 40.0, "num_lanes": 1}}, {"type": "Feature", "id": "-1386000285#0", "geometry": {"type": "LineString", "coordinates": [[-77.014817, -12.044386], [-77.015117, -12.044464]]}, "properties": {"id": "-1386000285#0", "nombre": "-1386000285#0", "longitud": 33.74, "velocidad_max": 50.0, "num_lanes": 1}}, {"type": "Feature", "id": "-1386000285#1", "geometry": {"type": "LineString", "coordinates": [[-77.014648, -12.044338], [-77.014689, -12.044351]]}, "properties": {"id": "-1386000285#1", "nombre": "-1386000285#1", "longitud": 4.73, "velocidad_max": 50.0, "num_lanes": 1}}, {"type": "Feature", "id": "-1386323072#1", "geometry": {"type": "LineString", "coordinates": [[-77.035088, -12.07325], [-77.035604, -12.073324]]}, "properties": {"id": "-1386323072#1", "nombre": "Calle Emilio Fernández", "longitud": 56.79, "velocidad_max": 40.0, "num_lanes": 2}}, {"type": "Feature", "id": "-1386537087", "geometry": {"type": "LineString", "coordinates": [[-77.044973, -12.058918], [-77.044519, -12.058877]]}, "properties": {"id": "-1386537087", "nombre": "-1386537087", "longitud": 49.59, "velocidad_max": 50.0, "num_lanes": 1}}, {"type": "Feature", "id": "-1386905614", "geometry": {"type": "LineString", "coordinates": [[-77.04563, -12.045949], [-77.046095, -12.045996], [-77.046268, -12.046014]]}, "properties": {"id": "-1386905614", "nombre": "-1386905614", "longitud": 69.86, "velocidad_max": 10.0, "num_lanes": 1}}, {"type": "Feature", "id": "-1389963251#0", "geometry": {"type": "LineString", "coordinates": [[-77.017886, -12.075841], [-77.017882, -12.075861], [-77.017871, -12.07593], [-77.017849, -12.076094], [-77.017837, -12.076265], [-77.01785, -12.076417]]}, "properties": {"id": "-1389963251#0", "nombre": "Prolongación Lucanas", "longitud": 64.1, "velocidad_max": 50.0, "num_lanes": 1}}, {"type": "Feature", "id": "-1391879855", "geometry": {"type": "LineString", "coordinates": [[-77.052045, -12.094001], [-77.052065, -12.09403], [-77.052572, -12.094788]]}, "properties": {"id": "-1391879855", "nombre": "Calle Baltazar La Torre", "longitud": 104.27, "velocidad_max": 40.0, "num_lanes": 1}}, {"type": "Feature", "id": "-1392408329#1", "geometry": {"type": "LineString", "coordinates": [[-77.025495, -12.107794], [-77.025572, -12.107914], [-77.025624, -12.107996]]}, "properties": {"id": "-1392408329#1", "nombre": "Plaza de la Volumetría", "longitud": 26.44, "velocidad_max": 30.0, "num_lanes": 1}}, {"type": "Feature", "id": "-1392413198#2", "geometry": {"type": "LineString", "coordinates": [[-77.025067, -12.107345], [-77.025077, -12.10736], [-77.025094, -12.107386]]}, "properties": {"id": "-1392413198#2", "nombre": "Plaza de la Volumetría", "longitud": 5.43, "velocidad_max": 30.0, "num_lanes": 1}}, {"type": "Feature", "id": "-1392413199#2", "geometry": {"type": "LineString", "coordinates": [[-77.024826, -12.107605], [-77.024986, -12.10751], [-77.025029, -12.107484], [-77.025052, -12.107471]]}, "properties": {"id": "-1392413199#2", "nombre": "Plaza de la Volumetría", "longitud": 28.77, "velocidad_max": 30.0, "num_lanes": 1}}, {"type": "Feature", "id": "-1392413200#5", "geometry": {"type": "LineString", "coordinates": [[-77.024421, -12.107455], [-77.024442, -12.10749], [-77.024495, -12.107579], [-77.024541, -12.107657], [-77.024549, -12.107671], [-77.024588, -12.107738], [-77.024603, -12.107764], [-77.024606, -12.107801]]}, "properties": {"id": "-1392413200#5", "nombre": "Plaza Recavarren", "longitud": 43.63, "velocidad_max": 30.0, "num_lanes": 1}}, {"type": "Feature", "id": "-1392413201#2", "geometry": {"type": "LineString", "coordinates": [[-77.024196, -12.107247], [-77.02421, -12.107239], [-77.024223, -12.107231], [-77.024431, -12.107112], [-77.024518, -12.107062]]}, "properties": {"id": "-1392413201#2", "nombre": "Plaza de la Composición", "longitud": 40.56, "velocidad_max": 30.0, "num_lanes": 1}}, {"type": "Feature", "id": "-1392413202#0", "geometry": {"type": "LineString", "coordinates": [[-77.025059, -12.106989], [-77.024959, -12.107047]]}, "properties": {"id": "-1392413202#0", "nombre": "Plaza de la Integración", "longitud": 12.59, "velocidad_max": 30.0, "num_lanes": 1}}, {"type": "Feature", "id": "-1392413202#2", "geometry": {"type": "LineString", "coordinates": [[-77.025168, -12.106926], [-77.025166, -12.106927]]}, "properties": {"id": "-1392413202#2", "nombre": "Plaza de la Integración", "longitud": 0.2, "velocidad_max": 30.0, "num_lanes": 1}}, {"type": "Feature", "id": "-1392413206#1", "geometry": {"type": "LineString", "coordinates": [[-77.024614, -12.10722], [-77.024527, -12.10727]]}, "properties": {"id": "-1392413206#1", "nombre": "Plaza de la Composición", "longitud": 10.99, "velocidad_max": 30.0, "num_lanes": 1}}, {"type": "Feature", "id": "-1392413207", "geometry": {"type": "LineString", "coordinates": [[-77.024789, -12.106781], [-77.024701, -12.106831]]}, "properties": {"id": "-1392413207", "nombre": "Plaza de la Composición", "longitud": 11.01, "velocidad_max": 30.0, "num_lanes": 1}}, {"type": "Feature", "id": "-1392413208", "geometry": {"type": "LineString", "coordinates": [[-77.024769, -12.10694], [-77.024859, -12.106888]]}, "properties": {"id": "-1392413208", "nombre": "Plaza de la Composición", "longitud": 11.36, "velocidad_max": 30.0, "num_lanes": 1}}, {"type": "Feature", "id": "-1392413210#0", "geometry": {"type": "LineString", "coordinates": [[-77.025257, -12.106933], [-77.025427, -12.107209]]}, "properties": {"id": "-1392413210#0", "nombre": "Plaza de la Integración", "longitud": 35.77, "velocidad_max": 30.0, "num_lanes": 1}}, {"type": "Feature", "id": "-1392413210#1", "geometry": {"type": "LineString", "coordinates": [[-77.025148, -12.106756], [-77.025188, -12.106821]]}, "properties": {"id": "-1392413210#1", "nombre": "Plaza de la Integración", "longitud": 8.47, "velocidad_max": 30.0, "num_lanes": 1}}, {"type": "Feature", "id": "-1392413211#1", "geometry": {"type": "LineString", "coordinates": [[-77.025218, -12.107148], [-77.025133, -12.107012], [-77.025131, -12.107008]]}, "properties": {"id": "-1392413211#1", "nombre": "Plaza de la Integración", "longitud": 18.19, "velocidad_max": 30.0, "num_lanes": 1}}, {"type": "Feature", "id": "-1392413212#0", "geometry": {"type": "LineString", "coordinates": [[-77.025747, -12.107494], [-77.02561, -12.107272]]}, "properties": {"id": "-1392413212#0", "nombre": "Plaza de la Proporción", "longitud": 28.72, "velocidad_max": 30.0, "num_lanes": 1}}, {"type": "Feature", "id": "-1392413212#1", "geometry": {"type": "LineString", "coordinates": [[-77.025886, -12.107718], [-77.025816, -12.107605]]}, "properties": {"id": "-1392413212#1", "nombre": "Plaza de la Proporción", "longitud": 14.63, "velocidad_max": 30.0, "num_lanes": 1}}, {"type": "Feature", "id": "-1392413213#3", "geometry": {"type": "LineString", "coordinates": [[-77.025745, -12.107588], [-77.025716, -12.107605], [-77.025565, -12.107694], [-77.025512, -12.107725]]}, "properties": {"id": "-1392413213#3", "nombre": "Pasaje de la Antropometría", "longitud": 29.49, "velocidad_max": 30.0, "num_lanes": 1}}, {"type": "Feature", "id": "-1394239104", "geometry": {"type": "LineString", "coordinates": [[-77.024852, -12.107075], [-77.024944, -12.107022]]}, "properties": {"id": "-1394239104", "nombre": "Plaza de la Composición", "longitud": 11.72, "velocidad_max": 30.0, "num_lanes": 1}}, {"type": "Feature", "id": "-14103110", "geometry": {"type": "LineString", "coordinates": [[-77.041405, -12.109142], [-77.041839, -12.108718]]}, "properties": {"id": "-14103110", "nombre": "Calle Jorge Vanderghen", "longitud": 66.61, "velocidad_max": 50.0, "num_lanes": 1}}, {"type": "Feature", "id": "-1423305998#0", "geometry": {"type": "LineString", "coordinates": [[-77.066605, -12.096217], [-77.06699, -12.09668]]}, "properties": {"id": "-1423305998#0", "nombre": "Jirón Domingo Ponte", "longitud": 66.21, "velocidad_max": 50.0, "num_lanes": 1}}, {"type": "Feature", "id": "-1423305998#1", "geometry": {"type": "LineString", "coordinates": [[-77.066363, -12.095926], [-77.066519, -12.096114]]}, "properties": {"id": "-1423305998#1", "nombre": "Jirón Domingo Ponte", "longitud": 26.81, "velocidad_max": 50.0, "num_lanes": 1}}, {"type": "Feature", "id": "-1423305998#3", "geometry": {"type": "LineString", "coordinates": [[-77.065712, -12.095142], [-77.065765, -12.095206], [-77.066298, -12.095848]]}, "properties": {"id": "-1423305998#3", "nombre": "Jirón Domingo Ponte", "longitud": 100.84, "velocidad_max": 50.0, "num_lanes": 1}}, {"type": "Feature", "id": "-1423305998#4", "geometry": {"type": "LineString", "coordinates": [[-77.065084, -12.094387], [-77.065087, -12.094391], [-77.065646, -12.095064]]}, "properties": {"id": "-1423305998#4", "nombre": "Jirón Domingo Ponte", "longitud": 96.72, "velocidad_max": 50.0, "num_lanes": 1}}, {"type": "Feature", "id": "-1423320226#0", "geometry": {"type": "LineString", "coordinates": [[-77.057098, -12.091807], [-77.056747, -12.090895]]}, "properties": {"id": "-1423320226#0", "nombre": "Calle Nicanor Rocca de Vergallo", "longitud": 107.9, "velocidad_max": 40.0, "num_lanes": 1}}, {"type": "Feature", "id": "-1423320226#1", "geometry": {"type": "LineString", "coordinates": [[-77.057355, -12.092489], [-77.057134, -12.091902]]}, "properties": {"id": "-1423320226#1", "nombre": "Calle Nicanor Rocca de Vergallo", "longitud": 69.2, "velocidad_max": 40.0, "num_lanes": 1}}, {"type": "Feature", "id": "-1423320227", "geometry": {"type": "LineString", "coordinates": [[-77.056748, -12.090899], [-77.056748, -12.090897]]}, "properties": {"id": "-1423320227", "nombre": "Calle Nicanor Rocca de Vergallo", "longitud": 0.2, "velocidad_max": 40.0, "num_lanes": 1}}, {"type": "Feature", "id": "-1423603208", "geometry": {"type": "LineString", "coordinates": [[-77.018998, -12.086843], [-77.019293, -12.086887], [-77.019412, -12.086904]]}, "properties": {"id": "-1423603208", "nombre": "Calle Pascual Saco Oliveros", "longitud": 45.62, "velocidad_max": 40.0, "num_lanes": 1}}, {"type": "Feature", "id": "-1430440883#0", "geometry": {"type": "LineString", "coordinates": [[-77.026635, -12.077433], [-77.026064, -12.077212]]}, "properties": {"id": "-1430440883#0", "nombre": "Jirón Topacios", "longitud": 66.82, "velocidad_max": 50.0, "num_lanes": 1}}, {"type": "Feature", "id": "-1430440883#1", "geometry": {"type": "LineString", "coordinates": [[-77.026936, -12.07755], [-77.026759, -12.077481]]}, "properties": {"id": "-1430440883#1", "nombre": "Jirón Topacios", "longitud": 20.71, "velocidad_max": 50.0, "num_lanes": 1}}, {"type": "Feature", "id": "-144949479", "geometry": {"type": "LineString", "coordinates": [[-77.032374, -12.105245], [-77.031833, -12.105167]]}, "properties": {"id": "-144949479", "nombre": "Pasaje Paraíso", "longitud": 59.44, "velocidad_max": 50.0, "num_lanes": 1}}, {"type": "Feature", "id": "-144954715#0", "geometry": {"type": "LineString", "coordinates": [[-77.053186, -12.040105], [-77.054679, -12.039874], [-77.055436, -12.039765], [-77.055765, -12.039719], [-77.056094, -12.039675], [-77.05658, -12.039606]]}, "properties": {"id": "-144954715#0", "nombre": "Avenida Enrique Meiggs", "longitud": 373.77, "velocidad_max": 40.0, "num_lanes": 1}}, {"type": "Feature", "id": "-144954715#1", "geometry": {"type": "LineString", "coordinates": [[-77.051606, -12.040345], [-77.052606, -12.0402], [-77.053056, -12.040125]]}, "properties": {"id": "-144954715#1", "nombre": "Avenida Enrique Meiggs", "longitud": 159.76, "velocidad_max": 40.0, "num_lanes": 1}}, {"type": "Feature", "id": "-1449698444#1", "geometry": {"type": "LineString", "coordinates": [[-77.046959, -12.097292], [-77.047398, -12.097358], [-77.047862, -12.097426], [-77.047924, -12.097436], [-77.047941, -12.097443]]}, "properties": {"id": "-1449698444#1", "nombre": "Avenida Nicolás de Ribera", "longitud": 108.3, "velocidad_max": 30.0, "num_lanes": 1}}, {"type": "Feature", "id": "-1449698446#0", "geometry": {"type": "LineString", "coordinates": [[-77.046822, -12.098113], [-77.046948, -12.098839], [-77.046953, -12.098864]]}, "properties": {"id": "-1449698446#0", "nombre": "Avenida Las Flores", "longitud": 84.3, "velocidad_max": 30.0, "num_lanes": 2}}, {"type": "Feature", "id": "-1449698446#1", "geometry": {"type": "LineString", "coordinates": [[-77.04688, -12.097361], [-77.046878, -12.097378], [-77.046807, -12.09795], [-77.046806, -12.097957]]}, "properties": {"id": "-1449698446#1", "nombre": "Avenida Las Flores", "longitud": 66.38, "velocidad_max": 30.0, "num_lanes": 2}}, {"type": "Feature", "id": "-1462570883", "geometry": {"type": "LineString", "coordinates": [[-77.057202, -12.051604], [-77.057263, -12.051584], [-77.057398, -12.05154]]}, "properties": {"id": "-1462570883", "nombre": "Sargento Antonio Lishner", "longitud": 22.45, "velocidad_max": 10.0, "num_lanes": 1}}, {"type": "Feature", "id": "-1464367691", "geometry": {"type": "LineString", "coordinates": [[-77.028059, -12.094951], [-77.028914, -12.095063]]}, "properties": {"id": "-1464367691", "nombre": "Avenida Antequera", "longitud": 93.96, "velocidad_max": 40.0, "num_lanes": 1}}, {"type": "Feature", "id": "-1464367692", "geometry": {"type": "LineString", "coordinates": [[-77.029042, -12.09508], [-77.029684, -12.095165]]}, "properties": {"id": "-1464367692", "nombre": "Avenida Antequera", "longitud": 70.58, "velocidad_max": 40.0, "num_lanes": 1}}, {"type": "Feature", "id": "-1464599372#0", "geometry": {"type": "LineString", "coordinates": [[-77.062921, -12.061572], [-77.062917, -12.061572]]}, "properties": {"id": "-1464599372#0", "nombre": "Jirón Germán Carrasco", "longitud": 0.37, "velocidad_max": 50.0, "num_lanes": 1}}, {"type": "Feature", "id": "-1464599381#1", "geometry": {"type": "LineString", "coordinates": [[-77.060563, -12.06041], [-77.060431, -12.060384], [-77.060384, -12.060381], [-77.060339, -12.06039], [-77.05968, -12.060592], [-77.059592, -12.060618]]}, "properties": {"id": "-1464599381#1", "nombre": "Jirón Raúl Porras Barrenechea", "longitud": 109.86, "velocidad_max": 50.0, "num_lanes": 1}}, {"type": "Feature", "id": "-1464599381#2", "geometry": {"type": "LineString", "coordinates": [[-77.061438, -12.060581], [-77.060701, -12.060437]]}, "properties": {"id": "-1464599381#2", "nombre": "Jirón Raúl Porras Barrenechea", "longitud": 81.83, "velocidad_max": 50.0, "num_lanes": 1}}, {"type": "Feature", "id": "-1469334606#1", "geometry": {"type": "LineString", "coordinates": [[-77.052508, -12.10444], [-77.0525, -12.104442], [-77.051924, -12.104639], [-77.0519, -12.104647]]}, "properties": {"id": "-1469334606#1", "nombre": "Calle Teniente Paul de Beaudiez", "longitud": 69.97, "velocidad_max": 40.0, "num_lanes": 1}}, {"type": "Feature", "id": "-1469334606#3", "geometry": {"type": "LineString", "coordinates": [[-77.054147, -12.103889], [-77.052764, -12.104361]]}, "properties": {"id": "-1469334606#3", "nombre": "Calle Teniente Paul de Beaudiez", "longitud": 159.4, "velocidad_max": 40.0, "num_lanes": 1}}, {"type": "Feature", "id": "-1469334609", "geometry": {"type": "LineString", "coordinates": [[-77.051651, -12.104728], [-77.050906, -12.104982]]}, "properties": {"id": "-1469334609", "nombre": "Calle Teniente Paul de Beaudiez", "longitud": 85.85, "velocidad_max": 40.0, "num_lanes": 1}}, {"type": "Feature", "id": "-1469334616", "geometry": {"type": "LineString", "coordinates": [[-77.036572, -12.094716], [-77.035465, -12.094562]]}, "properties": {"id": "-1469334616", "nombre": "Avenida Jorge Basadre Grohmann", "longitud": 121.72, "velocidad_max": 50.0, "num_lanes": 2}}, {"type": "Feature", "id": "-1469334617#0", "geometry": {"type": "LineString", "coordinates": [[-77.047002, -12.096612], [-77.04691, -12.097188], [-77.046903, -12.097231]]}, "properties": {"id": "-1469334617#0", "nombre": "Avenida Las Flores", "longitud": 69.34, "velocidad_max": 30.0, "num_lanes": 2}}, {"type": "Feature", "id": "-1469334617#1", "geometry": {"type": "LineString", "coordinates": [[-77.047057, -12.096265], [-77.047023, -12.096484]]}, "properties": {"id": "-1469334617#1", "nombre": "Avenida Las Flores", "longitud": 24.49, "velocidad_max": 30.0, "num_lanes": 2}}, {"type": "Feature", "id": "-1469334618#0", "geometry": {"type": "LineString", "coordinates": [[-77.047332, -12.096233], [-77.047139, -12.096206]]}, "properties": {"id": "-1469334618#0", "nombre": "Avenida Jorge Basadre Grohmann", "longitud": 21.16, "velocidad_max": 50.0, "num_lanes": 2}}, {"type": "Feature", "id": "-1469334618#1", "geometry": {"type": "LineString", "coordinates": [[-77.048082, -12.096337], [-77.048069, -12.096336], [-77.047463, -12.096251]]}, "properties": {"id": "-1469334618#1", "nombre": "Avenida Jorge Basadre Grohmann", "longitud": 68.04, "velocidad_max": 50.0, "num_lanes": 2}}, {"type": "Feature", "id": "-1469334619", "geometry": {"type": "LineString", "coordinates": [[-77.047704, -12.091586], [-77.047569, -12.092511], [-77.047566, -12.092527]]}, "properties": {"id": "-1469334619", "nombre": "Avenida Guillermo Prescott", "longitud": 105.17, "velocidad_max": 40.0, "num_lanes": 2}}, {"type": "Feature", "id": "-1469645669#0", "geometry": {"type": "LineString", "coordinates": [[-77.017837, -12.094836], [-77.018286, -12.094898]]}, "properties": {"id": "-1469645669#0", "nombre": "Calle 17", "longitud": 49.37, "velocidad_max": 30.0, "num_lanes": 1}}, {"type": "Feature", "id": "-1469645669#1", "geometry": {"type": "LineString", "coordinates": [[-77.017269, -12.094769], [-77.017705, -12.094819]]}, "properties": {"id": "-1469645669#1", "nombre": "Calle 17", "longitud": 47.78, "velocidad_max": 30.0, "num_lanes": 1}}, {"type": "Feature", "id": "-1469645669#2", "geometry": {"type": "LineString", "coordinates": [[-77.016676, -12.094669], [-77.017136, -12.09475]]}, "properties": {"id": "-1469645669#2", "nombre": "Calle 17", "longitud": 50.89, "velocidad_max": 30.0, "num_lanes": 1}}, {"type": "Feature", "id": "-1469645678#2", "geometry": {"type": "LineString", "coordinates": [[-77.02113, -12.102306], [-77.021127, -12.102342], [-77.021101, -12.102599], [-77.02107, -12.102902], [-77.021069, -12.102914]]}, "properties": {"id": "-1469645678#2", "nombre": "Calle Las Tiendas", "longitud": 67.62, "velocidad_max": 30.0, "num_lanes": 1}}, {"type": "Feature", "id": "-1469645679#1", "geometry": {"type": "LineString", "coordinates": [[-77.021066, -12.098321], [-77.021016, -12.098451], [-77.020734, -12.0992]]}, "properties": {"id": "-1469645679#1", "nombre": "Calle Las Perdices", "longitud": 103.68, "velocidad_max": 40.0, "num_lanes": 1}}, {"type": "Feature", "id": "-1469645679#2", "geometry": {"type": "LineString", "coordinates": [[-77.021229, -12.097979], [-77.021124, -12.098191]]}, "properties": {"id": "-1469645679#2", "nombre": "Calle Las Perdices", "longitud": 26.11, "velocidad_max": 40.0, "num_lanes": 1}}, {"type": "Feature", "id": "-1469645682", "geometry": {"type": "LineString", "coordinates": [[-77.01782, -12.098535], [-77.018291, -12.098477]]}, "properties": {"id": "-1469645682", "nombre": "Calle Las Oropéndolas", "longitud": 51.64, "velocidad_max": 40.0, "num_lanes": 1}}, {"type": "Feature", "id": "-1469645685#0", "geometry": {"type": "LineString", "coordinates": [[-77.013986, -12.104803], [-77.013894, -12.104827]]}, "properties": {"id": "-1469645685#0", "nombre": "Calle 33", "longitud": 10.42, "velocidad_max": 30.0, "num_lanes": 1}}, {"type": "Feature", "id": "-1469645685#1", "geometry": {"type": "LineString", "coordinates": [[-77.014621, -12.104529], [-77.014419, -12.104633], [-77.014082, -12.10477]]}, "properties": {"id": "-1469645685#1", "nombre": "Calle 33", "longitud": 64.56, "velocidad_max": 30.0, "num_lanes": 1}}, {"type": "Feature", "id": "-1469645685#2", "geometry": {"type": "LineString", "coordinates": [[-77.015267, -12.104189], [-77.014711, -12.104482]]}, "properties": {"id": "-1469645685#2", "nombre": "Calle 33", "longitud": 68.69, "velocidad_max": 30.0, "num_lanes": 1}}, {"type": "Feature", "id": "-1469645686", "geometry": {"type": "LineString", "coordinates": [[-77.012493, -12.105007], [-77.012312, -12.10498], [-77.01196, -12.104886]]}, "properties": {"id": "-1469645686", "nombre": "Calle 33", "longitud": 59.61, "velocidad_max": 30.0, "num_lanes": 1}}, {"type": "Feature", "id": "-1469645687#2", "geometry": {"type": "LineString", "coordinates": [[-77.011315, -12.107422], [-77.010914, -12.107352], [-77.010806, -12.107333], [-77.010689, -12.107313]]}, "properties": {"id": "-1469645687#2", "nombre": "Jirón Roberto Ramírez del Villar", "longitud": 69.13, "velocidad_max": 40.0, "num_lanes": 1}}, {"type": "Feature", "id": "-1469645688", "geometry": {"type": "LineString", "coordinates": [[-77.011974, -12.107544], [-77.011413, -12.107439]]}, "properties": {"id": "-1469645688", "nombre": "Jirón Roberto Ramírez del Villar", "longitud": 62.21, "velocidad_max": 40.0, "num_lanes": 1}}, {"type": "Feature", "id": "-1469645695", "geometry": {"type": "LineString", "coordinates": [[-77.011723, -12.102321], [-77.011959, -12.102493], [-77.012158, -12.102639], [-77.012303, -12.102722]]}, "properties": {"id": "-1469645695", "nombre": "Calle Pietro Torrigiano", "longitud": 77.23, "velocidad_max": 40.0, "num_lanes": 1}}, {"type": "Feature", "id": "-1469645697#1", "geometry": {"type": "LineString", "coordinates": [[-77.016754, -12.093867], [-77.016679, -12.094334], [-77.016643, -12.094551], [-77.016633, -12.094611]]}, "properties": {"id": "-1469645697#1", "nombre": "Calle Los Ruiseñores Este", "longitud": 83.42, "velocidad_max": 30.0, "num_lanes": 1}}, {"type": "Feature", "id": "-1469645697#3", "geometry": {"type": "LineString", "coordinates": [[-77.0168, -12.093512], [-77.016778, -12.093706], [-77.016769, -12.093766]]}, "properties": {"id": "-1469645697#3", "nombre": "Calle Los Ruiseñores Este", "longitud": 28.3, "velocidad_max": 30.0, "num_lanes": 1}}, {"type": "Feature", "id": "-1469645697#4", "geometry": {"type": "LineString", "coordinates": [[-77.016895, -12.09275], [-77.016864, -12.092994], [-77.016812, -12.093414]]}, "properties": {"id": "-1469645697#4", "nombre": "Calle Los Ruiseñores Este", "longitud": 74.09, "velocidad_max": 30.0, "num_lanes": 1}}, {"type": "Feature", "id": "-1485652537", "geometry": {"type": "LineString", "coordinates": [[-77.009069, -12.082909], [-77.009204, -12.082928], [-77.009679, -12.082998], [-77.009931, -12.083035], [-77.010056, -12.083054], [-77.010168, -12.083056], [-77.010276, -12.083044], [-77.010666, -12.082855], [-77.010848, -12.082771], [-77.010961, -12.082721], [-77.011107, -12.082652]]}, "properties": {"id": "-1485652537", "nombre": "Calle Francisco Graña", "longitud": 233.02, "velocidad_max": 30.0, "num_lanes": 1}}, {"type": "Feature", "id": "-148630285#1", "geometry": {"type": "LineString", "coordinates": [[-77.043424, -12.041707], [-77.044348, -12.041988], [-77.04449, -12.041987], [-77.044538, -12.041982]]}, "properties": {"id": "-148630285#1", "nombre": "Jirón Huancavelica", "longitud": 126.07, "velocidad_max": 50.0, "num_lanes": 1}}, {"type": "Feature", "id": "-1497402283#1", "geometry": {"type": "LineString", "coordinates": [[-77.02563, -12.10801], [-77.025635, -12.108035], [-77.025629, -12.108093], [-77.025611, -12.108145]]}, "properties": {"id": "-1497402283#1", "nombre": "Plaza de la Volumetría", "longitud": 15.31, "velocidad_max": 30.0, "num_lanes": 1}}, {"type": "Feature", "id": "-1505609626", "geometry": {"type": "LineString", "coordinates": [[-77.050882, -12.069343], [-77.051602, -12.070227]]}, "properties": {"id": "-1505609626", "nombre": "Jirón Juan Pablo Fernandini", "longitud": 125.33, "velocidad_max": 40.0, "num_lanes": 1}}, {"type": "Feature", "id": "-1510462867", "geometry": {"type": "LineString", "coordinates": [[-77.020656, -12.061902], [-77.020668, -12.061877]]}, "properties": {"id": "-1510462867", "nombre": "-1510462867", "longitud": 3.1, "velocidad_max": 50.0, "num_lanes": 1}}, {"type": "Feature", "id": "-1521214179", "geometry": {"type": "LineString", "coordinates": [[-77.042796, -12.059967], [-77.042796, -12.059969]]}, "properties": {"id": "-1521214179", "nombre": "Jirón Breña", "longitud": 0.2, "velocidad_max": 50.0, "num_lanes": 1}}, {"type": "Feature", "id": "-152530028", "geometry": {"type": "LineString", "coordinates": [[-77.053227, -12.079582], [-77.053919, -12.07902]]}, "properties": {"id": "-152530028", "nombre": "Pasaje Monitor Huascar", "longitud": 97.69, "velocidad_max": 50.0, "num_lanes": 1}}, {"type": "Feature", "id": "-153125093#0", "geometry": {"type": "LineString", "coordinates": [[-77.037683, -12.082941], [-77.037554, -12.083843]]}, "properties": {"id": "-153125093#0", "nombre": "Pasaje Conocacha", "longitud": 100.84, "velocidad_max": 50.0, "num_lanes": 1}}, {"type": "Feature", "id": "-153125093#1", "geometry": {"type": "LineString", "coordinates": [[-77.03784, -12.081845], [-77.037701, -12.082812]]}, "properties": {"id": "-153125093#1", "nombre": "Pasaje Conocacha", "longitud": 108.01, "velocidad_max": 50.0, "num_lanes": 1}}, {"type": "Feature", "id": "-153125099#0", "geometry": {"type": "LineString", "coordinates": [[-77.028394, -12.075445], [-77.027783, -12.075369]]}, "properties": {"id": "-153125099#0", "nombre": "Londres", "longitud": 67.05, "velocidad_max": 30.0, "num_lanes": 1}}, {"type": "Feature", "id": "-153125099#1", "geometry": {"type": "LineString", "coordinates": [[-77.029097, -12.075538], [-77.028496, -12.075459]]}, "properties": {"id": "-153125099#1", "nombre": "Londres", "longitud": 65.98, "velocidad_max": 30.0, "num_lanes": 1}}, {"type": "Feature", "id": "-164293970", "geometry": {"type": "LineString", "coordinates": [[-77.022375, -12.104024], [-77.021735, -12.103944]]}, "properties": {"id": "-164293970", "nombre": "-164293970", "longitud": 70.29, "velocidad_max": 50.0, "num_lanes": 1}}, {"type": "Feature", "id": "-164293971", "geometry": {"type": "LineString", "coordinates": [[-77.022336, -12.104409], [-77.02169, -12.104339]]}, "properties": {"id": "-164293971", "nombre": "-164293971", "longitud": 70.78, "velocidad_max": 50.0, "num_lanes": 1}}, {"type": "Feature", "id": "-164328754#1", "geometry": {"type": "LineString", "coordinates": [[-77.011075, -12.11561], [-77.011113, -12.115661], [-77.011172, -12.115737], [-77.011229, -12.115857], [-77.011228, -12.115935], [-77.011214, -12.115998], [-77.011122, -12.116145]]}, "properties": {"id": "-164328754#1", "nombre": "Calle Carlos Valderrama", "longitud": 67.11, "velocidad_max": 10.0, "num_lanes": 1}}, {"type": "Feature", "id": "-164337247#2", "geometry": {"type": "LineString", "coordinates": [[-77.030373, -12.087568], [-77.030325, -12.087901], [-77.030315, -12.087975], [-77.030231, -12.088564]]}, "properties": {"id": "-164337247#2", "nombre": "Pasaje Tingua", "longitud": 111.22, "velocidad_max": 50.0, "num_lanes": 1}}, {"type": "Feature", "id": "-164337247#6", "geometry": {"type": "LineString", "coordinates": [[-77.030527, -12.086499], [-77.030487, -12.086773], [-77.030469, -12.0869], [-77.030423, -12.087217], [-77.030391, -12.08744]]}, "properties": {"id": "-164337247#6", "nombre": "Pasaje Tingua", "longitud": 105.18, "velocidad_max": 50.0, "num_lanes": 1}}, {"type": "Feature", "id": "-164337248#3", "geometry": {"type": "LineString", "coordinates": [[-77.031464, -12.087734], [-77.03143, -12.08797], [-77.031374, -12.088364], [-77.031363, -12.088445], [-77.031328, -12.088688], [-77.031324, -12.088717]]}, "properties": {"id": "-164337248#3", "nombre": "Pasaje Rodadero", "longitud": 109.9, "velocidad_max": 50.0, "num_lanes": 1}}, {"type": "Feature", "id": "-164337248#5", "geometry": {"type": "LineString", "coordinates": [[-77.031612, -12.086644], [-77.031566, -12.087008], [-77.031541, -12.087186], [-77.031482, -12.087604]]}, "properties": {"id": "-164337248#5", "nombre": "Pasaje Rodadero", "longitud": 107.19, "velocidad_max": 50.0, "num_lanes": 1}}, {"type": "Feature", "id": "-172098497#1", "geometry": {"type": "LineString", "coordinates": [[-77.030053, -12.048342], [-77.029484, -12.048708], [-77.029256, -12.048855], [-77.029243, -12.048864], [-77.02919, -12.048897], [-77.029148, -12.04892]]}, "properties": {"id": "-172098497#1", "nombre": "Jirón Ucayali", "longitud": 117.55, "velocidad_max": 50.0, "num_lanes": 1}}, {"type": "Feature", "id": "-172242987#2", "geometry": {"type": "LineString", "coordinates": [[-77.030771, -12.053317], [-77.030777, -12.053334], [-77.030782, -12.053349], [-77.030967, -12.05387]]}, "properties": {"id": "-172242987#2", "nombre": "-172242987#2", "longitud": 64.87, "velocidad_max": 40.0, "num_lanes": 1}}, {"type": "Feature", "id": "-172243963", "geometry": {"type": "LineString", "coordinates": [[-77.034421, -12.057169], [-77.034412, -12.057256], [-77.034395, -12.057427], [-77.034353, -12.058009]]}, "properties": {"id": "-172243963", "nombre": "Pasaje Buenventura", "longitud": 93.28, "velocidad_max": 30.0, "num_lanes": 1}}, {"type": "Feature", "id": "-172370412#1", "geometry": {"type": "LineString", "coordinates": [[-77.069594, -12.065024], [-77.069474, -12.065062], [-77.069183, -12.065147], [-77.068333, -12.065319], [-77.067568, -12.065453], [-77.067359, -12.06549]]}, "properties": {"id": "-172370412#1", "nombre": "Calle Meteoro", "longitud": 249.08, "velocidad_max": 50.0, "num_lanes": 1}}, {"type": "Feature", "id": "-172370412#2", "geometry": {"type": "LineString", "coordinates": [[-77.07053, -12.064365], [-77.069946, -12.064821], [-77.069724, -12.064964]]}, "properties": {"id": "-172370412#2", "nombre": "Calle Meteoro", "longitud": 110.07, "velocidad_max": 50.0, "num_lanes": 1}}, {"type": "Feature", "id": "-172370414#1", "geometry": {"type": "LineString", "coordinates": [[-77.06733, -12.063155], [-77.067375, -12.063405], [-77.06742, -12.063653], [-77.067516, -12.06418], [-77.067561, -12.064416]]}, "properties": {"id": "-172370414#1", "nombre": "Calle César Figueroa Toledo", "longitud": 141.74, "velocidad_max": 50.0, "num_lanes": 1}}, {"type": "Feature", "id": "-172370414#2", "geometry": {"type": "LineString", "coordinates": [[-77.067239, -12.062688], [-77.067306, -12.063027]]}, "properties": {"id": "-172370414#2", "nombre": "Calle César Figueroa Toledo", "longitud": 38.18, "velocidad_max": 50.0, "num_lanes": 1}}, {"type": "Feature", "id": "-172370416#1", "geometry": {"type": "LineString", "coordinates": [[-77.068156, -12.063125], [-77.067998, -12.0631], [-77.067748, -12.06308], [-77.067641, -12.063083], [-77.067374, -12.0631]]}, "properties": {"id": "-172370416#1", "nombre": "Sotago", "longitud": 85.48, "velocidad_max": 50.0, "num_lanes": 1}}, {"type": "Feature", "id": "-172370417#0", "geometry": {"type": "LineString", "coordinates": [[-77.067279, -12.062604], [-77.067524, -12.062583], [-77.067825, -12.062583], [-77.068192, -12.062616]]}, "properties": {"id": "-172370417#0", "nombre": "Calle Angel Valenzuela", "longitud": 99.69, "velocidad_max": 50.0, "num_lanes": 1}}, {"type": "Feature", "id": "-172742936#3", "geometry": {"type": "LineString", "coordinates": [[-77.048261, -12.057722], [-77.048, -12.0577], [-77.047686, -12.057673], [-77.047598, -12.057665], [-77.047262, -12.057637]]}, "properties": {"id": "-172742936#3", "nombre": "Avenida República de Portugal", "longitud": 109.15, "velocidad_max": 30.0, "num_lanes": 1}}, {"type": "Feature", "id": "-172742936#5", "geometry": {"type": "LineString", "coordinates": [[-77.049423, -12.057821], [-77.048977, -12.057783], [-77.048393, -12.057733]]}, "properties": {"id": "-172742936#5", "nombre": "Avenida República de Portugal", "longitud": 112.65, "velocidad_max": 30.0, "num_lanes": 1}}, {"type": "Feature", "id": "-172756252#0", "geometry": {"type": "LineString", "coordinates": [[-77.069046, -12.066709], [-77.069035, -12.067076]]}, "properties": {"id": "-172756252#0", "nombre": "Calle Ocaso", "longitud": 40.64, "velocidad_max": 50.0, "num_lanes": 1}}, {"type": "Feature", "id": "-172756252#2", "geometry": {"type": "LineString", "coordinates": [[-77.06906, -12.066233], [-77.069059, -12.066242], [-77.06905, -12.066579]]}, "properties": {"id": "-172756252#2", "nombre": "Calle Ocaso", "longitud": 38.24, "velocidad_max": 50.0, "num_lanes": 1}}, {"type": "Feature", "id": "-172756252#4", "geometry": {"type": "LineString", "coordinates": [[-77.069049, -12.065729], [-77.069063, -12.065876], [-77.069062, -12.066104]]}, "properties": {"id": "-172756252#4", "nombre": "Calle Ocaso", "longitud": 41.56, "velocidad_max": 50.0, "num_lanes": 1}}, {"type": "Feature", "id": "-172756253#1", "geometry": {"type": "LineString", "coordinates": [[-77.067975, -12.066562], [-77.067948, -12.066432], [-77.067855, -12.065938]]}, "properties": {"id": "-172756253#1", "nombre": "Calle Crepusculo", "longitud": 70.32, "velocidad_max": 50.0, "num_lanes": 1}}, {"type": "Feature", "id": "-172756253#2", "geometry": {"type": "LineString", "coordinates": [[-77.067985, -12.067049], [-77.067987, -12.066682]]}, "properties": {"id": "-172756253#2", "nombre": "Calle Crepusculo", "longitud": 40.6, "velocidad_max": 50.0, "num_lanes": 1}}, {"type": "Feature", "id": "-172756264#0", "geometry": {"type": "LineString", "coordinates": [[-77.067463, -12.060832], [-77.067323, -12.061074], [-77.0673, -12.061126], [-77.067158, -12.061458]]}, "properties": {"id": "-172756264#0", "nombre": "Jirón César Figueroa Toledo", "longitud": 76.97, "velocidad_max": 50.0, "num_lanes": 1}}, {"type": "Feature", "id": "-172756264#1", "geometry": {"type": "LineString", "coordinates": [[-77.067668, -12.060475], [-77.067528, -12.060719]]}, "properties": {"id": "-172756264#1", "nombre": "Jirón César Figueroa Toledo", "longitud": 31.0, "velocidad_max": 50.0, "num_lanes": 1}}, {"type": "Feature", "id": "-172762731#2", "geometry": {"type": "LineString", "coordinates": [[-77.067547, -12.060789], [-77.067658, -12.060856], [-77.067684, -12.060879], [-77.067701, -12.06091], [-77.067931, -12.061439]]}, "properties": {"id": "-172762731#2", "nombre": "Jirón Marquesado", "longitud": 85.53, "velocidad_max": 50.0, "num_lanes": 1}}, {"type": "Feature", "id": "-172762732#1", "geometry": {"type": "LineString", "coordinates": [[-77.067868, -12.061533], [-77.067657, -12.061532], [-77.067195, -12.06154]]}, "properties": {"id": "-172762732#1", "nombre": "Jirón Nicolás Camacho", "longitud": 73.25, "velocidad_max": 50.0, "num_lanes": 1}}, {"type": "Feature", "id": "-172762732#2", "geometry": {"type": "LineString", "coordinates": [[-77.068302, -12.061558], [-77.068003, -12.061538]]}, "properties": {"id": "-172762732#2", "nombre": "Jirón Nicolás Camacho", "longitud": 32.63, "velocidad_max": 50.0, "num_lanes": 1}}, {"type": "Feature", "id": "-172762733#0", "geometry": {"type": "LineString", "coordinates": [[-77.067735, -12.058178], [-77.067739, -12.058133], [-77.067761, -12.058033], [-77.067773, -12.05798]]}, "properties": {"id": "-172762733#0", "nombre": "Santa Francisca de Romaña", "longitud": 22.41, "velocidad_max": 40.0, "num_lanes": 1}}, {"type": "Feature", "id": "-172762733#1", "geometry": {"type": "LineString", "coordinates": [[-77.067818, -12.058718], [-77.067766, -12.058582], [-77.067737, -12.058412], [-77.067733, -12.058315]]}, "properties": {"id": "-172762733#1", "nombre": "Santa Francisca de Romaña", "longitud": 45.93, "velocidad_max": 40.0, "num_lanes": 1}}, {"type": "Feature", "id": "-172762734", "geometry": {"type": "LineString", "coordinates": [[-77.067815, -12.058226], [-77.068312, -12.058145], [-77.068417, -12.058138], [-77.068524, -12.058138], [-77.069012, -12.058136], [-77.069082, -12.058138], [-77.069141, -12.058152], [-77.069177, -12.058186], [-77.069199, -12.05824], [-77.069236, -12.058461]]}, "properties": {"id": "-172762734", "nombre": "Calle 1", "longitud": 182.0, "velocidad_max": 50.0, "num_lanes": 1}}, {"type": "Feature", "id": "-174393396#3", "geometry": {"type": "LineString", "coordinates": [[-77.044716, -12.041172], [-77.044703, -12.041289], [-77.044696, -12.041338], [-77.044678, -12.0415], [-77.04467, -12.041574], [-77.044656, -12.041698], [-77.044653, -12.041725], [-77.044635, -12.041877]]}, "properties": {"id": "-174393396#3", "nombre": "Jirón Huarochirí", "longitud": 78.44, "velocidad_max": 50.0, "num_lanes": 1}}, {"type": "Feature", "id": "-175010569#0", "geometry": {"type": "LineString", "coordinates": [[-77.043388, -12.063553], [-77.043706, -12.063314]]}, "properties": {"id": "-175010569#0", "nombre": "Gálvez Chipoco", "longitud": 43.57, "velocidad_max": 40.0, "num_lanes": 1}}, {"type": "Feature", "id": "-175010569#3", "geometry": {"type": "LineString", "coordinates": [[-77.042873, -12.063944], [-77.043092, -12.063777], [-77.043189, -12.063704], [-77.043285, -12.063631]]}, "properties": {"id": "-175010569#3", "nombre": "Gálvez Chipoco", "longitud": 56.71, "velocidad_max": 40.0, "num_lanes": 1}}, {"type": "Feature", "id": "-176912655", "geometry": {"type": "LineString", "coordinates": [[-77.024597, -12.063613], [-77.02477, -12.06363]]}, "properties": {"id": "-176912655", "nombre": "-176912655", "longitud": 18.91, "velocidad_max": 30.0, "num_lanes": 1}}, {"type": "Feature", "id": "-176913081", "geometry": {"type": "LineString", "coordinates": [[-77.018792, -12.066327], [-77.018835, -12.065977]]}, "properties": {"id": "-176913081", "nombre": "-176913081", "longitud": 38.98, "velocidad_max": 30.0, "num_lanes": 1}}, {"type": "Feature", "id": "-176913432#4", "geometry": {"type": "LineString", "coordinates": [[-77.017189, -12.055712], [-77.017182, -12.055729], [-77.017148, -12.055813], [-77.016935, -12.05634], [-77.01693, -12.05635], [-77.016873, -12.056492], [-77.016868, -12.056505], [-77.016633, -12.057082], [-77.016599, -12.057167]]}, "properties": {"id": "-176913432#4", "nombre": "Jirón Antonio Bazo", "longitud": 173.3, "velocidad_max": 50.0, "num_lanes": 1}}, {"type": "Feature", "id": "-176913433#3", "geometry": {"type": "LineString", "coordinates": [[-77.026142, -12.070585], [-77.026249, -12.0706], [-77.026431, -12.070624], [-77.026452, -12.070627], [-77.026769, -12.07067]]}, "properties": {"id": "-176913433#3", "nombre": "-176913433#3", "longitud": 68.89, "velocidad_max": 30.0, "num_lanes": 1}}, {"type": "Feature", "id": "-176913433#4", "geometry": {"type": "LineString", "coordinates": [[-77.025332, -12.07048], [-77.026011, -12.070568]]}, "properties": {"id": "-176913433#4", "nombre": "-176913433#4", "longitud": 74.63, "velocidad_max": 30.0, "num_lanes": 1}}, {"type": "Feature", "id": "-182205169#1", "geometry": {"type": "LineString", "coordinates": [[-77.040333, -12.093402], [-77.040083, -12.095089]]}, "properties": {"id": "-182205169#1", "nombre": "Calle Los Naranjos", "longitud": 188.67, "velocidad_max": 50.0, "num_lanes": 1}}, {"type": "Feature", "id": "-189470554#0", "geometry": {"type": "LineString", "coordinates": [[-77.066243, -12.064996], [-77.066489, -12.064953]]}, "properties": {"id": "-189470554#0", "nombre": "Calle Las Acacias", "longitud": 27.23, "velocidad_max": 30.0, "num_lanes": 1}}, {"type": "Feature", "id": "-189470554#1", "geometry": {"type": "LineString", "coordinates": [[-77.065714, -12.065089], [-77.066113, -12.065019]]}, "properties": {"id": "-189470554#1", "nombre": "Calle Las Acacias", "longitud": 44.1, "velocidad_max": 30.0, "num_lanes": 1}}, {"type": "Feature", "id": "-189470554#2", "geometry": {"type": "LineString", "coordinates": [[-77.065233, -12.065174], [-77.065246, -12.065171], [-77.065584, -12.065112]]}, "properties": {"id": "-189470554#2", "nombre": "Calle Las Acacias", "longitud": 38.85, "velocidad_max": 30.0, "num_lanes": 1}}, {"type": "Feature", "id": "-189470806#1", "geometry": {"type": "LineString", "coordinates": [[-77.066443, -12.066532], [-77.066247, -12.065466], [-77.066178, -12.065089]]}, "properties": {"id": "-189470806#1", "nombre": "Calle Los Algarrobos", "longitud": 162.33, "velocidad_max": 50.0, "num_lanes": 1}}, {"type": "Feature", "id": "-189471438", "geometry": {"type": "LineString", "coordinates": [[-77.065158, -12.064782], [-77.066414, -12.064553]]}, "properties": {"id": "-189471438", "nombre": "Las Palmeras", "longitud": 139.15, "velocidad_max": 30.0, "num_lanes": 1}}, {"type": "Feature", "id": "-189473315#0", "geometry": {"type": "LineString", "coordinates": [[-77.068763, -12.062664], [-77.068799, -12.062389], [-77.068816, -12.062336]]}, "properties": {"id": "-189473315#0", "nombre": "Calle Alejo Bezada", "longitud": 36.78, "velocidad_max": 50.0, "num_lanes": 1}}, {"type": "Feature", "id": "-189473315#5", "geometry": {"type": "LineString", "coordinates": [[-77.068858, -12.064179], [-77.068788, -12.063775], [-77.068745, -12.063533], [-77.068732, -12.063315], [-77.06873, -12.063257], [-77.068732, -12.063079], [-77.068744, -12.0629]]}, "properties": {"id": "-189473315#5", "nombre": "Calle Alejo Bezada", "longitud": 142.58, "velocidad_max": 50.0, "num_lanes": 1}}, {"type": "Feature", "id": "-189473371#1", "geometry": {"type": "LineString", "coordinates": [[-77.06894, -12.062774], [-77.069086, -12.062831], [-77.069225, -12.062913], [-77.069468, -12.063058], [-77.069662, -12.063203], [-77.069936, -12.063461], [-77.069968, -12.06349]]}, "properties": {"id": "-189473371#1", "nombre": "Calle Angel Valenzuela", "longitud": 138.29, "velocidad_max": 50.0, "num_lanes": 1}}, {"type": "Feature", "id": "-189474795#0", "geometry": {"type": "LineString", "coordinates": [[-77.069576, -12.067142], [-77.070285, -12.067159], [-77.070515, -12.067164], [-77.070733, -12.06717], [-77.07158, -12.067191]]}, "properties": {"id": "-189474795#0", "nombre": "Calle Marte", "longitud": 218.35, "velocidad_max": 50.0, "num_lanes": 1}}, {"type": "Feature", "id": "-189474795#1", "geometry": {"type": "LineString", "coordinates": [[-77.069084, -12.067128], [-77.069443, -12.067138]]}, "properties": {"id": "-189474795#1", "nombre": "Calle Marte", "longitud": 39.1, "velocidad_max": 50.0, "num_lanes": 1}}, {"type": "Feature", "id": "-189474795#2", "geometry": {"type": "LineString", "coordinates": [[-77.068065, -12.067102], [-77.068952, -12.067125]]}, "properties": {"id": "-189474795#2", "nombre": "Calle Marte", "longitud": 96.63, "velocidad_max": 50.0, "num_lanes": 1}}, {"type": "Feature", "id": "-189475170#2", "geometry": {"type": "LineString", "coordinates": [[-77.06807, -12.066605], [-77.068084, -12.066605], [-77.068242, -12.066612], [-77.068968, -12.066627]]}, "properties": {"id": "-189475170#2", "nombre": "Calle Aurora", "longitud": 97.8, "velocidad_max": 50.0, "num_lanes": 1}}, {"type": "Feature", "id": "-189475190", "geometry": {"type": "LineString", "coordinates": [[-77.069589, -12.066632], [-77.070294, -12.066648], [-77.070526, -12.066654], [-77.070745, -12.066659], [-77.071598, -12.06668]]}, "properties": {"id": "-189475190", "nombre": "Calle Jupiter", "longitud": 218.77, "velocidad_max": 50.0, "num_lanes": 1}}, {"type": "Feature", "id": "-189475330#0", "geometry": {"type": "LineString", "coordinates": [[-77.066531, -12.066568], [-77.066778, -12.066525]]}, "properties": {"id": "-189475330#0", "nombre": "Los Azahares", "longitud": 27.29, "velocidad_max": 50.0, "num_lanes": 1}}, {"type": "Feature", "id": "-189475330#1", "geometry": {"type": "LineString", "coordinates": [[-77.066002, -12.066661], [-77.066401, -12.066591]]}, "properties": {"id": "-189475330#1", "nombre": "Los Azahares", "longitud": 44.11, "velocidad_max": 50.0, "num_lanes": 1}}, {"type": "Feature", "id": "-189476546", "geometry": {"type": "LineString", "coordinates": [[-77.068928, -12.064623], [-77.06888, -12.06431]]}, "properties": {"id": "-189476546", "nombre": "Calle Alejo Bezada", "longitud": 35.05, "velocidad_max": 50.0, "num_lanes": 1}}, {"type": "Feature", "id": "-189476547#0", "geometry": {"type": "LineString", "coordinates": [[-77.069613, -12.064933], [-77.069464, -12.064644], [-77.069444, -12.064608]]}, "properties": {"id": "-189476547#0", "nombre": "Calle Plutón", "longitud": 40.41, "velocidad_max": 50.0, "num_lanes": 1}}, {"type": "Feature", "id": "-189476547#1", "geometry": {"type": "LineString", "coordinates": [[-77.069819, -12.0654], [-77.069743, -12.065233], [-77.069668, -12.065053]]}, "properties": {"id": "-189476547#1", "nombre": "Calle Plutón", "longitud": 41.81, "velocidad_max": 50.0, "num_lanes": 1}}, {"type": "Feature", "id": "-189476547#2", "geometry": {"type": "LineString", "coordinates": [[-77.069935, -12.065721], [-77.069926, -12.065675], [-77.069873, -12.065528], [-77.06986, -12.065496]]}, "properties": {"id": "-189476547#2", "nombre": "Calle Plutón", "longitud": 26.23, "velocidad_max": 50.0, "num_lanes": 1}}, {"type": "Feature", "id": "-189476547#3", "geometry": {"type": "LineString", "coordinates": [[-77.069933, -12.066115], [-77.069946, -12.065939], [-77.069945, -12.065844]]}, "properties": {"id": "-189476547#3", "nombre": "Calle Plutón", "longitud": 30.1, "velocidad_max": 50.0, "num_lanes": 1}}, {"type": "Feature", "id": "-189476831", "geometry": {"type": "LineString", "coordinates": [[-77.070029, -12.065767], [-77.070039, -12.065768], [-77.07012, -12.065765], [-77.070199, -12.065742], [-77.070269, -12.065709], [-77.070377, -12.06562], [-77.070707, -12.065351]]}, "properties": {"id": "-189476831", "nombre": "Calle Neutrón", "longitud": 89.36, "velocidad_max": 50.0, "num_lanes": 1}}, {"type": "Feature", "id": "-189478416#0", "geometry": {"type": "LineString", "coordinates": [[-77.06067, -12.064122], [-77.060798, -12.064486]]}, "properties": {"id": "-189478416#0", "nombre": "-189478416#0", "longitud": 42.59, "velocidad_max": 50.0, "num_lanes": 1}}, {"type": "Feature", "id": "-189478416#2", "geometry": {"type": "LineString", "coordinates": [[-77.060596, -12.063908], [-77.060619, -12.063974], [-77.060637, -12.064027]]}, "properties": {"id": "-189478416#2", "nombre": "-189478416#2", "longitud": 13.86, "velocidad_max": 50.0, "num_lanes": 1}}, {"type": "Feature", "id": "-191714863", "geometry": {"type": "LineString", "coordinates": [[-77.033119, -12.051509], [-77.033517, -12.051254]]}, "properties": {"id": "-191714863", "nombre": "Jirón Apurímac", "longitud": 51.73, "velocidad_max": 40.0, "num_lanes": 1}}, {"type": "Feature", "id": "-194875153#0", "geometry": {"type": "LineString", "coordinates": [[-77.059182, -12.065988], [-77.059354, -12.065932], [-77.059381, -12.065929]]}, "properties": {"id": "-194875153#0", "nombre": "Calle 2", "longitud": 22.71, "velocidad_max": 50.0, "num_lanes": 1}}, {"type": "Feature", "id": "-194875153#1", "geometry": {"type": "LineString", "coordinates": [[-77.058856, -12.066104], [-77.058873, -12.066089], [-77.059056, -12.066029]]}, "properties": {"id": "-194875153#1", "nombre": "Calle 2", "longitud": 23.45, "velocidad_max": 50.0, "num_lanes": 1}}, {"type": "Feature", "id": "-194875154#0", "geometry": {"type": "LineString", "coordinates": [[-77.059098, -12.066695], [-77.059109, -12.066721]]}, "properties": {"id": "-194875154#0", "nombre": "Calle C", "longitud": 3.11, "velocidad_max": 50.0, "num_lanes": 1}}, {"type": "Feature", "id": "-194875154#1", "geometry": {"type": "LineString", "coordinates": [[-77.058872, -12.066136], [-77.058871, -12.066152], [-77.059048, -12.066575]]}, "properties": {"id": "-194875154#1", "nombre": "Calle C", "longitud": 52.37, "velocidad_max": 50.0, "num_lanes": 1}}, {"type": "Feature", "id": "-194875156", "geometry": {"type": "LineString", "coordinates": [[-77.042782, -12.056843], [-77.042755, -12.057173]]}, "properties": {"id": "-194875156", "nombre": "Lumbreras", "longitud": 36.57, "velocidad_max": 10.0, "num_lanes": 1}}, {"type": "Feature", "id": "-194875158", "geometry": {"type": "LineString", "coordinates": [[-77.04208, -12.056737], [-77.042742, -12.056796]]}, "properties": {"id": "-194875158", "nombre": "Pasaje Malvas", "longitud": 72.38, "velocidad_max": 10.0, "num_lanes": 1}}, {"type": "Feature", "id": "-194875164#1", "geometry": {"type": "LineString", "coordinates": [[-77.051746, -12.063057], [-77.051733, -12.062775], [-77.05171, -12.062174]]}, "properties": {"id": "-194875164#1", "nombre": "Pasaje 1", "longitud": 97.74, "velocidad_max": 30.0, "num_lanes": 1}}, {"type": "Feature", "id": "-194875164#2", "geometry": {"type": "LineString", "coordinates": [[-77.051806, -12.063438], [-77.051794, -12.063404], [-77.05176, -12.063238], [-77.051755, -12.063189]]}, "properties": {"id": "-194875164#2", "nombre": "Pasaje 1", "longitud": 28.15, "velocidad_max": 30.0, "num_lanes": 1}}, {"type": "Feature", "id": "-194875165", "geometry": {"type": "LineString", "coordinates": [[-77.051831, -12.063104], [-77.052061, -12.063096]]}, "properties": {"id": "-194875165", "nombre": "Pasaje 6", "longitud": 25.02, "velocidad_max": 50.0, "num_lanes": 1}}, {"type": "Feature", "id": "-194875178#0", "geometry": {"type": "LineString", "coordinates": [[-77.052388, -12.063669], [-77.052569, -12.063512]]}, "properties": {"id": "-194875178#0", "nombre": "-194875178#0", "longitud": 26.28, "velocidad_max": 50.0, "num_lanes": 1}}, {"type": "Feature", "id": "-194875178#1", "geometry": {"type": "LineString", "coordinates": [[-77.052251, -12.06379], [-77.052289, -12.063756]]}, "properties": {"id": "-194875178#1", "nombre": "-194875178#1", "longitud": 5.67, "velocidad_max": 50.0, "num_lanes": 1}}, {"type": "Feature", "id": "-194875181", "geometry": {"type": "LineString", "coordinates": [[-77.052133, -12.063402], [-77.052151, -12.063446], [-77.052182, -12.063495], [-77.052317, -12.063663]]}, "properties": {"id": "-194875181", "nombre": "-194875181", "longitud": 35.36, "velocidad_max": 50.0, "num_lanes": 1}}, {"type": "Feature", "id": "-195079446", "geometry": {"type": "LineString", "coordinates": [[-77.053923, -12.073977], [-77.054358, -12.073645]]}, "properties": {"id": "-195079446", "nombre": "Pasaje Basilio", "longitud": 59.98, "velocidad_max": 50.0, "num_lanes": 1}}, {"type": "Feature", "id": "-195079448", "geometry": {"type": "LineString", "coordinates": [[-77.057129, -12.066019], [-77.057145, -12.066045], [-77.057201, -12.066126], [-77.057329, -12.066354], [-77.057419, -12.066576], [-77.057442, -12.066656], [-77.057446, -12.066738], [-77.057439, -12.066854]]}, "properties": {"id": "-195079448", "nombre": "Calle 1", "longitud": 100.66, "velocidad_max": 50.0, "num_lanes": 1}}, {"type": "Feature", "id": "-195079470", "geometry": {"type": "LineString", "coordinates": [[-77.058037, -12.067537], [-77.05795, -12.067536], [-77.057669, -12.06753], [-77.057595, -12.067527]]}, "properties": {"id": "-195079470", "nombre": "Avenida Río Grande", "longitud": 48.11, "velocidad_max": 50.0, "num_lanes": 1}}, {"type": "Feature", "id": "-195079474", "geometry": {"type": "LineString", "coordinates": [[-77.05718, -12.071342], [-77.057173, -12.07137], [-77.057096, -12.071697]]}, "properties": {"id": "-195079474", "nombre": "-195079474", "longitud": 40.35, "velocidad_max": 50.0, "num_lanes": 1}}, {"type": "Feature", "id": "-195079485", "geometry": {"type": "LineString", "coordinates": [[-77.052965, -12.072001], [-77.052793, -12.072125]]}, "properties": {"id": "-195079485", "nombre": "-195079485", "longitud": 23.2, "velocidad_max": 20.0, "num_lanes": 1}}, {"type": "Feature", "id": "-195079494#0", "geometry": {"type": "LineString", "coordinates": [[-77.055157, -12.075657], [-77.05476, -12.075975]]}, "properties": {"id": "-195079494#0", "nombre": "Jirón Juan Antonio Arrieta", "longitud": 55.78, "velocidad_max": 50.0, "num_lanes": 1}}, {"type": "Feature", "id": "-195079494#4", "geometry": {"type": "LineString", "coordinates": [[-77.055469, -12.075052], [-77.055565, -12.075231], [-77.055571, -12.075279], [-77.055561, -12.075331], [-77.055372, -12.075484], [-77.055259, -12.075574]]}, "properties": {"id": "-195079494#4", "nombre": "Jirón Juan Antonio Arrieta", "longitud": 76.09, "velocidad_max": 50.0, "num_lanes": 1}}, {"type": "Feature", "id": "-195079497#0", "geometry": {"type": "LineString", "coordinates": [[-77.055472, -12.07494], [-77.055496, -12.074927], [-77.055555, -12.074912], [-77.05589, -12.074841]]}, "properties": {"id": "-195079497#0", "nombre": "Juan Antonio Arrieta", "longitud": 46.96, "velocidad_max": 30.0, "num_lanes": 1}}, {"type": "Feature", "id": "-195079497#1", "geometry": {"type": "LineString", "coordinates": [[-77.055146, -12.075562], [-77.05501, -12.075393], [-77.054991, -12.075336], [-77.05502, -12.075289], [-77.055356, -12.075021]]}, "properties": {"id": "-195079497#1", "nombre": "Juan Antonio Arrieta", "longitud": 83.7, "velocidad_max": 30.0, "num_lanes": 1}}, {"type": "Feature", "id": "-195079498", "geometry": {"type": "LineString", "coordinates": [[-77.060485, -12.069053], [-77.060482, -12.068723], [-77.060466, -12.068692], [-77.060443, -12.068674], [-77.060419, -12.068667], [-77.060387, -12.068677], [-77.060368, -12.068694], [-77.060362, -12.068721], [-77.060365, -12.069054]]}, "properties": {"id": "-195079498", "nombre": "-195079498", "longitud": 92.74, "velocidad_max": 20.0, "num_lanes": 1}}, {"type": "Feature", "id": "-195281865#1", "geometry": {"type": "LineString", "coordinates": [[-77.058575, -12.074866], [-77.058536, -12.074708], [-77.058525, -12.074579], [-77.05852, -12.074482], [-77.058518, -12.074402], [-77.058546, -12.074321], [-77.058583, -12.074242], [-77.058621, -12.074182], [-77.058677, -12.07413], [-77.058763, -12.074071], [-77.058776, -12.074065]]}, "properties": {"id": "-195281865#1", "nombre": "Las Antillas", "longitud": 100.19, "velocidad_max": 30.0, "num_lanes": 1}}, {"type": "Feature", "id": "-195281865#3", "geometry": {"type": "LineString", "coordinates": [[-77.058676, -12.075411], [-77.058685, -12.075374], [-77.058625, -12.07514], [-77.058602, -12.074995]]}, "properties": {"id": "-195281865#3", "nombre": "Las Antillas", "longitud": 47.16, "velocidad_max": 30.0, "num_lanes": 1}}, {"type": "Feature", "id": "-195406821#2", "geometry": {"type": "LineString", "coordinates": [[-77.058081, -12.072897], [-77.058081, -12.072895], [-77.058003, -12.07241], [-77.057983, -12.0723]]}, "properties": {"id": "-195406821#2", "nombre": "Calle Isla Hawai", "longitud": 66.91, "velocidad_max": 30.0, "num_lanes": 1}}, {"type": "Feature", "id": "-195406821#3", "geometry": {"type": "LineString", "coordinates": [[-77.057996, -12.073789], [-77.057981, -12.0737], [-77.057978, -12.07364], [-77.057992, -12.073576], [-77.058035, -12.073484], [-77.058064, -12.073373], [-77.058082, -12.073268], [-77.058087, -12.073219], [-77.058094, -12.073163], [-77.058099, -12.073074], [-77.058091, -12.072998]]}, "properties": {"id": "-195406821#3", "nombre": "Calle Isla Hawai", "longitud": 89.59, "velocidad_max": 30.0, "num_lanes": 1}}, {"type": "Feature", "id": "-195406823", "geometry": {"type": "LineString", "coordinates": [[-77.064937, -12.080024], [-77.065039, -12.080475]]}, "properties": {"id": "-195406823", "nombre": "Orbe", "longitud": 51.06, "velocidad_max": 50.0, "num_lanes": 1}}, {"type": "Feature", "id": "-195406837", "geometry": {"type": "LineString", "coordinates": [[-77.06332, -12.081434], [-77.063648, -12.081842]]}, "properties": {"id": "-195406837", "nombre": "Pasaje Alcazar", "longitud": 57.57, "velocidad_max": 50.0, "num_lanes": 1}}, {"type": "Feature", "id": "-195406839", "geometry": {"type": "LineString", "coordinates": [[-77.063326, -12.082397], [-77.063608, -12.082727]]}, "properties": {"id": "-195406839", "nombre": "San Martín de Porres", "longitud": 47.76, "velocidad_max": 50.0, "num_lanes": 1}}, {"type": "Feature", "id": "-195406847#1", "geometry": {"type": "LineString", "coordinates": [[-77.061057, -12.077288], [-77.061174, -12.07724], [-77.061472, -12.077118]]}, "properties": {"id": "-195406847#1", "nombre": "-195406847#1", "longitud": 48.89, "velocidad_max": 20.0, "num_lanes": 1}}, {"type": "Feature", "id": "-195406854#1", "geometry": {"type": "LineString", "coordinates": [[-77.063947, -12.082555], [-77.064224, -12.082873], [-77.064233, -12.082882], [-77.064237, -12.082884], [-77.06424, -12.082885], [-77.064471, -12.082855], [-77.06453, -12.082846]]}, "properties": {"id": "-195406854#1", "nombre": "Calle Enrique León García", "longitud": 80.45, "velocidad_max": 50.0, "num_lanes": 1}}, {"type": "Feature", "id": "-195531139", "geometry": {"type": "LineString", "coordinates": [[-77.068497, -12.081614], [-77.068548, -12.081757]]}, "properties": {"id": "-195531139", "nombre": "Santa Elena", "longitud": 16.79, "velocidad_max": 50.0, "num_lanes": 1}}, {"type": "Feature", "id": "-196098097", "geometry": {"type": "LineString", "coordinates": [[-77.049639, -12.081155], [-77.049693, -12.081993], [-77.049694, -12.082071]]}, "properties": {"id": "-196098097", "nombre": "Jirón Inca Rípac", "longitud": 101.53, "velocidad_max": 30.0, "num_lanes": 1}}, {"type": "Feature", "id": "-196534615", "geometry": {"type": "LineString", "coordinates": [[-77.050929, -12.072513], [-77.051331, -12.072995]]}, "properties": {"id": "-196534615", "nombre": "Pasaje Ayulo", "longitud": 69.11, "velocidad_max": 50.0, "num_lanes": 1}}, {"type": "Feature", "id": "-196534617", "geometry": {"type": "LineString", "coordinates": [[-77.057061, -12.087299], [-77.05706, -12.087308], [-77.057056, -12.087364], [-77.057065, -12.087403], [-77.057081, -12.087425], [-77.057108, -12.087445], [-77.057137, -12.087456], [-77.057167, -12.087459], [-77.057194, -12.087451], [-77.057218, -12.08743], [-77.057237, -12.087404], [-77.057256, -12.087361], [-77.057265, -12.087328]]}, "properties": {"id": "-196534617", "nombre": "Jirón Estados Unidos", "longitud": 43.97, "velocidad_max": 10.0, "num_lanes": 1}}, {"type": "Feature", "id": "-197050659#0", "geometry": {"type": "LineString", "coordinates": [[-77.047824, -12.087434], [-77.048171, -12.087484]]}, "properties": {"id": "-197050659#0", "nombre": "-197050659#0", "longitud": 38.14, "velocidad_max": 20.0, "num_lanes": 1}}, {"type": "Feature", "id": "-197050659#1", "geometry": {"type": "LineString", "coordinates": [[-77.047686, -12.087415], [-77.047723, -12.08742]]}, "properties": {"id": "-197050659#1", "nombre": "-197050659#1", "longitud": 4.02, "velocidad_max": 20.0, "num_lanes": 1}}, {"type": "Feature", "id": "-198550017#0", "geometry": {"type": "LineString", "coordinates": [[-77.030136, -12.085158], [-77.030063, -12.085665], [-77.030061, -12.085679]]}, "properties": {"id": "-198550017#0", "nombre": "Avenida Francisco Lazo", "longitud": 58.25, "velocidad_max": 50.0, "num_lanes": 1}}, {"type": "Feature", "id": "-198550017#11", "geometry": {"type": "LineString", "coordinates": [[-77.030441, -12.083069], [-77.0304, -12.08335], [-77.030377, -12.083508], [-77.03037, -12.083552], [-77.030351, -12.083685], [-77.030349, -12.083699], [-77.030311, -12.08396]]}, "properties": {"id": "-198550017#11", "nombre": "Avenida Francisco Lazo", "longitud": 99.64, "velocidad_max": 50.0, "num_lanes": 1}}, {"type": "Feature", "id": "-198550017#5", "geometry": {"type": "LineString", "coordinates": [[-77.030292, -12.08409], [-77.030247, -12.084401], [-77.030221, -12.084577], [-77.03021, -12.084652], [-77.03019, -12.084788], [-77.030155, -12.085028]]}, "properties": {"id": "-198550017#5", "nombre": "Avenida Francisco Lazo", "longitud": 104.94, "velocidad_max": 50.0, "num_lanes": 1}}, {"type": "Feature", "id": "-204415816#3", "geometry": {"type": "LineString", "coordinates": [[-77.012651, -12.059593], [-77.011873, -12.059488], [-77.011705, -12.059466], [-77.01122, -12.059413], [-77.010885, -12.059362]]}, "properties": {"id": "-204415816#3", "nombre": "Calle 3", "longitud": 194.05, "velocidad_max": 50.0, "num_lanes": 1}}, {"type": "Feature", "id": "-204415817#2", "geometry": {"type": "LineString", "coordinates": [[-77.012423, -12.058547], [-77.012533, -12.058672], [-77.012702, -12.058888], [-77.012859, -12.059089]]}, "properties": {"id": "-204415817#2", "nombre": "-204415817#2", "longitud": 76.55, "velocidad_max": 50.0, "num_lanes": 1}}, {"type": "Feature", "id": "-207471905#0", "geometry": {"type": "LineString", "coordinates": [[-77.010096, -12.068389], [-77.009406, -12.068299]]}, "properties": {"id": "-207471905#0", "nombre": "Pasaje Pisagua", "longitud": 75.83, "velocidad_max": 50.0, "num_lanes": 1}}, {"type": "Feature", "id": "-207471905#1", "geometry": {"type": "LineString", "coordinates": [[-77.010999, -12.068502], [-77.010228, -12.068406]]}, "properties": {"id": "-207471905#1", "nombre": "Pasaje Pisagua", "longitud": 84.66, "velocidad_max": 50.0, "num_lanes": 1}}, {"type": "Feature", "id": "-207983410#1", "geometry": {"type": "LineString", "coordinates": [[-77.017182, -12.06662], [-77.017149, -12.066616], [-77.016808, -12.066575], [-77.016352, -12.066519]]}, "properties": {"id": "-207983410#1", "nombre": "-207983410#1", "longitud": 91.09, "velocidad_max": 50.0, "num_lanes": 1}}, {"type": "Feature", "id": "-210938090#2", "geometry": {"type": "LineString", "coordinates": [[-77.0478, -12.090929], [-77.047751, -12.091263], [-77.047721, -12.091465], [-77.047718, -12.091485]]}, "properties": {"id": "-210938090#2", "nombre": "Avenida Guillermo Prescott", "longitud": 62.16, "velocidad_max": 40.0, "num_lanes": 2}}, {"type": "Feature", "id": "-210938090#4", "geometry": {"type": "LineString", "coordinates": [[-77.047993, -12.089603], [-77.047828, -12.090733], [-77.047818, -12.0908]]}, "properties": {"id": "-210938090#4", "nombre": "Avenida Guillermo Prescott", "longitud": 133.86, "velocidad_max": 40.0, "num_lanes": 2}}, {"type": "Feature", "id": "-210938090#5", "geometry": {"type": "LineString", "coordinates": [[-77.048167, -12.088413], [-77.048008, -12.089502]]}, "properties": {"id": "-210938090#5", "nombre": "Avenida Guillermo Prescott", "longitud": 121.68, "velocidad_max": 40.0, "num_lanes": 2}}, {"type": "Feature", "id": "-231355748#3", "geometry": {"type": "LineString", "coordinates": [[-77.032588, -12.040603], [-77.032447, -12.040612], [-77.032281, -12.040624], [-77.031734, -12.04066], [-77.031558, -12.040672]]}, "properties": {"id": "-231355748#3", "nombre": "Jirón Virú", "longitud": 112.43, "velocidad_max": 20.0, "num_lanes": 1}}, {"type": "Feature", "id": "-231711246#1", "geometry": {"type": "LineString", "coordinates": [[-77.039046, -12.040798], [-77.039051, -12.04082], [-77.039074, -12.040864], [-77.03913, -12.040944], [-77.039231, -12.041089], [-77.039244, -12.041107]]}, "properties": {"id": "-231711246#1", "nombre": "Jirón Tayacaja", "longitud": 40.69, "velocidad_max": 20.0, "num_lanes": 1}}, {"type": "Feature", "id": "-234858163#2", "geometry": {"type": "LineString", "coordinates": [[-77.060522, -12.075868], [-77.060104, -12.075991], [-77.059638, -12.076081], [-77.0596, -12.076088]]}, "properties": {"id": "-234858163#2", "nombre": "-234858163#2", "longitud": 103.48, "velocidad_max": 10.0, "num_lanes": 1}}, {"type": "Feature", "id": "-234858164#0", "geometry": {"type": "LineString", "coordinates": [[-77.059544, -12.076305], [-77.059527, -12.07615]]}, "properties": {"id": "-234858164#0", "nombre": "-234858164#0", "longitud": 17.24, "velocidad_max": 10.0, "num_lanes": 1}}, {"type": "Feature", "id": "-234858164#1", "geometry": {"type": "LineString", "coordinates": [[-77.059574, -12.076528], [-77.059561, -12.076434]]}, "properties": {"id": "-234858164#1", "nombre": "-234858164#1", "longitud": 10.55, "velocidad_max": 10.0, "num_lanes": 1}}, {"type": "Feature", "id": "-234858164#2", "geometry": {"type": "LineString", "coordinates": [[-77.059615, -12.076822], [-77.059593, -12.076658]]}, "properties": {"id": "-234858164#2", "nombre": "-234858164#2", "longitud": 18.3, "velocidad_max": 10.0, "num_lanes": 1}}, {"type": "Feature", "id": "-235715202", "geometry": {"type": "LineString", "coordinates": [[-77.03019, -12.082373], [-77.030444, -12.082412]]}, "properties": {"id": "-235715202", "nombre": "-235715202", "longitud": 27.93, "velocidad_max": 10.0, "num_lanes": 1}}, {"type": "Feature", "id": "-235715203", "geometry": {"type": "LineString", "coordinates": [[-77.029484, -12.082504], [-77.030025, -12.082581]]}, "properties": {"id": "-235715203", "nombre": "Ostolaza", "longitud": 59.51, "velocidad_max": 10.0, "num_lanes": 1}}, {"type": "Feature", "id": "-23804813#0", "geometry": {"type": "LineString", "coordinates": [[-77.031374, -12.115979], [-77.031375, -12.116015], [-77.031389, -12.116776], [-77.031392, -12.116888]]}, "properties": {"id": "-23804813#0", "nombre": "Calle Coronel Inclán", "longitud": 100.57, "velocidad_max": 40.0, "num_lanes": 1}}, {"type": "Feature", "id": "-23804813#1", "geometry": {"type": "LineString", "coordinates": [[-77.031362, -12.114924], [-77.031363, -12.115019], [-77.031375, -12.115762], [-77.031374, -12.115849]]}, "properties": {"id": "-23804813#1", "nombre": "Calle Coronel Inclán", "longitud": 102.42, "velocidad_max": 40.0, "num_lanes": 1}}, {"type": "Feature", "id": "-23804816#0", "geometry": {"type": "LineString", "coordinates": [[-77.032452, -12.117012], [-77.032462, -12.117907]]}, "properties": {"id": "-23804816#0", "nombre": "Calle Independencia", "longitud": 99.04, "velocidad_max": 40.0, "num_lanes": 1}}, {"type": "Feature", "id": "-23804816#1", "geometry": {"type": "LineString", "coordinates": [[-77.032443, -12.115966], [-77.032443, -12.115982], [-77.032451, -12.116881]]}, "properties": {"id": "-23804816#1", "nombre": "Calle Independencia", "longitud": 101.25, "velocidad_max": 40.0, "num_lanes": 1}}, {"type": "Feature", "id": "-23804816#2", "geometry": {"type": "LineString", "coordinates": [[-77.032412, -12.114929], [-77.03244, -12.115796], [-77.03244, -12.115836]]}, "properties": {"id": "-23804816#2", "nombre": "Calle Independencia", "longitud": 100.4, "velocidad_max": 40.0, "num_lanes": 1}}, {"type": "Feature", "id": "-23804816#6", "geometry": {"type": "LineString", "coordinates": [[-77.032406, -12.113937], [-77.032406, -12.113959], [-77.032401, -12.114385], [-77.032408, -12.114789], [-77.032408, -12.114797]]}, "properties": {"id": "-23804816#6", "nombre": "Calle Independencia", "longitud": 95.22, "velocidad_max": 40.0, "num_lanes": 1}}, {"type": "Feature", "id": "-238267484#2", "geometry": {"type": "LineString", "coordinates": [[-77.069359, -12.061328], [-77.069429, -12.061403], [-77.069561, -12.061567], [-77.069644, -12.061691], [-77.069719, -12.061842], [-77.069776, -12.061957], [-77.069834, -12.062042], [-77.069908, -12.062107], [-77.069935, -12.062129], [-77.070017, -12.06218], [-77.070094, -12.06221], [-77.070211, -12.062228], [-77.070333, -12.062222], [-77.070639, -12.062163], [-77.071261, -12.06204], [-77.071639, -12.061925], [-77.071824, -12.061862], [-77.071982, -12.061806], [-77.072109, -12.061778], [-77.072234, -12.061766], [-77.07236, -12.06176], [-77.072575, -12.061762], [-77.072731, -12.061746], [-77.072881, -12.061719], [-77.073455, -12.061589], [-77.07363, -12.061536], [-77.073811, -12.061419], [-77.073978, -12.061309], [-77.074068, -12.061267], [-77.074569, -12.061088], [-77.075239, -12.060852], [-77.075327, -12.060836], [-77.075393, -12.060829], [-77.075459, -12.060827], [-77.075548, -12.06083], [-77.075634, -12.060839], [-77.075761, -12.060858], [-77.076013, -12.060895], [-77.076492, -12.060956], [-77.076989, -12.061015], [-77.077199, -12.061041], [-77.07755, -12.061098], [-77.078117, -12.061211], [-77.078743, -12.061358], [-77.078839, -12.06138]]}, "properties": {"id": "-238267484#2", "nombre": "Avenida Santa Francisca Romana", "longitud": 1113.43, "velocidad_max": 30.0, "num_lanes": 1}}, {"type": "Feature", "id": "-23843770", "geometry": {"type": "LineString", "coordinates": [[-77.021249, -12.119735], [-77.02118, -12.120056]]}, "properties": {"id": "-23843770", "nombre": "Calle Manuel Irribarren", "longitud": 36.26, "velocidad_max": 30.0, "num_lanes": 1}}, {"type": "Feature", "id": "-238678796", "geometry": {"type": "LineString", "coordinates": [[-77.038466, -12.052075], [-77.038003, -12.052013]]}, "properties": {"id": "-238678796", "nombre": "Jirón Ilo", "longitud": 50.92, "velocidad_max": 50.0, "num_lanes": 1}}, {"type": "Feature", "id": "-24252072", "geometry": {"type": "LineString", "coordinates": [[-77.032594, -12.109084], [-77.032891, -12.109096], [-77.033197, -12.109096], [-77.033224, -12.109104], [-77.033245, -12.109121], [-77.033258, -12.109143], [-77.033264, -12.109168], [-77.033261, -12.109528]]}, "properties": {"id": "-24252072", "nombre": "Calle Independencia", "longitud": 117.18, "velocidad_max": 30.0, "num_lanes": 1}}, {"type": "Feature", "id": "-24252106", "geometry": {"type": "LineString", "coordinates": [[-77.035179, -12.110973], [-77.034538, -12.111206]]}, "properties": {"id": "-24252106", "nombre": "Calle Juana Alarcó de Dammert", "longitud": 74.34, "velocidad_max": 30.0, "num_lanes": 1}}, {"type": "Feature", "id": "-24252183#0", "geometry": {"type": "LineString", "coordinates": [[-77.035314, -12.106646], [-77.035781, -12.107321]]}, "properties": {"id": "-24252183#0", "nombre": "Calle Agustín de la Torre González", "longitud": 90.34, "velocidad_max": 40.0, "num_lanes": 1}}, {"type": "Feature", "id": "-24252183#1", "geometry": {"type": "LineString", "coordinates": [[-77.035033, -12.10625], [-77.035239, -12.106539]]}, "properties": {"id": "-24252183#1", "nombre": "Calle Agustín de la Torre González", "longitud": 39.09, "velocidad_max": 40.0, "num_lanes": 1}}, {"type": "Feature", "id": "-24252183#2", "geometry": {"type": "LineString", "coordinates": [[-77.034618, -12.10553], [-77.034637, -12.105614], [-77.034651, -12.105654], [-77.034678, -12.105698], [-77.03496, -12.106143]]}, "properties": {"id": "-24252183#2", "nombre": "Calle Agustín de la Torre González", "longitud": 77.98, "velocidad_max": 40.0, "num_lanes": 1}}, {"type": "Feature", "id": "-24252183#3", "geometry": {"type": "LineString", "coordinates": [[-77.034511, -12.104738], [-77.034591, -12.105389]]}, "properties": {"id": "-24252183#3", "nombre": "Calle Agustín de la Torre González", "longitud": 72.49, "velocidad_max": 40.0, "num_lanes": 1}}, {"type": "Feature", "id": "-24252788#3", "geometry": {"type": "LineString", "coordinates": [[-77.027715, -12.047022], [-77.027688, -12.046985], [-77.027489, -12.046713], [-77.027428, -12.046625], [-77.027266, -12.046396], [-77.02709, -12.046149]]}, "properties": {"id": "-24252788#3", "nombre": "Jirón Azángaro", "longitud": 118.14, "velocidad_max": 30.0, "num_lanes": 1}}, {"type": "Feature", "id": "-24252799#1", "geometry": {"type": "LineString", "coordinates": [[-77.029373, -12.040791], [-77.029333, -12.040419], [-77.029296, -12.040079]]}, "properties": {"id": "-24252799#1", "nombre": "Jirón Trujillo", "longitud": 79.27, "velocidad_max": 50.0, "num_lanes": 1}}, {"type": "Feature", "id": "-24252799#2", "geometry": {"type": "LineString", "coordinates": [[-77.029403, -12.041086], [-77.02939, -12.040949]]}, "properties": {"id": "-24252799#2", "nombre": "Jirón Trujillo", "longitud": 15.21, "velocidad_max": 50.0, "num_lanes": 1}}, {"type": "Feature", "id": "-24252799#4", "geometry": {"type": "LineString", "coordinates": [[-77.029466, -12.041716], [-77.029465, -12.041704], [-77.029445, -12.0415], [-77.029416, -12.041216]]}, "properties": {"id": "-24252799#4", "nombre": "Jirón Trujillo", "longitud": 55.6, "velocidad_max": 50.0, "num_lanes": 1}}, {"type": "Feature", "id": "-24252799#5", "geometry": {"type": "LineString", "coordinates": [[-77.02953, -12.042199], [-77.029481, -12.041847]]}, "properties": {"id": "-24252799#5", "nombre": "Jirón Trujillo", "longitud": 39.28, "velocidad_max": 50.0, "num_lanes": 1}}, {"type": "Feature", "id": "-24252799#6", "geometry": {"type": "LineString", "coordinates": [[-77.02959, -12.042642], [-77.029547, -12.042328]]}, "properties": {"id": "-24252799#6", "nombre": "Jirón Trujillo", "longitud": 35.01, "velocidad_max": 50.0, "num_lanes": 1}}, {"type": "Feature", "id": "-24252816#0", "geometry": {"type": "LineString", "coordinates": [[-77.039067, -12.118021], [-77.039806, -12.118762]]}, "properties": {"id": "-24252816#0", "nombre": "Calle Marqués de Torre Tagle", "longitud": 114.91, "velocidad_max": 50.0, "num_lanes": 1}}, {"type": "Feature", "id": "-24252816#1", "geometry": {"type": "LineString", "coordinates": [[-77.039028, -12.117981], [-77.039029, -12.117982]]}, "properties": {"id": "-24252816#1", "nombre": "Calle Marqués de Torre Tagle", "longitud": 0.2, "velocidad_max": 50.0, "num_lanes": 1}}, {"type": "Feature", "id": "-24252832#0", "geometry": {"type": "LineString", "coordinates": [[-77.041205, -12.12001], [-77.041287, -12.120075]]}, "properties": {"id": "-24252832#0", "nombre": "Calle Comandante Juan Guillermo Moore", "longitud": 11.43, "velocidad_max": 40.0, "num_lanes": 1}}, {"type": "Feature", "id": "-24252832#1", "geometry": {"type": "LineString", "coordinates": [[-77.040379, -12.119266], [-77.040388, -12.119275], [-77.040982, -12.119829], [-77.041053, -12.119887]]}, "properties": {"id": "-24252832#1", "nombre": "Calle Comandante Juan Guillermo Moore", "longitud": 100.6, "velocidad_max": 40.0, "num_lanes": 1}}, {"type": "Feature", "id": "-24252848#0", "geometry": {"type": "LineString", "coordinates": [[-77.041134, -12.120057], [-77.041134, -12.120088]]}, "properties": {"id": "-24252848#0", "nombre": "Figueredo", "longitud": 3.43, "velocidad_max": 40.0, "num_lanes": 1}}, {"type": "Feature", "id": "-24252848#1", "geometry": {"type": "LineString", "coordinates": [[-77.041129, -12.119126], [-77.041134, -12.119863]]}, "properties": {"id": "-24252848#1", "nombre": "Figueredo", "longitud": 81.54, "velocidad_max": 40.0, "num_lanes": 1}}, {"type": "Feature", "id": "-24266592#3", "geometry": {"type": "LineString", "coordinates": [[-77.047809, -12.112468], [-77.047831, -12.11249], [-77.04803, -12.11268], [-77.048341, -12.112978]]}, "properties": {"id": "-24266592#3", "nombre": "Avenida Federico Villarreal", "longitud": 80.86, "velocidad_max": 40.0, "num_lanes": 1}}, {"type": "Feature", "id": "-24266767", "geometry": {"type": "LineString", "coordinates": [[-77.040296, -12.103255], [-77.040493, -12.104158], [-77.040495, -12.104169]]}, "properties": {"id": "-24266767", "nombre": "Calle Doña Amalia", "longitud": 103.44, "velocidad_max": 30.0, "num_lanes": 1}}, {"type": "Feature", "id": "-24266776#0", "geometry": {"type": "LineString", "coordinates": [[-77.047339, -12.108788], [-77.047419, -12.109205], [-77.047458, -12.10929], [-77.047866, -12.10967]]}, "properties": {"id": "-24266776#0", "nombre": "Calle Santa Teresita", "longitud": 118.52, "velocidad_max": 40.0, "num_lanes": 1}}, {"type": "Feature", "id": "-24266776#2", "geometry": {"type": "LineString", "coordinates": [[-77.047079, -12.107581], [-77.047209, -12.108184], [-77.047312, -12.108658]]}, "properties": {"id": "-24266776#2", "nombre": "Calle Santa Teresita", "longitud": 121.82, "velocidad_max": 40.0, "num_lanes": 1}}, {"type": "Feature", "id": "-24266776#3", "geometry": {"type": "LineString", "coordinates": [[-77.046887, -12.106784], [-77.047049, -12.107454]]}, "properties": {"id": "-24266776#3", "nombre": "Calle Santa Teresita", "longitud": 76.2, "velocidad_max": 40.0, "num_lanes": 1}}, {"type": "Feature", "id": "-24266778#0", "geometry": {"type": "LineString", "coordinates": [[-77.046285, -12.107677], [-77.046982, -12.107521]]}, "properties": {"id": "-24266778#0", "nombre": "Calle Santa Margarita", "longitud": 77.85, "velocidad_max": 40.0, "num_lanes": 1}}, {"type": "Feature", "id": "-24266778#3", "geometry": {"type": "LineString", "coordinates": [[-77.044733, -12.108006], [-77.04504, -12.107941], [-77.045649, -12.107813], [-77.046155, -12.107706]]}, "properties": {"id": "-24266778#3", "nombre": "Calle Santa Margarita", "longitud": 158.33, "velocidad_max": 40.0, "num_lanes": 1}}, {"type": "Feature", "id": "-24266778#4", "geometry": {"type": "LineString", "coordinates": [[-77.043953, -12.108188], [-77.044603, -12.108035]]}, "properties": {"id": "-24266778#4", "nombre": "Calle Santa Margarita", "longitud": 72.84, "velocidad_max": 40.0, "num_lanes": 1}}, {"type": "Feature", "id": "-24266817#0", "geometry": {"type": "LineString", "coordinates": [[-77.049279, -12.105531], [-77.048796, -12.105694]]}, "properties": {"id": "-24266817#0", "nombre": "Calle Teniente Paul de Beaudiez", "longitud": 55.64, "velocidad_max": 40.0, "num_lanes": 1}}, {"type": "Feature", "id": "-24266817#1", "geometry": {"type": "LineString", "coordinates": [[-77.049943, -12.105307], [-77.049379, -12.105497]]}, "properties": {"id": "-24266817#1", "nombre": "Calle Teniente Paul de Beaudiez", "longitud": 64.91, "velocidad_max": 40.0, "num_lanes": 1}}, {"type": "Feature", "id": "-24266817#3", "geometry": {"type": "LineString", "coordinates": [[-77.050808, -12.105015], [-77.050444, -12.105138], [-77.050068, -12.105265]]}, "properties": {"id": "-24266817#3", "nombre": "Calle Teniente Paul de Beaudiez", "longitud": 85.19, "velocidad_max": 40.0, "num_lanes": 1}}, {"type": "Feature", "id": "-24266819#1", "geometry": {"type": "LineString", "coordinates": [[-77.050506, -12.103962], [-77.050551, -12.103962], [-77.051478, -12.103964]]}, "properties": {"id": "-24266819#1", "nombre": "Calle Alfredo Roldán Seminario", "longitud": 105.86, "velocidad_max": 50.0, "num_lanes": 1}}, {"type": "Feature", "id": "-24266868", "geometry": {"type": "LineString", "coordinates": [[-77.052379, -12.103304], [-77.052332, -12.102963], [-77.052329, -12.102937]]}, "properties": {"id": "-24266868", "nombre": "Avenida Octavio Espinosa y Gonzales", "longitud": 40.97, "velocidad_max": 40.0, "num_lanes": 1}}, {"type": "Feature", "id": "-24266876#0", "geometry": {"type": "LineString", "coordinates": [[-77.054341, -12.107068], [-77.054032, -12.106785]]}, "properties": {"id": "-24266876#0", "nombre": "Avenida Octavio Espinosa y Gonzales", "longitud": 45.85, "velocidad_max": 40.0, "num_lanes": 1}}, {"type": "Feature", "id": "-24266893#0", "geometry": {"type": "LineString", "coordinates": [[-77.055038, -12.104985], [-77.05492, -12.104412]]}, "properties": {"id": "-24266893#0", "nombre": "Calle Godofredo García", "longitud": 64.59, "velocidad_max": 30.0, "num_lanes": 1}}, {"type": "Feature", "id": "-24266893#1", "geometry": {"type": "LineString", "coordinates": [[-77.05507, -12.105139], [-77.055065, -12.105114]]}, "properties": {"id": "-24266893#1", "nombre": "Calle Godofredo García", "longitud": 2.83, "velocidad_max": 30.0, "num_lanes": 1}}, {"type": "Feature", "id": "-24266893#2", "geometry": {"type": "LineString", "coordinates": [[-77.055259, -12.106049], [-77.055077, -12.105173]]}, "properties": {"id": "-24266893#2", "nombre": "Calle Godofredo García", "longitud": 98.92, "velocidad_max": 30.0, "num_lanes": 1}}, {"type": "Feature", "id": "-24266947#1", "geometry": {"type": "LineString", "coordinates": [[-77.055236, -12.106571], [-77.05521, -12.106502], [-77.055205, -12.10649]]}, "properties": {"id": "-24266947#1", "nombre": "Calle Godofredo García", "longitud": 9.65, "velocidad_max": 40.0, "num_lanes": 1}}, {"type": "Feature", "id": "-24266947#3", "geometry": {"type": "LineString", "coordinates": [[-77.055369, -12.106961], [-77.05536, -12.106934], [-77.055269, -12.10666]]}, "properties": {"id": "-24266947#3", "nombre": "Calle Godofredo García", "longitud": 35.06, "velocidad_max": 40.0, "num_lanes": 1}}, {"type": "Feature", "id": "-24266954#0", "geometry": {"type": "LineString", "coordinates": [[-77.055967, -12.106866], [-77.055475, -12.107012]]}, "properties": {"id": "-24266954#0", "nombre": "Calle Punta Negra", "longitud": 55.98, "velocidad_max": 40.0, "num_lanes": 1}}, {"type": "Feature", "id": "-24266954#1", "geometry": {"type": "LineString", "coordinates": [[-77.056041, -12.106846], [-77.056039, -12.106846]]}, "properties": {"id": "-24266954#1", "nombre": "Calle Punta Negra", "longitud": 0.2, "velocidad_max": 40.0, "num_lanes": 1}}, {"type": "Feature", "id": "-24266954#2", "geometry": {"type": "LineString", "coordinates": [[-77.056267, -12.106777], [-77.056115, -12.106824]]}, "properties": {"id": "-24266954#2", "nombre": "Calle Punta Negra", "longitud": 17.4, "velocidad_max": 40.0, "num_lanes": 1}}, {"type": "Feature", "id": "-24266954#3", "geometry": {"type": "LineString", "coordinates": [[-77.056431, -12.10673], [-77.056426, -12.106731]]}, "properties": {"id": "-24266954#3", "nombre": "Calle Punta Negra", "longitud": 0.52, "velocidad_max": 40.0, "num_lanes": 1}}, {"type": "Feature", "id": "-24266954#4", "geometry": {"type": "LineString", "coordinates": [[-77.056584, -12.106685], [-77.056557, -12.106693]]}, "properties": {"id": "-24266954#4", "nombre": "Calle Punta Negra", "longitud": 3.1, "velocidad_max": 40.0, "num_lanes": 1}}, {"type": "Feature", "id": "-24266954#5", "geometry": {"type": "LineString", "coordinates": [[-77.056909, -12.106584], [-77.056729, -12.10664]]}, "properties": {"id": "-24266954#5", "nombre": "Calle Punta Negra", "longitud": 20.53, "velocidad_max": 40.0, "num_lanes": 1}}, {"type": "Feature", "id": "-24266954#6", "geometry": {"type": "LineString", "coordinates": [[-77.057333, -12.106394], [-77.057248, -12.106448], [-77.057031, -12.106539]]}, "properties": {"id": "-24266954#6", "nombre": "Calle Punta Negra", "longitud": 36.69, "velocidad_max": 40.0, "num_lanes": 1}}, {"type": "Feature", "id": "-24266954#7", "geometry": {"type": "LineString", "coordinates": [[-77.057705, -12.106073], [-77.057434, -12.106317]]}, "properties": {"id": "-24266954#7", "nombre": "Calle Punta Negra", "longitud": 39.97, "velocidad_max": 40.0, "num_lanes": 1}}, {"type": "Feature", "id": "-24266954#8", "geometry": {"type": "LineString", "coordinates": [[-77.058322, -12.105507], [-77.057803, -12.105985]]}, "properties": {"id": "-24266954#8", "nombre": "Calle Punta Negra", "longitud": 77.42, "velocidad_max": 40.0, "num_lanes": 1}}, {"type": "Feature", "id": "-24266954#9", "geometry": {"type": "LineString", "coordinates": [[-77.058691, -12.105146], [-77.058417, -12.105417]]}, "properties": {"id": "-24266954#9", "nombre": "Calle Punta Negra", "longitud": 42.36, "velocidad_max": 40.0, "num_lanes": 1}}, {"type": "Feature", "id": "-24266962#0", "geometry": {"type": "LineString", "coordinates": [[-77.056473, -12.106542], [-77.056388, -12.106661]]}, "properties": {"id": "-24266962#0", "nombre": "Calle Cabo Blanco", "longitud": 16.18, "velocidad_max": 40.0, "num_lanes": 1}}, {"type": "Feature", "id": "-24266962#1", "geometry": {"type": "LineString", "coordinates": [[-77.056539, -12.106448], [-77.056538, -12.106449]]}, "properties": {"id": "-24266962#1", "nombre": "Calle Cabo Blanco", "longitud": 0.2, "velocidad_max": 40.0, "num_lanes": 1}}, {"type": "Feature", "id": "-24266966#0", "geometry": {"type": "LineString", "coordinates": [[-77.057253, -12.105558], [-77.057705, -12.105961]]}, "properties": {"id": "-24266966#0", "nombre": "Calle Carlos Concha", "longitud": 66.35, "velocidad_max": 30.0, "num_lanes": 1}}, {"type": "Feature", "id": "-24266966#1", "geometry": {"type": "LineString", "coordinates": [[-77.056605, -12.104977], [-77.05715, -12.105467]]}, "properties": {"id": "-24266966#1", "nombre": "Calle Carlos Concha", "longitud": 80.43, "velocidad_max": 30.0, "num_lanes": 1}}, {"type": "Feature", "id": "-24266974#0", "geometry": {"type": "LineString", "coordinates": [[-77.057158, -12.107401], [-77.056788, -12.107456], [-77.056747, -12.107455]]}, "properties": {"id": "-24266974#0", "nombre": "Calle A", "longitud": 45.21, "velocidad_max": 40.0, "num_lanes": 1}}, {"type": "Feature", "id": "-24266974#4", "geometry": {"type": "LineString", "coordinates": [[-77.057743, -12.106957], [-77.057582, -12.107149], [-77.057507, -12.107246], [-77.057446, -12.107292], [-77.057375, -12.10734], [-77.057289, -12.107377]]}, "properties": {"id": "-24266974#4", "nombre": "Calle A", "longitud": 69.02, "velocidad_max": 40.0, "num_lanes": 1}}, {"type": "Feature", "id": "-24266974#5", "geometry": {"type": "LineString", "coordinates": [[-77.058623, -12.106144], [-77.058184, -12.106499], [-77.057966, -12.10671], [-77.05783, -12.106859]]}, "properties": {"id": "-24266974#5", "nombre": "Calle A", "longitud": 117.33, "velocidad_max": 40.0, "num_lanes": 1}}, {"type": "Feature", "id": "-24266975", "geometry": {"type": "LineString", "coordinates": [[-77.057001, -12.106608], [-77.05722, -12.107307]]}, "properties": {"id": "-24266975", "nombre": "Calle 3", "longitud": 80.88, "velocidad_max": 50.0, "num_lanes": 1}}, {"type": "Feature", "id": "-24266976", "geometry": {"type": "LineString", "coordinates": [[-77.057427, -12.106391], [-77.05774, -12.106835]]}, "properties": {"id": "-24266976", "nombre": "Calle 2", "longitud": 59.78, "velocidad_max": 30.0, "num_lanes": 1}}, {"type": "Feature", "id": "-24266977#0", "geometry": {"type": "LineString", "coordinates": [[-77.058692, -12.105796], [-77.05871, -12.105833], [-77.058714, -12.105911], [-77.058712, -12.105986], [-77.058712, -12.105987]]}, "properties": {"id": "-24266977#0", "nombre": "Calle 1", "longitud": 21.62, "velocidad_max": 50.0, "num_lanes": 1}}, {"type": "Feature", "id": "-24266977#1", "geometry": {"type": "LineString", "coordinates": [[-77.058417, -12.105488], [-77.058581, -12.105652]]}, "properties": {"id": "-24266977#1", "nombre": "Calle 1", "longitud": 25.52, "velocidad_max": 50.0, "num_lanes": 1}}, {"type": "Feature", "id": "-24266979#0", "geometry": {"type": "LineString", "coordinates": [[-77.058974, -12.105827], [-77.058974, -12.105869], [-77.05896, -12.105913], [-77.058838, -12.106011], [-77.058773, -12.106049]]}, "properties": {"id": "-24266979#0", "nombre": "Calle A", "longitud": 35.22, "velocidad_max": 30.0, "num_lanes": 1}}, {"type": "Feature", "id": "-24266979#1", "geometry": {"type": "LineString", "coordinates": [[-77.05914, -12.105399], [-77.058987, -12.105698]]}, "properties": {"id": "-24266979#1", "nombre": "Calle A", "longitud": 37.05, "velocidad_max": 30.0, "num_lanes": 1}}, {"type": "Feature", "id": "-24266980", "geometry": {"type": "LineString", "coordinates": [[-77.058884, -12.105788], [-77.058869, -12.10579], [-77.058774, -12.105768], [-77.058728, -12.105752]]}, "properties": {"id": "-24266980", "nombre": "Calle 1", "longitud": 17.5, "velocidad_max": 50.0, "num_lanes": 1}}, {"type": "Feature", "id": "-24266985#0", "geometry": {"type": "LineString", "coordinates": [[-77.052204, -12.099081], [-77.051797, -12.099039], [-77.051408, -12.099008], [-77.051277, -12.098998], [-77.051236, -12.098994]]}, "properties": {"id": "-24266985#0", "nombre": "Avenida Aurelio Miró Quesada", "longitud": 105.86, "velocidad_max": 60.0, "num_lanes": 1}}, {"type": "Feature", "id": "-24266985#1", "geometry": {"type": "LineString", "coordinates": [[-77.052898, -12.099072], [-77.052638, -12.099085], [-77.052312, -12.099086]]}, "properties": {"id": "-24266985#1", "nombre": "Avenida Aurelio Miró Quesada", "longitud": 63.86, "velocidad_max": 60.0, "num_lanes": 1}}, {"type": "Feature", "id": "-24266985#2", "geometry": {"type": "LineString", "coordinates": [[-77.05362, -12.098947], [-77.053444, -12.098987], [-77.053201, -12.099034], [-77.053025, -12.099059]]}, "properties": {"id": "-24266985#2", "nombre": "Avenida Aurelio Miró Quesada", "longitud": 66.1, "velocidad_max": 60.0, "num_lanes": 1}}, {"type": "Feature", "id": "-24267028#0", "geometry": {"type": "LineString", "coordinates": [[-77.053043, -12.10005], [-77.053042, -12.100037], [-77.052952, -12.099118]]}, "properties": {"id": "-24267028#0", "nombre": "Calle Santiago Antúnez de Mayolo", "longitud": 103.63, "velocidad_max": 30.0, "num_lanes": 1}}, {"type": "Feature", "id": "-24267028#1", "geometry": {"type": "LineString", "coordinates": [[-77.053158, -12.101214], [-77.053054, -12.100162], [-77.053053, -12.100157]]}, "properties": {"id": "-24267028#1", "nombre": "Calle Santiago Antúnez de Mayolo", "longitud": 117.48, "velocidad_max": 30.0, "num_lanes": 1}}, {"type": "Feature", "id": "-24267078#1", "geometry": {"type": "LineString", "coordinates": [[-77.049228, -12.096132], [-77.049185, -12.096126], [-77.048264, -12.096005]]}, "properties": {"id": "-24267078#1", "nombre": "Calle Parque Javier Prado", "longitud": 105.88, "velocidad_max": 40.0, "num_lanes": 1}}, {"type": "Feature", "id": "-24267086#0", "geometry": {"type": "LineString", "coordinates": [[-77.037396, -12.094834], [-77.036709, -12.094735], [-77.036699, -12.094734]]}, "properties": {"id": "-24267086#0", "nombre": "Avenida Jorge Basadre Grohmann", "longitud": 76.63, "velocidad_max": 50.0, "num_lanes": 2}}, {"type": "Feature", "id": "-24267116#0", "geometry": {"type": "LineString", "coordinates": [[-77.045655, -12.098002], [-77.045863, -12.099064], [-77.045864, -12.099073]]}, "properties": {"id": "-24267116#0", "nombre": "Calle Los Laureles", "longitud": 120.67, "velocidad_max": 30.0, "num_lanes": 1}}, {"type": "Feature", "id": "-24267116#2", "geometry": {"type": "LineString", "coordinates": [[-77.045722, -12.097191], [-77.045721, -12.097193], [-77.045713, -12.097249], [-77.045636, -12.097791]]}, "properties": {"id": "-24267116#2", "nombre": "Calle Los Laureles", "longitud": 67.08, "velocidad_max": 30.0, "num_lanes": 1}}, {"type": "Feature", "id": "-24267116#3", "geometry": {"type": "LineString", "coordinates": [[-77.045879, -12.096094], [-77.045876, -12.096111], [-77.04574, -12.097062]]}, "properties": {"id": "-24267116#3", "nombre": "Calle Los Laureles", "longitud": 108.17, "velocidad_max": 30.0, "num_lanes": 1}}, {"type": "Feature", "id": "-24267116#6", "geometry": {"type": "LineString", "coordinates": [[-77.046147, -12.094218], [-77.046057, -12.094848], [-77.045983, -12.095365], [-77.045915, -12.09584], [-77.045905, -12.095908]]}, "properties": {"id": "-24267116#6", "nombre": "Calle Los Laureles", "longitud": 188.83, "velocidad_max": 30.0, "num_lanes": 1}}, {"type": "Feature", "id": "-24267118#1", "geometry": {"type": "LineString", "coordinates": [[-77.044595, -12.098196], [-77.04468, -12.098683], [-77.044782, -12.099258], [-77.044786, -12.099283]]}, "properties": {"id": "-24267118#1", "nombre": "Calle Los Nogales", "longitud": 122.04, "velocidad_max": 30.0, "num_lanes": 1}}, {"type": "Feature", "id": "-24267118#12", "geometry": {"type": "LineString", "coordinates": [[-77.044935, -12.094755], [-77.044927, -12.094808], [-77.044919, -12.094867], [-77.044896, -12.095036], [-77.044881, -12.095148]]}, "properties": {"id": "-24267118#12", "nombre": "Calle Los Nogales", "longitud": 43.88, "velocidad_max": 30.0, "num_lanes": 1}}, {"type": "Feature", "id": "-24267118#13", "geometry": {"type": "LineString", "coordinates": [[-77.045034, -12.094063], [-77.04503, -12.094087], [-77.044948, -12.094637]]}, "properties": {"id": "-24267118#13", "nombre": "Calle Los Nogales", "longitud": 64.28, "velocidad_max": 30.0, "num_lanes": 1}}, {"type": "Feature", "id": "-24267118#2", "geometry": {"type": "LineString", "coordinates": [[-77.044518, -12.097775], [-77.044572, -12.098067]]}, "properties": {"id": "-24267118#2", "nombre": "Calle Los Nogales", "longitud": 32.88, "velocidad_max": 30.0, "num_lanes": 1}}, {"type": "Feature", "id": "-24267118#3", "geometry": {"type": "LineString", "coordinates": [[-77.044603, -12.097036], [-77.044514, -12.097638], [-77.044514, -12.09764]]}, "properties": {"id": "-24267118#3", "nombre": "Calle Los Nogales", "longitud": 67.57, "velocidad_max": 30.0, "num_lanes": 1}}, {"type": "Feature", "id": "-24267118#5", "geometry": {"type": "LineString", "coordinates": [[-77.04477, -12.095939], [-77.044622, -12.096906]]}, "properties": {"id": "-24267118#5", "nombre": "Calle Los Nogales", "longitud": 108.25, "velocidad_max": 30.0, "num_lanes": 1}}, {"type": "Feature", "id": "-24267118#7", "geometry": {"type": "LineString", "coordinates": [[-77.044863, -12.095277], [-77.044797, -12.095753]]}, "properties": {"id": "-24267118#7", "nombre": "Calle Los Nogales", "longitud": 53.11, "velocidad_max": 30.0, "num_lanes": 1}}, {"type": "Feature", "id": "-24267123#1", "geometry": {"type": "LineString", "coordinates": [[-77.043514, -12.098396], [-77.043516, -12.098406], [-77.043574, -12.098713], [-77.043721, -12.099476]]}, "properties": {"id": "-24267123#1", "nombre": "Calle Los Cedros", "longitud": 121.67, "velocidad_max": 40.0, "num_lanes": 1}}, {"type": "Feature", "id": "-24267123#2", "geometry": {"type": "LineString", "coordinates": [[-77.043371, -12.09761], [-77.043371, -12.097635], [-77.043489, -12.098266]]}, "properties": {"id": "-24267123#2", "nombre": "Calle Los Cedros", "longitud": 73.73, "velocidad_max": 40.0, "num_lanes": 1}}, {"type": "Feature", "id": "-24267123#3", "geometry": {"type": "LineString", "coordinates": [[-77.043456, -12.09688], [-77.043451, -12.096914], [-77.043373, -12.097471]]}, "properties": {"id": "-24267123#3", "nombre": "Calle Los Cedros", "longitud": 66.01, "velocidad_max": 40.0, "num_lanes": 1}}, {"type": "Feature", "id": "-24267124#0", "geometry": {"type": "LineString", "coordinates": [[-77.04234, -12.096727], [-77.042211, -12.097633], [-77.042209, -12.097651]]}, "properties": {"id": "-24267124#0", "nombre": "Calle Los Robles", "longitud": 103.21, "velocidad_max": 50.0, "num_lanes": 1}}, {"type": "Feature", "id": "-24267124#1", "geometry": {"type": "LineString", "coordinates": [[-77.042504, -12.095621], [-77.042378, -12.096484], [-77.04236, -12.096598]]}, "properties": {"id": "-24267124#1", "nombre": "Calle Los Robles", "longitud": 109.27, "velocidad_max": 50.0, "num_lanes": 1}}, {"type": "Feature", "id": "-24267124#2", "geometry": {"type": "LineString", "coordinates": [[-77.042652, -12.094644], [-77.042533, -12.095431], [-77.042533, -12.095435]]}, "properties": {"id": "-24267124#2", "nombre": "Calle Los Robles", "longitud": 88.49, "velocidad_max": 50.0, "num_lanes": 1}}, {"type": "Feature", "id": "-24267124#3", "geometry": {"type": "LineString", "coordinates": [[-77.042775, -12.093745], [-77.04267, -12.094515]]}, "properties": {"id": "-24267124#3", "nombre": "Calle Los Robles", "longitud": 85.97, "velocidad_max": 50.0, "num_lanes": 1}}, {"type": "Feature", "id": "-24267133#0", "geometry": {"type": "LineString", "coordinates": [[-77.041689, -12.095316], [-77.041917, -12.093625]]}, "properties": {"id": "-24267133#0", "nombre": "Calle Los Álamos", "longitud": 188.79, "velocidad_max": 30.0, "num_lanes": 1}}, {"type": "Feature", "id": "-24267133#1", "geometry": {"type": "LineString", "coordinates": [[-77.041514, -12.096478], [-77.041662, -12.095503]]}, "properties": {"id": "-24267133#1", "nombre": "Calle Los Álamos", "longitud": 109.07, "velocidad_max": 30.0, "num_lanes": 1}}, {"type": "Feature", "id": "-24267134#2", "geometry": {"type": "LineString", "coordinates": [[-77.040858, -12.0952], [-77.041058, -12.093804], [-77.041101, -12.09351]]}, "properties": {"id": "-24267134#2", "nombre": "Calle Los Cipreses", "longitud": 188.86, "velocidad_max": 30.0, "num_lanes": 1}}, {"type": "Feature", "id": "-24267134#4", "geometry": {"type": "LineString", "coordinates": [[-77.0407, -12.096297], [-77.040711, -12.096222], [-77.040832, -12.095386]]}, "properties": {"id": "-24267134#4", "nombre": "Calle Los Cipreses", "longitud": 101.75, "velocidad_max": 30.0, "num_lanes": 1}}, {"type": "Feature", "id": "-24267146#5", "geometry": {"type": "LineString", "coordinates": [[-77.038858, -12.091311], [-77.038862, -12.091284], [-77.038869, -12.091241], [-77.038967, -12.090592], [-77.038988, -12.090455], [-77.039002, -12.090362], [-77.039007, -12.090333], [-77.039025, -12.090208], [-77.039071, -12.089905]]}, "properties": {"id": "-24267146#5", "nombre": "Calle Las Palmeras", "longitud": 157.38, "velocidad_max": 80.0, "num_lanes": 1}}, {"type": "Feature", "id": "-24281791#1", "geometry": {"type": "LineString", "coordinates": [[-77.035294, -12.09269], [-77.035235, -12.093181], [-77.035148, -12.093899]]}, "properties": {"id": "-24281791#1", "nombre": "Calle Los Olivos", "longitud": 134.69, "velocidad_max": 30.0, "num_lanes": 1}}, {"type": "Feature", "id": "-24281815#0", "geometry": {"type": "LineString", "coordinates": [[-77.028171, -12.101766], [-77.028036, -12.101563], [-77.02794, -12.101333], [-77.027949, -12.100739]]}, "properties": {"id": "-24281815#0", "nombre": "Calle Juan Del Carpio", "longitud": 120.1, "velocidad_max": 40.0, "num_lanes": 1}}, {"type": "Feature", "id": "-24281815#3", "geometry": {"type": "LineString", "coordinates": [[-77.028286, -12.102839], [-77.028348, -12.102513], [-77.028364, -12.102253], [-77.028254, -12.101925], [-77.028232, -12.101876]]}, "properties": {"id": "-24281815#3", "nombre": "Calle Juan Del Carpio", "longitud": 109.76, "velocidad_max": 40.0, "num_lanes": 1}}, {"type": "Feature", "id": "-24281818#0", "geometry": {"type": "LineString", "coordinates": [[-77.028795, -12.101374], [-77.028748, -12.10163]]}, "properties": {"id": "-24281818#0", "nombre": "Calle Luis Felipe Villarán", "longitud": 28.82, "velocidad_max": 40.0, "num_lanes": 1}}, {"type": "Feature", "id": "-24281818#1", "geometry": {"type": "LineString", "coordinates": [[-77.028867, -12.100887], [-77.028811, -12.101276]]}, "properties": {"id": "-24281818#1", "nombre": "Calle Luis Felipe Villarán", "longitud": 43.49, "velocidad_max": 40.0, "num_lanes": 1}}, {"type": "Feature", "id": "-24281825", "geometry": {"type": "LineString", "coordinates": [[-77.028661, -12.101707], [-77.028603, -12.101707], [-77.028287, -12.101801]]}, "properties": {"id": "-24281825", "nombre": "Luis Felipe Villaran", "longitud": 42.23, "velocidad_max": 40.0, "num_lanes": 1}}, {"type": "Feature", "id": "-24281830", "geometry": {"type": "LineString", "coordinates": [[-77.028921, -12.100209], [-77.028759, -12.100184]]}, "properties": {"id": "-24281830", "nombre": "Río de la Plata", "longitud": 17.76, "velocidad_max": 40.0, "num_lanes": 1}}, {"type": "Feature", "id": "-24281850#0", "geometry": {"type": "LineString", "coordinates": [[-77.028614, -12.09759], [-77.028511, -12.098239]]}, "properties": {"id": "-24281850#0", "nombre": "Calle Las Camelias", "longitud": 72.63, "velocidad_max": 40.0, "num_lanes": 1}}, {"type": "Feature", "id": "-24281850#2", "geometry": {"type": "LineString", "coordinates": [[-77.028781, -12.0966], [-77.028635, -12.097463]]}, "properties": {"id": "-24281850#2", "nombre": "Calle Las Camelias", "longitud": 96.81, "velocidad_max": 40.0, "num_lanes": 1}}, {"type": "Feature", "id": "-24281862", "geometry": {"type": "LineString", "coordinates": [[-77.031665, -12.09527], [-77.031579, -12.095301]]}, "properties": {"id": "-24281862", "nombre": "Calle Antequera", "longitud": 9.92, "velocidad_max": 30.0, "num_lanes": 1}}, {"type": "Feature", "id": "-24281867#1", "geometry": {"type": "LineString", "coordinates": [[-77.029916, -12.093655], [-77.029572, -12.09361], [-77.029225, -12.093565]]}, "properties": {"id": "-24281867#1", "nombre": "Calle Los Lirios", "longitud": 75.91, "velocidad_max": 40.0, "num_lanes": 1}}, {"type": "Feature", "id": "-24281867#2", "geometry": {"type": "LineString", "coordinates": [[-77.030556, -12.093727], [-77.030047, -12.093671]]}, "properties": {"id": "-24281867#2", "nombre": "Calle Los Lirios", "longitud": 55.83, "velocidad_max": 40.0, "num_lanes": 1}}, {"type": "Feature", "id": "-24281869", "geometry": {"type": "LineString", "coordinates": [[-77.031842, -12.094108], [-77.031458, -12.094088]]}, "properties": {"id": "-24281869", "nombre": "De las Casas", "longitud": 41.88, "velocidad_max": 50.0, "num_lanes": 1}}, {"type": "Feature", "id": "-24281904#3", "geometry": {"type": "LineString", "coordinates": [[-77.025542, -12.094012], [-77.025557, -12.094046], [-77.025824, -12.094643], [-77.025895, -12.094798], [-77.025959, -12.094941]]}, "properties": {"id": "-24281904#3", "nombre": "Calle El Parque", "longitud": 112.37, "velocidad_max": 40.0, "num_lanes": 1}}, {"type": "Feature", "id": "-24295065#1", "geometry": {"type": "LineString", "coordinates": [[-77.050941, -12.093123], [-77.050735, -12.094474], [-77.050734, -12.094475]]}, "properties": {"id": "-24295065#1", "nombre": "Calle Los Castaños", "longitud": 151.26, "velocidad_max": 50.0, "num_lanes": 1}}, {"type": "Feature", "id": "-24295073", "geometry": {"type": "LineString", "coordinates": [[-77.04981, -12.092967], [-77.049605, -12.094385]]}, "properties": {"id": "-24295073", "nombre": "Calle Carlos Porras Osores", "longitud": 158.49, "velocidad_max": 50.0, "num_lanes": 1}}, {"type": "Feature", "id": "-24295089#0", "geometry": {"type": "LineString", "coordinates": [[-77.045803, -12.088863], [-77.046809, -12.089021]]}, "properties": {"id": "-24295089#0", "nombre": "Calle Juan Bielovicic", "longitud": 110.91, "velocidad_max": 30.0, "num_lanes": 1}}, {"type": "Feature", "id": "-24295089#1", "geometry": {"type": "LineString", "coordinates": [[-77.044438, -12.088658], [-77.045671, -12.088842]]}, "properties": {"id": "-24295089#1", "nombre": "Calle Juan Bielovicic", "longitud": 135.83, "velocidad_max": 30.0, "num_lanes": 1}}, {"type": "Feature", "id": "-24295090#1", "geometry": {"type": "LineString", "coordinates": [[-77.045671, -12.089815], [-77.046237, -12.089892], [-77.046676, -12.089952]]}, "properties": {"id": "-24295090#1", "nombre": "Jirón Almirante Manuel Villavicencio", "longitud": 110.53, "velocidad_max": 30.0, "num_lanes": 1}}, {"type": "Feature", "id": "-24295090#3", "geometry": {"type": "LineString", "coordinates": [[-77.044564, -12.089648], [-77.045222, -12.089747], [-77.04554, -12.089796]]}, "properties": {"id": "-24295090#3", "nombre": "Jirón Almirante Manuel Villavicencio", "longitud": 107.53, "velocidad_max": 30.0, "num_lanes": 1}}, {"type": "Feature", "id": "-24295090#4", "geometry": {"type": "LineString", "coordinates": [[-77.044292, -12.089611], [-77.044351, -12.089616], [-77.044433, -12.089628]]}, "properties": {"id": "-24295090#4", "nombre": "Jirón Almirante Manuel Villavicencio", "longitud": 15.48, "velocidad_max": 30.0, "num_lanes": 1}}, {"type": "Feature", "id": "-24295097", "geometry": {"type": "LineString", "coordinates": [[-77.041371, -12.091662], [-77.041377, -12.091621], [-77.041567, -12.090311], [-77.041575, -12.090255]]}, "properties": {"id": "-24295097", "nombre": "Calle José Pezet y Monet", "longitud": 157.27, "velocidad_max": 50.0, "num_lanes": 1}}, {"type": "Feature", "id": "-24295181", "geometry": {"type": "LineString", "coordinates": [[-77.027231, -12.085844], [-77.027143, -12.08645]]}, "properties": {"id": "-24295181", "nombre": "Calle Los Tacones", "longitud": 67.76, "velocidad_max": 50.0, "num_lanes": 1}}, {"type": "Feature", "id": "-24295182#1", "geometry": {"type": "LineString", "coordinates": [[-77.027159, -12.085783], [-77.025881, -12.085594], [-77.025697, -12.085567]]}, "properties": {"id": "-24295182#1", "nombre": "Calle Las Amapolas", "longitud": 161.0, "velocidad_max": 40.0, "num_lanes": 1}}, {"type": "Feature", "id": "-24295182#4", "geometry": {"type": "LineString", "coordinates": [[-77.028374, -12.08595], [-77.028351, -12.085947], [-77.02782, -12.085872], [-77.027392, -12.085812], [-77.027289, -12.0858]]}, "properties": {"id": "-24295182#4", "nombre": "Calle Las Amapolas", "longitud": 119.33, "velocidad_max": 40.0, "num_lanes": 1}}, {"type": "Feature", "id": "-24305051#1", "geometry": {"type": "LineString", "coordinates": [[-77.028373, -12.089841], [-77.028472, -12.089104], [-77.028473, -12.089091]]}, "properties": {"id": "-24305051#1", "nombre": "Calle Las Orquídeas", "longitud": 83.79, "velocidad_max": 50.0, "num_lanes": 1}}, {"type": "Feature", "id": "-24305051#3", "geometry": {"type": "LineString", "coordinates": [[-77.028298, -12.090491], [-77.028311, -12.090366], [-77.028356, -12.089972]]}, "properties": {"id": "-24305051#3", "nombre": "Calle Las Orquídeas", "longitud": 57.79, "velocidad_max": 50.0, "num_lanes": 1}}, {"type": "Feature", "id": "-24305317#2", "geometry": {"type": "LineString", "coordinates": [[-77.044728, -12.085985], [-77.044779, -12.085623], [-77.044787, -12.085567], [-77.044858, -12.085057]]}, "properties": {"id": "-24305317#2", "nombre": "Jirón Sinchi Roca", "longitud": 103.71, "velocidad_max": 50.0, "num_lanes": 1}}, {"type": "Feature", "id": "-24305349#1", "geometry": {"type": "LineString", "coordinates": [[-77.045315, -12.084517], [-77.045265, -12.084886]]}, "properties": {"id": "-24305349#1", "nombre": "Pasaje Chasqui", "longitud": 41.18, "velocidad_max": 50.0, "num_lanes": 1}}, {"type": "Feature", "id": "-24305349#3", "geometry": {"type": "LineString", "coordinates": [[-77.045387, -12.083965], [-77.045384, -12.083989], [-77.045332, -12.084388]]}, "properties": {"id": "-24305349#3", "nombre": "Pasaje Chasqui", "longitud": 47.26, "velocidad_max": 50.0, "num_lanes": 1}}, {"type": "Feature", "id": "-24305355#2", "geometry": {"type": "LineString", "coordinates": [[-77.046064, -12.084575], [-77.04605, -12.084574], [-77.045373, -12.084474]]}, "properties": {"id": "-24305355#2", "nombre": "Pasaje Chasqui", "longitud": 76.08, "velocidad_max": 50.0, "num_lanes": 1}}, {"type": "Feature", "id": "-24306227#0", "geometry": {"type": "LineString", "coordinates": [[-77.059645, -12.103299], [-77.059441, -12.103897]]}, "properties": {"id": "-24306227#0", "nombre": "Calle Punta Negra", "longitud": 69.84, "velocidad_max": 30.0, "num_lanes": 1}}, {"type": "Feature", "id": "-24306227#1", "geometry": {"type": "LineString", "coordinates": [[-77.060116, -12.102308], [-77.059704, -12.103157]]}, "properties": {"id": "-24306227#1", "nombre": "Calle Punta Negra", "longitud": 104.05, "velocidad_max": 30.0, "num_lanes": 1}}, {"type": "Feature", "id": "-24306227#2", "geometry": {"type": "LineString", "coordinates": [[-77.060425, -12.101692], [-77.060174, -12.10219]]}, "properties": {"id": "-24306227#2", "nombre": "Calle Punta Negra", "longitud": 61.47, "velocidad_max": 30.0, "num_lanes": 1}}, {"type": "Feature", "id": "-24306227#3", "geometry": {"type": "LineString", "coordinates": [[-77.060595, -12.101397], [-77.060492, -12.101572]]}, "properties": {"id": "-24306227#3", "nombre": "Calle Punta Negra", "longitud": 22.3, "velocidad_max": 30.0, "num_lanes": 1}}, {"type": "Feature", "id": "-24306228", "geometry": {"type": "LineString", "coordinates": [[-77.060414, -12.103546], [-77.060436, -12.103541], [-77.060469, -12.103538], [-77.060498, -12.103539], [-77.060528, -12.103544], [-77.060552, -12.10355], [-77.060569, -12.103558]]}, "properties": {"id": "-24306228", "nombre": "Malecón Bernales", "longitud": 17.28, "velocidad_max": 40.0, "num_lanes": 1}}, {"type": "Feature", "id": "-24306230", "geometry": {"type": "LineString", "coordinates": [[-77.059667, -12.101743], [-77.059821, -12.101971], [-77.060081, -12.102191]]}, "properties": {"id": "-24306230", "nombre": "Calle Samuel Velarde", "longitud": 67.56, "velocidad_max": 30.0, "num_lanes": 1}}, {"type": "Feature", "id": "-24306233", "geometry": {"type": "LineString", "coordinates": [[-77.06066, -12.101662], [-77.060521, -12.101655]]}, "properties": {"id": "-24306233", "nombre": "Calle Punta Negra", "longitud": 15.16, "velocidad_max": 50.0, "num_lanes": 1}}, {"type": "Feature", "id": "-24306235#0", "geometry": {"type": "LineString", "coordinates": [[-77.061469, -12.102448], [-77.061608, -12.102829]]}, "properties": {"id": "-24306235#0", "nombre": "Jirón Del Malecón", "longitud": 44.8, "velocidad_max": 50.0, "num_lanes": 1}}, {"type": "Feature", "id": "-24306235#1", "geometry": {"type": "LineString", "coordinates": [[-77.061313, -12.102006], [-77.061425, -12.102326]]}, "properties": {"id": "-24306235#1", "nombre": "Jirón Del Malecón", "longitud": 37.4, "velocidad_max": 50.0, "num_lanes": 1}}, {"type": "Feature", "id": "-24306235#2", "geometry": {"type": "LineString", "coordinates": [[-77.061121, -12.101531], [-77.061267, -12.101886]]}, "properties": {"id": "-24306235#2", "nombre": "Jirón Del Malecón", "longitud": 42.38, "velocidad_max": 50.0, "num_lanes": 1}}, {"type": "Feature", "id": "-24306235#4", "geometry": {"type": "LineString", "coordinates": [[-77.060947, -12.10108], [-77.061073, -12.101409]]}, "properties": {"id": "-24306235#4", "nombre": "Jirón Del Malecón", "longitud": 38.97, "velocidad_max": 50.0, "num_lanes": 1}}, {"type": "Feature", "id": "-24306245#1", "geometry": {"type": "LineString", "coordinates": [[-77.062541, -12.102555], [-77.062539, -12.102556], [-77.061626, -12.102869], [-77.061619, -12.102871]]}, "properties": {"id": "-24306245#1", "nombre": "Calle 4", "longitud": 106.31, "velocidad_max": 50.0, "num_lanes": 1}}, {"type": "Feature", "id": "-24306246#2", "geometry": {"type": "LineString", "coordinates": [[-77.062505, -12.102036], [-77.062399, -12.102073], [-77.062138, -12.102162], [-77.0615, -12.102384]]}, "properties": {"id": "-24306246#2", "nombre": "Calle 3", "longitud": 116.03, "velocidad_max": 50.0, "num_lanes": 1}}, {"type": "Feature", "id": "-24306247#1", "geometry": {"type": "LineString", "coordinates": [[-77.062516, -12.101531], [-77.061983, -12.10171], [-77.061477, -12.101891], [-77.061344, -12.101941]]}, "properties": {"id": "-24306247#1", "nombre": "Calle 2", "longitud": 135.52, "velocidad_max": 50.0, "num_lanes": 1}}, {"type": "Feature", "id": "-24306255#0", "geometry": {"type": "LineString", "coordinates": [[-77.062588, -12.102076], [-77.062571, -12.102526], [-77.062561, -12.102539]]}, "properties": {"id": "-24306255#0", "nombre": "Avenida Malecón", "longitud": 51.63, "velocidad_max": 10.0, "num_lanes": 1}}, {"type": "Feature", "id": "-24306255#2", "geometry": {"type": "LineString", "coordinates": [[-77.062605, -12.101554], [-77.062592, -12.101941]]}, "properties": {"id": "-24306255#2", "nombre": "Avenida Malecón", "longitud": 42.82, "velocidad_max": 10.0, "num_lanes": 1}}, {"type": "Feature", "id": "-24306255#3", "geometry": {"type": "LineString", "coordinates": [[-77.062446, -12.101089], [-77.062566, -12.10143]]}, "properties": {"id": "-24306255#3", "nombre": "Avenida Malecón", "longitud": 39.94, "velocidad_max": 10.0, "num_lanes": 1}}, {"type": "Feature", "id": "-24306256", "geometry": {"type": "LineString", "coordinates": [[-77.062353, -12.101067], [-77.061151, -12.101467]]}, "properties": {"id": "-24306256", "nombre": "Calle Soria", "longitud": 138.25, "velocidad_max": 50.0, "num_lanes": 1}}, {"type": "Feature", "id": "-24306295#0", "geometry": {"type": "LineString", "coordinates": [[-77.060624, -12.103532], [-77.06059, -12.103302], [-77.060556, -12.10315], [-77.060555, -12.103142]]}, "properties": {"id": "-24306295#0", "nombre": "Malecón Luis Bernales García", "longitud": 43.88, "velocidad_max": 40.0, "num_lanes": 1}}, {"type": "Feature", "id": "-24306295#2", "geometry": {"type": "LineString", "coordinates": [[-77.060015, -12.10516], [-77.060017, -12.10516], [-77.060031, -12.105156], [-77.060051, -12.105149], [-77.060065, -12.105144], [-77.060084, -12.105134], [-77.060097, -12.105123], [-77.060113, -12.105107], [-77.060127, -12.105087], [-77.060138, -12.105067], [-77.060144, -12.105053], [-77.060147, -12.105038], [-77.060151, -12.105013], [-77.060155, -12.104975], [-77.06016, -12.104939], [-77.060195, -12.104525], [-77.060198, -12.104502], [-77.0602, -12.104484], [-77.060205, -12.104461], [-77.060212, -12.10444], [-77.06022, -12.104417], [-77.060232, -12.104394], [-77.060246, -12.104368], [-77.060263, -12.104346], [-77.060302, -12.1043], [-77.060354, -12.104246], [-77.06058, -12.10398], [-77.0606, -12.103956], [-77.060617, -12.103927], [-77.060634, -12.103899], [-77.060646, -12.103869], [-77.060651, -12.103844], [-77.060659, -12.103803], [-77.06066, -12.103782], [-77.060658, -12.10375], [-77.060655, -12.103729]]}, "properties": {"id": "-24306295#2", "nombre": "Malecón Luis Bernales García", "longitud": 182.62, "velocidad_max": 40.0, "num_lanes": 1}}, {"type": "Feature", "id": "-24306309", "geometry": {"type": "LineString", "coordinates": [[-77.057574, -12.098958], [-77.058109, -12.098674]]}, "properties": {"id": "-24306309", "nombre": "Pasaje José de Acosta", "longitud": 66.17, "velocidad_max": 50.0, "num_lanes": 1}}, {"type": "Feature", "id": "-24306347#2", "geometry": {"type": "LineString", "coordinates": [[-77.061735, -12.095069], [-77.062166, -12.095881], [-77.062293, -12.096123], [-77.062497, -12.096504]]}, "properties": {"id": "-24306347#2", "nombre": "Jirón Comandante Gustavo Jiménez", "longitud": 179.22, "velocidad_max": 40.0, "num_lanes": 1}}, {"type": "Feature", "id": "-24306347#6", "geometry": {"type": "LineString", "coordinates": [[-77.060852, -12.093365], [-77.061219, -12.094086], [-77.061271, -12.094185], [-77.061346, -12.094327], [-77.061673, -12.094952]]}, "properties": {"id": "-24306347#6", "nombre": "Jirón Comandante Gustavo Jiménez", "longitud": 197.16, "velocidad_max": 40.0, "num_lanes": 1}}, {"type": "Feature", "id": "-24306352#0", "geometry": {"type": "LineString", "coordinates": [[-77.05736, -12.092501], [-77.057356, -12.092491]]}, "properties": {"id": "-24306352#0", "nombre": "Calle Nicanor Rocca de Vergallo", "longitud": 1.14, "velocidad_max": 40.0, "num_lanes": 1}}, {"type": "Feature", "id": "-24306352#2", "geometry": {"type": "LineString", "coordinates": [[-77.057762, -12.093568], [-77.057746, -12.093527], [-77.057734, -12.093497], [-77.057407, -12.092626], [-77.057406, -12.092622]]}, "properties": {"id": "-24306352#2", "nombre": "Calle Nicanor Rocca de Vergallo", "longitud": 111.6, "velocidad_max": 40.0, "num_lanes": 1}}, {"type": "Feature", "id": "-24306494", "geometry": {"type": "LineString", "coordinates": [[-77.060031, -12.089364], [-77.060037, -12.089395], [-77.06025, -12.089697], [-77.060268, -12.089727]]}, "properties": {"id": "-24306494", "nombre": "Pasaje Los Lirios", "longitud": 47.99, "velocidad_max": 10.0, "num_lanes": 1}}, {"type": "Feature", "id": "-24306518#0", "geometry": {"type": "LineString", "coordinates": [[-77.070545, -12.098241], [-77.069659, -12.098537]]}, "properties": {"id": "-24306518#0", "nombre": "Malecon Miguel Grau", "longitud": 101.81, "velocidad_max": 40.0, "num_lanes": 1}}, {"type": "Feature", "id": "-24306518#1", "geometry": {"type": "LineString", "coordinates": [[-77.071609, -12.097862], [-77.071601, -12.097869], [-77.071571, -12.097878], [-77.071465, -12.097916], [-77.070671, -12.098198]]}, "properties": {"id": "-24306518#1", "nombre": "Malecon Miguel Grau", "longitud": 108.8, "velocidad_max": 40.0, "num_lanes": 1}}, {"type": "Feature", "id": "-24306526#2", "geometry": {"type": "LineString", "coordinates": [[-77.062273, -12.093643], [-77.062976, -12.093096], [-77.063543, -12.09266]]}, "properties": {"id": "-24306526#2", "nombre": "Calle Lidio Mongilardi", "longitud": 175.98, "velocidad_max": 50.0, "num_lanes": 1}}, {"type": "Feature", "id": "-24306538#0", "geometry": {"type": "LineString", "coordinates": [[-77.063596, -12.093347], [-77.063894, -12.09312], [-77.06391, -12.093107], [-77.063913, -12.093105]]}, "properties": {"id": "-24306538#0", "nombre": "Jirón Honorio Delgado", "longitud": 43.72, "velocidad_max": 50.0, "num_lanes": 1}}, {"type": "Feature", "id": "-24306538#1", "geometry": {"type": "LineString", "coordinates": [[-77.063194, -12.093653], [-77.063491, -12.093427]]}, "properties": {"id": "-24306538#1", "nombre": "Jirón Honorio Delgado", "longitud": 40.95, "velocidad_max": 50.0, "num_lanes": 1}}, {"type": "Feature", "id": "-24306538#2", "geometry": {"type": "LineString", "coordinates": [[-77.062869, -12.093901], [-77.063089, -12.093733]]}, "properties": {"id": "-24306538#2", "nombre": "Jirón Honorio Delgado", "longitud": 30.38, "velocidad_max": 50.0, "num_lanes": 1}}, {"type": "Feature", "id": "-24306545#0", "geometry": {"type": "LineString", "coordinates": [[-77.064292, -12.094266], [-77.064583, -12.094609], [-77.064584, -12.09461]]}, "properties": {"id": "-24306545#0", "nombre": "Calle José María Eguren", "longitud": 49.58, "velocidad_max": 40.0, "num_lanes": 1}}, {"type": "Feature", "id": "-24306545#2", "geometry": {"type": "LineString", "coordinates": [[-77.063606, -12.09344], [-77.064209, -12.094166]]}, "properties": {"id": "-24306545#2", "nombre": "Calle José María Eguren", "longitud": 103.72, "velocidad_max": 40.0, "num_lanes": 1}}, {"type": "Feature", "id": "-24306553#0", "geometry": {"type": "LineString", "coordinates": [[-77.063898, -12.094476], [-77.064178, -12.094256]]}, "properties": {"id": "-24306553#0", "nombre": "Mariátegui", "longitud": 39.05, "velocidad_max": 50.0, "num_lanes": 1}}, {"type": "Feature", "id": "-24306553#2", "geometry": {"type": "LineString", "coordinates": [[-77.063335, -12.095138], [-77.063478, -12.094924], [-77.063551, -12.094825], [-77.063803, -12.094561]]}, "properties": {"id": "-24306553#2", "nombre": "Mariátegui", "longitud": 81.99, "velocidad_max": 50.0, "num_lanes": 1}}, {"type": "Feature", "id": "-24306554#2", "geometry": {"type": "LineString", "coordinates": [[-77.063249, -12.095141], [-77.062984, -12.094401], [-77.062844, -12.094023]]}, "properties": {"id": "-24306554#2", "nombre": "Calle Cesar Vallejo", "longitud": 131.3, "velocidad_max": 50.0, "num_lanes": 1}}, {"type": "Feature", "id": "-24306555#2", "geometry": {"type": "LineString", "coordinates": [[-77.063205, -12.093746], [-77.063507, -12.094099], [-77.063826, -12.094469]]}, "properties": {"id": "-24306555#2", "nombre": "Calle Salazar Bondy", "longitud": 104.76, "velocidad_max": 50.0, "num_lanes": 1}}, {"type": "Feature", "id": "-24306559#1", "geometry": {"type": "LineString", "coordinates": [[-77.06443, -12.0936], [-77.065006, -12.094286]]}, "properties": {"id": "-24306559#1", "nombre": "Jirón Domingo Ponte", "longitud": 98.55, "velocidad_max": 50.0, "num_lanes": 1}}, {"type": "Feature", "id": "-24306559#3", "geometry": {"type": "LineString", "coordinates": [[-77.064028, -12.093117], [-77.064364, -12.093521]]}, "properties": {"id": "-24306559#3", "nombre": "Jirón Domingo Ponte", "longitud": 57.85, "velocidad_max": 50.0, "num_lanes": 1}}, {"type": "Feature", "id": "-24306559#5", "geometry": {"type": "LineString", "coordinates": [[-77.063658, -12.092671], [-77.063942, -12.093013], [-77.063944, -12.093016]]}, "properties": {"id": "-24306559#5", "nombre": "Jirón Domingo Ponte", "longitud": 49.27, "velocidad_max": 50.0, "num_lanes": 1}}, {"type": "Feature", "id": "-24306559#7", "geometry": {"type": "LineString", "coordinates": [[-77.063289, -12.092227], [-77.063574, -12.092571]]}, "properties": {"id": "-24306559#7", "nombre": "Jirón Domingo Ponte", "longitud": 49.14, "velocidad_max": 50.0, "num_lanes": 1}}, {"type": "Feature", "id": "-24306584#0", "geometry": {"type": "LineString", "coordinates": [[-77.062015, -12.088586], [-77.061926, -12.088484]]}, "properties": {"id": "-24306584#0", "nombre": "Avenida Parque Gonzales Prada", "longitud": 14.78, "velocidad_max": 50.0, "num_lanes": 1}}, {"type": "Feature", "id": "-24306584#1", "geometry": {"type": "LineString", "coordinates": [[-77.062381, -12.089028], [-77.06208, -12.088663]]}, "properties": {"id": "-24306584#1", "nombre": "Avenida Parque Gonzales Prada", "longitud": 52.01, "velocidad_max": 50.0, "num_lanes": 1}}, {"type": "Feature", "id": "-24306707#0", "geometry": {"type": "LineString", "coordinates": [[-77.057297, -12.088056], [-77.056792, -12.088466]]}, "properties": {"id": "-24306707#0", "nombre": "Avenida de la Policía", "longitud": 71.27, "velocidad_max": 40.0, "num_lanes": 1}}, {"type": "Feature", "id": "-24306707#14", "geometry": {"type": "LineString", "coordinates": [[-77.061494, -12.084686], [-77.060942, -12.085138], [-77.060903, -12.085169], [-77.060163, -12.085741], [-77.059883, -12.085969], [-77.059658, -12.086152], [-77.059385, -12.086373], [-77.059252, -12.086481], [-77.059216, -12.08651], [-77.059049, -12.086645]]}, "properties": {"id": "-24306707#14", "nombre": "Avenida de la Policía", "longitud": 343.36, "velocidad_max": 40.0, "num_lanes": 1}}, {"type": "Feature", "id": "-24306707#2", "geometry": {"type": "LineString", "coordinates": [[-77.058007, -12.087475], [-77.057816, -12.087625], [-77.057398, -12.087972]]}, "properties": {"id": "-24306707#2", "nombre": "Avenida de la Policía", "longitud": 86.17, "velocidad_max": 40.0, "num_lanes": 1}}, {"type": "Feature", "id": "-24306707#4", "geometry": {"type": "LineString", "coordinates": [[-77.058374, -12.087188], [-77.058263, -12.087272]]}, "properties": {"id": "-24306707#4", "nombre": "Avenida de la Policía", "longitud": 15.22, "velocidad_max": 40.0, "num_lanes": 1}}, {"type": "Feature", "id": "-24306707#6", "geometry": {"type": "LineString", "coordinates": [[-77.058946, -12.086727], [-77.058639, -12.08697]]}, "properties": {"id": "-24306707#6", "nombre": "Avenida de la Policía", "longitud": 42.93, "velocidad_max": 40.0, "num_lanes": 1}}, {"type": "Feature", "id": "-24306717#0", "geometry": {"type": "LineString", "coordinates": [[-77.058664, -12.087458], [-77.058446, -12.087196]]}, "properties": {"id": "-24306717#0", "nombre": "Jirón Caracas", "longitud": 37.46, "velocidad_max": 50.0, "num_lanes": 1}}, {"type": "Feature", "id": "-24306717#1", "geometry": {"type": "LineString", "coordinates": [[-77.058965, -12.087822], [-77.058747, -12.087559]]}, "properties": {"id": "-24306717#1", "nombre": "Jirón Caracas", "longitud": 37.51, "velocidad_max": 50.0, "num_lanes": 1}}, {"type": "Feature", "id": "-24306737", "geometry": {"type": "LineString", "coordinates": [[-77.058209, -12.088419], [-77.057975, -12.088148], [-77.057941, -12.088135], [-77.057907, -12.08814], [-77.057676, -12.088317], [-77.057634, -12.088327], [-77.05759, -12.088315], [-77.05737, -12.088062]]}, "properties": {"id": "-24306737", "nombre": "Pasaje Haiti", "longitud": 125.49, "velocidad_max": 20.0, "num_lanes": 1}}, {"type": "Feature", "id": "-24306755#2", "geometry": {"type": "LineString", "coordinates": [[-77.058596, -12.089285], [-77.058588, -12.089275], [-77.058454, -12.089104], [-77.05811, -12.088671]]}, "properties": {"id": "-24306755#2", "nombre": "Jirón Estados Unidos", "longitud": 86.17, "velocidad_max": 50.0, "num_lanes": 1}}, {"type": "Feature", "id": "-24306768#0", "geometry": {"type": "LineString", "coordinates": [[-77.057851, -12.08685], [-77.058147, -12.087209], [-77.058173, -12.087241]]}, "properties": {"id": "-24306768#0", "nombre": "Jirón Caracas", "longitud": 55.68, "velocidad_max": 50.0, "num_lanes": 1}}, {"type": "Feature", "id": "-24306768#3", "geometry": {"type": "LineString", "coordinates": [[-77.056928, -12.085747], [-77.057143, -12.085997], [-77.057417, -12.086325], [-77.057786, -12.086772]]}, "properties": {"id": "-24306768#3", "nombre": "Jirón Caracas", "longitud": 146.93, "velocidad_max": 50.0, "num_lanes": 1}}, {"type": "Feature", "id": "-24306768#4", "geometry": {"type": "LineString", "coordinates": [[-77.05658, -12.085329], [-77.056863, -12.08567]]}, "properties": {"id": "-24306768#4", "nombre": "Jirón Caracas", "longitud": 48.75, "velocidad_max": 50.0, "num_lanes": 1}}, {"type": "Feature", "id": "-24306782#3", "geometry": {"type": "LineString", "coordinates": [[-77.057315, -12.087157], [-77.057221, -12.08704], [-77.056874, -12.086621], [-77.056535, -12.086213], [-77.056459, -12.086119]]}, "properties": {"id": "-24306782#3", "nombre": "Parque 13 de Diciembre", "longitud": 147.97, "velocidad_max": 30.0, "num_lanes": 1}}, {"type": "Feature", "id": "-24306846#3", "geometry": {"type": "LineString", "coordinates": [[-77.057452, -12.085663], [-77.057346, -12.08553], [-77.05728, -12.085447], [-77.057158, -12.085294], [-77.056949, -12.085034]]}, "properties": {"id": "-24306846#3", "nombre": "Jirón Caracas", "longitud": 88.62, "velocidad_max": 50.0, "num_lanes": 1}}, {"type": "Feature", "id": "-24306847", "geometry": {"type": "LineString", "coordinates": [[-77.058094, -12.085208], [-77.057547, -12.084556]]}, "properties": {"id": "-24306847", "nombre": "Pasaje Prolongación Quito", "longitud": 93.61, "velocidad_max": 30.0, "num_lanes": 1}}, {"type": "Feature", "id": "-24306854#0", "geometry": {"type": "LineString", "coordinates": [[-77.05639, -12.084702], [-77.056697, -12.08507], [-77.05671, -12.085086]]}, "properties": {"id": "-24306854#0", "nombre": "Jirón Caracas", "longitud": 54.95, "velocidad_max": 40.0, "num_lanes": 1}}, {"type": "Feature", "id": "-24306854#1", "geometry": {"type": "LineString", "coordinates": [[-77.056259, -12.084544], [-77.056307, -12.084601]]}, "properties": {"id": "-24306854#1", "nombre": "Jirón Caracas", "longitud": 8.17, "velocidad_max": 40.0, "num_lanes": 1}}, {"type": "Feature", "id": "-24306854#2", "geometry": {"type": "LineString", "coordinates": [[-77.055739, -12.083918], [-77.055742, -12.083921], [-77.056176, -12.084443]]}, "properties": {"id": "-24306854#2", "nombre": "Jirón Caracas", "longitud": 75.06, "velocidad_max": 40.0, "num_lanes": 1}}, {"type": "Feature", "id": "-24306854#4", "geometry": {"type": "LineString", "coordinates": [[-77.055303, -12.08311], [-77.055334, -12.08317], [-77.055371, -12.083248], [-77.055407, -12.083333], [-77.055436, -12.083415], [-77.055468, -12.083493], [-77.055517, -12.083599], [-77.055579, -12.083706], [-77.055652, -12.083816]]}, "properties": {"id": "-24306854#4", "nombre": "Jirón Caracas", "longitud": 87.19, "velocidad_max": 40.0, "num_lanes": 1}}, {"type": "Feature", "id": "-24306855#0", "geometry": {"type": "LineString", "coordinates": [[-77.057001, -12.084194], [-77.057328, -12.084592]]}, "properties": {"id": "-24306855#0", "nombre": "Pasaje Prolongación Quito", "longitud": 56.58, "velocidad_max": 40.0, "num_lanes": 1}}, {"type": "Feature", "id": "-24306855#1", "geometry": {"type": "LineString", "coordinates": [[-77.056428, -12.083495], [-77.056937, -12.084116]]}, "properties": {"id": "-24306855#1", "nombre": "Pasaje Prolongación Quito", "longitud": 88.21, "velocidad_max": 40.0, "num_lanes": 1}}, {"type": "Feature", "id": "-24306989#1", "geometry": {"type": "LineString", "coordinates": [[-77.049781, -12.083786], [-77.049827, -12.084439], [-77.049867, -12.0852], [-77.049867, -12.085207]]}, "properties": {"id": "-24306989#1", "nombre": "Jirón Inca Rípac", "longitud": 157.53, "velocidad_max": 30.0, "num_lanes": 1}}, {"type": "Feature", "id": "-24306989#5", "geometry": {"type": "LineString", "coordinates": [[-77.049709, -12.082363], [-77.04975, -12.083203], [-77.049772, -12.083641], [-77.049772, -12.083655]]}, "properties": {"id": "-24306989#5", "nombre": "Jirón Inca Rípac", "longitud": 143.15, "velocidad_max": 30.0, "num_lanes": 1}}, {"type": "Feature", "id": "-24307023#0", "geometry": {"type": "LineString", "coordinates": [[-77.052838, -12.081572], [-77.052497, -12.081855]]}, "properties": {"id": "-24307023#0", "nombre": "Pasaje Octavio Bernal", "longitud": 48.54, "velocidad_max": 10.0, "num_lanes": 1}}, {"type": "Feature", "id": "-24307023#1", "geometry": {"type": "LineString", "coordinates": [[-77.052941, -12.081487], [-77.052938, -12.081489]]}, "properties": {"id": "-24307023#1", "nombre": "Pasaje Octavio Bernal", "longitud": 0.37, "velocidad_max": 10.0, "num_lanes": 1}}, {"type": "Feature", "id": "-24307224#0", "geometry": {"type": "LineString", "coordinates": [[-77.044384, -12.07902], [-77.04435, -12.079711]]}, "properties": {"id": "-24307224#0", "nombre": "Jirón Sinchi Roca", "longitud": 76.52, "velocidad_max": 40.0, "num_lanes": 1}}, {"type": "Feature", "id": "-24307224#1", "geometry": {"type": "LineString", "coordinates": [[-77.044434, -12.077976], [-77.044391, -12.078884]]}, "properties": {"id": "-24307224#1", "nombre": "Jirón Sinchi Roca", "longitud": 100.58, "velocidad_max": 40.0, "num_lanes": 1}}, {"type": "Feature", "id": "-24307224#6", "geometry": {"type": "LineString", "coordinates": [[-77.044463, -12.076902], [-77.044455, -12.077216], [-77.044451, -12.077359], [-77.044451, -12.077377], [-77.04445, -12.077415], [-77.044438, -12.077868]]}, "properties": {"id": "-24307224#6", "nombre": "Jirón Sinchi Roca", "longitud": 106.91, "velocidad_max": 40.0, "num_lanes": 1}}, {"type": "Feature", "id": "-24307224#7", "geometry": {"type": "LineString", "coordinates": [[-77.044469, -12.076359], [-77.044465, -12.076764]]}, "properties": {"id": "-24307224#7", "nombre": "Jirón Sinchi Roca", "longitud": 44.83, "velocidad_max": 40.0, "num_lanes": 1}}, {"type": "Feature", "id": "-24307305#2", "geometry": {"type": "LineString", "coordinates": [[-77.040542, -12.070819], [-77.040599, -12.070804], [-77.040612, -12.070802]]}, "properties": {"id": "-24307305#2", "nombre": "Jirón Nazca", "longitud": 7.85, "velocidad_max": 80.0, "num_lanes": 1}}, {"type": "Feature", "id": "-24307328#0", "geometry": {"type": "LineString", "coordinates": [[-77.041855, -12.072765], [-77.041676, -12.072785]]}, "properties": {"id": "-24307328#0", "nombre": "Avenida General Santa Cruz", "longitud": 19.54, "velocidad_max": 40.0, "num_lanes": 1}}, {"type": "Feature", "id": "-24307328#4", "geometry": {"type": "LineString", "coordinates": [[-77.043406, -12.072742], [-77.042691, -12.072749], [-77.042652, -12.07275], [-77.042382, -12.072752], [-77.042016, -12.072756]]}, "properties": {"id": "-24307328#4", "nombre": "Avenida General Santa Cruz", "longitud": 151.37, "velocidad_max": 40.0, "num_lanes": 1}}, {"type": "Feature", "id": "-24307328#6", "geometry": {"type": "LineString", "coordinates": [[-77.04468, -12.07273], [-77.043993, -12.072736], [-77.043509, -12.072741]]}, "properties": {"id": "-24307328#6", "nombre": "Avenida General Santa Cruz", "longitud": 127.48, "velocidad_max": 40.0, "num_lanes": 1}}, {"type": "Feature", "id": "-24307362#0", "geometry": {"type": "LineString", "coordinates": [[-77.045926, -12.072724], [-77.045403, -12.072718]]}, "properties": {"id": "-24307362#0", "nombre": "Avenida General Santa Cruz", "longitud": 56.89, "velocidad_max": 40.0, "num_lanes": 1}}, {"type": "Feature", "id": "-24307362#1", "geometry": {"type": "LineString", "coordinates": [[-77.046491, -12.072727], [-77.046053, -12.072725]]}, "properties": {"id": "-24307362#1", "nombre": "Avenida General Santa Cruz", "longitud": 47.69, "velocidad_max": 40.0, "num_lanes": 1}}, {"type": "Feature", "id": "-24307458#4", "geometry": {"type": "LineString", "coordinates": [[-77.043547, -12.065143], [-77.043543, -12.065153], [-77.043528, -12.06518], [-77.043508, -12.065219], [-77.043442, -12.065328], [-77.043368, -12.065432], [-77.043287, -12.06553], [-77.043268, -12.065551], [-77.043154, -12.065664], [-77.04307, -12.065735], [-77.043007, -12.065783], [-77.042904, -12.065851], [-77.042796, -12.065913], [-77.042684, -12.065967], [-77.042652, -12.06598]]}, "properties": {"id": "-24307458#4", "nombre": "Calle Rivero Ustariz", "longitud": 137.45, "velocidad_max": 30.0, "num_lanes": 1}}, {"type": "Feature", "id": "-24307671#1", "geometry": {"type": "LineString", "coordinates": [[-77.037058, -12.068316], [-77.037867, -12.068435], [-77.03791, -12.068441], [-77.037953, -12.068447]]}, "properties": {"id": "-24307671#1", "nombre": "Jirón Coronel Pascual Saco Oliveros", "longitud": 98.55, "velocidad_max": 30.0, "num_lanes": 1}}, {"type": "Feature", "id": "-24315984#0", "geometry": {"type": "LineString", "coordinates": [[-77.020034, -12.120334], [-77.020216, -12.120501], [-77.020356, -12.120666], [-77.020514, -12.120867]]}, "properties": {"id": "-24315984#0", "nombre": "Calle Ortiz de Zevallos", "longitud": 78.93, "velocidad_max": 50.0, "num_lanes": 1}}, {"type": "Feature", "id": "-24315984#2", "geometry": {"type": "LineString", "coordinates": [[-77.019225, -12.119844], [-77.019325, -12.119889], [-77.01944, -12.119947], [-77.019576, -12.120015], [-77.01978, -12.120155], [-77.019956, -12.120271]]}, "properties": {"id": "-24315984#2", "nombre": "Calle Ortiz de Zevallos", "longitud": 92.77, "velocidad_max": 50.0, "num_lanes": 1}}, {"type": "Feature", "id": "-24331959#1", "geometry": {"type": "LineString", "coordinates": [[-77.013821, -12.119374], [-77.013817, -12.119567], [-77.013797, -12.120392], [-77.013788, -12.120543], [-77.013778, -12.121818], [-77.013742, -12.123025], [-77.01374, -12.123104]]}, "properties": {"id": "-24331959#1", "nombre": "Calle Genaro Castro Iglesias", "longitud": 412.75, "velocidad_max": 40.0, "num_lanes": 1}}, {"type": "Feature", "id": "-24331959#2", "geometry": {"type": "LineString", "coordinates": [[-77.013828, -12.118815], [-77.013823, -12.119244]]}, "properties": {"id": "-24331959#2", "nombre": "Calle Genaro Castro Iglesias", "longitud": 47.59, "velocidad_max": 40.0, "num_lanes": 1}}, {"type": "Feature", "id": "-24331959#3", "geometry": {"type": "LineString", "coordinates": [[-77.013963, -12.117647], [-77.01391, -12.11773], [-77.013849, -12.117874], [-77.01383, -12.118714]]}, "properties": {"id": "-24331959#3", "nombre": "Calle Genaro Castro Iglesias", "longitud": 121.03, "velocidad_max": 40.0, "num_lanes": 1}}, {"type": "Feature", "id": "-24331971", "geometry": {"type": "LineString", "coordinates": [[-77.01601, -12.11941], [-77.015994, -12.120444], [-77.015985, -12.120602], [-77.015951, -12.12145]]}, "properties": {"id": "-24331971", "nombre": "Calle Lola Pardo V.", "longitud": 225.77, "velocidad_max": 30.0, "num_lanes": 1}}, {"type": "Feature", "id": "-24332019#0", "geometry": {"type": "LineString", "coordinates": [[-77.016722, -12.119342], [-77.017227, -12.11935]]}, "properties": {"id": "-24332019#0", "nombre": "Avenida Mayor Arce de la Oliva", "longitud": 54.98, "velocidad_max": 30.0, "num_lanes": 1}}, {"type": "Feature", "id": "-24332019#1", "geometry": {"type": "LineString", "coordinates": [[-77.016063, -12.119331], [-77.016619, -12.11934]]}, "properties": {"id": "-24332019#1", "nombre": "Avenida Mayor Arce de la Oliva", "longitud": 60.56, "velocidad_max": 30.0, "num_lanes": 1}}, {"type": "Feature", "id": "-24332019#2", "geometry": {"type": "LineString", "coordinates": [[-77.015394, -12.119321], [-77.01593, -12.119329]]}, "properties": {"id": "-24332019#2", "nombre": "Avenida Mayor Arce de la Oliva", "longitud": 58.39, "velocidad_max": 30.0, "num_lanes": 1}}, {"type": "Feature", "id": "-24332019#3", "geometry": {"type": "LineString", "coordinates": [[-77.014766, -12.11931], [-77.015293, -12.119319]]}, "properties": {"id": "-24332019#3", "nombre": "Avenida Mayor Arce de la Oliva", "longitud": 57.37, "velocidad_max": 30.0, "num_lanes": 1}}, {"type": "Feature", "id": "-24332019#4", "geometry": {"type": "LineString", "coordinates": [[-77.013874, -12.119296], [-77.014371, -12.119304], [-77.014634, -12.119308]]}, "properties": {"id": "-24332019#4", "nombre": "Avenida Mayor Arce de la Oliva", "longitud": 82.75, "velocidad_max": 30.0, "num_lanes": 1}}, {"type": "Feature", "id": "-24332100#1", "geometry": {"type": "LineString", "coordinates": [[-77.011805, -12.117403], [-77.011492, -12.1172], [-77.011321, -12.117089], [-77.011144, -12.116973]]}, "properties": {"id": "-24332100#1", "nombre": "Calle Víctor Gónzales Olaechea", "longitud": 86.27, "velocidad_max": 50.0, "num_lanes": 1}}, {"type": "Feature", "id": "-24332100#3", "geometry": {"type": "LineString", "coordinates": [[-77.012486, -12.117843], [-77.012435, -12.117807], [-77.011915, -12.117474]]}, "properties": {"id": "-24332100#3", "nombre": "Calle Víctor Gónzales Olaechea", "longitud": 74.37, "velocidad_max": 50.0, "num_lanes": 1}}, {"type": "Feature", "id": "-24332100#4", "geometry": {"type": "LineString", "coordinates": [[-77.012659, -12.118683], [-77.01266, -12.11866], [-77.012667, -12.118067], [-77.012625, -12.117977], [-77.012547, -12.117896]]}, "properties": {"id": "-24332100#4", "nombre": "Calle Víctor Gónzales Olaechea", "longitud": 91.5, "velocidad_max": 50.0, "num_lanes": 1}}, {"type": "Feature", "id": "-24332120#0", "geometry": {"type": "LineString", "coordinates": [[-77.012921, -12.11741], [-77.013031, -12.117494]]}, "properties": {"id": "-24332120#0", "nombre": "Alejandro Deustua", "longitud": 15.11, "velocidad_max": 50.0, "num_lanes": 1}}, {"type": "Feature", "id": "-24332120#3", "geometry": {"type": "LineString", "coordinates": [[-77.011496, -12.116459], [-77.011829, -12.116679], [-77.011843, -12.11669], [-77.012565, -12.117164], [-77.012837, -12.11735]]}, "properties": {"id": "-24332120#3", "nombre": "Alejandro Deustua", "longitud": 176.25, "velocidad_max": 50.0, "num_lanes": 1}}, {"type": "Feature", "id": "-24332120#4", "geometry": {"type": "LineString", "coordinates": [[-77.011136, -12.116216], [-77.011387, -12.116386]]}, "properties": {"id": "-24332120#4", "nombre": "Alejandro Deustua", "longitud": 33.1, "velocidad_max": 50.0, "num_lanes": 1}}, {"type": "Feature", "id": "-24332120#5", "geometry": {"type": "LineString", "coordinates": [[-77.010906, -12.116075], [-77.011026, -12.116147]]}, "properties": {"id": "-24332120#5", "nombre": "Alejandro Deustua", "longitud": 15.33, "velocidad_max": 50.0, "num_lanes": 1}}, {"type": "Feature", "id": "-24332120#6", "geometry": {"type": "LineString", "coordinates": [[-77.010359, -12.115725], [-77.010795, -12.116007]]}, "properties": {"id": "-24332120#6", "nombre": "Alejandro Deustua", "longitud": 56.86, "velocidad_max": 50.0, "num_lanes": 1}}, {"type": "Feature", "id": "-24332130#1", "geometry": {"type": "LineString", "coordinates": [[-77.009908, -12.117441], [-77.010292, -12.116851], [-77.010794, -12.116101]]}, "properties": {"id": "-24332130#1", "nombre": "Brent", "longitud": 176.85, "velocidad_max": 50.0, "num_lanes": 1}}, {"type": "Feature", "id": "-24332171#1", "geometry": {"type": "LineString", "coordinates": [[-77.016397, -12.117975], [-77.016382, -12.118503]]}, "properties": {"id": "-24332171#1", "nombre": "San Lorenzo", "longitud": 58.53, "velocidad_max": 50.0, "num_lanes": 1}}, {"type": "Feature", "id": "-24332171#2", "geometry": {"type": "LineString", "coordinates": [[-77.016494, -12.11697], [-77.016403, -12.117872]]}, "properties": {"id": "-24332171#2", "nombre": "San Lorenzo", "longitud": 100.35, "velocidad_max": 50.0, "num_lanes": 1}}, {"type": "Feature", "id": "-24332171#3", "geometry": {"type": "LineString", "coordinates": [[-77.016575, -12.116317], [-77.016505, -12.116869]]}, "properties": {"id": "-24332171#3", "nombre": "San Lorenzo", "longitud": 61.56, "velocidad_max": 50.0, "num_lanes": 1}}, {"type": "Feature", "id": "-24332203#10", "geometry": {"type": "LineString", "coordinates": [[-77.016279, -12.113786], [-77.016274, -12.113842]]}, "properties": {"id": "-24332203#10", "nombre": "Avenida San Felipe", "longitud": 6.24, "velocidad_max": 50.0, "num_lanes": 1}}, {"type": "Feature", "id": "-24332203#13", "geometry": {"type": "LineString", "coordinates": [[-77.016343, -12.112978], [-77.016318, -12.11323], [-77.016295, -12.113565], [-77.016289, -12.113655]]}, "properties": {"id": "-24332203#13", "nombre": "Avenida San Felipe", "longitud": 75.21, "velocidad_max": 50.0, "num_lanes": 1}}, {"type": "Feature", "id": "-24332203#16", "geometry": {"type": "LineString", "coordinates": [[-77.016412, -12.111832], [-77.016409, -12.111879], [-77.016362, -12.112693]]}, "properties": {"id": "-24332203#16", "nombre": "Avenida San Felipe", "longitud": 95.39, "velocidad_max": 50.0, "num_lanes": 1}}, {"type": "Feature", "id": "-24332203#17", "geometry": {"type": "LineString", "coordinates": [[-77.01648, -12.110799], [-77.016431, -12.111529], [-77.01642, -12.111702]]}, "properties": {"id": "-24332203#17", "nombre": "Avenida San Felipe", "longitud": 100.13, "velocidad_max": 50.0, "num_lanes": 1}}, {"type": "Feature", "id": "-24332203#2", "geometry": {"type": "LineString", "coordinates": [[-77.016147, -12.115555], [-77.016131, -12.115774], [-77.016111, -12.116017]]}, "properties": {"id": "-24332203#2", "nombre": "Avenida San Felipe", "longitud": 51.33, "velocidad_max": 50.0, "num_lanes": 1}}, {"type": "Feature", "id": "-24332203#21", "geometry": {"type": "LineString", "coordinates": [[-77.01654, -12.109793], [-77.016514, -12.11024], [-77.016488, -12.110679], [-77.016487, -12.110699]]}, "properties": {"id": "-24332203#21", "nombre": "Avenida San Felipe", "longitud": 100.41, "velocidad_max": 50.0, "num_lanes": 1}}, {"type": "Feature", "id": "-24332203#22", "geometry": {"type": "LineString", "coordinates": [[-77.016617, -12.108786], [-77.016549, -12.109663]]}, "properties": {"id": "-24332203#22", "nombre": "Avenida San Felipe", "longitud": 97.31, "velocidad_max": 50.0, "num_lanes": 1}}, {"type": "Feature", "id": "-24332203#23", "geometry": {"type": "LineString", "coordinates": [[-77.016099, -12.107528], [-77.016457, -12.107818], [-77.016586, -12.107952], [-77.016644, -12.108143], [-77.016655, -12.108274], [-77.016625, -12.108685]]}, "properties": {"id": "-24332203#23", "nombre": "Avenida San Felipe", "longitud": 153.14, "velocidad_max": 50.0, "num_lanes": 1}}, {"type": "Feature", "id": "-24332203#6", "geometry": {"type": "LineString", "coordinates": [[-77.016216, -12.114669], [-77.016211, -12.114733], [-77.01619, -12.114994], [-77.016167, -12.115274]]}, "properties": {"id": "-24332203#6", "nombre": "Avenida San Felipe", "longitud": 67.11, "velocidad_max": 50.0, "num_lanes": 1}}, {"type": "Feature", "id": "-24332203#8", "geometry": {"type": "LineString", "coordinates": [[-77.016264, -12.113972], [-77.016249, -12.114205], [-77.016223, -12.114567]]}, "properties": {"id": "-24332203#8", "nombre": "Avenida San Felipe", "longitud": 66.0, "velocidad_max": 50.0, "num_lanes": 1}}, {"type": "Feature", "id": "-24332204#0", "geometry": {"type": "LineString", "coordinates": [[-77.015604, -12.116184], [-77.015945, -12.116204], [-77.016015, -12.116209]]}, "properties": {"id": "-24332204#0", "nombre": "Calle Víctor Alzamora", "longitud": 44.81, "velocidad_max": 80.0, "num_lanes": 1}}, {"type": "Feature", "id": "-24332204#1", "geometry": {"type": "LineString", "coordinates": [[-77.014607, -12.116114], [-77.015473, -12.116175]]}, "properties": {"id": "-24332204#1", "nombre": "Calle Víctor Alzamora", "longitud": 94.54, "velocidad_max": 80.0, "num_lanes": 1}}, {"type": "Feature", "id": "-24332204#2", "geometry": {"type": "LineString", "coordinates": [[-77.013932, -12.116067], [-77.014474, -12.116104]]}, "properties": {"id": "-24332204#2", "nombre": "Calle Víctor Alzamora", "longitud": 59.16, "velocidad_max": 80.0, "num_lanes": 1}}, {"type": "Feature", "id": "-24332204#5", "geometry": {"type": "LineString", "coordinates": [[-77.013131, -12.116025], [-77.013438, -12.116041], [-77.013697, -12.116054]]}, "properties": {"id": "-24332204#5", "nombre": "Calle Víctor Alzamora", "longitud": 61.71, "velocidad_max": 80.0, "num_lanes": 1}}, {"type": "Feature", "id": "-24332204#7", "geometry": {"type": "LineString", "coordinates": [[-77.012394, -12.11513], [-77.012363, -12.115559], [-77.012363, -12.11569], [-77.012397, -12.115788], [-77.01242, -12.115843], [-77.012445, -12.115875], [-77.012519, -12.115932], [-77.01261, -12.115972], [-77.012737, -12.115997], [-77.013029, -12.116018]]}, "properties": {"id": "-24332204#7", "nombre": "Calle Víctor Alzamora", "longitud": 151.65, "velocidad_max": 80.0, "num_lanes": 1}}, {"type": "Feature", "id": "-24332205#2", "geometry": {"type": "LineString", "coordinates": [[-77.011268, -12.11465], [-77.011567, -12.114154], [-77.011756, -12.113846], [-77.012061, -12.113335], [-77.012184, -12.113164], [-77.012252, -12.113125], [-77.012358, -12.113109], [-77.012463, -12.113115]]}, "properties": {"id": "-24332205#2", "nombre": "Pérez Aranibar", "longitud": 224.01, "velocidad_max": 40.0, "num_lanes": 1}}, {"type": "Feature", "id": "-24332210#1", "geometry": {"type": "LineString", "coordinates": [[-77.012314, -12.115072], [-77.012141, -12.115052], [-77.01193, -12.115026], [-77.011814, -12.114998], [-77.011773, -12.114984], [-77.011512, -12.114867], [-77.0113, -12.114758]]}, "properties": {"id": "-24332210#1", "nombre": "Julian Sandoval", "longitud": 117.17, "velocidad_max": 50.0, "num_lanes": 1}}, {"type": "Feature", "id": "-24332223#0", "geometry": {"type": "LineString", "coordinates": [[-77.017496, -12.117066], [-77.017368, -12.117885]]}, "properties": {"id": "-24332223#0", "nombre": "Jirón Víctor Mantilla", "longitud": 91.65, "velocidad_max": 50.0, "num_lanes": 1}}, {"type": "Feature", "id": "-24332223#1", "geometry": {"type": "LineString", "coordinates": [[-77.017648, -12.116214], [-77.017513, -12.116961]]}, "properties": {"id": "-24332223#1", "nombre": "Jirón Víctor Mantilla", "longitud": 83.92, "velocidad_max": 50.0, "num_lanes": 1}}, {"type": "Feature", "id": "-24332223#2", "geometry": {"type": "LineString", "coordinates": [[-77.017754, -12.115491], [-77.017665, -12.116109]]}, "properties": {"id": "-24332223#2", "nombre": "Jirón Víctor Mantilla", "longitud": 69.09, "velocidad_max": 50.0, "num_lanes": 1}}, {"type": "Feature", "id": "-24332223#3", "geometry": {"type": "LineString", "coordinates": [[-77.017852, -12.114778], [-77.017769, -12.115386]]}, "properties": {"id": "-24332223#3", "nombre": "Jirón Víctor Mantilla", "longitud": 67.94, "velocidad_max": 50.0, "num_lanes": 1}}, {"type": "Feature", "id": "-24332224#2", "geometry": {"type": "LineString", "coordinates": [[-77.015268, -12.118085], [-77.015392, -12.117854], [-77.015421, -12.117477], [-77.015458, -12.116952], [-77.015518, -12.116258]]}, "properties": {"id": "-24332224#2", "nombre": "Gómez del Carpio", "longitud": 206.02, "velocidad_max": 30.0, "num_lanes": 1}}, {"type": "Feature", "id": "-24332226#2", "geometry": {"type": "LineString", "coordinates": [[-77.014331, -12.117557], [-77.01442, -12.117383], [-77.014427, -12.117303], [-77.014497, -12.116516], [-77.01452, -12.116187]]}, "properties": {"id": "-24332226#2", "nombre": "Calle Felipe Durand", "longitud": 154.26, "velocidad_max": 50.0, "num_lanes": 1}}, {"type": "Feature", "id": "-24332263#3", "geometry": {"type": "LineString", "coordinates": [[-77.014962, -12.113627], [-77.015396, -12.113654], [-77.015607, -12.113665], [-77.015836, -12.113681], [-77.016203, -12.113701]]}, "properties": {"id": "-24332263#3", "nombre": "San Carlos", "longitud": 135.44, "velocidad_max": 50.0, "num_lanes": 1}}, {"type": "Feature", "id": "-24332322#0", "geometry": {"type": "LineString", "coordinates": [[-77.017403, -12.108335], [-77.017397, -12.108462]]}, "properties": {"id": "-24332322#0", "nombre": "Calle San Lorenzo", "longitud": 14.16, "velocidad_max": 50.0, "num_lanes": 1}}, {"type": "Feature", "id": "-24332322#1", "geometry": {"type": "LineString", "coordinates": [[-77.017422, -12.1079], [-77.017412, -12.10814]]}, "properties": {"id": "-24332322#1", "nombre": "Calle San Lorenzo", "longitud": 26.49, "velocidad_max": 50.0, "num_lanes": 1}}, {"type": "Feature", "id": "-24332322#2", "geometry": {"type": "LineString", "coordinates": [[-77.017033, -12.106502], [-77.017159, -12.106621], [-77.017277, -12.106748], [-77.017373, -12.106903], [-77.017429, -12.107086], [-77.017445, -12.107322], [-77.017427, -12.10777]]}, "properties": {"id": "-24332322#2", "nombre": "Calle San Lorenzo", "longitud": 155.11, "velocidad_max": 50.0, "num_lanes": 1}}, {"type": "Feature", "id": "-24332443#1", "geometry": {"type": "LineString", "coordinates": [[-77.024165, -12.107349], [-77.024167, -12.107358], [-77.024192, -12.107464], [-77.024232, -12.107631], [-77.024237, -12.107654]]}, "properties": {"id": "-24332443#1", "nombre": "Avenida General Recavarren", "longitud": 34.65, "velocidad_max": 40.0, "num_lanes": 1}}, {"type": "Feature", "id": "-24332443#5", "geometry": {"type": "LineString", "coordinates": [[-77.023767, -12.105669], [-77.023866, -12.10609], [-77.024033, -12.106793], [-77.024038, -12.106814], [-77.024079, -12.106988], [-77.024125, -12.107182], [-77.024134, -12.10722]]}, "properties": {"id": "-24332443#5", "nombre": "Avenida General Recavarren", "longitud": 176.21, "velocidad_max": 40.0, "num_lanes": 1}}, {"type": "Feature", "id": "-24332443#6", "geometry": {"type": "LineString", "coordinates": [[-77.023654, -12.105193], [-77.023736, -12.105541]]}, "properties": {"id": "-24332443#6", "nombre": "Avenida General Recavarren", "longitud": 39.45, "velocidad_max": 40.0, "num_lanes": 1}}, {"type": "Feature", "id": "-24332443#7", "geometry": {"type": "LineString", "coordinates": [[-77.023374, -12.10401], [-77.023421, -12.104211], [-77.023624, -12.105065]]}, "properties": {"id": "-24332443#7", "nombre": "Avenida General Recavarren", "longitud": 119.78, "velocidad_max": 40.0, "num_lanes": 1}}, {"type": "Feature", "id": "-24332465#1", "geometry": {"type": "LineString", "coordinates": [[-77.021174, -12.101484], [-77.021175, -12.101489], [-77.021186, -12.10156], [-77.021193, -12.101622], [-77.021189, -12.101694], [-77.021154, -12.102068]]}, "properties": {"id": "-24332465#1", "nombre": "Calle Las Perdices", "longitud": 64.95, "velocidad_max": 40.0, "num_lanes": 1}}, {"type": "Feature", "id": "-24332465#3", "geometry": {"type": "LineString", "coordinates": [[-77.020575, -12.100469], [-77.021037, -12.101167]]}, "properties": {"id": "-24332465#3", "nombre": "Calle Las Perdices", "longitud": 92.12, "velocidad_max": 40.0, "num_lanes": 1}}, {"type": "Feature", "id": "-24332465#5", "geometry": {"type": "LineString", "coordinates": [[-77.020495, -12.099958], [-77.0205, -12.10014], [-77.020538, -12.100347]]}, "properties": {"id": "-24332465#5", "nombre": "Calle Las Perdices", "longitud": 43.37, "velocidad_max": 40.0, "num_lanes": 1}}, {"type": "Feature", "id": "-24332465#6", "geometry": {"type": "LineString", "coordinates": [[-77.020644, -12.099438], [-77.020506, -12.099789]]}, "properties": {"id": "-24332465#6", "nombre": "Calle Las Perdices", "longitud": 41.58, "velocidad_max": 40.0, "num_lanes": 1}}, {"type": "Feature", "id": "-24332466#4", "geometry": {"type": "LineString", "coordinates": [[-77.020895, -12.105097], [-77.021679, -12.105384], [-77.021834, -12.105441], [-77.022439, -12.105663], [-77.022531, -12.105697], [-77.02291, -12.105837]]}, "properties": {"id": "-24332466#4", "nombre": "Calle Los Negocios", "longitud": 234.17, "velocidad_max": 30.0, "num_lanes": 1}}, {"type": "Feature", "id": "-24332466#8", "geometry": {"type": "LineString", "coordinates": [[-77.018831, -12.104337], [-77.019555, -12.104603], [-77.019607, -12.104622], [-77.020582, -12.104981], [-77.020661, -12.105009], [-77.02077, -12.10505]]}, "properties": {"id": "-24332466#8", "nombre": "Calle Los Negocios", "longitud": 225.35, "velocidad_max": 30.0, "num_lanes": 1}}, {"type": "Feature", "id": "-24332559#1", "geometry": {"type": "LineString", "coordinates": [[-77.024914, -12.104379], [-77.02533, -12.105075], [-77.02536, -12.105118]]}, "properties": {"id": "-24332559#1", "nombre": "Calle Las Palomas", "longitud": 95.1, "velocidad_max": 30.0, "num_lanes": 1}}, {"type": "Feature", "id": "-24332559#3", "geometry": {"type": "LineString", "coordinates": [[-77.024406, -12.10367], [-77.024472, -12.103741], [-77.024584, -12.103874], [-77.024677, -12.104003], [-77.024811, -12.104209]]}, "properties": {"id": "-24332559#3", "nombre": "Calle Las Palomas", "longitud": 74.37, "velocidad_max": 30.0, "num_lanes": 1}}, {"type": "Feature", "id": "-24332559#5", "geometry": {"type": "LineString", "coordinates": [[-77.02393, -12.103286], [-77.023941, -12.103293], [-77.024072, -12.103384], [-77.024173, -12.103459], [-77.024353, -12.103618]]}, "properties": {"id": "-24332559#5", "nombre": "Calle Las Palomas", "longitud": 58.94, "velocidad_max": 30.0, "num_lanes": 1}}, {"type": "Feature", "id": "-24332559#7", "geometry": {"type": "LineString", "coordinates": [[-77.023473, -12.102571], [-77.023473, -12.102575], [-77.023471, -12.10268], [-77.023481, -12.102801], [-77.023545, -12.10297], [-77.023606, -12.103062], [-77.023638, -12.103101], [-77.023688, -12.10314], [-77.023829, -12.103226]]}, "properties": {"id": "-24332559#7", "nombre": "Calle Las Palomas", "longitud": 88.13, "velocidad_max": 30.0, "num_lanes": 1}}, {"type": "Feature", "id": "-24332584", "geometry": {"type": "LineString", "coordinates": [[-77.026823, -12.10627], [-77.026237, -12.106112]]}, "properties": {"id": "-24332584", "nombre": "Calle Los Canarios", "longitud": 66.18, "velocidad_max": 50.0, "num_lanes": 1}}, {"type": "Feature", "id": "-24332585", "geometry": {"type": "LineString", "coordinates": [[-77.026961, -12.105788], [-77.026355, -12.105662]]}, "properties": {"id": "-24332585", "nombre": "Calle Los Gorriones", "longitud": 67.47, "velocidad_max": 50.0, "num_lanes": 1}}, {"type": "Feature", "id": "-24332601", "geometry": {"type": "LineString", "coordinates": [[-77.025599, -12.105137], [-77.025545, -12.105139], [-77.025503, -12.105143], [-77.025459, -12.105154], [-77.02544, -12.10516]]}, "properties": {"id": "-24332601", "nombre": "Calle Los Fiaisanes", "longitud": 17.58, "velocidad_max": 50.0, "num_lanes": 1}}, {"type": "Feature", "id": "-24332614#0", "geometry": {"type": "LineString", "coordinates": [[-77.024086, -12.104916], [-77.023699, -12.105118]]}, "properties": {"id": "-24332614#0", "nombre": "Los Quetzales", "longitud": 47.67, "velocidad_max": 30.0, "num_lanes": 1}}, {"type": "Feature", "id": "-24332614#1", "geometry": {"type": "LineString", "coordinates": [[-77.024332, -12.104802], [-77.024326, -12.104802], [-77.024203, -12.104859]]}, "properties": {"id": "-24332614#1", "nombre": "Los Quetzales", "longitud": 15.48, "velocidad_max": 30.0, "num_lanes": 1}}, {"type": "Feature", "id": "-24332616", "geometry": {"type": "LineString", "coordinates": [[-77.023575, -12.103857], [-77.023576, -12.103857], [-77.024119, -12.104808]]}, "properties": {"id": "-24332616", "nombre": "Los Guacamayos", "longitud": 120.79, "velocidad_max": 30.0, "num_lanes": 1}}, {"type": "Feature", "id": "-24332662", "geometry": {"type": "LineString", "coordinates": [[-77.025034, -12.101077], [-77.024973, -12.101101], [-77.024893, -12.101119], [-77.024793, -12.101115], [-77.023893, -12.10101]]}, "properties": {"id": "-24332662", "nombre": "Calle Los Gorriones", "longitud": 125.72, "velocidad_max": 40.0, "num_lanes": 1}}, {"type": "Feature", "id": "-24332664", "geometry": {"type": "LineString", "coordinates": [[-77.025319, -12.101872], [-77.023595, -12.101694]]}, "properties": {"id": "-24332664", "nombre": "Calle Los Alcatraces", "longitud": 188.77, "velocidad_max": 40.0, "num_lanes": 1}}, {"type": "Feature", "id": "-24332692#0", "geometry": {"type": "LineString", "coordinates": [[-77.020172, -12.101311], [-77.019941, -12.101287]]}, "properties": {"id": "-24332692#0", "nombre": "Los Colibríes", "longitud": 25.22, "velocidad_max": 30.0, "num_lanes": 1}}, {"type": "Feature", "id": "-24332692#1", "geometry": {"type": "LineString", "coordinates": [[-77.02095, -12.101418], [-77.020321, -12.101328]]}, "properties": {"id": "-24332692#1", "nombre": "Los Colibríes", "longitud": 69.18, "velocidad_max": 30.0, "num_lanes": 1}}, {"type": "Feature", "id": "-24332695#1", "geometry": {"type": "LineString", "coordinates": [[-77.021611, -12.10096], [-77.021157, -12.101193]]}, "properties": {"id": "-24332695#1", "nombre": "Los Tucanes", "longitud": 55.73, "velocidad_max": 40.0, "num_lanes": 1}}, {"type": "Feature", "id": "-24332695#4", "geometry": {"type": "LineString", "coordinates": [[-77.021714, -12.099356], [-77.021756, -12.099507], [-77.021805, -12.099764], [-77.021838, -12.099976], [-77.021845, -12.100108], [-77.021838, -12.100363], [-77.021819, -12.100742], [-77.021812, -12.100807], [-77.021798, -12.100836], [-77.021775, -12.100862], [-77.021728, -12.100892]]}, "properties": {"id": "-24332695#4", "nombre": "Los Tucanes", "longitud": 175.48, "velocidad_max": 40.0, "num_lanes": 1}}, {"type": "Feature", "id": "-24332695#5", "geometry": {"type": "LineString", "coordinates": [[-77.021544, -12.098896], [-77.021643, -12.099148], [-77.02166, -12.099196]]}, "properties": {"id": "-24332695#5", "nombre": "Los Tucanes", "longitud": 35.49, "velocidad_max": 40.0, "num_lanes": 1}}, {"type": "Feature", "id": "-24332707", "geometry": {"type": "LineString", "coordinates": [[-77.020204, -12.101234], [-77.020032, -12.100994]]}, "properties": {"id": "-24332707", "nombre": "Los Colibríes", "longitud": 32.42, "velocidad_max": 30.0, "num_lanes": 1}}, {"type": "Feature", "id": "-24332726#1", "geometry": {"type": "LineString", "coordinates": [[-77.021709, -12.100966], [-77.021713, -12.100973], [-77.021767, -12.101074], [-77.021832, -12.101243], [-77.021891, -12.101425], [-77.021913, -12.10149], [-77.021926, -12.101549], [-77.021934, -12.101618], [-77.02194, -12.10169], [-77.021942, -12.101777], [-77.021937, -12.10188], [-77.021913, -12.10215]]}, "properties": {"id": "-24332726#1", "nombre": "Las Golondrinas", "longitud": 135.64, "velocidad_max": 40.0, "num_lanes": 1}}, {"type": "Feature", "id": "-24332726#3", "geometry": {"type": "LineString", "coordinates": [[-77.021351, -12.09938], [-77.021225, -12.099733], [-77.021181, -12.099926], [-77.021177, -12.100068], [-77.021201, -12.100146], [-77.021245, -12.10025], [-77.02164, -12.100851]]}, "properties": {"id": "-24332726#3", "nombre": "Las Golondrinas", "longitud": 179.58, "velocidad_max": 40.0, "num_lanes": 1}}, {"type": "Feature", "id": "-24332726#4", "geometry": {"type": "LineString", "coordinates": [[-77.021474, -12.098914], [-77.021472, -12.098992], [-77.021466, -12.099036], [-77.021457, -12.099077], [-77.021422, -12.099191], [-77.021415, -12.099209]]}, "properties": {"id": "-24332726#4", "nombre": "Las Golondrinas", "longitud": 33.44, "velocidad_max": 40.0, "num_lanes": 1}}, {"type": "Feature", "id": "-24332726#5", "geometry": {"type": "LineString", "coordinates": [[-77.021394, -12.098377], [-77.021469, -12.09869]]}, "properties": {"id": "-24332726#5", "nombre": "Las Golondrinas", "longitud": 35.58, "velocidad_max": 40.0, "num_lanes": 1}}, {"type": "Feature", "id": "-24332726#6", "geometry": {"type": "LineString", "coordinates": [[-77.021343, -12.098143], [-77.021361, -12.098225]]}, "properties": {"id": "-24332726#6", "nombre": "Las Golondrinas", "longitud": 9.32, "velocidad_max": 40.0, "num_lanes": 1}}, {"type": "Feature", "id": "-24332726#8", "geometry": {"type": "LineString", "coordinates": [[-77.021212, -12.097458], [-77.021261, -12.097909]]}, "properties": {"id": "-24332726#8", "nombre": "Las Golondrinas", "longitud": 50.18, "velocidad_max": 40.0, "num_lanes": 1}}, {"type": "Feature", "id": "-254905887#1", "geometry": {"type": "LineString", "coordinates": [[-77.052094, -12.059569], [-77.052106, -12.05983], [-77.052115, -12.060094]]}, "properties": {"id": "-254905887#1", "nombre": "Jirón Huancabamba", "longitud": 58.22, "velocidad_max": 30.0, "num_lanes": 1}}, {"type": "Feature", "id": "-254905888#1", "geometry": {"type": "LineString", "coordinates": [[-77.051724, -12.059001], [-77.051921, -12.059231], [-77.052042, -12.059372], [-77.052067, -12.059412], [-77.052083, -12.059469]]}, "properties": {"id": "-254905888#1", "nombre": "Jirón Huancabamba", "longitud": 65.43, "velocidad_max": 30.0, "num_lanes": 1}}, {"type": "Feature", "id": "-254905888#6", "geometry": {"type": "LineString", "coordinates": [[-77.050502, -12.057593], [-77.051123, -12.058308], [-77.051273, -12.058481], [-77.051284, -12.058493], [-77.051406, -12.058634], [-77.051658, -12.058923]]}, "properties": {"id": "-254905888#6", "nombre": "Jirón Huancabamba", "longitud": 193.61, "velocidad_max": 30.0, "num_lanes": 1}}, {"type": "Feature", "id": "-254905889#0", "geometry": {"type": "LineString", "coordinates": [[-77.044004, -12.069991], [-77.044067, -12.069903], [-77.044154, -12.069797], [-77.044247, -12.069686], [-77.044351, -12.069585], [-77.044352, -12.069583]]}, "properties": {"id": "-254905889#0", "nombre": "Jirón Nazca", "longitud": 59.06, "velocidad_max": 40.0, "num_lanes": 1}}, {"type": "Feature", "id": "-254905889#1", "geometry": {"type": "LineString", "coordinates": [[-77.043647, -12.070607], [-77.043726, -12.070449], [-77.043777, -12.070352], [-77.043793, -12.070323], [-77.043865, -12.070192], [-77.043934, -12.070092], [-77.043955, -12.070061]]}, "properties": {"id": "-254905889#1", "nombre": "Jirón Nazca", "longitud": 69.18, "velocidad_max": 40.0, "num_lanes": 1}}, {"type": "Feature", "id": "-254945499#3", "geometry": {"type": "LineString", "coordinates": [[-77.028672, -12.042683], [-77.0288, -12.042685], [-77.028952, -12.042687], [-77.029484, -12.042693], [-77.029544, -12.042693]]}, "properties": {"id": "-254945499#3", "nombre": "Jirón Loreto", "longitud": 94.94, "velocidad_max": 20.0, "num_lanes": 1}}, {"type": "Feature", "id": "-254945500#0", "geometry": {"type": "LineString", "coordinates": [[-77.013908, -12.052471], [-77.013957, -12.052425], [-77.013988, -12.052384], [-77.013998, -12.052361]]}, "properties": {"id": "-254945500#0", "nombre": "Jirón Junín", "longitud": 15.88, "velocidad_max": 40.0, "num_lanes": 1}}, {"type": "Feature", "id": "-254945500#1", "geometry": {"type": "LineString", "coordinates": [[-77.013146, -12.053025], [-77.013274, -12.05294], [-77.013845, -12.052523]]}, "properties": {"id": "-254945500#1", "nombre": "Jirón Junín", "longitud": 94.17, "velocidad_max": 40.0, "num_lanes": 1}}, {"type": "Feature", "id": "-260550476", "geometry": {"type": "LineString", "coordinates": [[-77.035978, -12.093664], [-77.036103, -12.092805]]}, "properties": {"id": "-260550476", "nombre": "Calle Los Fresnos", "longitud": 96.1, "velocidad_max": 30.0, "num_lanes": 1}}, {"type": "Feature", "id": "-267124497#0", "geometry": {"type": "LineString", "coordinates": [[-77.06214, -12.092001], [-77.062028, -12.091751], [-77.062026, -12.091721], [-77.062045, -12.091699], [-77.062073, -12.091694], [-77.062095, -12.091705], [-77.062156, -12.091779]]}, "properties": {"id": "-267124497#0", "nombre": "-267124497#0", "longitud": 53.11, "velocidad_max": 10.0, "num_lanes": 1}}, {"type": "Feature", "id": "-267124497#1", "geometry": {"type": "LineString", "coordinates": [[-77.062241, -12.091879], [-77.062285, -12.091929], [-77.062302, -12.091969], [-77.062286, -12.092009], [-77.062212, -12.092039], [-77.06217, -12.092038], [-77.062147, -12.092012]]}, "properties": {"id": "-267124497#1", "nombre": "-267124497#1", "longitud": 33.94, "velocidad_max": 10.0, "num_lanes": 1}}, {"type": "Feature", "id": "-268146910", "geometry": {"type": "LineString", "coordinates": [[-77.041366, -12.114371], [-77.040583, -12.113636]]}, "properties": {"id": "-268146910", "nombre": "Calle Retiro", "longitud": 117.77, "velocidad_max": 30.0, "num_lanes": 1}}, {"type": "Feature", "id": "-27898380", "geometry": {"type": "LineString", "coordinates": [[-77.042649, -12.044959], [-77.042099, -12.044921], [-77.04205, -12.04492], [-77.042032, -12.044925]]}, "properties": {"id": "-27898380", "nombre": "Avenida Guillermo Dansey", "longitud": 67.42, "velocidad_max": 30.0, "num_lanes": 1}}, {"type": "Feature", "id": "-279259664#1", "geometry": {"type": "LineString", "coordinates": [[-77.046519, -12.111222], [-77.0469, -12.111586], [-77.047024, -12.111705], [-77.047068, -12.111747], [-77.047094, -12.111771]]}, "properties": {"id": "-279259664#1", "nombre": "Avenida Federico Villarreal", "longitud": 87.29, "velocidad_max": 40.0, "num_lanes": 1}}, {"type": "Feature", "id": "-279652515#1", "geometry": {"type": "LineString", "coordinates": [[-77.059177, -12.040189], [-77.059173, -12.040234], [-77.059148, -12.040485]]}, "properties": {"id": "-279652515#1", "nombre": "Fernando Wiesse", "longitud": 32.92, "velocidad_max": 50.0, "num_lanes": 1}}, {"type": "Feature", "id": "-279652515#2", "geometry": {"type": "LineString", "coordinates": [[-77.059265, -12.039495], [-77.059239, -12.039573], [-77.059214, -12.039828], [-77.059191, -12.040057]]}, "properties": {"id": "-279652515#2", "nombre": "Fernando Wiesse", "longitud": 62.97, "velocidad_max": 50.0, "num_lanes": 1}}, {"type": "Feature", "id": "-279652524#1", "geometry": {"type": "LineString", "coordinates": [[-77.068438, -12.042253], [-77.068407, -12.04225], [-77.067897, -12.042207]]}, "properties": {"id": "-279652524#1", "nombre": "Las Herramientas", "longitud": 59.17, "velocidad_max": 50.0, "num_lanes": 1}}, {"type": "Feature", "id": "-279652524#2", "geometry": {"type": "LineString", "coordinates": [[-77.06913, -12.042311], [-77.06857, -12.042264]]}, "properties": {"id": "-279652524#2", "nombre": "Las Herramientas", "longitud": 61.21, "velocidad_max": 50.0, "num_lanes": 1}}, {"type": "Feature", "id": "-279652524#3", "geometry": {"type": "LineString", "coordinates": [[-77.069777, -12.042367], [-77.069262, -12.042322]]}, "properties": {"id": "-279652524#3", "nombre": "Las Herramientas", "longitud": 56.35, "velocidad_max": 50.0, "num_lanes": 1}}, {"type": "Feature", "id": "-279653485#0", "geometry": {"type": "LineString", "coordinates": [[-77.044364, -12.088596], [-77.044467, -12.087867], [-77.044468, -12.087854]]}, "properties": {"id": "-279653485#0", "nombre": "Jirón Sinchi Roca", "longitud": 82.87, "velocidad_max": 40.0, "num_lanes": 1}}, {"type": "Feature", "id": "-279653485#2", "geometry": {"type": "LineString", "coordinates": [[-77.044219, -12.089551], [-77.044264, -12.08926], [-77.044346, -12.088724]]}, "properties": {"id": "-279653485#2", "nombre": "Jirón Sinchi Roca", "longitud": 92.56, "velocidad_max": 40.0, "num_lanes": 1}}, {"type": "Feature", "id": "-279665624#0", "geometry": {"type": "LineString", "coordinates": [[-77.044439, -12.043801], [-77.044439, -12.0438]]}, "properties": {"id": "-279665624#0", "nombre": "Jirón Huarochirí", "longitud": 0.2, "velocidad_max": 30.0, "num_lanes": 2}}, {"type": "Feature", "id": "-279665624#2", "geometry": {"type": "LineString", "coordinates": [[-77.044305, -12.045036], [-77.044387, -12.044214], [-77.044428, -12.043901], [-77.044428, -12.043896]]}, "properties": {"id": "-279665624#2", "nombre": "Jirón Huarochirí", "longitud": 126.88, "velocidad_max": 30.0, "num_lanes": 2}}, {"type": "Feature", "id": "-279843604", "geometry": {"type": "LineString", "coordinates": [[-77.037576, -12.046272], [-77.037575, -12.046273]]}, "properties": {"id": "-279843604", "nombre": "Avenida Emancipación", "longitud": 0.2, "velocidad_max": 100.0, "num_lanes": 1}}, {"type": "Feature", "id": "-280875664#2", "geometry": {"type": "LineString", "coordinates": [[-77.013655, -12.057626], [-77.013542, -12.057483], [-77.013512, -12.057445], [-77.013276, -12.057149]]}, "properties": {"id": "-280875664#2", "nombre": "Jirón Antonio Raimondi", "longitud": 67.01, "velocidad_max": 40.0, "num_lanes": 1}}, {"type": "Feature", "id": "-280875664#4", "geometry": {"type": "LineString", "coordinates": [[-77.013979, -12.057959], [-77.013921, -12.057939], [-77.01374, -12.057728]]}, "properties": {"id": "-280875664#4", "nombre": "Jirón Antonio Raimondi", "longitud": 37.32, "velocidad_max": 40.0, "num_lanes": 1}}, {"type": "Feature", "id": "-28316972#0", "geometry": {"type": "LineString", "coordinates": [[-77.045742, -12.043926], [-77.045742, -12.043924]]}, "properties": {"id": "-28316972#0", "nombre": "Jirón Ascope", "longitud": 0.2, "velocidad_max": 30.0, "num_lanes": 1}}, {"type": "Feature", "id": "-28316972#1", "geometry": {"type": "LineString", "coordinates": [[-77.045622, -12.045168], [-77.045732, -12.044025]]}, "properties": {"id": "-28316972#1", "nombre": "Jirón Ascope", "longitud": 127.02, "velocidad_max": 30.0, "num_lanes": 1}}, {"type": "Feature", "id": "-284931482#0", "geometry": {"type": "LineString", "coordinates": [[-77.01298, -12.068203], [-77.0122, -12.068104], [-77.012193, -12.068103]]}, "properties": {"id": "-284931482#0", "nombre": "Avenida Isabel La Católica", "longitud": 86.37, "velocidad_max": 30.0, "num_lanes": 1}}, {"type": "Feature", "id": "-284931482#1", "geometry": {"type": "LineString", "coordinates": [[-77.013855, -12.068315], [-77.013111, -12.06822]]}, "properties": {"id": "-284931482#1", "nombre": "Avenida Isabel La Católica", "longitud": 81.68, "velocidad_max": 30.0, "num_lanes": 1}}, {"type": "Feature", "id": "-285034103#1", "geometry": {"type": "LineString", "coordinates": [[-77.010357, -12.060753], [-77.010758, -12.060807], [-77.011087, -12.060851]]}, "properties": {"id": "-285034103#1", "nombre": "Avenida 28 de Julio", "longitud": 80.24, "velocidad_max": 40.0, "num_lanes": 1}}, {"type": "Feature", "id": "-291070365#1", "geometry": {"type": "LineString", "coordinates": [[-77.02662, -12.077629], [-77.026638, -12.077578], [-77.026666, -12.077501]]}, "properties": {"id": "-291070365#1", "nombre": "-291070365#1", "longitud": 15.06, "velocidad_max": 50.0, "num_lanes": 1}}, {"type": "Feature", "id": "-295032383#0", "geometry": {"type": "LineString", "coordinates": [[-77.014495, -12.067277], [-77.014673, -12.0673], [-77.014676, -12.0673]]}, "properties": {"id": "-295032383#0", "nombre": "Jirón San Cristóbal", "longitud": 19.86, "velocidad_max": 50.0, "num_lanes": 1}}, {"type": "Feature", "id": "-295032383#1", "geometry": {"type": "LineString", "coordinates": [[-77.014138, -12.067232], [-77.014364, -12.067261]]}, "properties": {"id": "-295032383#1", "nombre": "Jirón San Cristóbal", "longitud": 24.8, "velocidad_max": 50.0, "num_lanes": 1}}, {"type": "Feature", "id": "-295032383#2", "geometry": {"type": "LineString", "coordinates": [[-77.013258, -12.06712], [-77.014006, -12.067215]]}, "properties": {"id": "-295032383#2", "nombre": "Jirón San Cristóbal", "longitud": 82.13, "velocidad_max": 50.0, "num_lanes": 1}}, {"type": "Feature", "id": "-295032386", "geometry": {"type": "LineString", "coordinates": [[-77.012066, -12.066968], [-77.012218, -12.066987]]}, "properties": {"id": "-295032386", "nombre": "Jirón San Cristóbal", "longitud": 16.67, "velocidad_max": 30.0, "num_lanes": 1}}, {"type": "Feature", "id": "-295032387", "geometry": {"type": "LineString", "coordinates": [[-77.014421, -12.067217], [-77.014488, -12.066718]]}, "properties": {"id": "-295032387", "nombre": "Pasaje Sebastián Barranca", "longitud": 55.69, "velocidad_max": 50.0, "num_lanes": 1}}, {"type": "Feature", "id": "-295033302", "geometry": {"type": "LineString", "coordinates": [[-77.013699, -12.069405], [-77.012965, -12.069315]]}, "properties": {"id": "-295033302", "nombre": "Jirón Italia", "longitud": 80.59, "velocidad_max": 30.0, "num_lanes": 1}}, {"type": "Feature", "id": "-295033304#0", "geometry": {"type": "LineString", "coordinates": [[-77.013681, -12.069969], [-77.013744, -12.069462]]}, "properties": {"id": "-295033304#0", "nombre": "Jirón Antonio Bazo", "longitud": 56.52, "velocidad_max": 30.0, "num_lanes": 1}}, {"type": "Feature", "id": "-295033304#4", "geometry": {"type": "LineString", "coordinates": [[-77.013484, -12.071577], [-77.013559, -12.070967], [-77.013598, -12.070648], [-77.01362, -12.070464], [-77.013672, -12.070048]]}, "properties": {"id": "-295033304#4", "nombre": "Jirón Antonio Bazo", "longitud": 170.41, "velocidad_max": 30.0, "num_lanes": 1}}, {"type": "Feature", "id": "-295034188#1", "geometry": {"type": "LineString", "coordinates": [[-77.0144, -12.06532], [-77.014662, -12.065355], [-77.014938, -12.06539]]}, "properties": {"id": "-295034188#1", "nombre": "Jirón Hipólito Unánue", "longitud": 59.03, "velocidad_max": 50.0, "num_lanes": 1}}, {"type": "Feature", "id": "-295034188#2", "geometry": {"type": "LineString", "coordinates": [[-77.013514, -12.065205], [-77.014269, -12.065303]]}, "properties": {"id": "-295034188#2", "nombre": "Jirón Hipólito Unánue", "longitud": 82.9, "velocidad_max": 50.0, "num_lanes": 1}}, {"type": "Feature", "id": "-295296656#1", "geometry": {"type": "LineString", "coordinates": [[-77.034784, -12.067991], [-77.034809, -12.067994], [-77.03521, -12.068049], [-77.035663, -12.068117]]}, "properties": {"id": "-295296656#1", "nombre": "Jirón Coronel Pascual Saco Oliveros", "longitud": 96.73, "velocidad_max": 30.0, "num_lanes": 1}}, {"type": "Feature", "id": "-298349416", "geometry": {"type": "LineString", "coordinates": [[-77.034609, -12.069001], [-77.034808, -12.069025], [-77.034813, -12.069026], [-77.034811, -12.069027], [-77.034856, -12.06875], [-77.03486, -12.068754], [-77.034668, -12.068725]]}, "properties": {"id": "-298349416", "nombre": "-298349416", "longitud": 75.31, "velocidad_max": 10.0, "num_lanes": 1}}, {"type": "Feature", "id": "-304547413", "geometry": {"type": "LineString", "coordinates": [[-77.029789, -12.043792], [-77.029786, -12.043777]]}, "properties": {"id": "-304547413", "nombre": "Jirón de la Unión", "longitud": 1.74, "velocidad_max": 10.0, "num_lanes": 1}}, {"type": "Feature", "id": "-304547414", "geometry": {"type": "LineString", "coordinates": [[-77.029785, -12.043774], [-77.02961, -12.04277]]}, "properties": {"id": "-304547414", "nombre": "Puente de Piedra", "longitud": 112.68, "velocidad_max": 10.0, "num_lanes": 1}}, {"type": "Feature", "id": "-313778846#1", "geometry": {"type": "LineString", "coordinates": [[-77.066881, -12.081035], [-77.066529, -12.081181]]}, "properties": {"id": "-313778846#1", "nombre": "Jirón Cabo Nicolás Gutarra", "longitud": 41.6, "velocidad_max": 50.0, "num_lanes": 1}}, {"type": "Feature", "id": "-313778846#3", "geometry": {"type": "LineString", "coordinates": [[-77.067289, -12.080868], [-77.066976, -12.080996]]}, "properties": {"id": "-313778846#3", "nombre": "Jirón Cabo Nicolás Gutarra", "longitud": 36.92, "velocidad_max": 50.0, "num_lanes": 1}}, {"type": "Feature", "id": "-313778846#4", "geometry": {"type": "LineString", "coordinates": [[-77.068277, -12.080374], [-77.068235, -12.08042], [-77.068162, -12.080484], [-77.068076, -12.080534], [-77.067992, -12.080575], [-77.067412, -12.080817]]}, "properties": {"id": "-313778846#4", "nombre": "Jirón Cabo Nicolás Gutarra", "longitud": 107.24, "velocidad_max": 50.0, "num_lanes": 1}}, {"type": "Feature", "id": "-314142889#1", "geometry": {"type": "LineString", "coordinates": [[-77.04706, -12.044153], [-77.047007, -12.044656], [-77.046946, -12.045229], [-77.046939, -12.045293]]}, "properties": {"id": "-314142889#1", "nombre": "Avenida Pacasmayo", "longitud": 126.78, "velocidad_max": 30.0, "num_lanes": 1}}, {"type": "Feature", "id": "-314142889#2", "geometry": {"type": "LineString", "coordinates": [[-77.047061, -12.044144], [-77.04706, -12.044153]]}, "properties": {"id": "-314142889#2", "nombre": "Avenida Pacasmayo", "longitud": 1.03, "velocidad_max": 30.0, "num_lanes": 1}}, {"type": "Feature", "id": "-314360431#1", "geometry": {"type": "LineString", "coordinates": [[-77.020512, -12.067553], [-77.020663, -12.066352], [-77.020682, -12.066202]]}, "properties": {"id": "-314360431#1", "nombre": "Jirón Prolongación Cangallo", "longitud": 150.68, "velocidad_max": 30.0, "num_lanes": 1}}, {"type": "Feature", "id": "-314360431#5", "geometry": {"type": "LineString", "coordinates": [[-77.020294, -12.069057], [-77.020295, -12.069049], [-77.020396, -12.068355], [-77.02042, -12.068193], [-77.020443, -12.068032], [-77.020498, -12.067654]]}, "properties": {"id": "-314360431#5", "nombre": "Jirón Prolongación Cangallo", "longitud": 156.82, "velocidad_max": 30.0, "num_lanes": 1}}, {"type": "Feature", "id": "-314771098#4", "geometry": {"type": "LineString", "coordinates": [[-77.030453, -12.071559], [-77.030135, -12.071522], [-77.030023, -12.07151], [-77.029929, -12.071499]]}, "properties": {"id": "-314771098#4", "nombre": "Jirón Italia", "longitud": 57.52, "velocidad_max": 30.0, "num_lanes": 2}}, {"type": "Feature", "id": "-314771098#5", "geometry": {"type": "LineString", "coordinates": [[-77.030739, -12.071592], [-77.030558, -12.071571]]}, "properties": {"id": "-314771098#5", "nombre": "Jirón Italia", "longitud": 19.85, "velocidad_max": 30.0, "num_lanes": 2}}, {"type": "Feature", "id": "-314771099#1", "geometry": {"type": "LineString", "coordinates": [[-77.028947, -12.071379], [-77.028652, -12.071345], [-77.028357, -12.071311]]}, "properties": {"id": "-314771099#1", "nombre": "Jirón Italia", "longitud": 64.67, "velocidad_max": 30.0, "num_lanes": 2}}, {"type": "Feature", "id": "-314771099#4", "geometry": {"type": "LineString", "coordinates": [[-77.029664, -12.071467], [-77.029375, -12.071433], [-77.029278, -12.071421], [-77.02905, -12.071391]]}, "properties": {"id": "-314771099#4", "nombre": "Jirón Italia", "longitud": 67.33, "velocidad_max": 30.0, "num_lanes": 2}}, {"type": "Feature", "id": "-315560297#1", "geometry": {"type": "LineString", "coordinates": [[-77.047189, -12.111863], [-77.047203, -12.111877], [-77.047248, -12.111921], [-77.047689, -12.112348], [-77.047716, -12.112375]]}, "properties": {"id": "-315560297#1", "nombre": "Avenida Federico Villarreal", "longitud": 80.64, "velocidad_max": 40.0, "num_lanes": 1}}, {"type": "Feature", "id": "-316822644#0", "geometry": {"type": "LineString", "coordinates": [[-77.055559, -12.103105], [-77.055411, -12.102405], [-77.055403, -12.102368]]}, "properties": {"id": "-316822644#0", "nombre": "Calle Juan Dellepiani", "longitud": 83.33, "velocidad_max": 30.0, "num_lanes": 1}}, {"type": "Feature", "id": "-316822644#1", "geometry": {"type": "LineString", "coordinates": [[-77.055749, -12.104119], [-77.055726, -12.103996], [-77.055579, -12.103205]]}, "properties": {"id": "-316822644#1", "nombre": "Calle Juan Dellepiani", "longitud": 102.85, "velocidad_max": 30.0, "num_lanes": 1}}, {"type": "Feature", "id": "-316822644#2", "geometry": {"type": "LineString", "coordinates": [[-77.055897, -12.104908], [-77.05581, -12.104448], [-77.05577, -12.104233]]}, "properties": {"id": "-316822644#2", "nombre": "Calle Juan Dellepiani", "longitud": 75.91, "velocidad_max": 30.0, "num_lanes": 1}}, {"type": "Feature", "id": "-316822644#3", "geometry": {"type": "LineString", "coordinates": [[-77.05598, -12.105271], [-77.055918, -12.105006]]}, "properties": {"id": "-316822644#3", "nombre": "Calle Juan Dellepiani", "longitud": 30.1, "velocidad_max": 30.0, "num_lanes": 1}}, {"type": "Feature", "id": "-317133866#0", "geometry": {"type": "LineString", "coordinates": [[-77.009943, -12.070077], [-77.009873, -12.070577]]}, "properties": {"id": "-317133866#0", "nombre": "Jirón 3 de Febrero", "longitud": 55.89, "velocidad_max": 30.0, "num_lanes": 1}}, {"type": "Feature", "id": "-317133866#1", "geometry": {"type": "LineString", "coordinates": [[-77.010015, -12.069554], [-77.009961, -12.069948]]}, "properties": {"id": "-317133866#1", "nombre": "Jirón 3 de Febrero", "longitud": 43.96, "velocidad_max": 30.0, "num_lanes": 1}}, {"type": "Feature", "id": "-317133866#2", "geometry": {"type": "LineString", "coordinates": [[-77.010095, -12.068985], [-77.010033, -12.069425]]}, "properties": {"id": "-317133866#2", "nombre": "Jirón 3 de Febrero", "longitud": 49.1, "velocidad_max": 30.0, "num_lanes": 1}}, {"type": "Feature", "id": "-317133866#3", "geometry": {"type": "LineString", "coordinates": [[-77.010169, -12.06845], [-77.010109, -12.068885]]}, "properties": {"id": "-317133866#3", "nombre": "Jirón 3 de Febrero", "longitud": 48.58, "velocidad_max": 30.0, "num_lanes": 1}}, {"type": "Feature", "id": "-317133866#4", "geometry": {"type": "LineString", "coordinates": [[-77.010245, -12.067905], [-77.010187, -12.06832]]}, "properties": {"id": "-317133866#4", "nombre": "Jirón 3 de Febrero", "longitud": 46.34, "velocidad_max": 30.0, "num_lanes": 1}}, {"type": "Feature", "id": "-318177695", "geometry": {"type": "LineString", "coordinates": [[-77.011844, -12.117489], [-77.011273, -12.11834]]}, "properties": {"id": "-318177695", "nombre": "José A. Lavalle", "longitud": 112.79, "velocidad_max": 50.0, "num_lanes": 1}}, {"type": "Feature", "id": "-319172986#10", "geometry": {"type": "LineString", "coordinates": [[-77.068674, -12.051134], [-77.06855, -12.051122], [-77.068454, -12.051112], [-77.068257, -12.051092], [-77.068203, -12.051087], [-77.067992, -12.051066], [-77.067976, -12.051064]]}, "properties": {"id": "-319172986#10", "nombre": "El Ángel", "longitud": 76.42, "velocidad_max": 10.0, "num_lanes": 1}}, {"type": "Feature", "id": "-319172986#3", "geometry": {"type": "LineString", "coordinates": [[-77.067844, -12.051051], [-77.067372, -12.051004], [-77.067331, -12.051], [-77.067157, -12.050982], [-77.067132, -12.05098]]}, "properties": {"id": "-319172986#3", "nombre": "El Ángel", "longitud": 77.97, "velocidad_max": 10.0, "num_lanes": 1}}, {"type": "Feature", "id": "-319660405#1", "geometry": {"type": "LineString", "coordinates": [[-77.017229, -12.060238], [-77.017632, -12.060293], [-77.018074, -12.060354]]}, "properties": {"id": "-319660405#1", "nombre": "Avenida García Naranjo", "longitud": 92.91, "velocidad_max": 40.0, "num_lanes": 1}}, {"type": "Feature", "id": "-319660405#3", "geometry": {"type": "LineString", "coordinates": [[-77.016186, -12.060124], [-77.016693, -12.060178], [-77.017096, -12.060222]]}, "properties": {"id": "-319660405#3", "nombre": "Avenida García Naranjo", "longitud": 99.67, "velocidad_max": 40.0, "num_lanes": 1}}, {"type": "Feature", "id": "-319660405#4", "geometry": {"type": "LineString", "coordinates": [[-77.016083, -12.060107], [-77.016085, -12.060107]]}, "properties": {"id": "-319660405#4", "nombre": "Avenida García Naranjo", "longitud": 0.2, "velocidad_max": 40.0, "num_lanes": 1}}, {"type": "Feature", "id": "-319671627", "geometry": {"type": "LineString", "coordinates": [[-77.017322, -12.108316], [-77.017298, -12.108342], [-77.017267, -12.10837], [-77.017247, -12.108397], [-77.017233, -12.108429], [-77.017234, -12.108454], [-77.017252, -12.108471], [-77.017295, -12.108477], [-77.017353, -12.108475]]}, "properties": {"id": "-319671627", "nombre": "Calle San Lorenzo", "longitud": 32.65, "velocidad_max": 50.0, "num_lanes": 1}}, {"type": "Feature", "id": "-319672034", "geometry": {"type": "LineString", "coordinates": [[-77.018996, -12.100157], [-77.018493, -12.099945], [-77.018483, -12.099941]]}, "properties": {"id": "-319672034", "nombre": "Zorzales", "longitud": 60.76, "velocidad_max": 50.0, "num_lanes": 1}}, {"type": "Feature", "id": "-320884185#2", "geometry": {"type": "LineString", "coordinates": [[-77.022479, -12.064938], [-77.022511, -12.064679], [-77.022552, -12.064373], [-77.022647, -12.063792]]}, "properties": {"id": "-320884185#2", "nombre": "Jirón Abtao", "longitud": 128.15, "velocidad_max": 40.0, "num_lanes": 1}}, {"type": "Feature", "id": "-320884187#3", "geometry": {"type": "LineString", "coordinates": [[-77.045425, -12.047231], [-77.045466, -12.046777], [-77.045468, -12.046755], [-77.045468, -12.046753]]}, "properties": {"id": "-320884187#3", "nombre": "Jirón Ascope", "longitud": 53.08, "velocidad_max": 30.0, "num_lanes": 1}}, {"type": "Feature", "id": "-320884187#5", "geometry": {"type": "LineString", "coordinates": [[-77.045388, -12.047636], [-77.045408, -12.047414], [-77.045416, -12.04733]]}, "properties": {"id": "-320884187#5", "nombre": "Jirón Ascope", "longitud": 33.98, "velocidad_max": 30.0, "num_lanes": 1}}, {"type": "Feature", "id": "-320884187#7", "geometry": {"type": "LineString", "coordinates": [[-77.045331, -12.048307], [-77.045364, -12.047904]]}, "properties": {"id": "-320884187#7", "nombre": "Jirón Ascope", "longitud": 44.72, "velocidad_max": 30.0, "num_lanes": 1}}, {"type": "Feature", "id": "-320884187#8", "geometry": {"type": "LineString", "coordinates": [[-77.045287, -12.048753], [-77.045319, -12.048437]]}, "properties": {"id": "-320884187#8", "nombre": "Jirón Ascope", "longitud": 35.18, "velocidad_max": 30.0, "num_lanes": 1}}, {"type": "Feature", "id": "-321054781#3", "geometry": {"type": "LineString", "coordinates": [[-77.064935, -12.048734], [-77.064933, -12.048751], [-77.064906, -12.049005], [-77.064884, -12.049236]]}, "properties": {"id": "-321054781#3", "nombre": "Calle Pedro Pascual Farfán", "longitud": 55.9, "velocidad_max": 50.0, "num_lanes": 1}}, {"type": "Feature", "id": "-321070201#0", "geometry": {"type": "LineString", "coordinates": [[-77.053309, -12.072288], [-77.054072, -12.073207]]}, "properties": {"id": "-321070201#0", "nombre": "Jirón Juan Pablo Fernandini", "longitud": 131.32, "velocidad_max": 40.0, "num_lanes": 1}}, {"type": "Feature", "id": "-321070201#2", "geometry": {"type": "LineString", "coordinates": [[-77.053063, -12.07199], [-77.053107, -12.072043], [-77.053244, -12.072208]]}, "properties": {"id": "-321070201#2", "nombre": "Jirón Juan Pablo Fernandini", "longitud": 31.12, "velocidad_max": 40.0, "num_lanes": 1}}, {"type": "Feature", "id": "-321070201#3", "geometry": {"type": "LineString", "coordinates": [[-77.052491, -12.0713], [-77.05298, -12.07189]]}, "properties": {"id": "-321070201#3", "nombre": "Jirón Juan Pablo Fernandini", "longitud": 84.18, "velocidad_max": 40.0, "num_lanes": 1}}, {"type": "Feature", "id": "-321070201#4", "geometry": {"type": "LineString", "coordinates": [[-77.051685, -12.070328], [-77.052407, -12.071199]]}, "properties": {"id": "-321070201#4", "nombre": "Jirón Juan Pablo Fernandini", "longitud": 124.37, "velocidad_max": 40.0, "num_lanes": 1}}, {"type": "Feature", "id": "-321073310#0", "geometry": {"type": "LineString", "coordinates": [[-77.016619, -12.058858], [-77.016617, -12.058858]]}, "properties": {"id": "-321073310#0", "nombre": "Jirón Antonio Raimondi", "longitud": 0.2, "velocidad_max": 40.0, "num_lanes": 1}}, {"type": "Feature", "id": "-321073310#3", "geometry": {"type": "LineString", "coordinates": [[-77.017274, -12.05896], [-77.017123, -12.058938], [-77.016738, -12.058878]]}, "properties": {"id": "-321073310#3", "nombre": "Jirón Antonio Raimondi", "longitud": 59.08, "velocidad_max": 40.0, "num_lanes": 1}}, {"type": "Feature", "id": "-321073310#4", "geometry": {"type": "LineString", "coordinates": [[-77.018241, -12.059081], [-77.017399, -12.058979]]}, "properties": {"id": "-321073310#4", "nombre": "Jirón Antonio Raimondi", "longitud": 92.32, "velocidad_max": 40.0, "num_lanes": 1}}, {"type": "Feature", "id": "-321073310#7", "geometry": {"type": "LineString", "coordinates": [[-77.019215, -12.059194], [-77.018792, -12.059145], [-77.018508, -12.059112], [-77.018373, -12.059096]]}, "properties": {"id": "-321073310#7", "nombre": "Jirón Antonio Raimondi", "longitud": 92.37, "velocidad_max": 40.0, "num_lanes": 1}}, {"type": "Feature", "id": "-321074652#2", "geometry": {"type": "LineString", "coordinates": [[-77.064711, -12.053081], [-77.064431, -12.053178], [-77.064129, -12.053285], [-77.064003, -12.053328]]}, "properties": {"id": "-321074652#2", "nombre": "Avenida Prolongación Arica", "longitud": 81.8, "velocidad_max": 50.0, "num_lanes": 1}}, {"type": "Feature", "id": "-321074652#4", "geometry": {"type": "LineString", "coordinates": [[-77.06518, -12.052918], [-77.064931, -12.053002], [-77.064834, -12.053037]]}, "properties": {"id": "-321074652#4", "nombre": "Avenida Prolongación Arica", "longitud": 39.94, "velocidad_max": 50.0, "num_lanes": 1}}, {"type": "Feature", "id": "-321074652#5", "geometry": {"type": "LineString", "coordinates": [[-77.06574, -12.05273], [-77.065278, -12.052885]]}, "properties": {"id": "-321074652#5", "nombre": "Avenida Prolongación Arica", "longitud": 53.16, "velocidad_max": 50.0, "num_lanes": 1}}, {"type": "Feature", "id": "-321074652#6", "geometry": {"type": "LineString", "coordinates": [[-77.0661, -12.052604], [-77.065865, -12.052686]]}, "properties": {"id": "-321074652#6", "nombre": "Avenida Prolongación Arica", "longitud": 27.17, "velocidad_max": 50.0, "num_lanes": 1}}, {"type": "Feature", "id": "-321074652#7", "geometry": {"type": "LineString", "coordinates": [[-77.066354, -12.052509], [-77.066224, -12.052559]]}, "properties": {"id": "-321074652#7", "nombre": "Avenida Prolongación Arica", "longitud": 15.2, "velocidad_max": 50.0, "num_lanes": 1}}, {"type": "Feature", "id": "-321393952#1", "geometry": {"type": "LineString", "coordinates": [[-77.017812, -12.069914], [-77.017032, -12.069817]]}, "properties": {"id": "-321393952#1", "nombre": "Jirón Italia", "longitud": 85.58, "velocidad_max": 40.0, "num_lanes": 1}}, {"type": "Feature", "id": "-322013810", "geometry": {"type": "LineString", "coordinates": [[-77.040067, -12.050329], [-77.039929, -12.050144]]}, "properties": {"id": "-322013810", "nombre": "Prolongación Tacna", "longitud": 25.33, "velocidad_max": 30.0, "num_lanes": 1}}, {"type": "Feature", "id": "-323231756", "geometry": {"type": "LineString", "coordinates": [[-77.012058, -12.068099], [-77.011935, -12.068081]]}, "properties": {"id": "-323231756", "nombre": "Avenida Isabel La Católica", "longitud": 13.58, "velocidad_max": 30.0, "num_lanes": 2}}, {"type": "Feature", "id": "-324607623#1", "geometry": {"type": "LineString", "coordinates": [[-77.015489, -12.05995], [-77.015506, -12.059955], [-77.015815, -12.060037], [-77.015986, -12.060082]]}, "properties": {"id": "-324607623#1", "nombre": "Avenida García Naranjo", "longitud": 56.16, "velocidad_max": 30.0, "num_lanes": 1}}, {"type": "Feature", "id": "-324607623#11", "geometry": {"type": "LineString", "coordinates": [[-77.013889, -12.059322], [-77.014261, -12.059477], [-77.014308, -12.059497], [-77.014557, -12.0596]]}, "properties": {"id": "-324607623#11", "nombre": "Avenida García Naranjo", "longitud": 78.96, "velocidad_max": 30.0, "num_lanes": 1}}, {"type": "Feature", "id": "-324607623#8", "geometry": {"type": "LineString", "coordinates": [[-77.01468, -12.059648], [-77.014693, -12.059654], [-77.014771, -12.059683], [-77.014846, -12.059711], [-77.014902, -12.059732], [-77.015108, -12.05981], [-77.015183, -12.059839], [-77.015256, -12.059866], [-77.015362, -12.059906]]}, "properties": {"id": "-324607623#8", "nombre": "Avenida García Naranjo", "longitud": 79.55, "velocidad_max": 30.0, "num_lanes": 1}}, {"type": "Feature", "id": "-324607652#1", "geometry": {"type": "LineString", "coordinates": [[-77.013292, -12.060444], [-77.013483, -12.059993], [-77.013741, -12.059391], [-77.013756, -12.059355]]}, "properties": {"id": "-324607652#1", "nombre": "Avenida Aviación", "longitud": 130.62, "velocidad_max": 50.0, "num_lanes": 1}}, {"type": "Feature", "id": "-324607652#2", "geometry": {"type": "LineString", "coordinates": [[-77.013111, -12.060888], [-77.013241, -12.060565]]}, "properties": {"id": "-324607652#2", "nombre": "Avenida Aviación", "longitud": 38.43, "velocidad_max": 50.0, "num_lanes": 1}}, {"type": "Feature", "id": "-324607743#5", "geometry": {"type": "LineString", "coordinates": [[-77.012549, -12.058263], [-77.012716, -12.058459], [-77.01287, -12.058663], [-77.013048, -12.05888], [-77.01319, -12.05905], [-77.013282, -12.059089], [-77.013448, -12.059153], [-77.013472, -12.059163]]}, "properties": {"id": "-324607743#5", "nombre": "Avenida García Naranjo", "longitud": 144.76, "velocidad_max": 30.0, "num_lanes": 1}}, {"type": "Feature", "id": "-324626706#10", "geometry": {"type": "LineString", "coordinates": [[-77.060231, -12.062801], [-77.060091, -12.062374], [-77.060031, -12.06219], [-77.059838, -12.061609]]}, "properties": {"id": "-324626706#10", "nombre": "Juan Manuel del Mar y Bernedo", "longitud": 138.55, "velocidad_max": 40.0, "num_lanes": 1}}, {"type": "Feature", "id": "-324626706#13", "geometry": {"type": "LineString", "coordinates": [[-77.060377, -12.063241], [-77.060376, -12.06324], [-77.060312, -12.063043], [-77.060272, -12.062925]]}, "properties": {"id": "-324626706#13", "nombre": "Juan Manuel del Mar y Bernedo", "longitud": 36.82, "velocidad_max": 40.0, "num_lanes": 1}}, {"type": "Feature", "id": "-324626706#2", "geometry": {"type": "LineString", "coordinates": [[-77.059846, -12.057455], [-77.059982, -12.056782], [-77.060078, -12.056308]]}, "properties": {"id": "-324626706#2", "nombre": "Juan Manuel del Mar y Bernedo", "longitud": 129.44, "velocidad_max": 40.0, "num_lanes": 1}}, {"type": "Feature", "id": "-324626706#3", "geometry": {"type": "LineString", "coordinates": [[-77.059741, -12.057959], [-77.05982, -12.057582]]}, "properties": {"id": "-324626706#3", "nombre": "Juan Manuel del Mar y Bernedo", "longitud": 42.57, "velocidad_max": 40.0, "num_lanes": 1}}, {"type": "Feature", "id": "-324626706#5", "geometry": {"type": "LineString", "coordinates": [[-77.059426, -12.059546], [-77.059715, -12.058087]]}, "properties": {"id": "-324626706#5", "nombre": "Juan Manuel del Mar y Bernedo", "longitud": 164.43, "velocidad_max": 40.0, "num_lanes": 1}}, {"type": "Feature", "id": "-324626706#6", "geometry": {"type": "LineString", "coordinates": [[-77.05949, -12.060567], [-77.05945, -12.060446], [-77.05941, -12.060261], [-77.059382, -12.060066], [-77.059376, -12.059935], [-77.059384, -12.059789], [-77.059403, -12.059673]]}, "properties": {"id": "-324626706#6", "nombre": "Juan Manuel del Mar y Bernedo", "longitud": 100.39, "velocidad_max": 40.0, "num_lanes": 1}}, {"type": "Feature", "id": "-324626706#7", "geometry": {"type": "LineString", "coordinates": [[-77.059806, -12.061513], [-77.059531, -12.06069]]}, "properties": {"id": "-324626706#7", "nombre": "Juan Manuel del Mar y Bernedo", "longitud": 95.86, "velocidad_max": 40.0, "num_lanes": 1}}, {"type": "Feature", "id": "-326467016", "geometry": {"type": "LineString", "coordinates": [[-77.030396, -12.042053], [-77.030376, -12.041735]]}, "properties": {"id": "-326467016", "nombre": "Jirón Paita", "longitud": 35.17, "velocidad_max": 10.0, "num_lanes": 1}}, {"type": "Feature", "id": "-326467017", "geometry": {"type": "LineString", "coordinates": [[-77.030543, -12.04167], [-77.030453, -12.041678]]}, "properties": {"id": "-326467017", "nombre": "Jirón Marañón", "longitud": 9.85, "velocidad_max": 40.0, "num_lanes": 1}}, {"type": "Feature", "id": "-327607918", "geometry": {"type": "LineString", "coordinates": [[-77.021627, -12.09475], [-77.021628, -12.094752]]}, "properties": {"id": "-327607918", "nombre": "Avenida Miguel Seminario", "longitud": 0.2, "velocidad_max": 50.0, "num_lanes": 1}}, {"type": "Feature", "id": "-327651363#0", "geometry": {"type": "LineString", "coordinates": [[-77.030594, -12.041586], [-77.030591, -12.041516]]}, "properties": {"id": "-327651363#0", "nombre": "-327651363#0", "longitud": 7.85, "velocidad_max": 50.0, "num_lanes": 1}}, {"type": "Feature", "id": "-327651363#1", "geometry": {"type": "LineString", "coordinates": [[-77.030596, -12.042093], [-77.030596, -12.041717]]}, "properties": {"id": "-327651363#1", "nombre": "-327651363#1", "longitud": 41.59, "velocidad_max": 50.0, "num_lanes": 1}}, {"type": "Feature", "id": "-328778202#1", "geometry": {"type": "LineString", "coordinates": [[-77.013761, -12.069333], [-77.013827, -12.068859], [-77.013899, -12.068372]]}, "properties": {"id": "-328778202#1", "nombre": "Jirón Antonio Bazo", "longitud": 107.42, "velocidad_max": 30.0, "num_lanes": 1}}, {"type": "Feature", "id": "-328778371", "geometry": {"type": "LineString", "coordinates": [[-77.011925, -12.069204], [-77.011875, -12.069196], [-77.011779, -12.069182]]}, "properties": {"id": "-328778371", "nombre": "Jirón Italia", "longitud": 16.02, "velocidad_max": 50.0, "num_lanes": 2}}, {"type": "Feature", "id": "-329328307", "geometry": {"type": "LineString", "coordinates": [[-77.038036, -12.060031], [-77.038081, -12.060034], [-77.038711, -12.060093], [-77.038855, -12.060101], [-77.03894, -12.060108]]}, "properties": {"id": "-329328307", "nombre": "Avenida 9 de Diciembre", "longitud": 98.8, "velocidad_max": 50.0, "num_lanes": 2}}, {"type": "Feature", "id": "-330172468#0", "geometry": {"type": "LineString", "coordinates": [[-77.038257, -12.117249], [-77.038891, -12.117839], [-77.038899, -12.117847]]}, "properties": {"id": "-330172468#0", "nombre": "Calle Marqués de Torre Tagle", "longitud": 96.3, "velocidad_max": 40.0, "num_lanes": 1}}, {"type": "Feature", "id": "-330172468#4", "geometry": {"type": "LineString", "coordinates": [[-77.037411, -12.11649], [-77.037991, -12.11701]]}, "properties": {"id": "-330172468#4", "nombre": "Calle Marqués de Torre Tagle", "longitud": 85.44, "velocidad_max": 40.0, "num_lanes": 1}}, {"type": "Feature", "id": "-331376627", "geometry": {"type": "LineString", "coordinates": [[-77.018424, -12.098459], [-77.0186, -12.098433]]}, "properties": {"id": "-331376627", "nombre": "Calle Las Oropéndolas", "longitud": 19.28, "velocidad_max": 50.0, "num_lanes": 1}}, {"type": "Feature", "id": "-331377509", "geometry": {"type": "LineString", "coordinates": [[-77.020306, -12.100365], [-77.020316, -12.100365], [-77.02043, -12.100381], [-77.020462, -12.100392]]}, "properties": {"id": "-331377509", "nombre": "Calle Las Perdices", "longitud": 17.38, "velocidad_max": 30.0, "num_lanes": 1}}, {"type": "Feature", "id": "-332360565#1", "geometry": {"type": "LineString", "coordinates": [[-77.017578, -12.078323], [-77.017423, -12.078013], [-77.017269, -12.077707]]}, "properties": {"id": "-332360565#1", "nombre": "Pasaje José Carlos Mariátegui", "longitud": 75.91, "velocidad_max": 50.0, "num_lanes": 1}}, {"type": "Feature", "id": "-332360565#2", "geometry": {"type": "LineString", "coordinates": [[-77.017716, -12.078598], [-77.017636, -12.078439]]}, "properties": {"id": "-332360565#2", "nombre": "Pasaje José Carlos Mariátegui", "longitud": 19.6, "velocidad_max": 50.0, "num_lanes": 1}}, {"type": "Feature", "id": "-332360566#1", "geometry": {"type": "LineString", "coordinates": [[-77.017212, -12.078493], [-77.017193, -12.078342], [-77.017164, -12.078171]]}, "properties": {"id": "-332360566#1", "nombre": "Calle Jorge Chávez", "longitud": 36.08, "velocidad_max": 50.0, "num_lanes": 1}}, {"type": "Feature", "id": "-332360566#2", "geometry": {"type": "LineString", "coordinates": [[-77.017233, -12.078824], [-77.017224, -12.078623]]}, "properties": {"id": "-332360566#2", "nombre": "Calle Jorge Chávez", "longitud": 22.22, "velocidad_max": 50.0, "num_lanes": 1}}, {"type": "Feature", "id": "-332360567", "geometry": {"type": "LineString", "coordinates": [[-77.0173, -12.07852], [-77.017554, -12.078391]]}, "properties": {"id": "-332360567", "nombre": "-332360567", "longitud": 31.12, "velocidad_max": 50.0, "num_lanes": 1}}, {"type": "Feature", "id": "-332360570#1", "geometry": {"type": "LineString", "coordinates": [[-77.01707, -12.077406], [-77.01723, -12.077333], [-77.017329, -12.077284]]}, "properties": {"id": "-332360570#1", "nombre": "-332360570#1", "longitud": 31.24, "velocidad_max": 10.0, "num_lanes": 1}}, {"type": "Feature", "id": "-332360571#0", "geometry": {"type": "LineString", "coordinates": [[-77.017304, -12.0776], [-77.017458, -12.07752]]}, "properties": {"id": "-332360571#0", "nombre": "Miguel Dasso", "longitud": 18.93, "velocidad_max": 50.0, "num_lanes": 1}}, {"type": "Feature", "id": "-332360571#1", "geometry": {"type": "LineString", "coordinates": [[-77.01687, -12.077726], [-77.017079, -12.077712], [-77.017187, -12.077659]]}, "properties": {"id": "-332360571#1", "nombre": "Miguel Dasso", "longitud": 35.99, "velocidad_max": 50.0, "num_lanes": 1}}, {"type": "Feature", "id": "-332361007#0", "geometry": {"type": "LineString", "coordinates": [[-77.015644, -12.079142], [-77.015758, -12.07936]]}, "properties": {"id": "-332361007#0", "nombre": "Calle Saposoa", "longitud": 27.15, "velocidad_max": 50.0, "num_lanes": 1}}, {"type": "Feature", "id": "-332361007#1", "geometry": {"type": "LineString", "coordinates": [[-77.015468, -12.078805], [-77.015583, -12.079026]]}, "properties": {"id": "-332361007#1", "nombre": "Calle Saposoa", "longitud": 27.43, "velocidad_max": 50.0, "num_lanes": 1}}, {"type": "Feature", "id": "-332361008", "geometry": {"type": "LineString", "coordinates": [[-77.014684, -12.079529], [-77.015535, -12.079107]]}, "properties": {"id": "-332361008", "nombre": "Calle San Martín", "longitud": 103.72, "velocidad_max": 10.0, "num_lanes": 1}}, {"type": "Feature", "id": "-332361777", "geometry": {"type": "LineString", "coordinates": [[-77.017602, -12.079266], [-77.017641, -12.079432]]}, "properties": {"id": "-332361777", "nombre": "-332361777", "longitud": 18.85, "velocidad_max": 50.0, "num_lanes": 1}}, {"type": "Feature", "id": "-332364324#6", "geometry": {"type": "LineString", "coordinates": [[-77.010832, -12.087079], [-77.010858, -12.087083], [-77.010911, -12.087092], [-77.011051, -12.087114], [-77.011195, -12.087137], [-77.011279, -12.087152], [-77.011335, -12.087198], [-77.01136, -12.087274], [-77.011335, -12.087441], [-77.011294, -12.087731]]}, "properties": {"id": "-332364324#6", "nombre": "Calle Armando Blondet", "longitud": 117.19, "velocidad_max": 50.0, "num_lanes": 1}}, {"type": "Feature", "id": "-332364889#0", "geometry": {"type": "LineString", "coordinates": [[-77.014011, -12.088105], [-77.013995, -12.088124], [-77.013985, -12.088149], [-77.013984, -12.088176], [-77.013992, -12.088199]]}, "properties": {"id": "-332364889#0", "nombre": "Capri", "longitud": 11.39, "velocidad_max": 10.0, "num_lanes": 1}}, {"type": "Feature", "id": "-332364889#1", "geometry": {"type": "LineString", "coordinates": [[-77.013994, -12.088203], [-77.014009, -12.088223], [-77.014032, -12.088238], [-77.014059, -12.088244], [-77.014087, -12.088242], [-77.014111, -12.088231], [-77.01413, -12.088214], [-77.014143, -12.088191], [-77.014148, -12.088166], [-77.014144, -12.08814], [-77.014132, -12.088117], [-77.014127, -12.088112]]}, "properties": {"id": "-332364889#1", "nombre": "Capri", "longitud": 29.65, "velocidad_max": 10.0, "num_lanes": 1}}, {"type": "Feature", "id": "-332364890", "geometry": {"type": "LineString", "coordinates": [[-77.010266, -12.086996], [-77.010295, -12.087], [-77.010699, -12.087059]]}, "properties": {"id": "-332364890", "nombre": "Calle Armando Blondet", "longitud": 47.62, "velocidad_max": 50.0, "num_lanes": 1}}, {"type": "Feature", "id": "-332927213", "geometry": {"type": "LineString", "coordinates": [[-77.017566, -12.053029], [-77.017609, -12.052178], [-77.017623, -12.051827], [-77.017629, -12.05163], [-77.017639, -12.051334]]}, "properties": {"id": "-332927213", "nombre": "Jirón Matias Maestro", "longitud": 187.75, "velocidad_max": 30.0, "num_lanes": 1}}, {"type": "Feature", "id": "-332994971#1", "geometry": {"type": "LineString", "coordinates": [[-77.015797, -12.090626], [-77.015884, -12.090092], [-77.015885, -12.090086]]}, "properties": {"id": "-332994971#1", "nombre": "Calle 45", "longitud": 60.41, "velocidad_max": 20.0, "num_lanes": 1}}, {"type": "Feature", "id": "-332994978#2", "geometry": {"type": "LineString", "coordinates": [[-77.017194, -12.094708], [-77.017316, -12.093803], [-77.017339, -12.093582], [-77.017406, -12.09311], [-77.017464, -12.092704]]}, "properties": {"id": "-332994978#2", "nombre": "Calle Las Grojillas", "longitud": 223.69, "velocidad_max": 40.0, "num_lanes": 1}}, {"type": "Feature", "id": "-332994978#3", "geometry": {"type": "LineString", "coordinates": [[-77.017284, -12.095615], [-77.017217, -12.095427], [-77.017179, -12.095237], [-77.017163, -12.095083], [-77.01718, -12.094841]]}, "properties": {"id": "-332994978#3", "nombre": "Calle Las Grojillas", "longitud": 87.37, "velocidad_max": 40.0, "num_lanes": 1}}, {"type": "Feature", "id": "-332994978#4", "geometry": {"type": "LineString", "coordinates": [[-77.017579, -12.09572], [-77.017498, -12.095716], [-77.017403, -12.095698]]}, "properties": {"id": "-332994978#4", "nombre": "Calle Las Grojillas", "longitud": 19.41, "velocidad_max": 40.0, "num_lanes": 1}}, {"type": "Feature", "id": "-332994979", "geometry": {"type": "LineString", "coordinates": [[-77.017533, -12.096026], [-77.017489, -12.096017], [-77.017424, -12.095976], [-77.017373, -12.095877], [-77.017336, -12.095756], [-77.017334, -12.095752]]}, "properties": {"id": "-332994979", "nombre": "Calle Las Grojillas", "longitud": 40.02, "velocidad_max": 30.0, "num_lanes": 1}}, {"type": "Feature", "id": "-332998812", "geometry": {"type": "LineString", "coordinates": [[-77.013055, -12.103546], [-77.013058, -12.103027]]}, "properties": {"id": "-332998812", "nombre": "Calle 49", "longitud": 57.44, "velocidad_max": 20.0, "num_lanes": 1}}, {"type": "Feature", "id": "-332998818", "geometry": {"type": "LineString", "coordinates": [[-77.012025, -12.095601], [-77.011992, -12.09562], [-77.011916, -12.095628], [-77.011874, -12.095608]]}, "properties": {"id": "-332998818", "nombre": "Calle Carlos A. Ferreyra U.", "longitud": 17.48, "velocidad_max": 50.0, "num_lanes": 1}}, {"type": "Feature", "id": "-333001100#0", "geometry": {"type": "LineString", "coordinates": [[-77.009546, -12.089837], [-77.008776, -12.089727], [-77.008636, -12.089705], [-77.008547, -12.089693], [-77.00847, -12.089686], [-77.008393, -12.089685], [-77.008311, -12.089689], [-77.008229, -12.0897], [-77.008127, -12.089724], [-77.007779, -12.089847]]}, "properties": {"id": "-333001100#0", "nombre": "Calle Carlos Ferreyros", "longitud": 196.28, "velocidad_max": 40.0, "num_lanes": 1}}, {"type": "Feature", "id": "-333001100#1", "geometry": {"type": "LineString", "coordinates": [[-77.010381, -12.089953], [-77.009678, -12.089856]]}, "properties": {"id": "-333001100#1", "nombre": "Calle Carlos Ferreyros", "longitud": 77.26, "velocidad_max": 40.0, "num_lanes": 1}}, {"type": "Feature", "id": "-333001100#5", "geometry": {"type": "LineString", "coordinates": [[-77.012363, -12.09022], [-77.012049, -12.090176], [-77.011453, -12.090096], [-77.011022, -12.090036], [-77.010512, -12.08997]]}, "properties": {"id": "-333001100#5", "nombre": "Calle Carlos Ferreyros", "longitud": 203.48, "velocidad_max": 40.0, "num_lanes": 1}}, {"type": "Feature", "id": "-333001100#6", "geometry": {"type": "LineString", "coordinates": [[-77.013048, -12.090532], [-77.012986, -12.090442], [-77.012914, -12.090377], [-77.012816, -12.090325], [-77.012711, -12.090275], [-77.012493, -12.09024]]}, "properties": {"id": "-333001100#6", "nombre": "Calle Carlos Ferreyros", "longitud": 71.45, "velocidad_max": 40.0, "num_lanes": 1}}, {"type": "Feature", "id": "-333008490", "geometry": {"type": "LineString", "coordinates": [[-77.01007, -12.105159], [-77.010742, -12.105298]]}, "properties": {"id": "-333008490", "nombre": "Calle Gilbert", "longitud": 74.69, "velocidad_max": 30.0, "num_lanes": 1}}, {"type": "Feature", "id": "-334339559#1", "geometry": {"type": "LineString", "coordinates": [[-77.047941, -12.10967], [-77.048124, -12.109486], [-77.0482, -12.109409]]}, "properties": {"id": "-334339559#1", "nombre": "Avenida General Córdova", "longitud": 40.39, "velocidad_max": 40.0, "num_lanes": 1}}, {"type": "Feature", "id": "-334339559#3", "geometry": {"type": "LineString", "coordinates": [[-77.04736, -12.110235], [-77.047541, -12.110059], [-77.047847, -12.109762]]}, "properties": {"id": "-334339559#3", "nombre": "Avenida General Córdova", "longitud": 74.5, "velocidad_max": 40.0, "num_lanes": 1}}, {"type": "Feature", "id": "-334507872#11", "geometry": {"type": "LineString", "coordinates": [[-77.01857, -12.107906], [-77.018564, -12.108229], [-77.018551, -12.108757], [-77.018551, -12.108787]]}, "properties": {"id": "-334507872#11", "nombre": "Avenida República de Panamá", "longitud": 97.54, "velocidad_max": 60.0, "num_lanes": 2}}, {"type": "Feature", "id": "-334507872#12", "geometry": {"type": "LineString", "coordinates": [[-77.018602, -12.106872], [-77.018573, -12.107777]]}, "properties": {"id": "-334507872#12", "nombre": "Avenida República de Panamá", "longitud": 100.25, "velocidad_max": 60.0, "num_lanes": 2}}, {"type": "Feature", "id": "-334507872#15", "geometry": {"type": "LineString", "coordinates": [[-77.018624, -12.105829], [-77.01862, -12.10595], [-77.018619, -12.106052], [-77.018617, -12.106182], [-77.018605, -12.106774]]}, "properties": {"id": "-334507872#15", "nombre": "Avenida República de Panamá", "longitud": 104.55, "velocidad_max": 60.0, "num_lanes": 2}}, {"type": "Feature", "id": "-334507872#2", "geometry": {"type": "LineString", "coordinates": [[-77.018487, -12.111967], [-77.01847, -12.112651], [-77.018468, -12.1128]]}, "properties": {"id": "-334507872#2", "nombre": "Avenida República de Panamá", "longitud": 92.14, "velocidad_max": 60.0, "num_lanes": 2}}, {"type": "Feature", "id": "-334507872#4", "geometry": {"type": "LineString", "coordinates": [[-77.01851, -12.110931], [-77.018491, -12.111804], [-77.01849, -12.111832]]}, "properties": {"id": "-334507872#4", "nombre": "Avenida República de Panamá", "longitud": 99.72, "velocidad_max": 60.0, "num_lanes": 2}}, {"type": "Feature", "id": "-334507872#7", "geometry": {"type": "LineString", "coordinates": [[-77.018526, -12.109921], [-77.018517, -12.110639], [-77.018515, -12.110804], [-77.018514, -12.110827]]}, "properties": {"id": "-334507872#7", "nombre": "Avenida República de Panamá", "longitud": 100.21, "velocidad_max": 60.0, "num_lanes": 2}}, {"type": "Feature", "id": "-334507872#8", "geometry": {"type": "LineString", "coordinates": [[-77.018549, -12.108896], [-77.018528, -12.109785]]}, "properties": {"id": "-334507872#8", "nombre": "Avenida República de Panamá", "longitud": 98.47, "velocidad_max": 60.0, "num_lanes": 2}}, {"type": "Feature", "id": "-335953103#0", "geometry": {"type": "LineString", "coordinates": [[-77.019921, -12.069928], [-77.019689, -12.069896]]}, "properties": {"id": "-335953103#0", "nombre": "Jirón Italia", "longitud": 25.45, "velocidad_max": 40.0, "num_lanes": 1}}, {"type": "Feature", "id": "-335953103#3", "geometry": {"type": "LineString", "coordinates": [[-77.020946, -12.070062], [-77.020615, -12.070019], [-77.020355, -12.069985], [-77.020052, -12.069946]]}, "properties": {"id": "-335953103#3", "nombre": "Jirón Italia", "longitud": 98.2, "velocidad_max": 40.0, "num_lanes": 1}}, {"type": "Feature", "id": "-335953103#5", "geometry": {"type": "LineString", "coordinates": [[-77.021705, -12.070159], [-77.021699, -12.070158], [-77.021355, -12.070114], [-77.021077, -12.070079]]}, "properties": {"id": "-335953103#5", "nombre": "Jirón Italia", "longitud": 68.94, "velocidad_max": 40.0, "num_lanes": 1}}, {"type": "Feature", "id": "-335953104#0", "geometry": {"type": "LineString", "coordinates": [[-77.019536, -12.070312], [-77.0196, -12.069935]]}, "properties": {"id": "-335953104#0", "nombre": "Prolongación Huamanga", "longitud": 42.26, "velocidad_max": 30.0, "num_lanes": 1}}, {"type": "Feature", "id": "-335953104#2", "geometry": {"type": "LineString", "coordinates": [[-77.019474, -12.070689], [-77.019514, -12.07044]]}, "properties": {"id": "-335953104#2", "nombre": "Prolongación Huamanga", "longitud": 27.94, "velocidad_max": 30.0, "num_lanes": 1}}, {"type": "Feature", "id": "-335953104#3", "geometry": {"type": "LineString", "coordinates": [[-77.019392, -12.071193], [-77.019452, -12.070819]]}, "properties": {"id": "-335953104#3", "nombre": "Prolongación Huamanga", "longitud": 41.97, "velocidad_max": 30.0, "num_lanes": 1}}, {"type": "Feature", "id": "-335953104#4", "geometry": {"type": "LineString", "coordinates": [[-77.019331, -12.071649], [-77.019373, -12.071321]]}, "properties": {"id": "-335953104#4", "nombre": "Prolongación Huamanga", "longitud": 36.56, "velocidad_max": 30.0, "num_lanes": 1}}, {"type": "Feature", "id": "-335953104#5", "geometry": {"type": "LineString", "coordinates": [[-77.019259, -12.072284], [-77.019315, -12.071778]]}, "properties": {"id": "-335953104#5", "nombre": "Prolongación Huamanga", "longitud": 56.35, "velocidad_max": 30.0, "num_lanes": 1}}, {"type": "Feature", "id": "-335953104#6", "geometry": {"type": "LineString", "coordinates": [[-77.01917, -12.072985], [-77.019244, -12.072413]]}, "properties": {"id": "-335953104#6", "nombre": "Prolongación Huamanga", "longitud": 63.8, "velocidad_max": 30.0, "num_lanes": 1}}, {"type": "Feature", "id": "-335953104#7", "geometry": {"type": "LineString", "coordinates": [[-77.019057, -12.073777], [-77.019153, -12.073114]]}, "properties": {"id": "-335953104#7", "nombre": "Prolongación Huamanga", "longitud": 74.11, "velocidad_max": 30.0, "num_lanes": 1}}, {"type": "Feature", "id": "-335953105", "geometry": {"type": "LineString", "coordinates": [[-77.019558, -12.069877], [-77.019432, -12.069858]]}, "properties": {"id": "-335953105", "nombre": "Jirón Italia", "longitud": 13.86, "velocidad_max": 30.0, "num_lanes": 1}}, {"type": "Feature", "id": "-33750248", "geometry": {"type": "LineString", "coordinates": [[-77.01063, -12.119895], [-77.011112, -12.120193]]}, "properties": {"id": "-33750248", "nombre": "Calle Las Moras", "longitud": 61.94, "velocidad_max": 50.0, "num_lanes": 1}}, {"type": "Feature", "id": "-33750615", "geometry": {"type": "LineString", "coordinates": [[-77.010544, -12.119935], [-77.010151, -12.120534], [-77.009892, -12.120944], [-77.00957, -12.121414], [-77.009383, -12.121669], [-77.009316, -12.121747], [-77.009133, -12.121933], [-77.008704, -12.12235], [-77.008472, -12.12264], [-77.008298, -12.122896], [-77.007947, -12.123427]]}, "properties": {"id": "-33750615", "nombre": "Calle Los Capulíes", "longitud": 480.48, "velocidad_max": 40.0, "num_lanes": 1}}, {"type": "Feature", "id": "-33750983#0", "geometry": {"type": "LineString", "coordinates": [[-77.011642, -12.119438], [-77.011913, -12.119023], [-77.011931, -12.11899], [-77.011943, -12.118961], [-77.01195, -12.118935], [-77.011967, -12.118818], [-77.011974, -12.118777]]}, "properties": {"id": "-33750983#0", "nombre": "Calle José Sabogal", "longitud": 82.92, "velocidad_max": 50.0, "num_lanes": 1}}, {"type": "Feature", "id": "-33751295#0", "geometry": {"type": "LineString", "coordinates": [[-77.011122, -12.116862], [-77.011355, -12.116523], [-77.011384, -12.116481]]}, "properties": {"id": "-33751295#0", "nombre": "Calle Salvador Gutiérrez", "longitud": 50.94, "velocidad_max": 50.0, "num_lanes": 1}}, {"type": "Feature", "id": "-33751295#3", "geometry": {"type": "LineString", "coordinates": [[-77.010484, -12.117811], [-77.010853, -12.117257], [-77.010879, -12.11722], [-77.011048, -12.11697]]}, "properties": {"id": "-33751295#3", "nombre": "Calle Salvador Gutiérrez", "longitud": 111.49, "velocidad_max": 50.0, "num_lanes": 1}}, {"type": "Feature", "id": "-33751295#4", "geometry": {"type": "LineString", "coordinates": [[-77.010076, -12.118421], [-77.010105, -12.118378], [-77.010411, -12.11792]]}, "properties": {"id": "-33751295#4", "nombre": "Calle Salvador Gutiérrez", "longitud": 66.25, "velocidad_max": 50.0, "num_lanes": 1}}, {"type": "Feature", "id": "-33751295#6", "geometry": {"type": "LineString", "coordinates": [[-77.009577, -12.119144], [-77.0099, -12.118672], [-77.009919, -12.118642]]}, "properties": {"id": "-33751295#6", "nombre": "Calle Salvador Gutiérrez", "longitud": 66.86, "velocidad_max": 50.0, "num_lanes": 1}}, {"type": "Feature", "id": "-33751295#7", "geometry": {"type": "LineString", "coordinates": [[-77.008239, -12.121069], [-77.008636, -12.120571], [-77.009124, -12.119855], [-77.009353, -12.119496], [-77.009505, -12.119255]]}, "properties": {"id": "-33751295#7", "nombre": "Calle Salvador Gutiérrez", "longitud": 243.75, "velocidad_max": 50.0, "num_lanes": 1}}, {"type": "Feature", "id": "-33783589", "geometry": {"type": "LineString", "coordinates": [[-77.041689, -12.120001], [-77.041668, -12.119119]]}, "properties": {"id": "-33783589", "nombre": "Calle Tupac Amaru", "longitud": 97.58, "velocidad_max": 40.0, "num_lanes": 1}}, {"type": "Feature", "id": "-338017826", "geometry": {"type": "LineString", "coordinates": [[-77.056159, -12.066652], [-77.056155, -12.066676]]}, "properties": {"id": "-338017826", "nombre": "Huancabamba", "longitud": 2.78, "velocidad_max": 50.0, "num_lanes": 1}}, {"type": "Feature", "id": "-338024834#0", "geometry": {"type": "LineString", "coordinates": [[-77.060089, -12.095827], [-77.05983, -12.095965], [-77.0598, -12.095978]]}, "properties": {"id": "-338024834#0", "nombre": "Jirón Felix Dibos", "longitud": 35.72, "velocidad_max": 40.0, "num_lanes": 1}}, {"type": "Feature", "id": "-338024834#2", "geometry": {"type": "LineString", "coordinates": [[-77.060768, -12.095489], [-77.060362, -12.09569], [-77.060181, -12.09578]]}, "properties": {"id": "-338024834#2", "nombre": "Jirón Felix Dibos", "longitud": 71.51, "velocidad_max": 40.0, "num_lanes": 1}}, {"type": "Feature", "id": "-338024834#3", "geometry": {"type": "LineString", "coordinates": [[-77.061638, -12.095059], [-77.06086, -12.095444]]}, "properties": {"id": "-338024834#3", "nombre": "Jirón Felix Dibos", "longitud": 94.75, "velocidad_max": 40.0, "num_lanes": 1}}, {"type": "Feature", "id": "-338024834#5", "geometry": {"type": "LineString", "coordinates": [[-77.062437, -12.094674], [-77.06239, -12.094697], [-77.061757, -12.095001]]}, "properties": {"id": "-338024834#5", "nombre": "Jirón Felix Dibos", "longitud": 82.38, "velocidad_max": 40.0, "num_lanes": 1}}, {"type": "Feature", "id": "-33817362#0", "geometry": {"type": "LineString", "coordinates": [[-77.033509, -12.114923], [-77.03351, -12.114948], [-77.033513, -12.114996]]}, "properties": {"id": "-33817362#0", "nombre": "Calle General Borgoño", "longitud": 8.15, "velocidad_max": 40.0, "num_lanes": 1}}, {"type": "Feature", "id": "-33817362#2", "geometry": {"type": "LineString", "coordinates": [[-77.033493, -12.113976], [-77.033499, -12.114557], [-77.033503, -12.114775], [-77.033503, -12.114791]]}, "properties": {"id": "-33817362#2", "nombre": "Calle General Borgoño", "longitud": 90.27, "velocidad_max": 40.0, "num_lanes": 1}}, {"type": "Feature", "id": "-338408648#1", "geometry": {"type": "LineString", "coordinates": [[-77.045554, -12.045891], [-77.045565, -12.045773], [-77.045607, -12.045326]]}, "properties": {"id": "-338408648#1", "nombre": "Jirón Ascope", "longitud": 62.73, "velocidad_max": 30.0, "num_lanes": 1}}, {"type": "Feature", "id": "-338408648#6", "geometry": {"type": "LineString", "coordinates": [[-77.045491, -12.046504], [-77.045494, -12.046478], [-77.045527, -12.046155], [-77.045541, -12.04602]]}, "properties": {"id": "-338408648#6", "nombre": "Jirón Ascope", "longitud": 53.82, "velocidad_max": 30.0, "num_lanes": 1}}, {"type": "Feature", "id": "-338419798", "geometry": {"type": "LineString", "coordinates": [[-77.059359, -12.059617], [-77.0593, -12.05961], [-77.059174, -12.059606], [-77.059048, -12.059612], [-77.058923, -12.059627], [-77.058799, -12.059649]]}, "properties": {"id": "-338419798", "nombre": "Jirón General Orbegoso", "longitud": 61.36, "velocidad_max": 40.0, "num_lanes": 1}}, {"type": "Feature", "id": "-338793538#1", "geometry": {"type": "LineString", "coordinates": [[-77.020173, -12.059327], [-77.019699, -12.05926], [-77.019347, -12.059211]]}, "properties": {"id": "-338793538#1", "nombre": "Jirón Antonio Raimondi", "longitud": 90.95, "velocidad_max": 40.0, "num_lanes": 1}}, {"type": "Feature", "id": "-338793538#4", "geometry": {"type": "LineString", "coordinates": [[-77.020944, -12.05942], [-77.020746, -12.059396], [-77.020449, -12.059361], [-77.020306, -12.059344]]}, "properties": {"id": "-338793538#4", "nombre": "Jirón Antonio Raimondi", "longitud": 70.06, "velocidad_max": 40.0, "num_lanes": 1}}, {"type": "Feature", "id": "-339500328", "geometry": {"type": "LineString", "coordinates": [[-77.046533, -12.048363], [-77.046532, -12.04836], [-77.046527, -12.048318], [-77.046489, -12.048188], [-77.046481, -12.048144], [-77.046475, -12.048095], [-77.046473, -12.047981], [-77.046474, -12.047942], [-77.046479, -12.047904], [-77.046487, -12.047858]]}, "properties": {"id": "-339500328", "nombre": "Jirón Pacasmayo", "longitud": 56.69, "velocidad_max": 20.0, "num_lanes": 1}}, {"type": "Feature", "id": "-344372307#0", "geometry": {"type": "LineString", "coordinates": [[-77.037644, -12.079996], [-77.038226, -12.080096]]}, "properties": {"id": "-344372307#0", "nombre": "Jirón Domingo Cueto", "longitud": 64.31, "velocidad_max": 40.0, "num_lanes": 2}}, {"type": "Feature", "id": "-344372307#1", "geometry": {"type": "LineString", "coordinates": [[-77.036995, -12.079901], [-77.037511, -12.079975]]}, "properties": {"id": "-344372307#1", "nombre": "Jirón Domingo Cueto", "longitud": 56.77, "velocidad_max": 40.0, "num_lanes": 2}}, {"type": "Feature", "id": "-344372307#2", "geometry": {"type": "LineString", "coordinates": [[-77.036423, -12.079816], [-77.036895, -12.079887]]}, "properties": {"id": "-344372307#2", "nombre": "Jirón Domingo Cueto", "longitud": 52.02, "velocidad_max": 40.0, "num_lanes": 2}}, {"type": "Feature", "id": "-348366429#4", "geometry": {"type": "LineString", "coordinates": [[-77.059135, -12.040614], [-77.0591, -12.040966], [-77.059081, -12.041155], [-77.058845, -12.043587], [-77.058825, -12.043795], [-77.058729, -12.044791]]}, "properties": {"id": "-348366429#4", "nombre": "Fernando Wiesse", "longitud": 464.28, "velocidad_max": 50.0, "num_lanes": 1}}, {"type": "Feature", "id": "-34861540#0", "geometry": {"type": "LineString", "coordinates": [[-77.02621, -12.080479], [-77.026117, -12.081214]]}, "properties": {"id": "-34861540#0", "nombre": "Calle Brillantes", "longitud": 81.92, "velocidad_max": 40.0, "num_lanes": 1}}, {"type": "Feature", "id": "-34861540#2", "geometry": {"type": "LineString", "coordinates": [[-77.026379, -12.080031], [-77.026316, -12.080186], [-77.02624, -12.080365]]}, "properties": {"id": "-34861540#2", "nombre": "Calle Brillantes", "longitud": 39.94, "velocidad_max": 40.0, "num_lanes": 1}}, {"type": "Feature", "id": "-34861543", "geometry": {"type": "LineString", "coordinates": [[-77.027668, -12.078681], [-77.027001, -12.078603]]}, "properties": {"id": "-34861543", "nombre": "Calle Los Ópalos", "longitud": 73.15, "velocidad_max": 40.0, "num_lanes": 1}}, {"type": "Feature", "id": "-34861555#1", "geometry": {"type": "LineString", "coordinates": [[-77.02486, -12.080235], [-77.025154, -12.080275], [-77.025506, -12.080324], [-77.026139, -12.080391]]}, "properties": {"id": "-34861555#1", "nombre": "Los Zafiros", "longitud": 140.3, "velocidad_max": 30.0, "num_lanes": 1}}, {"type": "Feature", "id": "-34861557", "geometry": {"type": "LineString", "coordinates": [[-77.024064, -12.080335], [-77.024193, -12.080707]]}, "properties": {"id": "-34861557", "nombre": "-34861557", "longitud": 43.54, "velocidad_max": 30.0, "num_lanes": 1}}, {"type": "Feature", "id": "-34861561#10", "geometry": {"type": "LineString", "coordinates": [[-77.024286, -12.077245], [-77.024807, -12.077449], [-77.024829, -12.077458]]}, "properties": {"id": "-34861561#10", "nombre": "Los Rubíes", "longitud": 63.67, "velocidad_max": 40.0, "num_lanes": 1}}, {"type": "Feature", "id": "-34861561#2", "geometry": {"type": "LineString", "coordinates": [[-77.026524, -12.078116], [-77.026632, -12.078158], [-77.026995, -12.078298]]}, "properties": {"id": "-34861561#2", "nombre": "Los Rubíes", "longitud": 55.09, "velocidad_max": 40.0, "num_lanes": 1}}, {"type": "Feature", "id": "-34861561#3", "geometry": {"type": "LineString", "coordinates": [[-77.025814, -12.07784], [-77.026401, -12.078068]]}, "properties": {"id": "-34861561#3", "nombre": "Los Rubíes", "longitud": 68.75, "velocidad_max": 40.0, "num_lanes": 1}}, {"type": "Feature", "id": "-34861561#8", "geometry": {"type": "LineString", "coordinates": [[-77.024925, -12.077495], [-77.02494, -12.077501], [-77.02509, -12.077559], [-77.025234, -12.077615], [-77.025394, -12.077677], [-77.025718, -12.077803]]}, "properties": {"id": "-34861561#8", "nombre": "Los Rubíes", "longitud": 92.85, "velocidad_max": 40.0, "num_lanes": 1}}, {"type": "Feature", "id": "-35101889#0", "geometry": {"type": "LineString", "coordinates": [[-77.027213, -12.077766], [-77.026899, -12.077667]]}, "properties": {"id": "-35101889#0", "nombre": "Calle Los Topacios", "longitud": 35.85, "velocidad_max": 40.0, "num_lanes": 1}}, {"type": "Feature", "id": "-35101889#1", "geometry": {"type": "LineString", "coordinates": [[-77.027923, -12.078032], [-77.027339, -12.07781]]}, "properties": {"id": "-35101889#1", "nombre": "Calle Los Topacios", "longitud": 68.11, "velocidad_max": 40.0, "num_lanes": 1}}, {"type": "Feature", "id": "-35102258#3", "geometry": {"type": "LineString", "coordinates": [[-77.022238, -12.088268], [-77.022291, -12.088275], [-77.022507, -12.088305], [-77.022696, -12.088329], [-77.022813, -12.088341], [-77.022896, -12.088334], [-77.022958, -12.088308], [-77.023004, -12.088275], [-77.023047, -12.088201], [-77.023108, -12.088056]]}, "properties": {"id": "-35102258#3", "nombre": "Jirón Alberto Barton", "longitud": 112.52, "velocidad_max": 50.0, "num_lanes": 1}}, {"type": "Feature", "id": "-35102261#1", "geometry": {"type": "LineString", "coordinates": [[-77.023875, -12.082055], [-77.023842, -12.082211], [-77.023746, -12.082666]]}, "properties": {"id": "-35102261#1", "nombre": "Calle Constantino Carvallo", "longitud": 69.02, "velocidad_max": 50.0, "num_lanes": 1}}, {"type": "Feature", "id": "-35102262#2", "geometry": {"type": "LineString", "coordinates": [[-77.023619, -12.083644], [-77.024249, -12.083735], [-77.024757, -12.083808]]}, "properties": {"id": "-35102262#2", "nombre": "Calle Max Gonzales Olaechea", "longitud": 125.32, "velocidad_max": 50.0, "num_lanes": 1}}, {"type": "Feature", "id": "-35102262#7", "geometry": {"type": "LineString", "coordinates": [[-77.022207, -12.083441], [-77.022577, -12.083494], [-77.022591, -12.083496], [-77.022758, -12.08352], [-77.022948, -12.083548], [-77.023109, -12.083571], [-77.023488, -12.083625]]}, "properties": {"id": "-35102262#7", "nombre": "Calle Max Gonzales Olaechea", "longitud": 140.91, "velocidad_max": 50.0, "num_lanes": 1}}, {"type": "Feature", "id": "-35102264#0", "geometry": {"type": "LineString", "coordinates": [[-77.023451, -12.084237], [-77.023527, -12.083711]]}, "properties": {"id": "-35102264#0", "nombre": "Calle Constantino Carvallo", "longitud": 58.78, "velocidad_max": 50.0, "num_lanes": 1}}, {"type": "Feature", "id": "-35102264#1", "geometry": {"type": "LineString", "coordinates": [[-77.023332, -12.084986], [-77.023431, -12.084366]]}, "properties": {"id": "-35102264#1", "nombre": "Calle Constantino Carvallo", "longitud": 69.43, "velocidad_max": 50.0, "num_lanes": 1}}, {"type": "Feature", "id": "-35102267#1", "geometry": {"type": "LineString", "coordinates": [[-77.022564, -12.085863], [-77.022622, -12.085435], [-77.022682, -12.084991]]}, "properties": {"id": "-35102267#1", "nombre": "Julio Faldini", "longitud": 97.27, "velocidad_max": 50.0, "num_lanes": 1}}, {"type": "Feature", "id": "-35102272", "geometry": {"type": "LineString", "coordinates": [[-77.022051, -12.088981], [-77.022056, -12.088953], [-77.022095, -12.088705], [-77.022147, -12.088336]]}, "properties": {"id": "-35102272", "nombre": "Calle Manuel Méndez", "longitud": 72.18, "velocidad_max": 50.0, "num_lanes": 1}}, {"type": "Feature", "id": "-35106619#2", "geometry": {"type": "LineString", "coordinates": [[-77.017564, -12.087854], [-77.017792, -12.087884], [-77.018605, -12.087994]]}, "properties": {"id": "-35106619#2", "nombre": "Calle Miguel Checa", "longitud": 114.41, "velocidad_max": 40.0, "num_lanes": 1}}, {"type": "Feature", "id": "-35106619#7", "geometry": {"type": "LineString", "coordinates": [[-77.016637, -12.087022], [-77.016652, -12.087058], [-77.016671, -12.087094], [-77.01686, -12.087464], [-77.016966, -12.08762], [-77.017048, -12.087692], [-77.017082, -12.087722], [-77.017228, -12.087799], [-77.017436, -12.087835]]}, "properties": {"id": "-35106619#7", "nombre": "Calle Miguel Checa", "longitud": 133.24, "velocidad_max": 40.0, "num_lanes": 1}}, {"type": "Feature", "id": "-35106624#2", "geometry": {"type": "LineString", "coordinates": [[-77.019481, -12.086994], [-77.019398, -12.087558], [-77.019337, -12.088006], [-77.019248, -12.088578]]}, "properties": {"id": "-35106624#2", "nombre": "Manuel Arrisueño", "longitud": 177.04, "velocidad_max": 50.0, "num_lanes": 1}}, {"type": "Feature", "id": "-35106624#3", "geometry": {"type": "LineString", "coordinates": [[-77.019553, -12.086441], [-77.019499, -12.086864]]}, "properties": {"id": "-35106624#3", "nombre": "Manuel Arrisueño", "longitud": 47.19, "velocidad_max": 50.0, "num_lanes": 1}}, {"type": "Feature", "id": "-35106624#6", "geometry": {"type": "LineString", "coordinates": [[-77.019485, -12.085657], [-77.01953, -12.085885], [-77.019563, -12.086089], [-77.019564, -12.086312]]}, "properties": {"id": "-35106624#6", "nombre": "Manuel Arrisueño", "longitud": 73.26, "velocidad_max": 50.0, "num_lanes": 1}}, {"type": "Feature", "id": "-35106625#0", "geometry": {"type": "LineString", "coordinates": [[-77.020142, -12.086453], [-77.01961, -12.086397]]}, "properties": {"id": "-35106625#0", "nombre": "Jirón Antonion de Zela", "longitud": 58.31, "velocidad_max": 50.0, "num_lanes": 1}}, {"type": "Feature", "id": "-35106629#1", "geometry": {"type": "LineString", "coordinates": [[-77.017551, -12.085865], [-77.017091, -12.086057], [-77.016333, -12.086395]]}, "properties": {"id": "-35106629#1", "nombre": "Calle Manuel Vildoso", "longitud": 145.07, "velocidad_max": 30.0, "num_lanes": 1}}, {"type": "Feature", "id": "-35106629#2", "geometry": {"type": "LineString", "coordinates": [[-77.018096, -12.085613], [-77.017674, -12.085811]]}, "properties": {"id": "-35106629#2", "nombre": "Calle Manuel Vildoso", "longitud": 50.93, "velocidad_max": 30.0, "num_lanes": 1}}, {"type": "Feature", "id": "-35106630", "geometry": {"type": "LineString", "coordinates": [[-77.017647, -12.08588], [-77.017675, -12.085946], [-77.017712, -12.086065], [-77.017733, -12.086162], [-77.017743, -12.08626], [-77.017718, -12.086609]]}, "properties": {"id": "-35106630", "nombre": "Calle Pedro Bertonelli", "longitud": 82.26, "velocidad_max": 40.0, "num_lanes": 1}}, {"type": "Feature", "id": "-35106631", "geometry": {"type": "LineString", "coordinates": [[-77.01819, -12.085626], [-77.018229, -12.085714], [-77.018273, -12.085912], [-77.018297, -12.086054], [-77.018316, -12.086243], [-77.018292, -12.086682], [-77.018292, -12.086691]]}, "properties": {"id": "-35106631", "nombre": "Valderrama", "longitud": 119.61, "velocidad_max": 30.0, "num_lanes": 1}}, {"type": "Feature", "id": "-35106632#0", "geometry": {"type": "LineString", "coordinates": [[-77.017414, -12.088332], [-77.017472, -12.087927], [-77.017473, -12.087921]]}, "properties": {"id": "-35106632#0", "nombre": "-35106632#0", "longitud": 45.83, "velocidad_max": 30.0, "num_lanes": 1}}, {"type": "Feature", "id": "-35116252#2", "geometry": {"type": "LineString", "coordinates": [[-77.023662, -12.079454], [-77.023832, -12.079516], [-77.02417, -12.079646], [-77.024457, -12.079756], [-77.024367, -12.080011], [-77.024323, -12.080079], [-77.024252, -12.080158], [-77.02415, -12.080234], [-77.024088, -12.080269]]}, "properties": {"id": "-35116252#2", "nombre": "Parque Coronel Luna y Peralta", "longitud": 165.11, "velocidad_max": 30.0, "num_lanes": 1}}, {"type": "Feature", "id": "-35116254#0", "geometry": {"type": "LineString", "coordinates": [[-77.020838, -12.081886], [-77.020885, -12.081506], [-77.02089, -12.081465]]}, "properties": {"id": "-35116254#0", "nombre": "Calle Juan Voto Bernales", "longitud": 46.89, "velocidad_max": 50.0, "num_lanes": 1}}, {"type": "Feature", "id": "-35116254#3", "geometry": {"type": "LineString", "coordinates": [[-77.020755, -12.082477], [-77.020822, -12.082014]]}, "properties": {"id": "-35116254#3", "nombre": "Calle Juan Voto Bernales", "longitud": 51.69, "velocidad_max": 50.0, "num_lanes": 1}}, {"type": "Feature", "id": "-35116254#4", "geometry": {"type": "LineString", "coordinates": [[-77.02067, -12.083044], [-77.020736, -12.082605]]}, "properties": {"id": "-35116254#4", "nombre": "Calle Juan Voto Bernales", "longitud": 49.04, "velocidad_max": 50.0, "num_lanes": 1}}, {"type": "Feature", "id": "-35116254#7", "geometry": {"type": "LineString", "coordinates": [[-77.02059, -12.083625], [-77.020651, -12.083173]]}, "properties": {"id": "-35116254#7", "nombre": "Calle Juan Voto Bernales", "longitud": 50.38, "velocidad_max": 50.0, "num_lanes": 1}}, {"type": "Feature", "id": "-35116257#0", "geometry": {"type": "LineString", "coordinates": [[-77.019436, -12.083694], [-77.019737, -12.083635], [-77.020178, -12.083622], [-77.020532, -12.083668]]}, "properties": {"id": "-35116257#0", "nombre": "Jirón José de Rivadeneyra", "longitud": 120.37, "velocidad_max": 50.0, "num_lanes": 1}}, {"type": "Feature", "id": "-35116257#1", "geometry": {"type": "LineString", "coordinates": [[-77.018835, -12.083896], [-77.019002, -12.083828], [-77.019198, -12.083757], [-77.019304, -12.083726]]}, "properties": {"id": "-35116257#1", "nombre": "Jirón José de Rivadeneyra", "longitud": 54.42, "velocidad_max": 50.0, "num_lanes": 1}}, {"type": "Feature", "id": "-35116257#2", "geometry": {"type": "LineString", "coordinates": [[-77.018311, -12.08413], [-77.018716, -12.083948]]}, "properties": {"id": "-35116257#2", "nombre": "Jirón José de Rivadeneyra", "longitud": 48.45, "velocidad_max": 50.0, "num_lanes": 1}}, {"type": "Feature", "id": "-35116260#0", "geometry": {"type": "LineString", "coordinates": [[-77.019521, -12.083118], [-77.019316, -12.083153], [-77.019054, -12.083219], [-77.018797, -12.083304], [-77.018609, -12.083382]]}, "properties": {"id": "-35116260#0", "nombre": "Calle Raimundo Cárcamo", "longitud": 103.84, "velocidad_max": 50.0, "num_lanes": 1}}, {"type": "Feature", "id": "-35116260#2", "geometry": {"type": "LineString", "coordinates": [[-77.020606, -12.083117], [-77.020194, -12.083076], [-77.019888, -12.083079], [-77.019646, -12.083101]]}, "properties": {"id": "-35116260#2", "nombre": "Calle Raimundo Cárcamo", "longitud": 104.9, "velocidad_max": 50.0, "num_lanes": 1}}, {"type": "Feature", "id": "-35116262#0", "geometry": {"type": "LineString", "coordinates": [[-77.018582, -12.083449], [-77.018768, -12.08387]]}, "properties": {"id": "-35116262#0", "nombre": "Calle José Choquehuanca", "longitud": 50.84, "velocidad_max": 50.0, "num_lanes": 1}}, {"type": "Feature", "id": "-35116262#1", "geometry": {"type": "LineString", "coordinates": [[-77.018331, -12.08292], [-77.018527, -12.08333]]}, "properties": {"id": "-35116262#1", "nombre": "Calle José Choquehuanca", "longitud": 50.13, "velocidad_max": 50.0, "num_lanes": 1}}, {"type": "Feature", "id": "-35116262#2", "geometry": {"type": "LineString", "coordinates": [[-77.018078, -12.08238], [-77.018288, -12.082829]]}, "properties": {"id": "-35116262#2", "nombre": "Calle José Choquehuanca", "longitud": 54.69, "velocidad_max": 50.0, "num_lanes": 1}}, {"type": "Feature", "id": "-35116264", "geometry": {"type": "LineString", "coordinates": [[-77.019558, -12.083032], [-77.019492, -12.082582]]}, "properties": {"id": "-35116264", "nombre": "Ismodes", "longitud": 50.37, "velocidad_max": 50.0, "num_lanes": 1}}, {"type": "Feature", "id": "-35116339#3", "geometry": {"type": "LineString", "coordinates": [[-77.016755, -12.084807], [-77.016994, -12.084703], [-77.017203, -12.08461], [-77.017419, -12.084513], [-77.018068, -12.084222]]}, "properties": {"id": "-35116339#3", "nombre": "Jirón José de Rivadeneyra", "longitud": 156.96, "velocidad_max": 50.0, "num_lanes": 1}}, {"type": "Feature", "id": "-35116339#6", "geometry": {"type": "LineString", "coordinates": [[-77.015867, -12.085209], [-77.016085, -12.085111], [-77.016298, -12.085016], [-77.016634, -12.084861]]}, "properties": {"id": "-35116339#6", "nombre": "Jirón José de Rivadeneyra", "longitud": 91.9, "velocidad_max": 50.0, "num_lanes": 1}}, {"type": "Feature", "id": "-35116341#0", "geometry": {"type": "LineString", "coordinates": [[-77.015034, -12.083702], [-77.014767, -12.083822], [-77.014618, -12.083888]]}, "properties": {"id": "-35116341#0", "nombre": "Calle Luis Espejo", "longitud": 49.8, "velocidad_max": 40.0, "num_lanes": 1}}, {"type": "Feature", "id": "-35116341#3", "geometry": {"type": "LineString", "coordinates": [[-77.015926, -12.083301], [-77.01558, -12.083457], [-77.015367, -12.083552], [-77.015155, -12.083648]]}, "properties": {"id": "-35116341#3", "nombre": "Calle Luis Espejo", "longitud": 92.44, "velocidad_max": 40.0, "num_lanes": 1}}, {"type": "Feature", "id": "-35116341#7", "geometry": {"type": "LineString", "coordinates": [[-77.017343, -12.082663], [-77.016682, -12.082958], [-77.016548, -12.083017], [-77.01646, -12.083053], [-77.016253, -12.08315], [-77.016047, -12.083246]]}, "properties": {"id": "-35116341#7", "nombre": "Calle Luis Espejo", "longitud": 155.16, "velocidad_max": 40.0, "num_lanes": 1}}, {"type": "Feature", "id": "-35116342#1", "geometry": {"type": "LineString", "coordinates": [[-77.015607, -12.084758], [-77.015701, -12.08497], [-77.015799, -12.085183]]}, "properties": {"id": "-35116342#1", "nombre": "Patricio Ariarte", "longitud": 51.44, "velocidad_max": 50.0, "num_lanes": 1}}, {"type": "Feature", "id": "-35116342#2", "geometry": {"type": "LineString", "coordinates": [[-77.01537, -12.084244], [-77.015554, -12.08464]]}, "properties": {"id": "-35116342#2", "nombre": "Patricio Ariarte", "longitud": 48.14, "velocidad_max": 50.0, "num_lanes": 1}}, {"type": "Feature", "id": "-35116342#4", "geometry": {"type": "LineString", "coordinates": [[-77.015129, -12.083716], [-77.015223, -12.083921], [-77.015316, -12.084125]]}, "properties": {"id": "-35116342#4", "nombre": "Patricio Ariarte", "longitud": 49.68, "velocidad_max": 50.0, "num_lanes": 1}}, {"type": "Feature", "id": "-35116343#2", "geometry": {"type": "LineString", "coordinates": [[-77.016455, -12.083702], [-77.015829, -12.083983], [-77.015617, -12.084078], [-77.015396, -12.084177]]}, "properties": {"id": "-35116343#2", "nombre": "Calle Mariano Pacheco", "longitud": 126.75, "velocidad_max": 50.0, "num_lanes": 1}}, {"type": "Feature", "id": "-35116344#2", "geometry": {"type": "LineString", "coordinates": [[-77.016706, -12.084215], [-77.016054, -12.084505], [-77.015841, -12.084599], [-77.015634, -12.084692]]}, "properties": {"id": "-35116344#2", "nombre": "Calle Raimundo Cárcamo", "longitud": 128.08, "velocidad_max": 50.0, "num_lanes": 1}}, {"type": "Feature", "id": "-35116490#0", "geometry": {"type": "LineString", "coordinates": [[-77.021085, -12.080739], [-77.021014, -12.081093]]}, "properties": {"id": "-35116490#0", "nombre": "Coronel Casimiro Negrón", "longitud": 39.94, "velocidad_max": 30.0, "num_lanes": 1}}, {"type": "Feature", "id": "-35116490#1", "geometry": {"type": "LineString", "coordinates": [[-77.021295, -12.08022], [-77.021111, -12.08065]]}, "properties": {"id": "-35116490#1", "nombre": "Coronel Casimiro Negrón", "longitud": 51.69, "velocidad_max": 30.0, "num_lanes": 1}}, {"type": "Feature", "id": "-35116490#3", "geometry": {"type": "LineString", "coordinates": [[-77.021641, -12.079267], [-77.021399, -12.079936]]}, "properties": {"id": "-35116490#3", "nombre": "Coronel Casimiro Negrón", "longitud": 78.59, "velocidad_max": 30.0, "num_lanes": 1}}, {"type": "Feature", "id": "-35116491#0", "geometry": {"type": "LineString", "coordinates": [[-77.018678, -12.080755], [-77.019025, -12.080671]]}, "properties": {"id": "-35116491#0", "nombre": "Calle General Antonio de la Guerra", "longitud": 38.9, "velocidad_max": 50.0, "num_lanes": 1}}, {"type": "Feature", "id": "-35116491#1", "geometry": {"type": "LineString", "coordinates": [[-77.017609, -12.080995], [-77.017779, -12.080978], [-77.017872, -12.080964], [-77.017964, -12.080947], [-77.018054, -12.080928], [-77.018143, -12.080906], [-77.018551, -12.080789]]}, "properties": {"id": "-35116491#1", "nombre": "Calle General Antonio de la Guerra", "longitud": 105.41, "velocidad_max": 50.0, "num_lanes": 1}}, {"type": "Feature", "id": "-35116491#3", "geometry": {"type": "LineString", "coordinates": [[-77.016957, -12.08105], [-77.017222, -12.081012], [-77.01748, -12.081004]]}, "properties": {"id": "-35116491#3", "nombre": "Calle General Antonio de la Guerra", "longitud": 57.22, "velocidad_max": 50.0, "num_lanes": 1}}, {"type": "Feature", "id": "-35116492#1", "geometry": {"type": "LineString", "coordinates": [[-77.019664, -12.080238], [-77.019705, -12.080389], [-77.019725, -12.080537]]}, "properties": {"id": "-35116492#1", "nombre": "José M. Cortez", "longitud": 33.82, "velocidad_max": 50.0, "num_lanes": 1}}, {"type": "Feature", "id": "-35116492#2", "geometry": {"type": "LineString", "coordinates": [[-77.01949, -12.079829], [-77.019637, -12.080161]]}, "properties": {"id": "-35116492#2", "nombre": "José M. Cortez", "longitud": 39.99, "velocidad_max": 50.0, "num_lanes": 1}}, {"type": "Feature", "id": "-35116492#4", "geometry": {"type": "LineString", "coordinates": [[-77.019156, -12.079255], [-77.019301, -12.079496], [-77.019431, -12.079712]]}, "properties": {"id": "-35116492#4", "nombre": "José M. Cortez", "longitud": 58.8, "velocidad_max": 50.0, "num_lanes": 1}}, {"type": "Feature", "id": "-35116495#1", "geometry": {"type": "LineString", "coordinates": [[-77.018588, -12.080725], [-77.018571, -12.080659], [-77.018539, -12.080561], [-77.018518, -12.08051], [-77.018496, -12.08046], [-77.018376, -12.080248], [-77.01818, -12.07988]]}, "properties": {"id": "-35116495#1", "nombre": "Calle José Sannoni", "longitud": 103.92, "velocidad_max": 30.0, "num_lanes": 1}}, {"type": "Feature", "id": "-35116499#0", "geometry": {"type": "LineString", "coordinates": [[-77.01455, -12.08248], [-77.014626, -12.082646], [-77.014721, -12.082859]]}, "properties": {"id": "-35116499#0", "nombre": "La Merced", "longitud": 45.84, "velocidad_max": 40.0, "num_lanes": 1}}, {"type": "Feature", "id": "-35116499#1", "geometry": {"type": "LineString", "coordinates": [[-77.014375, -12.082093], [-77.014496, -12.082361]]}, "properties": {"id": "-35116499#1", "nombre": "La Merced", "longitud": 32.46, "velocidad_max": 40.0, "num_lanes": 1}}, {"type": "Feature", "id": "-35116499#2", "geometry": {"type": "LineString", "coordinates": [[-77.014192, -12.081691], [-77.014321, -12.081975]]}, "properties": {"id": "-35116499#2", "nombre": "La Merced", "longitud": 34.38, "velocidad_max": 40.0, "num_lanes": 1}}, {"type": "Feature", "id": "-35116500#0", "geometry": {"type": "LineString", "coordinates": [[-77.0149, -12.080762], [-77.01523, -12.080615], [-77.015244, -12.080609]]}, "properties": {"id": "-35116500#0", "nombre": "Calle Batería Maipú", "longitud": 41.01, "velocidad_max": 50.0, "num_lanes": 1}}, {"type": "Feature", "id": "-35116500#1", "geometry": {"type": "LineString", "coordinates": [[-77.014445, -12.080965], [-77.01478, -12.080815]]}, "properties": {"id": "-35116500#1", "nombre": "Calle Batería Maipú", "longitud": 40.07, "velocidad_max": 50.0, "num_lanes": 1}}, {"type": "Feature", "id": "-35116500#2", "geometry": {"type": "LineString", "coordinates": [[-77.014002, -12.081162], [-77.014324, -12.081018]]}, "properties": {"id": "-35116500#2", "nombre": "Calle Batería Maipú", "longitud": 38.49, "velocidad_max": 50.0, "num_lanes": 1}}, {"type": "Feature", "id": "-35116500#3", "geometry": {"type": "LineString", "coordinates": [[-77.013473, -12.081397], [-77.013714, -12.08129], [-77.013881, -12.081216]]}, "properties": {"id": "-35116500#3", "nombre": "Calle Batería Maipú", "longitud": 48.73, "velocidad_max": 50.0, "num_lanes": 1}}, {"type": "Feature", "id": "-35116500#4", "geometry": {"type": "LineString", "coordinates": [[-77.013388, -12.081435], [-77.013389, -12.081434]]}, "properties": {"id": "-35116500#4", "nombre": "Calle Batería Maipú", "longitud": 0.2, "velocidad_max": 50.0, "num_lanes": 1}}, {"type": "Feature", "id": "-35116501", "geometry": {"type": "LineString", "coordinates": [[-77.014806, -12.080748], [-77.014546, -12.080179], [-77.014522, -12.080127], [-77.014496, -12.08009], [-77.014465, -12.080055], [-77.014431, -12.080024], [-77.014393, -12.079997], [-77.014349, -12.079974], [-77.014302, -12.079956], [-77.014253, -12.079945], [-77.014083, -12.079921]]}, "properties": {"id": "-35116501", "nombre": "Batería Independencia", "longitud": 130.67, "velocidad_max": 50.0, "num_lanes": 1}}, {"type": "Feature", "id": "-35116502#0", "geometry": {"type": "LineString", "coordinates": [[-77.014009, -12.079831], [-77.014031, -12.079633], [-77.014043, -12.079574]]}, "properties": {"id": "-35116502#0", "nombre": "Torre Junín", "longitud": 28.69, "velocidad_max": 50.0, "num_lanes": 1}}, {"type": "Feature", "id": "-35116502#1", "geometry": {"type": "LineString", "coordinates": [[-77.01435, -12.080951], [-77.014036, -12.080266], [-77.014018, -12.080218], [-77.014006, -12.080167], [-77.013998, -12.080106], [-77.013997, -12.080037], [-77.014, -12.079965]]}, "properties": {"id": "-35116502#1", "nombre": "Torre Junín", "longitud": 116.98, "velocidad_max": 50.0, "num_lanes": 1}}, {"type": "Feature", "id": "-35116503#0", "geometry": {"type": "LineString", "coordinates": [[-77.015957, -12.080254], [-77.016002, -12.080616]]}, "properties": {"id": "-35116503#0", "nombre": "Marcelino Varela", "longitud": 40.39, "velocidad_max": 50.0, "num_lanes": 1}}, {"type": "Feature", "id": "-35116503#1", "geometry": {"type": "LineString", "coordinates": [[-77.015904, -12.079783], [-77.015942, -12.080125]]}, "properties": {"id": "-35116503#1", "nombre": "Marcelino Varela", "longitud": 38.0, "velocidad_max": 50.0, "num_lanes": 1}}, {"type": "Feature", "id": "-35116505#0", "geometry": {"type": "LineString", "coordinates": [[-77.017812, -12.07861], [-77.017973, -12.078531], [-77.017976, -12.078531]]}, "properties": {"id": "-35116505#0", "nombre": "Calle Juan Carlos Vizcardo y Guzmán", "longitud": 19.94, "velocidad_max": 30.0, "num_lanes": 1}}, {"type": "Feature", "id": "-35116505#3", "geometry": {"type": "LineString", "coordinates": [[-77.017318, -12.078855], [-77.01736, -12.078833], [-77.01751, -12.078758]]}, "properties": {"id": "-35116505#3", "nombre": "Calle Juan Carlos Vizcardo y Guzmán", "longitud": 23.47, "velocidad_max": 30.0, "num_lanes": 1}}, {"type": "Feature", "id": "-35116505#4", "geometry": {"type": "LineString", "coordinates": [[-77.017032, -12.078996], [-77.017195, -12.078916]]}, "properties": {"id": "-35116505#4", "nombre": "Calle Juan Carlos Vizcardo y Guzmán", "longitud": 19.74, "velocidad_max": 30.0, "num_lanes": 1}}, {"type": "Feature", "id": "-35116505#6", "geometry": {"type": "LineString", "coordinates": [[-77.016257, -12.079291], [-77.01646, -12.07925], [-77.016669, -12.079171], [-77.016913, -12.079053]]}, "properties": {"id": "-35116505#6", "nombre": "Calle Juan Carlos Vizcardo y Guzmán", "longitud": 76.57, "velocidad_max": 30.0, "num_lanes": 1}}, {"type": "Feature", "id": "-35116505#7", "geometry": {"type": "LineString", "coordinates": [[-77.015829, -12.079395], [-77.016129, -12.079319]]}, "properties": {"id": "-35116505#7", "nombre": "Calle Juan Carlos Vizcardo y Guzmán", "longitud": 33.7, "velocidad_max": 30.0, "num_lanes": 1}}, {"type": "Feature", "id": "-35116505#8", "geometry": {"type": "LineString", "coordinates": [[-77.015566, -12.07969], [-77.015561, -12.079641], [-77.015573, -12.079572], [-77.015602, -12.079513], [-77.015651, -12.079471], [-77.015705, -12.079443], [-77.01571, -12.079441]]}, "properties": {"id": "-35116505#8", "nombre": "Calle Juan Carlos Vizcardo y Guzmán", "longitud": 34.8, "velocidad_max": 30.0, "num_lanes": 1}}, {"type": "Feature", "id": "-35139450#0", "geometry": {"type": "LineString", "coordinates": [[-77.016838, -12.078246], [-77.016846, -12.07847], [-77.016849, -12.078538], [-77.016859, -12.078621], [-77.016875, -12.078703], [-77.016899, -12.078789], [-77.016966, -12.07897]]}, "properties": {"id": "-35139450#0", "nombre": "Calle Carlos López Aldana", "longitud": 82.01, "velocidad_max": 50.0, "num_lanes": 1}}, {"type": "Feature", "id": "-35139450#2", "geometry": {"type": "LineString", "coordinates": [[-77.016821, -12.077809], [-77.016827, -12.077969], [-77.016833, -12.078116]]}, "properties": {"id": "-35139450#2", "nombre": "Calle Carlos López Aldana", "longitud": 33.96, "velocidad_max": 50.0, "num_lanes": 1}}, {"type": "Feature", "id": "-35139450#3", "geometry": {"type": "LineString", "coordinates": [[-77.016785, -12.076795], [-77.016816, -12.077679]]}, "properties": {"id": "-35139450#3", "nombre": "Calle Carlos López Aldana", "longitud": 97.8, "velocidad_max": 50.0, "num_lanes": 1}}, {"type": "Feature", "id": "-35139451#0", "geometry": {"type": "LineString", "coordinates": [[-77.015979, -12.081859], [-77.016063, -12.08205], [-77.016127, -12.082201]]}, "properties": {"id": "-35139451#0", "nombre": "Jirón Cornelio Borda", "longitud": 41.18, "velocidad_max": 50.0, "num_lanes": 1}}, {"type": "Feature", "id": "-35139451#2", "geometry": {"type": "LineString", "coordinates": [[-77.015805, -12.081275], [-77.015853, -12.081494], [-77.015934, -12.08174]]}, "properties": {"id": "-35139451#2", "nombre": "Jirón Cornelio Borda", "longitud": 53.46, "velocidad_max": 50.0, "num_lanes": 1}}, {"type": "Feature", "id": "-35139452", "geometry": {"type": "LineString", "coordinates": [[-77.016279, -12.081216], [-77.016288, -12.081322], [-77.016522, -12.081845], [-77.016568, -12.081945], [-77.016589, -12.081994]]}, "properties": {"id": "-35139452", "nombre": "Marcelino Varela", "longitud": 93.0, "velocidad_max": 50.0, "num_lanes": 1}}, {"type": "Feature", "id": "-35139453#2", "geometry": {"type": "LineString", "coordinates": [[-77.014564, -12.082387], [-77.014919, -12.082233], [-77.015276, -12.082077], [-77.015873, -12.081817]]}, "properties": {"id": "-35139453#2", "nombre": "Batería Abtao", "longitud": 155.79, "velocidad_max": 50.0, "num_lanes": 1}}, {"type": "Feature", "id": "-35139459#0", "geometry": {"type": "LineString", "coordinates": [[-77.014251, -12.079366], [-77.014214, -12.079387], [-77.01417, -12.079416], [-77.014134, -12.079451], [-77.014111, -12.079482], [-77.01411, -12.079483]]}, "properties": {"id": "-35139459#0", "nombre": "Calle Lamas", "longitud": 20.36, "velocidad_max": 50.0, "num_lanes": 1}}, {"type": "Feature", "id": "-35139459#1", "geometry": {"type": "LineString", "coordinates": [[-77.014588, -12.079192], [-77.014365, -12.079304]]}, "properties": {"id": "-35139459#1", "nombre": "Calle Lamas", "longitud": 27.31, "velocidad_max": 50.0, "num_lanes": 1}}, {"type": "Feature", "id": "-35139459#2", "geometry": {"type": "LineString", "coordinates": [[-77.015373, -12.078797], [-77.014706, -12.079133]]}, "properties": {"id": "-35139459#2", "nombre": "Calle Lamas", "longitud": 81.55, "velocidad_max": 50.0, "num_lanes": 1}}, {"type": "Feature", "id": "-35139459#3", "geometry": {"type": "LineString", "coordinates": [[-77.015781, -12.078587], [-77.01549, -12.078737]]}, "properties": {"id": "-35139459#3", "nombre": "Calle Lamas", "longitud": 35.74, "velocidad_max": 50.0, "num_lanes": 1}}, {"type": "Feature", "id": "-35139459#4", "geometry": {"type": "LineString", "coordinates": [[-77.016075, -12.078536], [-77.015906, -12.078541], [-77.015897, -12.078542]]}, "properties": {"id": "-35139459#4", "nombre": "Calle Lamas", "longitud": 19.46, "velocidad_max": 50.0, "num_lanes": 1}}, {"type": "Feature", "id": "-35139462#2", "geometry": {"type": "LineString", "coordinates": [[-77.01303, -12.078418], [-77.013195, -12.078749], [-77.013332, -12.079023], [-77.0135, -12.079361]]}, "properties": {"id": "-35139462#2", "nombre": "Calle 3", "longitud": 116.22, "velocidad_max": 50.0, "num_lanes": 1}}, {"type": "Feature", "id": "-35139463#2", "geometry": {"type": "LineString", "coordinates": [[-77.013371, -12.078236], [-77.013549, -12.078596], [-77.013561, -12.078621], [-77.013951, -12.079412]]}, "properties": {"id": "-35139463#2", "nombre": "Calle 2", "longitud": 144.61, "velocidad_max": 50.0, "num_lanes": 1}}, {"type": "Feature", "id": "-35139464#4", "geometry": {"type": "LineString", "coordinates": [[-77.014257, -12.079269], [-77.014106, -12.078961], [-77.013909, -12.078559], [-77.013868, -12.078475], [-77.013795, -12.078326], [-77.013671, -12.078073]]}, "properties": {"id": "-35139464#4", "nombre": "Calle 1", "longitud": 146.91, "velocidad_max": 50.0, "num_lanes": 1}}, {"type": "Feature", "id": "-35139465#4", "geometry": {"type": "LineString", "coordinates": [[-77.014385, -12.078676], [-77.014335, -12.078577], [-77.014265, -12.078437], [-77.014244, -12.078397], [-77.014125, -12.07816], [-77.013998, -12.07791]]}, "properties": {"id": "-35139465#4", "nombre": "Juan Cáceres", "longitud": 94.7, "velocidad_max": 50.0, "num_lanes": 1}}, {"type": "Feature", "id": "-35139465#6", "geometry": {"type": "LineString", "coordinates": [[-77.014598, -12.079098], [-77.014444, -12.078793]]}, "properties": {"id": "-35139465#6", "nombre": "Juan Cáceres", "longitud": 37.61, "velocidad_max": 50.0, "num_lanes": 1}}, {"type": "Feature", "id": "-35139467#0", "geometry": {"type": "LineString", "coordinates": [[-77.014799, -12.07856], [-77.014494, -12.078712]]}, "properties": {"id": "-35139467#0", "nombre": "Calle Rioja", "longitud": 37.28, "velocidad_max": 50.0, "num_lanes": 1}}, {"type": "Feature", "id": "-35139467#2", "geometry": {"type": "LineString", "coordinates": [[-77.015582, -12.07817], [-77.015261, -12.078329], [-77.014917, -12.078501]]}, "properties": {"id": "-35139467#2", "nombre": "Calle Rioja", "longitud": 81.1, "velocidad_max": 50.0, "num_lanes": 1}}, {"type": "Feature", "id": "-35139468#1", "geometry": {"type": "LineString", "coordinates": [[-77.014672, -12.078134], [-77.01475, -12.078287], [-77.014835, -12.078453]]}, "properties": {"id": "-35139468#1", "nombre": "Tarapoto", "longitud": 39.52, "velocidad_max": 50.0, "num_lanes": 1}}, {"type": "Feature", "id": "-35139468#2", "geometry": {"type": "LineString", "coordinates": [[-77.014442, -12.077682], [-77.014613, -12.078017]]}, "properties": {"id": "-35139468#2", "nombre": "Tarapoto", "longitud": 41.54, "velocidad_max": 50.0, "num_lanes": 1}}, {"type": "Feature", "id": "-35139468#3", "geometry": {"type": "LineString", "coordinates": [[-77.014201, -12.077222], [-77.014394, -12.077591]]}, "properties": {"id": "-35139468#3", "nombre": "Tarapoto", "longitud": 45.99, "velocidad_max": 50.0, "num_lanes": 1}}, {"type": "Feature", "id": "-35139469#0", "geometry": {"type": "LineString", "coordinates": [[-77.015677, -12.078181], [-77.015818, -12.078482]]}, "properties": {"id": "-35139469#0", "nombre": "Calle Saposoa", "longitud": 36.64, "velocidad_max": 50.0, "num_lanes": 1}}, {"type": "Feature", "id": "-35139469#2", "geometry": {"type": "LineString", "coordinates": [[-77.015453, -12.077742], [-77.015534, -12.077899], [-77.015618, -12.078062]]}, "properties": {"id": "-35139469#2", "nombre": "Calle Saposoa", "longitud": 39.68, "velocidad_max": 50.0, "num_lanes": 1}}, {"type": "Feature", "id": "-35139471#1", "geometry": {"type": "LineString", "coordinates": [[-77.015358, -12.077733], [-77.015038, -12.077894], [-77.014695, -12.078065]]}, "properties": {"id": "-35139471#1", "nombre": "Calle JuanJui", "longitud": 81.02, "velocidad_max": 50.0, "num_lanes": 1}}, {"type": "Feature", "id": "-35139471#3", "geometry": {"type": "LineString", "coordinates": [[-77.016037, -12.077456], [-77.015945, -12.077463], [-77.01581, -12.077507], [-77.015476, -12.077674]]}, "properties": {"id": "-35139471#3", "nombre": "Calle JuanJui", "longitud": 66.32, "velocidad_max": 50.0, "num_lanes": 1}}, {"type": "Feature", "id": "-35139472#0", "geometry": {"type": "LineString", "coordinates": [[-77.016157, -12.078584], [-77.01617, -12.079026], [-77.016173, -12.079099], [-77.016181, -12.079165], [-77.016197, -12.079251]]}, "properties": {"id": "-35139472#0", "nombre": "Calle Carlos Gutiérrez", "longitud": 73.95, "velocidad_max": 50.0, "num_lanes": 1}}, {"type": "Feature", "id": "-35139472#2", "geometry": {"type": "LineString", "coordinates": [[-77.01612, -12.077502], [-77.016139, -12.077988], [-77.016154, -12.078454]]}, "properties": {"id": "-35139472#2", "nombre": "Calle Carlos Gutiérrez", "longitud": 105.41, "velocidad_max": 50.0, "num_lanes": 1}}, {"type": "Feature", "id": "-35139472#3", "geometry": {"type": "LineString", "coordinates": [[-77.015993, -12.076907], [-77.016005, -12.07694], [-77.016052, -12.077068], [-77.016075, -12.077131], [-77.016094, -12.077208], [-77.016107, -12.077298], [-77.016113, -12.077371]]}, "properties": {"id": "-35139472#3", "nombre": "Calle Carlos Gutiérrez", "longitud": 53.26, "velocidad_max": 50.0, "num_lanes": 1}}, {"type": "Feature", "id": "-35139890#1", "geometry": {"type": "LineString", "coordinates": [[-77.019551, -12.078371], [-77.020251, -12.078319], [-77.020521, -12.0783]]}, "properties": {"id": "-35139890#1", "nombre": "Vizcardo Guzmán", "longitud": 105.87, "velocidad_max": 30.0, "num_lanes": 1}}, {"type": "Feature", "id": "-35139890#2", "geometry": {"type": "LineString", "coordinates": [[-77.018902, -12.078427], [-77.019419, -12.078381]]}, "properties": {"id": "-35139890#2", "nombre": "Vizcardo Guzmán", "longitud": 56.54, "velocidad_max": 30.0, "num_lanes": 1}}, {"type": "Feature", "id": "-35139891#1", "geometry": {"type": "LineString", "coordinates": [[-77.018924, -12.07906], [-77.018859, -12.079086], [-77.018617, -12.079209]]}, "properties": {"id": "-35139891#1", "nombre": "Federico Barreto", "longitud": 37.31, "velocidad_max": 50.0, "num_lanes": 1}}, {"type": "Feature", "id": "-35139891#3", "geometry": {"type": "LineString", "coordinates": [[-77.019477, -12.078971], [-77.019282, -12.078993]]}, "properties": {"id": "-35139891#3", "nombre": "Federico Barreto", "longitud": 21.41, "velocidad_max": 50.0, "num_lanes": 1}}, {"type": "Feature", "id": "-35139892", "geometry": {"type": "LineString", "coordinates": [[-77.01952, -12.078885], [-77.019477, -12.078457]]}, "properties": {"id": "-35139892", "nombre": "Jose María Corbacho", "longitud": 47.63, "velocidad_max": 50.0, "num_lanes": 1}}, {"type": "Feature", "id": "-35139894#2", "geometry": {"type": "LineString", "coordinates": [[-77.018012, -12.077268], [-77.017871, -12.077311], [-77.017848, -12.07732], [-77.017714, -12.077378], [-77.017678, -12.077397]]}, "properties": {"id": "-35139894#2", "nombre": "Miguel Dasso", "longitud": 39.11, "velocidad_max": 50.0, "num_lanes": 1}}, {"type": "Feature", "id": "-35139895#1", "geometry": {"type": "LineString", "coordinates": [[-77.018806, -12.077942], [-77.018821, -12.078108], [-77.018846, -12.078381]]}, "properties": {"id": "-35139895#1", "nombre": "Jirón Juan Castro", "longitud": 48.83, "velocidad_max": 30.0, "num_lanes": 1}}, {"type": "Feature", "id": "-35139895#2", "geometry": {"type": "LineString", "coordinates": [[-77.018761, -12.077264], [-77.018796, -12.077811]]}, "properties": {"id": "-35139895#2", "nombre": "Jirón Juan Castro", "longitud": 60.68, "velocidad_max": 30.0, "num_lanes": 1}}, {"type": "Feature", "id": "-35139895#7", "geometry": {"type": "LineString", "coordinates": [[-77.018846, -12.076212], [-77.018828, -12.076266], [-77.018744, -12.076505], [-77.018735, -12.076533], [-77.018727, -12.076565], [-77.018724, -12.076594], [-77.018724, -12.076624], [-77.018727, -12.076697], [-77.018736, -12.076858], [-77.018746, -12.077017], [-77.018753, -12.077134]]}, "properties": {"id": "-35139895#7", "nombre": "Jirón Juan Castro", "longitud": 104.17, "velocidad_max": 30.0, "num_lanes": 1}}, {"type": "Feature", "id": "-35139896#1", "geometry": {"type": "LineString", "coordinates": [[-77.020347, -12.077777], [-77.019587, -12.077832], [-77.018853, -12.077887]]}, "properties": {"id": "-35139896#1", "nombre": "Manuel Toribio Ureta", "longitud": 163.14, "velocidad_max": 30.0, "num_lanes": 1}}, {"type": "Feature", "id": "-35139897#1", "geometry": {"type": "LineString", "coordinates": [[-77.017862, -12.076545], [-77.017876, -12.076659], [-77.017929, -12.076872], [-77.018059, -12.077165]]}, "properties": {"id": "-35139897#1", "nombre": "Prolongación Lucanas", "longitud": 72.31, "velocidad_max": 50.0, "num_lanes": 1}}, {"type": "Feature", "id": "-35139899#0", "geometry": {"type": "LineString", "coordinates": [[-77.017285, -12.076626], [-77.017306, -12.076617], [-77.017584, -12.076485], [-77.017773, -12.076473]]}, "properties": {"id": "-35139899#0", "nombre": "Calle Moyobamba", "longitud": 56.72, "velocidad_max": 50.0, "num_lanes": 1}}, {"type": "Feature", "id": "-35139905", "geometry": {"type": "LineString", "coordinates": [[-77.021242, -12.075931], [-77.021708, -12.076552]]}, "properties": {"id": "-35139905", "nombre": "Benito Pardo", "longitud": 85.44, "velocidad_max": 30.0, "num_lanes": 1}}, {"type": "Feature", "id": "-35139914", "geometry": {"type": "LineString", "coordinates": [[-77.020049, -12.075578], [-77.020066, -12.075633], [-77.020099, -12.075702], [-77.02016, -12.075769], [-77.020753, -12.076228]]}, "properties": {"id": "-35139914", "nombre": "Figueroa", "longitud": 106.84, "velocidad_max": 30.0, "num_lanes": 1}}, {"type": "Feature", "id": "-35139915", "geometry": {"type": "LineString", "coordinates": [[-77.021682, -12.075599], [-77.021538, -12.075207]]}, "properties": {"id": "-35139915", "nombre": "-35139915", "longitud": 46.13, "velocidad_max": 30.0, "num_lanes": 1}}, {"type": "Feature", "id": "-35139917#0", "geometry": {"type": "LineString", "coordinates": [[-77.020356, -12.074968], [-77.020332, -12.075158], [-77.020332, -12.075296], [-77.020341, -12.075343], [-77.020346, -12.075368]]}, "properties": {"id": "-35139917#0", "nombre": "Calle Benito Parto Figueroa", "longitud": 44.6, "velocidad_max": 30.0, "num_lanes": 1}}, {"type": "Feature", "id": "-35139917#2", "geometry": {"type": "LineString", "coordinates": [[-77.020455, -12.074342], [-77.020452, -12.074362], [-77.020392, -12.074734], [-77.020374, -12.074841]]}, "properties": {"id": "-35139917#2", "nombre": "Calle Benito Parto Figueroa", "longitud": 55.89, "velocidad_max": 30.0, "num_lanes": 1}}, {"type": "Feature", "id": "-35139918#0", "geometry": {"type": "LineString", "coordinates": [[-77.019685, -12.074788], [-77.020287, -12.074878]]}, "properties": {"id": "-35139918#0", "nombre": "Mariano Aragonés", "longitud": 66.23, "velocidad_max": 50.0, "num_lanes": 1}}, {"type": "Feature", "id": "-35139918#4", "geometry": {"type": "LineString", "coordinates": [[-77.018495, -12.074611], [-77.018681, -12.074639], [-77.018907, -12.074672], [-77.01936, -12.07474], [-77.01954, -12.074767], [-77.019555, -12.074769]]}, "properties": {"id": "-35139918#4", "nombre": "Mariano Aragonés", "longitud": 116.65, "velocidad_max": 50.0, "num_lanes": 1}}, {"type": "Feature", "id": "-35139919", "geometry": {"type": "LineString", "coordinates": [[-77.01836, -12.075323], [-77.018591, -12.075372], [-77.019531, -12.07511], [-77.019555, -12.075081], [-77.019593, -12.074855]]}, "properties": {"id": "-35139919", "nombre": "Julio Villegas", "longitud": 161.62, "velocidad_max": 50.0, "num_lanes": 1}}, {"type": "Feature", "id": "-35139923#1", "geometry": {"type": "LineString", "coordinates": [[-77.016857, -12.074262], [-77.016412, -12.074134]]}, "properties": {"id": "-35139923#1", "nombre": "Ignacio Cossío", "longitud": 50.48, "velocidad_max": 50.0, "num_lanes": 1}}, {"type": "Feature", "id": "-35139923#3", "geometry": {"type": "LineString", "coordinates": [[-77.017364, -12.074402], [-77.01694, -12.074286]]}, "properties": {"id": "-35139923#3", "nombre": "Ignacio Cossío", "longitud": 47.99, "velocidad_max": 50.0, "num_lanes": 1}}, {"type": "Feature", "id": "-35139923#5", "geometry": {"type": "LineString", "coordinates": [[-77.017922, -12.07479], [-77.017868, -12.074635], [-77.017842, -12.07458], [-77.017792, -12.074536], [-77.017747, -12.074512], [-77.017491, -12.074438]]}, "properties": {"id": "-35139923#5", "nombre": "Ignacio Cossío", "longitud": 66.72, "velocidad_max": 50.0, "num_lanes": 1}}, {"type": "Feature", "id": "-35139924", "geometry": {"type": "LineString", "coordinates": [[-77.017974, -12.074964], [-77.01794, -12.074991], [-77.017888, -12.075008], [-77.017182, -12.075151]]}, "properties": {"id": "-35139924", "nombre": "Jirón Ignacio Cossío", "longitud": 89.18, "velocidad_max": 50.0, "num_lanes": 1}}, {"type": "Feature", "id": "-35140112#0", "geometry": {"type": "LineString", "coordinates": [[-77.015847, -12.075765], [-77.016045, -12.076184]]}, "properties": {"id": "-35140112#0", "nombre": "Jirón Carlos Gutiérrez Noriega", "longitud": 51.14, "velocidad_max": 30.0, "num_lanes": 1}}, {"type": "Feature", "id": "-35140114#0", "geometry": {"type": "LineString", "coordinates": [[-77.015793, -12.073941], [-77.016169, -12.074035]]}, "properties": {"id": "-35140114#0", "nombre": "Ignacio Cossío", "longitud": 42.22, "velocidad_max": 30.0, "num_lanes": 1}}, {"type": "Feature", "id": "-35140114#2", "geometry": {"type": "LineString", "coordinates": [[-77.015213, -12.073862], [-77.015239, -12.073848], [-77.015281, -12.073832], [-77.015335, -12.073825], [-77.015383, -12.073831], [-77.015666, -12.073908]]}, "properties": {"id": "-35140114#2", "nombre": "Ignacio Cossío", "longitud": 51.35, "velocidad_max": 30.0, "num_lanes": 1}}, {"type": "Feature", "id": "-35140126#0", "geometry": {"type": "LineString", "coordinates": [[-77.01463, -12.074071], [-77.014633, -12.07394], [-77.014657, -12.073796]]}, "properties": {"id": "-35140126#0", "nombre": "Calle Gutiérrez", "longitud": 30.6, "velocidad_max": 50.0, "num_lanes": 1}}, {"type": "Feature", "id": "-35140126#2", "geometry": {"type": "LineString", "coordinates": [[-77.014685, -12.074993], [-77.01467, -12.074914], [-77.014649, -12.074771], [-77.014631, -12.074468], [-77.014628, -12.074203]]}, "properties": {"id": "-35140126#2", "nombre": "Calle Gutiérrez", "longitud": 87.82, "velocidad_max": 50.0, "num_lanes": 1}}, {"type": "Feature", "id": "-35140126#3", "geometry": {"type": "LineString", "coordinates": [[-77.014799, -12.07543], [-77.014772, -12.075347], [-77.014731, -12.075202], [-77.014712, -12.07512]]}, "properties": {"id": "-35140126#3", "nombre": "Calle Gutiérrez", "longitud": 35.58, "velocidad_max": 50.0, "num_lanes": 1}}, {"type": "Feature", "id": "-35140126#4", "geometry": {"type": "LineString", "coordinates": [[-77.014962, -12.075874], [-77.014842, -12.075552]]}, "properties": {"id": "-35140126#4", "nombre": "Calle Gutiérrez", "longitud": 37.92, "velocidad_max": 50.0, "num_lanes": 1}}, {"type": "Feature", "id": "-35140127#2", "geometry": {"type": "LineString", "coordinates": [[-77.013496, -12.075845], [-77.012872, -12.075939], [-77.01258, -12.075982], [-77.012577, -12.075982]]}, "properties": {"id": "-35140127#2", "nombre": "Calle Jorge Cuba", "longitud": 101.27, "velocidad_max": 30.0, "num_lanes": 1}}, {"type": "Feature", "id": "-35140127#4", "geometry": {"type": "LineString", "coordinates": [[-77.014776, -12.075523], [-77.014433, -12.075653], [-77.014131, -12.075753], [-77.013981, -12.075775], [-77.013627, -12.075826]]}, "properties": {"id": "-35140127#4", "nombre": "Calle Jorge Cuba", "longitud": 130.2, "velocidad_max": 30.0, "num_lanes": 1}}, {"type": "Feature", "id": "-35140133#0", "geometry": {"type": "LineString", "coordinates": [[-77.01434, -12.075127], [-77.014643, -12.075054]]}, "properties": {"id": "-35140133#0", "nombre": "Calle Huaylas", "longitud": 33.99, "velocidad_max": 50.0, "num_lanes": 1}}, {"type": "Feature", "id": "-35140133#1", "geometry": {"type": "LineString", "coordinates": [[-77.014006, -12.075211], [-77.014212, -12.075159]]}, "properties": {"id": "-35140133#1", "nombre": "Calle Huaylas", "longitud": 23.08, "velocidad_max": 50.0, "num_lanes": 1}}, {"type": "Feature", "id": "-35140133#2", "geometry": {"type": "LineString", "coordinates": [[-77.013539, -12.075286], [-77.013878, -12.075243]]}, "properties": {"id": "-35140133#2", "nombre": "Calle Huaylas", "longitud": 37.19, "velocidad_max": 50.0, "num_lanes": 1}}, {"type": "Feature", "id": "-35140136#0", "geometry": {"type": "LineString", "coordinates": [[-77.012842, -12.077328], [-77.012861, -12.077372], [-77.013001, -12.077657], [-77.013015, -12.077697]]}, "properties": {"id": "-35140136#0", "nombre": "Calle Ignacio Cossío", "longitud": 44.92, "velocidad_max": 40.0, "num_lanes": 1}}, {"type": "Feature", "id": "-35140136#3", "geometry": {"type": "LineString", "coordinates": [[-77.012626, -12.076493], [-77.012672, -12.07671], [-77.012732, -12.076993], [-77.012759, -12.077091], [-77.012785, -12.077178], [-77.012794, -12.077205]]}, "properties": {"id": "-35140136#3", "nombre": "Calle Ignacio Cossío", "longitud": 80.98, "velocidad_max": 40.0, "num_lanes": 1}}, {"type": "Feature", "id": "-35140138#1", "geometry": {"type": "LineString", "coordinates": [[-77.013878, -12.076777], [-77.012878, -12.077251], [-77.012874, -12.077253]]}, "properties": {"id": "-35140138#1", "nombre": "Pasaje Martiniano Chavarri", "longitud": 121.26, "velocidad_max": 50.0, "num_lanes": 1}}, {"type": "Feature", "id": "-35140139", "geometry": {"type": "LineString", "coordinates": [[-77.012132, -12.076538], [-77.012184, -12.076858], [-77.012385, -12.077484], [-77.012595, -12.077908]]}, "properties": {"id": "-35140139", "nombre": "Calle 1", "longitud": 160.6, "velocidad_max": 30.0, "num_lanes": 1}}, {"type": "Feature", "id": "-35140140", "geometry": {"type": "LineString", "coordinates": [[-77.011663, -12.076522], [-77.011665, -12.07655], [-77.011673, -12.076624], [-77.011762, -12.077018], [-77.011978, -12.077742], [-77.012174, -12.078117]]}, "properties": {"id": "-35140140", "nombre": "Calle Jaime Garza", "longitud": 186.19, "velocidad_max": 30.0, "num_lanes": 1}}, {"type": "Feature", "id": "-351530263#0", "geometry": {"type": "LineString", "coordinates": [[-77.05101, -12.092601], [-77.050959, -12.092993]]}, "properties": {"id": "-351530263#0", "nombre": "Calle Los Castaños", "longitud": 43.81, "velocidad_max": 50.0, "num_lanes": 1}}, {"type": "Feature", "id": "-351530263#1", "geometry": {"type": "LineString", "coordinates": [[-77.051082, -12.092055], [-77.051025, -12.092486]]}, "properties": {"id": "-351530263#1", "nombre": "Calle Los Castaños", "longitud": 48.07, "velocidad_max": 50.0, "num_lanes": 1}}, {"type": "Feature", "id": "-351530265", "geometry": {"type": "LineString", "coordinates": [[-77.051188, -12.091417], [-77.051097, -12.091964]]}, "properties": {"id": "-351530265", "nombre": "Calle Daniel Alcides Carrión", "longitud": 61.32, "velocidad_max": 50.0, "num_lanes": 1}}, {"type": "Feature", "id": "-35170632#0", "geometry": {"type": "LineString", "coordinates": [[-77.010068, -12.101671], [-77.00969, -12.101933], [-77.009174, -12.102282]]}, "properties": {"id": "-35170632#0", "nombre": "Jirón Copérnico", "longitud": 118.53, "velocidad_max": 40.0, "num_lanes": 1}}, {"type": "Feature", "id": "-35172844#1", "geometry": {"type": "LineString", "coordinates": [[-77.010003, -12.105227], [-77.009888, -12.105749], [-77.009757, -12.106344], [-77.009602, -12.107045]]}, "properties": {"id": "-35172844#1", "nombre": "Jirón Philipp Von Leonard", "longitud": 205.84, "velocidad_max": 30.0, "num_lanes": 1}}, {"type": "Feature", "id": "-35172844#2", "geometry": {"type": "LineString", "coordinates": [[-77.010159, -12.104482], [-77.01003, -12.1051]]}, "properties": {"id": "-35172844#2", "nombre": "Jirón Philipp Von Leonard", "longitud": 69.77, "velocidad_max": 30.0, "num_lanes": 1}}, {"type": "Feature", "id": "-35172844#5", "geometry": {"type": "LineString", "coordinates": [[-77.010451, -12.103218], [-77.010266, -12.104001], [-77.010255, -12.104051], [-77.010187, -12.104355]]}, "properties": {"id": "-35172844#5", "nombre": "Jirón Philipp Von Leonard", "longitud": 129.13, "velocidad_max": 30.0, "num_lanes": 1}}, {"type": "Feature", "id": "-35172847", "geometry": {"type": "LineString", "coordinates": [[-77.001999, -12.103997], [-77.002036, -12.103997], [-77.003203, -12.104008], [-77.003417, -12.104007], [-77.003818, -12.104005], [-77.004493, -12.104002], [-77.00509, -12.103989], [-77.005668, -12.103981], [-77.006178, -12.103981], [-77.006293, -12.103983], [-77.006399, -12.103978], [-77.006876, -12.103974], [-77.007401, -12.103971], [-77.007906, -12.103981], [-77.008251, -12.104018], [-77.008858, -12.10412], [-77.009416, -12.104249], [-77.010097, -12.104388]]}, "properties": {"id": "-35172847", "nombre": "Jirón Alberto Barajas", "longitud": 886.13, "velocidad_max": 40.0, "num_lanes": 1}}, {"type": "Feature", "id": "-35172848", "geometry": {"type": "LineString", "coordinates": [[-77.008652, -12.107527], [-77.008728, -12.107539], [-77.008757, -12.107544], [-77.008773, -12.107546], [-77.009212, -12.107632], [-77.010179, -12.107818]]}, "properties": {"id": "-35172848", "nombre": "Jirón Rutherford", "longitud": 169.36, "velocidad_max": 50.0, "num_lanes": 1}}, {"type": "Feature", "id": "-35172850#0", "geometry": {"type": "LineString", "coordinates": [[-77.012547, -12.107649], [-77.012104, -12.107568]]}, "properties": {"id": "-35172850#0", "nombre": "Jirón Roberto Ramírez del Villar", "longitud": 49.11, "velocidad_max": 40.0, "num_lanes": 1}}, {"type": "Feature", "id": "-35172850#1", "geometry": {"type": "LineString", "coordinates": [[-77.01354, -12.107805], [-77.012676, -12.107671]]}, "properties": {"id": "-35172850#1", "nombre": "Jirón Roberto Ramírez del Villar", "longitud": 95.21, "velocidad_max": 40.0, "num_lanes": 1}}, {"type": "Feature", "id": "-35172850#2", "geometry": {"type": "LineString", "coordinates": [[-77.014519, -12.107983], [-77.014474, -12.107978], [-77.014364, -12.107965], [-77.013636, -12.107822]]}, "properties": {"id": "-35172850#2", "nombre": "Jirón Roberto Ramírez del Villar", "longitud": 97.8, "velocidad_max": 40.0, "num_lanes": 1}}, {"type": "Feature", "id": "-35486854#0", "geometry": {"type": "LineString", "coordinates": [[-77.00851, -12.074743], [-77.008388, -12.074936]]}, "properties": {"id": "-35486854#0", "nombre": "Calle Teofilo Castillo", "longitud": 25.14, "velocidad_max": 50.0, "num_lanes": 1}}, {"type": "Feature", "id": "-35486854#1", "geometry": {"type": "LineString", "coordinates": [[-77.009482, -12.073119], [-77.009088, -12.073778], [-77.008578, -12.074632]]}, "properties": {"id": "-35486854#1", "nombre": "Calle Teofilo Castillo", "longitud": 194.15, "velocidad_max": 50.0, "num_lanes": 1}}, {"type": "Feature", "id": "-35486854#2", "geometry": {"type": "LineString", "coordinates": [[-77.009682, -12.072785], [-77.009549, -12.073007]]}, "properties": {"id": "-35486854#2", "nombre": "Calle Teofilo Castillo", "longitud": 28.52, "velocidad_max": 50.0, "num_lanes": 1}}, {"type": "Feature", "id": "-35486854#3", "geometry": {"type": "LineString", "coordinates": [[-77.009891, -12.072444], [-77.009751, -12.072671]]}, "properties": {"id": "-35486854#3", "nombre": "Calle Teofilo Castillo", "longitud": 29.41, "velocidad_max": 50.0, "num_lanes": 1}}, {"type": "Feature", "id": "-35486854#4", "geometry": {"type": "LineString", "coordinates": [[-77.010139, -12.071844], [-77.009949, -12.07233]]}, "properties": {"id": "-35486854#4", "nombre": "Calle Teofilo Castillo", "longitud": 57.62, "velocidad_max": 50.0, "num_lanes": 1}}, {"type": "Feature", "id": "-35486856#0", "geometry": {"type": "LineString", "coordinates": [[-77.010788, -12.072613], [-77.010865, -12.072047]]}, "properties": {"id": "-35486856#0", "nombre": "Calle Teofilo Castillo", "longitud": 63.17, "velocidad_max": 50.0, "num_lanes": 1}}, {"type": "Feature", "id": "-35486856#1", "geometry": {"type": "LineString", "coordinates": [[-77.010739, -12.072981], [-77.010771, -12.072743]]}, "properties": {"id": "-35486856#1", "nombre": "Calle Teofilo Castillo", "longitud": 26.62, "velocidad_max": 50.0, "num_lanes": 1}}, {"type": "Feature", "id": "-35486856#2", "geometry": {"type": "LineString", "coordinates": [[-77.010683, -12.073399], [-77.010722, -12.07311]]}, "properties": {"id": "-35486856#2", "nombre": "Calle Teofilo Castillo", "longitud": 32.24, "velocidad_max": 50.0, "num_lanes": 1}}, {"type": "Feature", "id": "-35486856#4", "geometry": {"type": "LineString", "coordinates": [[-77.010514, -12.074665], [-77.01059, -12.074095], [-77.010666, -12.073528]]}, "properties": {"id": "-35486856#4", "nombre": "Calle Teofilo Castillo", "longitud": 126.9, "velocidad_max": 50.0, "num_lanes": 1}}, {"type": "Feature", "id": "-35486856#5", "geometry": {"type": "LineString", "coordinates": [[-77.010492, -12.075052], [-77.010503, -12.074795]]}, "properties": {"id": "-35486856#5", "nombre": "Calle Teofilo Castillo", "longitud": 28.48, "velocidad_max": 50.0, "num_lanes": 1}}, {"type": "Feature", "id": "-35486858#0", "geometry": {"type": "LineString", "coordinates": [[-77.010403, -12.073417], [-77.010625, -12.073443]]}, "properties": {"id": "-35486858#0", "nombre": "Alejandro Villanueva", "longitud": 24.41, "velocidad_max": 50.0, "num_lanes": 1}}, {"type": "Feature", "id": "-35486858#1", "geometry": {"type": "LineString", "coordinates": [[-77.009568, -12.073078], [-77.009833, -12.073239], [-77.010019, -12.073322], [-77.010282, -12.073393]]}, "properties": {"id": "-35486858#1", "nombre": "Alejandro Villanueva", "longitud": 85.88, "velocidad_max": 50.0, "num_lanes": 1}}, {"type": "Feature", "id": "-35486860#0", "geometry": {"type": "LineString", "coordinates": [[-77.009949, -12.073726], [-77.009811, -12.073676], [-77.00963, -12.073586]]}, "properties": {"id": "-35486860#0", "nombre": "José Coronado", "longitud": 38.01, "velocidad_max": 50.0, "num_lanes": 1}}, {"type": "Feature", "id": "-35486860#1", "geometry": {"type": "LineString", "coordinates": [[-77.01021, -12.073794], [-77.010075, -12.073764]]}, "properties": {"id": "-35486860#1", "nombre": "José Coronado", "longitud": 15.13, "velocidad_max": 50.0, "num_lanes": 1}}, {"type": "Feature", "id": "-35486861#0", "geometry": {"type": "LineString", "coordinates": [[-77.010276, -12.073726], [-77.010313, -12.073484]]}, "properties": {"id": "-35486861#0", "nombre": "Jirón Urteaga", "longitud": 27.12, "velocidad_max": 50.0, "num_lanes": 1}}, {"type": "Feature", "id": "-35486861#3", "geometry": {"type": "LineString", "coordinates": [[-77.010133, -12.074679], [-77.010174, -12.074417], [-77.010256, -12.073855]]}, "properties": {"id": "-35486861#3", "nombre": "Jirón Urteaga", "longitud": 92.16, "velocidad_max": 50.0, "num_lanes": 1}}, {"type": "Feature", "id": "-35486862#2", "geometry": {"type": "LineString", "coordinates": [[-77.009404, -12.074728], [-77.009672, -12.074285], [-77.009972, -12.07379]]}, "properties": {"id": "-35486862#2", "nombre": "Sarmiento", "longitud": 120.74, "velocidad_max": 50.0, "num_lanes": 1}}, {"type": "Feature", "id": "-35486863#0", "geometry": {"type": "LineString", "coordinates": [[-77.009317, -12.074763], [-77.009053, -12.074561]]}, "properties": {"id": "-35486863#0", "nombre": "José Julio Morales", "longitud": 36.43, "velocidad_max": 50.0, "num_lanes": 1}}, {"type": "Feature", "id": "-35486863#1", "geometry": {"type": "LineString", "coordinates": [[-77.010085, -12.074779], [-77.009771, -12.074853], [-77.009558, -12.074883], [-77.00946, -12.074861], [-77.009428, -12.074841]]}, "properties": {"id": "-35486863#1", "nombre": "José Julio Morales", "longitud": 73.66, "velocidad_max": 50.0, "num_lanes": 1}}, {"type": "Feature", "id": "-35486863#2", "geometry": {"type": "LineString", "coordinates": [[-77.010452, -12.074746], [-77.010211, -12.074762]]}, "properties": {"id": "-35486863#2", "nombre": "José Julio Morales", "longitud": 26.33, "velocidad_max": 50.0, "num_lanes": 1}}, {"type": "Feature", "id": "-35486864#0", "geometry": {"type": "LineString", "coordinates": [[-77.010444, -12.075129], [-77.010323, -12.075134], [-77.009441, -12.075309], [-77.008848, -12.074909], [-77.00858, -12.074729]]}, "properties": {"id": "-35486864#0", "nombre": "Calle Enrique Barreda", "longitud": 224.78, "velocidad_max": 50.0, "num_lanes": 1}}, {"type": "Feature", "id": "-35486866#2", "geometry": {"type": "LineString", "coordinates": [[-77.009747, -12.076051], [-77.009914, -12.075854], [-77.00999, -12.075774], [-77.010082, -12.075703], [-77.010174, -12.075654], [-77.010294, -12.075625], [-77.010311, -12.075625], [-77.010435, -12.075621], [-77.010778, -12.075666]]}, "properties": {"id": "-35486866#2", "nombre": "Calle Tres Avenidas", "longitud": 131.07, "velocidad_max": 50.0, "num_lanes": 1}}, {"type": "Feature", "id": "-35487087#0", "geometry": {"type": "LineString", "coordinates": [[-77.009869, -12.070015], [-77.009203, -12.069918]]}, "properties": {"id": "-35487087#0", "nombre": "Jirón Francia", "longitud": 73.27, "velocidad_max": 50.0, "num_lanes": 1}}, {"type": "Feature", "id": "-35487087#1", "geometry": {"type": "LineString", "coordinates": [[-77.010747, -12.070137], [-77.01, -12.070034]]}, "properties": {"id": "-35487087#1", "nombre": "Jirón Francia", "longitud": 82.11, "velocidad_max": 50.0, "num_lanes": 1}}, {"type": "Feature", "id": "-35487496#0", "geometry": {"type": "LineString", "coordinates": [[-77.014578, -12.066649], [-77.014773, -12.066673]]}, "properties": {"id": "-35487496#0", "nombre": "Calle Sebastian Barranca", "longitud": 21.34, "velocidad_max": 50.0, "num_lanes": 1}}, {"type": "Feature", "id": "-35487496#1", "geometry": {"type": "LineString", "coordinates": [[-77.014224, -12.066604], [-77.014447, -12.066633]]}, "properties": {"id": "-35487496#1", "nombre": "Calle Sebastian Barranca", "longitud": 24.52, "velocidad_max": 50.0, "num_lanes": 1}}, {"type": "Feature", "id": "-35487496#2", "geometry": {"type": "LineString", "coordinates": [[-77.013342, -12.066493], [-77.014092, -12.066588]]}, "properties": {"id": "-35487496#2", "nombre": "Calle Sebastian Barranca", "longitud": 82.35, "velocidad_max": 50.0, "num_lanes": 1}}, {"type": "Feature", "id": "-35487504#1", "geometry": {"type": "LineString", "coordinates": [[-77.013422, -12.071649], [-77.013075, -12.071599]]}, "properties": {"id": "-35487504#1", "nombre": "Jirón Bélgica", "longitud": 38.25, "velocidad_max": 20.0, "num_lanes": 1}}, {"type": "Feature", "id": "-35487506", "geometry": {"type": "LineString", "coordinates": [[-77.013183, -12.067688], [-77.013929, -12.06777]]}, "properties": {"id": "-35487506", "nombre": "Pasaje Gamarra", "longitud": 81.81, "velocidad_max": 50.0, "num_lanes": 1}}, {"type": "Feature", "id": "-35555785#11", "geometry": {"type": "LineString", "coordinates": [[-77.021876, -12.06369], [-77.021874, -12.063707], [-77.021712, -12.064886], [-77.021711, -12.064896]]}, "properties": {"id": "-35555785#11", "nombre": "Jirón Manuel Cisneros", "longitud": 134.59, "velocidad_max": 30.0, "num_lanes": 1}}, {"type": "Feature", "id": "-35555785#14", "geometry": {"type": "LineString", "coordinates": [[-77.021953, -12.06311], [-77.0219, -12.063507], [-77.021897, -12.063532]]}, "properties": {"id": "-35555785#14", "nombre": "Jirón Manuel Cisneros", "longitud": 47.08, "velocidad_max": 30.0, "num_lanes": 1}}, {"type": "Feature", "id": "-35555785#15", "geometry": {"type": "LineString", "coordinates": [[-77.021997, -12.062785], [-77.02197, -12.062981]]}, "properties": {"id": "-35555785#15", "nombre": "Jirón Manuel Cisneros", "longitud": 21.87, "velocidad_max": 30.0, "num_lanes": 1}}, {"type": "Feature", "id": "-35555785#2", "geometry": {"type": "LineString", "coordinates": [[-77.021332, -12.067764], [-77.021188, -12.06885], [-77.021175, -12.068946], [-77.021149, -12.069141], [-77.021146, -12.069165]]}, "properties": {"id": "-35555785#2", "nombre": "Jirón Manuel Cisneros", "longitud": 156.34, "velocidad_max": 30.0, "num_lanes": 1}}, {"type": "Feature", "id": "-35555785#5", "geometry": {"type": "LineString", "coordinates": [[-77.021526, -12.066311], [-77.02144, -12.06696], [-77.021411, -12.067178], [-77.021346, -12.067664]]}, "properties": {"id": "-35555785#5", "nombre": "Jirón Manuel Cisneros", "longitud": 151.01, "velocidad_max": 30.0, "num_lanes": 1}}, {"type": "Feature", "id": "-35555785#8", "geometry": {"type": "LineString", "coordinates": [[-77.021694, -12.065025], [-77.021658, -12.065301], [-77.02158, -12.065903], [-77.02154, -12.06621]]}, "properties": {"id": "-35555785#8", "nombre": "Jirón Manuel Cisneros", "longitud": 132.16, "velocidad_max": 30.0, "num_lanes": 1}}, {"type": "Feature", "id": "-35555803#0", "geometry": {"type": "LineString", "coordinates": [[-77.019244, -12.073045], [-77.020527, -12.07321]]}, "properties": {"id": "-35555803#0", "nombre": "Juan Francisco Rivas", "longitud": 140.9, "velocidad_max": 30.0, "num_lanes": 1}}, {"type": "Feature", "id": "-35555803#1", "geometry": {"type": "LineString", "coordinates": [[-77.01873, -12.072979], [-77.019113, -12.073028]]}, "properties": {"id": "-35555803#1", "nombre": "Juan Francisco Rivas", "longitud": 42.03, "velocidad_max": 30.0, "num_lanes": 1}}, {"type": "Feature", "id": "-35555804#0", "geometry": {"type": "LineString", "coordinates": [[-77.019871, -12.07244], [-77.019331, -12.072373]]}, "properties": {"id": "-35555804#0", "nombre": "Jirón Bélgica", "longitud": 59.25, "velocidad_max": 50.0, "num_lanes": 1}}, {"type": "Feature", "id": "-35555804#1", "geometry": {"type": "LineString", "coordinates": [[-77.020617, -12.072534], [-77.020002, -12.072457]]}, "properties": {"id": "-35555804#1", "nombre": "Jirón Bélgica", "longitud": 67.54, "velocidad_max": 50.0, "num_lanes": 1}}, {"type": "Feature", "id": "-35555804#3", "geometry": {"type": "LineString", "coordinates": [[-77.021374, -12.072629], [-77.021151, -12.072601], [-77.020748, -12.072551]]}, "properties": {"id": "-35555804#3", "nombre": "Jirón Bélgica", "longitud": 68.64, "velocidad_max": 50.0, "num_lanes": 1}}, {"type": "Feature", "id": "-35555807", "geometry": {"type": "LineString", "coordinates": [[-77.020171, -12.070918], [-77.019961, -12.072371]]}, "properties": {"id": "-35555807", "nombre": "-35555807", "longitud": 162.39, "velocidad_max": 50.0, "num_lanes": 1}}, {"type": "Feature", "id": "-35555809#1", "geometry": {"type": "LineString", "coordinates": [[-77.020962, -12.070948], [-77.021282, -12.070992], [-77.021576, -12.071034], [-77.021588, -12.071036]]}, "properties": {"id": "-35555809#1", "nombre": "Jirón Francia", "longitud": 68.85, "velocidad_max": 30.0, "num_lanes": 1}}, {"type": "Feature", "id": "-35555809#2", "geometry": {"type": "LineString", "coordinates": [[-77.02056, -12.070892], [-77.02083, -12.070929]]}, "properties": {"id": "-35555809#2", "nombre": "Jirón Francia", "longitud": 29.73, "velocidad_max": 30.0, "num_lanes": 1}}, {"type": "Feature", "id": "-35555809#3", "geometry": {"type": "LineString", "coordinates": [[-77.020234, -12.070847], [-77.020429, -12.070874]]}, "properties": {"id": "-35555809#3", "nombre": "Jirón Francia", "longitud": 21.46, "velocidad_max": 30.0, "num_lanes": 1}}, {"type": "Feature", "id": "-35555809#4", "geometry": {"type": "LineString", "coordinates": [[-77.019546, -12.070751], [-77.020103, -12.070828]]}, "properties": {"id": "-35555809#4", "nombre": "Jirón Francia", "longitud": 61.27, "velocidad_max": 30.0, "num_lanes": 1}}, {"type": "Feature", "id": "-35555809#6", "geometry": {"type": "LineString", "coordinates": [[-77.017812, -12.070511], [-77.018474, -12.070602], [-77.018924, -12.070665], [-77.019414, -12.070733]]}, "properties": {"id": "-35555809#6", "nombre": "Jirón Francia", "longitud": 176.09, "velocidad_max": 30.0, "num_lanes": 1}}, {"type": "Feature", "id": "-35555826#0", "geometry": {"type": "LineString", "coordinates": [[-77.01826, -12.071093], [-77.019333, -12.071236]]}, "properties": {"id": "-35555826#0", "nombre": "-35555826#0", "longitud": 117.89, "velocidad_max": 30.0, "num_lanes": 1}}, {"type": "Feature", "id": "-35555826#1", "geometry": {"type": "LineString", "coordinates": [[-77.017743, -12.071024], [-77.018129, -12.071076]]}, "properties": {"id": "-35555826#1", "nombre": "-35555826#1", "longitud": 42.42, "velocidad_max": 30.0, "num_lanes": 1}}, {"type": "Feature", "id": "-35555833", "geometry": {"type": "LineString", "coordinates": [[-77.016666, -12.07254], [-77.017422, -12.072627]]}, "properties": {"id": "-35555833", "nombre": "Calle Juan Francisco Rivas", "longitud": 82.89, "velocidad_max": 30.0, "num_lanes": 1}}, {"type": "Feature", "id": "-35555835#0", "geometry": {"type": "LineString", "coordinates": [[-77.017948, -12.07242], [-77.017561, -12.072374]]}, "properties": {"id": "-35555835#0", "nombre": "Belisario Carrillo", "longitud": 42.37, "velocidad_max": 30.0, "num_lanes": 1}}, {"type": "Feature", "id": "-35555835#1", "geometry": {"type": "LineString", "coordinates": [[-77.018658, -12.072504], [-77.018079, -12.072435]]}, "properties": {"id": "-35555835#1", "nombre": "Belisario Carrillo", "longitud": 63.47, "velocidad_max": 30.0, "num_lanes": 1}}, {"type": "Feature", "id": "-35555837#0", "geometry": {"type": "LineString", "coordinates": [[-77.018732, -12.072563], [-77.018686, -12.072923]]}, "properties": {"id": "-35555837#0", "nombre": "Edmundo Escomel", "longitud": 40.07, "velocidad_max": 30.0, "num_lanes": 1}}, {"type": "Feature", "id": "-35555837#1", "geometry": {"type": "LineString", "coordinates": [[-77.018839, -12.071719], [-77.018748, -12.072434]]}, "properties": {"id": "-35555837#1", "nombre": "Edmundo Escomel", "longitud": 79.79, "velocidad_max": 30.0, "num_lanes": 1}}, {"type": "Feature", "id": "-35555839#0", "geometry": {"type": "LineString", "coordinates": [[-77.0189, -12.071646], [-77.019273, -12.071693]]}, "properties": {"id": "-35555839#0", "nombre": "-35555839#0", "longitud": 40.95, "velocidad_max": 30.0, "num_lanes": 1}}, {"type": "Feature", "id": "-35555839#1", "geometry": {"type": "LineString", "coordinates": [[-77.018199, -12.071547], [-77.01877, -12.071629]]}, "properties": {"id": "-35555839#1", "nombre": "-35555839#1", "longitud": 62.81, "velocidad_max": 30.0, "num_lanes": 1}}, {"type": "Feature", "id": "-35555843#0", "geometry": {"type": "LineString", "coordinates": [[-77.018125, -12.071486], [-77.018169, -12.071162]]}, "properties": {"id": "-35555843#0", "nombre": "-35555843#0", "longitud": 36.22, "velocidad_max": 30.0, "num_lanes": 1}}, {"type": "Feature", "id": "-35555843#1", "geometry": {"type": "LineString", "coordinates": [[-77.018009, -12.072346], [-77.018108, -12.071615]]}, "properties": {"id": "-35555843#1", "nombre": "-35555843#1", "longitud": 81.62, "velocidad_max": 30.0, "num_lanes": 1}}, {"type": "Feature", "id": "-35555851#0", "geometry": {"type": "LineString", "coordinates": [[-77.016801, -12.071535], [-77.01758, -12.071629]]}, "properties": {"id": "-35555851#0", "nombre": "Jirón Bélgica", "longitud": 85.47, "velocidad_max": 30.0, "num_lanes": 1}}, {"type": "Feature", "id": "-35555935#1", "geometry": {"type": "LineString", "coordinates": [[-77.019429, -12.069858], [-77.01925, -12.069831], [-77.018601, -12.069738], [-77.017944, -12.069634]]}, "properties": {"id": "-35555935#1", "nombre": "Jirón Italia", "longitud": 163.66, "velocidad_max": 40.0, "num_lanes": 1}}, {"type": "Feature", "id": "-35556012#0", "geometry": {"type": "LineString", "coordinates": [[-77.015935, -12.070684], [-77.015966, -12.070452]]}, "properties": {"id": "-35556012#0", "nombre": "Jirón Luís Giribaldi", "longitud": 25.9, "velocidad_max": 50.0, "num_lanes": 1}}, {"type": "Feature", "id": "-35556012#3", "geometry": {"type": "LineString", "coordinates": [[-77.015811, -12.07168], [-77.015849, -12.071376], [-77.015894, -12.071063], [-77.01592, -12.070812]]}, "properties": {"id": "-35556012#3", "nombre": "Jirón Luís Giribaldi", "longitud": 96.77, "velocidad_max": 50.0, "num_lanes": 1}}, {"type": "Feature", "id": "-35556012#4", "geometry": {"type": "LineString", "coordinates": [[-77.015751, -12.072119], [-77.015794, -12.07181]]}, "properties": {"id": "-35556012#4", "nombre": "Jirón Luís Giribaldi", "longitud": 34.58, "velocidad_max": 50.0, "num_lanes": 1}}, {"type": "Feature", "id": "-35556012#5", "geometry": {"type": "LineString", "coordinates": [[-77.015631, -12.072935], [-77.015737, -12.07222]]}, "properties": {"id": "-35556012#5", "nombre": "Jirón Luís Giribaldi", "longitud": 79.97, "velocidad_max": 50.0, "num_lanes": 1}}, {"type": "Feature", "id": "-35556013#0", "geometry": {"type": "LineString", "coordinates": [[-77.015922, -12.070395], [-77.015151, -12.070301]]}, "properties": {"id": "-35556013#0", "nombre": "Jirón Francia", "longitud": 84.57, "velocidad_max": 50.0, "num_lanes": 1}}, {"type": "Feature", "id": "-35556013#1", "geometry": {"type": "LineString", "coordinates": [[-77.016665, -12.070491], [-77.016053, -12.070412]]}, "properties": {"id": "-35556013#1", "nombre": "Jirón Francia", "longitud": 67.19, "velocidad_max": 50.0, "num_lanes": 1}}, {"type": "Feature", "id": "-35556014#1", "geometry": {"type": "LineString", "coordinates": [[-77.015105, -12.070629], [-77.015524, -12.070682], [-77.015878, -12.070727]]}, "properties": {"id": "-35556014#1", "nombre": "Jirón Francia", "longitud": 84.85, "velocidad_max": 50.0, "num_lanes": 1}}, {"type": "Feature", "id": "-35556015#1", "geometry": {"type": "LineString", "coordinates": [[-77.01575, -12.071753], [-77.015376, -12.071708], [-77.014962, -12.071658]]}, "properties": {"id": "-35556015#1", "nombre": "Jirón Bélgica", "longitud": 86.43, "velocidad_max": 50.0, "num_lanes": 1}}, {"type": "Feature", "id": "-35556015#2", "geometry": {"type": "LineString", "coordinates": [[-77.016481, -12.071844], [-77.015881, -12.071769]]}, "properties": {"id": "-35556015#2", "nombre": "Jirón Bélgica", "longitud": 65.77, "velocidad_max": 50.0, "num_lanes": 1}}, {"type": "Feature", "id": "-35556415", "geometry": {"type": "LineString", "coordinates": [[-77.01264, -12.063768], [-77.012475, -12.063746]]}, "properties": {"id": "-35556415", "nombre": "Jirón Humboldt", "longitud": 18.13, "velocidad_max": 50.0, "num_lanes": 1}}, {"type": "Feature", "id": "-35556568#1", "geometry": {"type": "LineString", "coordinates": [[-77.025252, -12.065321], [-77.025349, -12.064566], [-77.025404, -12.064143]]}, "properties": {"id": "-35556568#1", "nombre": "Jirón San Lorenzo", "longitud": 131.41, "velocidad_max": 30.0, "num_lanes": 1}}, {"type": "Feature", "id": "-35556568#3", "geometry": {"type": "LineString", "coordinates": [[-77.025077, -12.066669], [-77.025117, -12.066364], [-77.025227, -12.065508]]}, "properties": {"id": "-35556568#3", "nombre": "Jirón San Lorenzo", "longitud": 129.43, "velocidad_max": 30.0, "num_lanes": 1}}, {"type": "Feature", "id": "-35556568#4", "geometry": {"type": "LineString", "coordinates": [[-77.024911, -12.067954], [-77.025064, -12.066769]]}, "properties": {"id": "-35556568#4", "nombre": "Jirón San Lorenzo", "longitud": 132.12, "velocidad_max": 30.0, "num_lanes": 1}}, {"type": "Feature", "id": "-35556568#6", "geometry": {"type": "LineString", "coordinates": [[-77.02482, -12.068655], [-77.024824, -12.068621], [-77.024898, -12.068054]]}, "properties": {"id": "-35556568#6", "nombre": "Jirón San Lorenzo", "longitud": 66.99, "velocidad_max": 30.0, "num_lanes": 1}}, {"type": "Feature", "id": "-35556857#0", "geometry": {"type": "LineString", "coordinates": [[-77.02525, -12.074622], [-77.024862, -12.074483], [-77.024809, -12.074462]]}, "properties": {"id": "-35556857#0", "nombre": "Londres", "longitud": 51.17, "velocidad_max": 30.0, "num_lanes": 1}}, {"type": "Feature", "id": "-35556857#2", "geometry": {"type": "LineString", "coordinates": [[-77.025851, -12.074838], [-77.025615, -12.074753], [-77.025374, -12.074667]]}, "properties": {"id": "-35556857#2", "nombre": "Londres", "longitud": 55.34, "velocidad_max": 30.0, "num_lanes": 1}}, {"type": "Feature", "id": "-35556857#4", "geometry": {"type": "LineString", "coordinates": [[-77.026477, -12.075062], [-77.026188, -12.074961], [-77.025976, -12.074883]]}, "properties": {"id": "-35556857#4", "nombre": "Londres", "longitud": 57.97, "velocidad_max": 30.0, "num_lanes": 1}}, {"type": "Feature", "id": "-35556857#5", "geometry": {"type": "LineString", "coordinates": [[-77.026996, -12.075237], [-77.026574, -12.075095]]}, "properties": {"id": "-35556857#5", "nombre": "Londres", "longitud": 48.5, "velocidad_max": 30.0, "num_lanes": 1}}, {"type": "Feature", "id": "-35556857#6", "geometry": {"type": "LineString", "coordinates": [[-77.027506, -12.075324], [-77.02715, -12.075274]]}, "properties": {"id": "-35556857#6", "nombre": "Londres", "longitud": 39.11, "velocidad_max": 30.0, "num_lanes": 1}}, {"type": "Feature", "id": "-35556858#3", "geometry": {"type": "LineString", "coordinates": [[-77.025326, -12.074565], [-77.025408, -12.074349], [-77.025489, -12.074299], [-77.02583, -12.074091], [-77.025863, -12.07407], [-77.026077, -12.074141], [-77.026123, -12.074156]]}, "properties": {"id": "-35556858#3", "nombre": "-35556858#3", "longitud": 113.6, "velocidad_max": 50.0, "num_lanes": 1}}, {"type": "Feature", "id": "-35556872#1", "geometry": {"type": "LineString", "coordinates": [[-77.027383, -12.0712], [-77.027023, -12.071158], [-77.026816, -12.071134]]}, "properties": {"id": "-35556872#1", "nombre": "Jirón Italia", "longitud": 62.19, "velocidad_max": 40.0, "num_lanes": 2}}, {"type": "Feature", "id": "-35556872#2", "geometry": {"type": "LineString", "coordinates": [[-77.028069, -12.071278], [-77.027517, -12.071216]]}, "properties": {"id": "-35556872#2", "nombre": "Jirón Italia", "longitud": 60.57, "velocidad_max": 40.0, "num_lanes": 2}}, {"type": "Feature", "id": "-35557440#2", "geometry": {"type": "LineString", "coordinates": [[-77.012218, -12.055828], [-77.011958, -12.055508], [-77.011853, -12.055385], [-77.011806, -12.05533]]}, "properties": {"id": "-35557440#2", "nombre": "Jirón Antonio Raimondi", "longitud": 71.05, "velocidad_max": 30.0, "num_lanes": 1}}, {"type": "Feature", "id": "-35557447#0", "geometry": {"type": "LineString", "coordinates": [[-77.024548, -12.060288], [-77.024443, -12.061131]]}, "properties": {"id": "-35557447#0", "nombre": "Antonio Raimondi", "longitud": 93.95, "velocidad_max": 30.0, "num_lanes": 1}}, {"type": "Feature", "id": "-35557447#9", "geometry": {"type": "LineString", "coordinates": [[-77.024787, -12.058662], [-77.024767, -12.058809], [-77.024737, -12.059009], [-77.024709, -12.059195], [-77.024676, -12.059418], [-77.024649, -12.059596], [-77.024623, -12.059771], [-77.024617, -12.059814], [-77.024589, -12.059997], [-77.024565, -12.060159]]}, "properties": {"id": "-35557447#9", "nombre": "Antonio Raimondi", "longitud": 167.34, "velocidad_max": 30.0, "num_lanes": 1}}, {"type": "Feature", "id": "-35893279", "geometry": {"type": "LineString", "coordinates": [[-77.011059, -12.105368], [-77.011737, -12.105514]]}, "properties": {"id": "-35893279", "nombre": "Calle Ofrendas", "longitud": 75.6, "velocidad_max": 40.0, "num_lanes": 1}}, {"type": "Feature", "id": "-35893281#0", "geometry": {"type": "LineString", "coordinates": [[-77.013358, -12.104966], [-77.012986, -12.105023], [-77.012622, -12.105018]]}, "properties": {"id": "-35893281#0", "nombre": "Calle 33", "longitud": 80.57, "velocidad_max": 30.0, "num_lanes": 1}}, {"type": "Feature", "id": "-35893281#1", "geometry": {"type": "LineString", "coordinates": [[-77.013766, -12.104861], [-77.013457, -12.104944]]}, "properties": {"id": "-35893281#1", "nombre": "Calle 33", "longitud": 34.88, "velocidad_max": 30.0, "num_lanes": 1}}, {"type": "Feature", "id": "-35893282", "geometry": {"type": "LineString", "coordinates": [[-77.013793, -12.104771], [-77.013623, -12.104255]]}, "properties": {"id": "-35893282", "nombre": "Jirón Miguel Baca Rossi", "longitud": 60.0, "velocidad_max": 30.0, "num_lanes": 1}}, {"type": "Feature", "id": "-35893283#0", "geometry": {"type": "LineString", "coordinates": [[-77.012444, -12.105501], [-77.012534, -12.105065]]}, "properties": {"id": "-35893283#0", "nombre": "Jirón Oscar Avilés", "longitud": 49.22, "velocidad_max": 30.0, "num_lanes": 1}}, {"type": "Feature", "id": "-35893283#1", "geometry": {"type": "LineString", "coordinates": [[-77.012314, -12.106138], [-77.012418, -12.105629]]}, "properties": {"id": "-35893283#1", "nombre": "Jirón Oscar Avilés", "longitud": 57.41, "velocidad_max": 30.0, "num_lanes": 1}}, {"type": "Feature", "id": "-35893283#3", "geometry": {"type": "LineString", "coordinates": [[-77.012181, -12.106803], [-77.012223, -12.106596], [-77.012288, -12.106266]]}, "properties": {"id": "-35893283#3", "nombre": "Jirón Oscar Avilés", "longitud": 60.58, "velocidad_max": 30.0, "num_lanes": 1}}, {"type": "Feature", "id": "-35893283#5", "geometry": {"type": "LineString", "coordinates": [[-77.01204, -12.107475], [-77.012108, -12.107145], [-77.012161, -12.106901]]}, "properties": {"id": "-35893283#5", "nombre": "Jirón Oscar Avilés", "longitud": 64.78, "velocidad_max": 30.0, "num_lanes": 1}}, {"type": "Feature", "id": "-35893285#2", "geometry": {"type": "LineString", "coordinates": [[-77.013706, -12.105649], [-77.013558, -12.105731], [-77.01336, -12.105741], [-77.012509, -12.105594]]}, "properties": {"id": "-35893285#2", "nombre": "Calle Jorge Grieve Madge", "longitud": 134.08, "velocidad_max": 30.0, "num_lanes": 1}}, {"type": "Feature", "id": "-35893288#0", "geometry": {"type": "LineString", "coordinates": [[-77.013866, -12.106448], [-77.014444, -12.106578], [-77.014699, -12.106578], [-77.014923, -12.106505]]}, "properties": {"id": "-35893288#0", "nombre": "Jirón Marina Núñez del Prado", "longitud": 117.96, "velocidad_max": 30.0, "num_lanes": 1}}, {"type": "Feature", "id": "-35893288#1", "geometry": {"type": "LineString", "coordinates": [[-77.012384, -12.106202], [-77.013762, -12.106428]]}, "properties": {"id": "-35893288#1", "nombre": "Jirón Marina Núñez del Prado", "longitud": 152.16, "velocidad_max": 30.0, "num_lanes": 1}}, {"type": "Feature", "id": "-35893291#0", "geometry": {"type": "LineString", "coordinates": [[-77.014753, -12.108078], [-77.014339, -12.108639], [-77.014334, -12.108646]]}, "properties": {"id": "-35893291#0", "nombre": "Calle Ricardo Angulo", "longitud": 77.63, "velocidad_max": 40.0, "num_lanes": 1}}, {"type": "Feature", "id": "-35893291#1", "geometry": {"type": "LineString", "coordinates": [[-77.014888, -12.107891], [-77.014788, -12.10803]]}, "properties": {"id": "-35893291#1", "nombre": "Calle Ricardo Angulo", "longitud": 18.82, "velocidad_max": 40.0, "num_lanes": 1}}, {"type": "Feature", "id": "-35893291#3", "geometry": {"type": "LineString", "coordinates": [[-77.015362, -12.10722], [-77.015149, -12.107529]]}, "properties": {"id": "-35893291#3", "nombre": "Calle Ricardo Angulo", "longitud": 41.35, "velocidad_max": 40.0, "num_lanes": 1}}, {"type": "Feature", "id": "-35893291#4", "geometry": {"type": "LineString", "coordinates": [[-77.015457, -12.107064], [-77.015419, -12.10713]]}, "properties": {"id": "-35893291#4", "nombre": "Calle Ricardo Angulo", "longitud": 8.39, "velocidad_max": 40.0, "num_lanes": 1}}, {"type": "Feature", "id": "-35893291#5", "geometry": {"type": "LineString", "coordinates": [[-77.015769, -12.106603], [-77.015498, -12.106992]]}, "properties": {"id": "-35893291#5", "nombre": "Calle Ricardo Angulo", "longitud": 52.18, "velocidad_max": 40.0, "num_lanes": 1}}, {"type": "Feature", "id": "-35893291#6", "geometry": {"type": "LineString", "coordinates": [[-77.01625, -12.105956], [-77.015813, -12.106543]]}, "properties": {"id": "-35893291#6", "nombre": "Calle Ricardo Angulo", "longitud": 80.52, "velocidad_max": 40.0, "num_lanes": 1}}, {"type": "Feature", "id": "-35893292", "geometry": {"type": "LineString", "coordinates": [[-77.014557, -12.107941], [-77.014627, -12.107916], [-77.014733, -12.107869], [-77.014812, -12.107824], [-77.014818, -12.10782]]}, "properties": {"id": "-35893292", "nombre": "-35893292", "longitud": 31.52, "velocidad_max": 30.0, "num_lanes": 1}}, {"type": "Feature", "id": "-35893299#0", "geometry": {"type": "LineString", "coordinates": [[-77.0125, -12.108218], [-77.012589, -12.107708]]}, "properties": {"id": "-35893299#0", "nombre": "Calle Becqier", "longitud": 57.29, "velocidad_max": 50.0, "num_lanes": 1}}, {"type": "Feature", "id": "-35893299#1", "geometry": {"type": "LineString", "coordinates": [[-77.012356, -12.109004], [-77.012416, -12.108671], [-77.012482, -12.108318]]}, "properties": {"id": "-35893299#1", "nombre": "Calle Becqier", "longitud": 77.22, "velocidad_max": 50.0, "num_lanes": 1}}, {"type": "Feature", "id": "-35893300#0", "geometry": {"type": "LineString", "coordinates": [[-77.01454, -12.092815], [-77.014649, -12.092294], [-77.014653, -12.092279]]}, "properties": {"id": "-35893300#0", "nombre": "Calle Doctor Ricardo J. Angulo R.", "longitud": 60.51, "velocidad_max": 30.0, "num_lanes": 1}}, {"type": "Feature", "id": "-35893300#11", "geometry": {"type": "LineString", "coordinates": [[-77.013598, -12.09723], [-77.013736, -12.09658]]}, "properties": {"id": "-35893300#11", "nombre": "Calle Doctor Ricardo J. Angulo R.", "longitud": 73.44, "velocidad_max": 30.0, "num_lanes": 1}}, {"type": "Feature", "id": "-35893300#2", "geometry": {"type": "LineString", "coordinates": [[-77.014396, -12.093457], [-77.014447, -12.093228], [-77.014523, -12.092892]]}, "properties": {"id": "-35893300#2", "nombre": "Calle Doctor Ricardo J. Angulo R.", "longitud": 63.99, "velocidad_max": 30.0, "num_lanes": 1}}, {"type": "Feature", "id": "-35893300#4", "geometry": {"type": "LineString", "coordinates": [[-77.014209, -12.09428], [-77.01423, -12.094187], [-77.014375, -12.093549]]}, "properties": {"id": "-35893300#4", "nombre": "Calle Doctor Ricardo J. Angulo R.", "longitud": 82.82, "velocidad_max": 30.0, "num_lanes": 1}}, {"type": "Feature", "id": "-35893300#6", "geometry": {"type": "LineString", "coordinates": [[-77.014033, -12.095135], [-77.014144, -12.094611], [-77.01416, -12.09452], [-77.014182, -12.094411]]}, "properties": {"id": "-35893300#6", "nombre": "Calle Doctor Ricardo J. Angulo R.", "longitud": 81.7, "velocidad_max": 30.0, "num_lanes": 1}}, {"type": "Feature", "id": "-35893300#7", "geometry": {"type": "LineString", "coordinates": [[-77.013932, -12.095634], [-77.014007, -12.095263]]}, "properties": {"id": "-35893300#7", "nombre": "Calle Doctor Ricardo J. Angulo R.", "longitud": 41.87, "velocidad_max": 30.0, "num_lanes": 1}}, {"type": "Feature", "id": "-35893300#9", "geometry": {"type": "LineString", "coordinates": [[-77.013758, -12.096479], [-77.013893, -12.09582], [-77.013905, -12.095761]]}, "properties": {"id": "-35893300#9", "nombre": "Calle Doctor Ricardo J. Angulo R.", "longitud": 81.05, "velocidad_max": 30.0, "num_lanes": 1}}, {"type": "Feature", "id": "-35893301#2", "geometry": {"type": "LineString", "coordinates": [[-77.01642, -12.102157], [-77.016412, -12.102094], [-77.016388, -12.10193], [-77.016336, -12.101577]]}, "properties": {"id": "-35893301#2", "nombre": "3 Sur", "longitud": 64.75, "velocidad_max": 30.0, "num_lanes": 1}}, {"type": "Feature", "id": "-35893314#1", "geometry": {"type": "LineString", "coordinates": [[-77.016266, -12.100956], [-77.016096, -12.100704], [-77.015793, -12.100099], [-77.015745, -12.099919], [-77.015589, -12.099089], [-77.015586, -12.099075]]}, "properties": {"id": "-35893314#1", "nombre": "Calle 3 Norte", "longitud": 223.63, "velocidad_max": 30.0, "num_lanes": 1}}, {"type": "Feature", "id": "-35893317#2", "geometry": {"type": "LineString", "coordinates": [[-77.01497, -12.099163], [-77.014972, -12.099177], [-77.014976, -12.099209], [-77.015059, -12.099873], [-77.015193, -12.100366], [-77.015416, -12.100819], [-77.015508, -12.100969], [-77.015801, -12.101383]]}, "properties": {"id": "-35893317#2", "nombre": "Calle 54", "longitud": 266.51, "velocidad_max": 40.0, "num_lanes": 1}}, {"type": "Feature", "id": "-35893322", "geometry": {"type": "LineString", "coordinates": [[-77.016968, -12.098777], [-77.017035, -12.09883], [-77.017057, -12.098848], [-77.017154, -12.098927]]}, "properties": {"id": "-35893322", "nombre": "-35893322", "longitud": 26.19, "velocidad_max": 30.0, "num_lanes": 1}}, {"type": "Feature", "id": "-35893327", "geometry": {"type": "LineString", "coordinates": [[-77.014938, -12.1015], [-77.014328, -12.101824]]}, "properties": {"id": "-35893327", "nombre": "Calle Cincuenta", "longitud": 75.46, "velocidad_max": 50.0, "num_lanes": 1}}, {"type": "Feature", "id": "-35893332", "geometry": {"type": "LineString", "coordinates": [[-77.012644, -12.101208], [-77.011958, -12.101078]]}, "properties": {"id": "-35893332", "nombre": "Calle Fraternidad", "longitud": 76.04, "velocidad_max": 30.0, "num_lanes": 1}}, {"type": "Feature", "id": "-370644921#2", "geometry": {"type": "LineString", "coordinates": [[-77.04729, -12.094424], [-77.04724, -12.094999], [-77.047165, -12.095522], [-77.047093, -12.096071], [-77.047093, -12.096074]]}, "properties": {"id": "-370644921#2", "nombre": "Avenida Las Flores", "longitud": 183.92, "velocidad_max": 30.0, "num_lanes": 2}}, {"type": "Feature", "id": "-377673807#1", "geometry": {"type": "LineString", "coordinates": [[-77.022969, -12.105802], [-77.023007, -12.105504], [-77.023014, -12.105442], [-77.023017, -12.105398], [-77.023015, -12.105351], [-77.023009, -12.105314], [-77.022997, -12.105274], [-77.022985, -12.105242], [-77.022968, -12.105211], [-77.02295, -12.105185], [-77.022922, -12.105153], [-77.022894, -12.105127], [-77.022857, -12.105097], [-77.022804, -12.105064], [-77.022748, -12.105034], [-77.022689, -12.105008], [-77.022648, -12.10499], [-77.022583, -12.104968]]}, "properties": {"id": "-377673807#1", "nombre": "Calle Los Halcones", "longitud": 117.38, "velocidad_max": 40.0, "num_lanes": 1}}, {"type": "Feature", "id": "-377673807#2", "geometry": {"type": "LineString", "coordinates": [[-77.022795, -12.107131], [-77.022952, -12.105932]]}, "properties": {"id": "-377673807#2", "nombre": "Calle Los Halcones", "longitud": 133.68, "velocidad_max": 40.0, "num_lanes": 1}}, {"type": "Feature", "id": "-377673809", "geometry": {"type": "LineString", "coordinates": [[-77.023346, -12.10402], [-77.023348, -12.104001], [-77.023532, -12.103861]]}, "properties": {"id": "-377673809", "nombre": "Prolongación Kiwi", "longitud": 27.29, "velocidad_max": 30.0, "num_lanes": 1}}, {"type": "Feature", "id": "-377735990", "geometry": {"type": "LineString", "coordinates": [[-77.013217, -12.110048], [-77.013618, -12.109488]]}, "properties": {"id": "-377735990", "nombre": "Pirandello", "longitud": 75.74, "velocidad_max": 50.0, "num_lanes": 1}}, {"type": "Feature", "id": "-377735995", "geometry": {"type": "LineString", "coordinates": [[-77.011355, -12.108804], [-77.01147, -12.108133]]}, "properties": {"id": "-377735995", "nombre": "Poe", "longitud": 75.3, "velocidad_max": 50.0, "num_lanes": 1}}, {"type": "Feature", "id": "-377735996#0", "geometry": {"type": "LineString", "coordinates": [[-77.011657, -12.110414], [-77.011641, -12.110603], [-77.011647, -12.110611]]}, "properties": {"id": "-377735996#0", "nombre": "Calle J", "longitud": 22.08, "velocidad_max": 50.0, "num_lanes": 1}}, {"type": "Feature", "id": "-377735996#1", "geometry": {"type": "LineString", "coordinates": [[-77.011676, -12.109972], [-77.011663, -12.110311]]}, "properties": {"id": "-377735996#1", "nombre": "Calle J", "longitud": 37.49, "velocidad_max": 50.0, "num_lanes": 1}}, {"type": "Feature", "id": "-377735996#2", "geometry": {"type": "LineString", "coordinates": [[-77.011698, -12.10964], [-77.011683, -12.109844]]}, "properties": {"id": "-377735996#2", "nombre": "Calle J", "longitud": 22.64, "velocidad_max": 50.0, "num_lanes": 1}}, {"type": "Feature", "id": "-377735997#0", "geometry": {"type": "LineString", "coordinates": [[-77.012802, -12.110652], [-77.012893, -12.110524]]}, "properties": {"id": "-377735997#0", "nombre": "Zola", "longitud": 17.25, "velocidad_max": 50.0, "num_lanes": 1}}, {"type": "Feature", "id": "-377735997#1", "geometry": {"type": "LineString", "coordinates": [[-77.012575, -12.110966], [-77.012719, -12.110766]]}, "properties": {"id": "-377735997#1", "nombre": "Zola", "longitud": 27.13, "velocidad_max": 50.0, "num_lanes": 1}}, {"type": "Feature", "id": "-377738787", "geometry": {"type": "LineString", "coordinates": [[-77.033678, -12.108573], [-77.033724, -12.108268]]}, "properties": {"id": "-377738787", "nombre": "Jirón General Borgoño", "longitud": 34.12, "velocidad_max": 40.0, "num_lanes": 1}}, {"type": "Feature", "id": "-37927208", "geometry": {"type": "LineString", "coordinates": [[-77.007586, -12.113866], [-77.007857, -12.113898], [-77.008663, -12.114344], [-77.009102, -12.114591], [-77.009628, -12.114886], [-77.010149, -12.115199]]}, "properties": {"id": "-37927208", "nombre": "La Calera de la Merced", "longitud": 317.87, "velocidad_max": 50.0, "num_lanes": 1}}, {"type": "Feature", "id": "-38656188#2", "geometry": {"type": "LineString", "coordinates": [[-77.014309, -12.109288], [-77.014211, -12.109216], [-77.01401, -12.109083], [-77.013821, -12.109003], [-77.013585, -12.108937], [-77.013409, -12.108894], [-77.013096, -12.108851], [-77.012945, -12.108829]]}, "properties": {"id": "-38656188#2", "nombre": "Borges", "longitud": 159.6, "velocidad_max": 50.0, "num_lanes": 1}}, {"type": "Feature", "id": "-38656190#0", "geometry": {"type": "LineString", "coordinates": [[-77.012887, -12.108872], [-77.012862, -12.109068]]}, "properties": {"id": "-38656190#0", "nombre": "Paicioli", "longitud": 21.77, "velocidad_max": 50.0, "num_lanes": 1}}, {"type": "Feature", "id": "-38656190#1", "geometry": {"type": "LineString", "coordinates": [[-77.012956, -12.108395], [-77.012905, -12.108743]]}, "properties": {"id": "-38656190#1", "nombre": "Paicioli", "longitud": 38.99, "velocidad_max": 50.0, "num_lanes": 1}}, {"type": "Feature", "id": "-38656198#1", "geometry": {"type": "LineString", "coordinates": [[-77.01196, -12.108222], [-77.011887, -12.108652], [-77.011834, -12.108894]]}, "properties": {"id": "-38656198#1", "nombre": "Calle Carpenter", "longitud": 75.68, "velocidad_max": 50.0, "num_lanes": 1}}, {"type": "Feature", "id": "-38656199#2", "geometry": {"type": "LineString", "coordinates": [[-77.010976, -12.108517], [-77.01094, -12.108705], [-77.010938, -12.108717]]}, "properties": {"id": "-38656199#2", "nombre": "Fibacci", "longitud": 22.5, "velocidad_max": 50.0, "num_lanes": 1}}, {"type": "Feature", "id": "-38656199#3", "geometry": {"type": "LineString", "coordinates": [[-77.011076, -12.108061], [-77.011002, -12.108391]]}, "properties": {"id": "-38656199#3", "nombre": "Fibacci", "longitud": 37.33, "velocidad_max": 50.0, "num_lanes": 1}}, {"type": "Feature", "id": "-38656202", "geometry": {"type": "LineString", "coordinates": [[-77.010906, -12.108453], [-77.010411, -12.108362]]}, "properties": {"id": "-38656202", "nombre": "Gorky", "longitud": 54.77, "velocidad_max": 50.0, "num_lanes": 1}}, {"type": "Feature", "id": "-38656209#0", "geometry": {"type": "LineString", "coordinates": [[-77.013255, -12.110134], [-77.013404, -12.110225], [-77.013562, -12.110331]]}, "properties": {"id": "-38656209#0", "nombre": "Alejandro Dumas", "longitud": 39.85, "velocidad_max": 50.0, "num_lanes": 1}}, {"type": "Feature", "id": "-38656209#2", "geometry": {"type": "LineString", "coordinates": [[-77.012619, -12.109953], [-77.012944, -12.109984]]}, "properties": {"id": "-38656209#2", "nombre": "Alejandro Dumas", "longitud": 35.54, "velocidad_max": 50.0, "num_lanes": 1}}, {"type": "Feature", "id": "-38656211", "geometry": {"type": "LineString", "coordinates": [[-77.012999, -12.109938], [-77.013036, -12.109381], [-77.013078, -12.109341]]}, "properties": {"id": "-38656211", "nombre": "Ingenieros", "longitud": 68.16, "velocidad_max": 50.0, "num_lanes": 1}}, {"type": "Feature", "id": "-38656212#0", "geometry": {"type": "LineString", "coordinates": [[-77.01221, -12.109593], [-77.01255, -12.109614]]}, "properties": {"id": "-38656212#0", "nombre": "Villa Victoria", "longitud": 37.16, "velocidad_max": 50.0, "num_lanes": 1}}, {"type": "Feature", "id": "-38656212#1", "geometry": {"type": "LineString", "coordinates": [[-77.011755, -12.109564], [-77.012078, -12.109584]]}, "properties": {"id": "-38656212#1", "nombre": "Villa Victoria", "longitud": 35.23, "velocidad_max": 50.0, "num_lanes": 1}}, {"type": "Feature", "id": "-38656212#2", "geometry": {"type": "LineString", "coordinates": [[-77.011546, -12.109551], [-77.011623, -12.109556]]}, "properties": {"id": "-38656212#2", "nombre": "Villa Victoria", "longitud": 8.32, "velocidad_max": 50.0, "num_lanes": 1}}, {"type": "Feature", "id": "-38656213", "geometry": {"type": "LineString", "coordinates": [[-77.012153, -12.109669], [-77.012111, -12.110337]]}, "properties": {"id": "-38656213", "nombre": "Calle Dante Alighieri", "longitud": 74.08, "velocidad_max": 50.0, "num_lanes": 1}}, {"type": "Feature", "id": "-38656214", "geometry": {"type": "LineString", "coordinates": [[-77.011653, -12.110617], [-77.011667, -12.110624], [-77.012694, -12.110683]]}, "properties": {"id": "-38656214", "nombre": "Wide", "longitud": 113.81, "velocidad_max": 50.0, "num_lanes": 1}}, {"type": "Feature", "id": "-38656215#0", "geometry": {"type": "LineString", "coordinates": [[-77.011513, -12.109884], [-77.011599, -12.109889]]}, "properties": {"id": "-38656215#0", "nombre": "Cardich", "longitud": 9.37, "velocidad_max": 50.0, "num_lanes": 1}}, {"type": "Feature", "id": "-38656215#1", "geometry": {"type": "LineString", "coordinates": [[-77.011088, -12.109855], [-77.011381, -12.109875]]}, "properties": {"id": "-38656215#1", "nombre": "Cardich", "longitud": 31.91, "velocidad_max": 50.0, "num_lanes": 1}}, {"type": "Feature", "id": "-38656215#2", "geometry": {"type": "LineString", "coordinates": [[-77.010597, -12.109813], [-77.010956, -12.109844]]}, "properties": {"id": "-38656215#2", "nombre": "Cardich", "longitud": 39.3, "velocidad_max": 50.0, "num_lanes": 1}}, {"type": "Feature", "id": "-38656216#0", "geometry": {"type": "LineString", "coordinates": [[-77.010527, -12.109885], [-77.010457, -12.110211]]}, "properties": {"id": "-38656216#0", "nombre": "Goethe", "longitud": 36.85, "velocidad_max": 50.0, "num_lanes": 1}}, {"type": "Feature", "id": "-38656216#1", "geometry": {"type": "LineString", "coordinates": [[-77.010648, -12.109315], [-77.010554, -12.109757]]}, "properties": {"id": "-38656216#1", "nombre": "Goethe", "longitud": 50.02, "velocidad_max": 50.0, "num_lanes": 1}}, {"type": "Feature", "id": "-38656222#0", "geometry": {"type": "LineString", "coordinates": [[-77.010715, -12.109247], [-77.011042, -12.109316]]}, "properties": {"id": "-38656222#0", "nombre": "Méndez Correa", "longitud": 36.36, "velocidad_max": 50.0, "num_lanes": 1}}, {"type": "Feature", "id": "-38656222#1", "geometry": {"type": "LineString", "coordinates": [[-77.010235, -12.109147], [-77.010586, -12.10922]]}, "properties": {"id": "-38656222#1", "nombre": "Méndez Correa", "longitud": 39.06, "velocidad_max": 50.0, "num_lanes": 1}}, {"type": "Feature", "id": "-38656223#0", "geometry": {"type": "LineString", "coordinates": [[-77.011108, -12.109409], [-77.011044, -12.1098]]}, "properties": {"id": "-38656223#0", "nombre": "Shakespeare", "longitud": 43.83, "velocidad_max": 50.0, "num_lanes": 1}}, {"type": "Feature", "id": "-38656223#1", "geometry": {"type": "LineString", "coordinates": [[-77.011184, -12.109014], [-77.011131, -12.109282]]}, "properties": {"id": "-38656223#1", "nombre": "Shakespeare", "longitud": 30.14, "velocidad_max": 50.0, "num_lanes": 1}}, {"type": "Feature", "id": "-38656224#0", "geometry": {"type": "LineString", "coordinates": [[-77.011507, -12.109014], [-77.011517, -12.108924]]}, "properties": {"id": "-38656224#0", "nombre": "Daudet", "longitud": 9.99, "velocidad_max": 50.0, "num_lanes": 1}}, {"type": "Feature", "id": "-38656224#1", "geometry": {"type": "LineString", "coordinates": [[-77.011469, -12.109495], [-77.011497, -12.109121]]}, "properties": {"id": "-38656224#1", "nombre": "Daudet", "longitud": 41.5, "velocidad_max": 50.0, "num_lanes": 1}}, {"type": "Feature", "id": "-393283166#0", "geometry": {"type": "LineString", "coordinates": [[-77.064104, -12.055909], [-77.064067, -12.056111]]}, "properties": {"id": "-393283166#0", "nombre": "Jirón Manuel Tellería Vicuña", "longitud": 22.73, "velocidad_max": 30.0, "num_lanes": 1}}, {"type": "Feature", "id": "-393283166#6", "geometry": {"type": "LineString", "coordinates": [[-77.063977, -12.053425], [-77.06399, -12.053474], [-77.064047, -12.053682], [-77.064086, -12.053845], [-77.064092, -12.053871], [-77.064135, -12.054052], [-77.064178, -12.054305], [-77.064208, -12.054508], [-77.064219, -12.054717], [-77.06422, -12.055042], [-77.064209, -12.055223], [-77.064195, -12.055369], [-77.064166, -12.055578], [-77.064128, -12.05578]]}, "properties": {"id": "-393283166#6", "nombre": "Jirón Manuel Tellería Vicuña", "longitud": 264.11, "velocidad_max": 30.0, "num_lanes": 1}}, {"type": "Feature", "id": "-393283167#2", "geometry": {"type": "LineString", "coordinates": [[-77.062756, -12.056605], [-77.062767, -12.05655], [-77.062832, -12.056194], [-77.062901, -12.055857], [-77.062937, -12.055684]]}, "properties": {"id": "-393283167#2", "nombre": "Jirón Yungay", "longitud": 103.77, "velocidad_max": 30.0, "num_lanes": 1}}, {"type": "Feature", "id": "-393285151", "geometry": {"type": "LineString", "coordinates": [[-77.065632, -12.055018], [-77.065633, -12.055249], [-77.065614, -12.055547], [-77.065575, -12.055844], [-77.065537, -12.056051]]}, "properties": {"id": "-393285151", "nombre": "Jirón José Miguel Ríos", "longitud": 114.98, "velocidad_max": 50.0, "num_lanes": 1}}, {"type": "Feature", "id": "-393285152", "geometry": {"type": "LineString", "coordinates": [[-77.065132, -12.054242], [-77.065483, -12.054191]]}, "properties": {"id": "-393285152", "nombre": "Avenida Reynaldo Saavedra Pinón", "longitud": 38.66, "velocidad_max": 50.0, "num_lanes": 1}}, {"type": "Feature", "id": "-39411167", "geometry": {"type": "LineString", "coordinates": [[-77.035823, -12.065333], [-77.035691, -12.065147], [-77.035667, -12.065122], [-77.035636, -12.0651], [-77.035519, -12.065062], [-77.035484, -12.065036], [-77.035207, -12.064642], [-77.035185, -12.064591], [-77.035176, -12.064539], [-77.03518, -12.064462], [-77.035242, -12.064065]]}, "properties": {"id": "-39411167", "nombre": "Jirón Hernán Velarde", "longitud": 169.2, "velocidad_max": 30.0, "num_lanes": 1}}, {"type": "Feature", "id": "-394731214#0", "geometry": {"type": "LineString", "coordinates": [[-77.015992, -12.096358], [-77.015964, -12.096362], [-77.014613, -12.096546]]}, "properties": {"id": "-394731214#0", "nombre": "Calle Los Jilgueros", "longitud": 151.6, "velocidad_max": 30.0, "num_lanes": 1}}, {"type": "Feature", "id": "-394731214#1", "geometry": {"type": "LineString", "coordinates": [[-77.016571, -12.096235], [-77.01653, -12.096244], [-77.01612, -12.096336]]}, "properties": {"id": "-394731214#1", "nombre": "Calle Los Jilgueros", "longitud": 50.3, "velocidad_max": 30.0, "num_lanes": 1}}, {"type": "Feature", "id": "-396421285#2", "geometry": {"type": "LineString", "coordinates": [[-77.024905, -12.072805], [-77.02443, -12.072754], [-77.024188, -12.072728], [-77.024083, -12.072712]]}, "properties": {"id": "-396421285#2", "nombre": "-396421285#2", "longitud": 90.07, "velocidad_max": 10.0, "num_lanes": 1}}, {"type": "Feature", "id": "-396421287#0", "geometry": {"type": "LineString", "coordinates": [[-77.022669, -12.072212], [-77.02317, -12.072274]]}, "properties": {"id": "-396421287#0", "nombre": "Pasaje Bélgica", "longitud": 55.02, "velocidad_max": 10.0, "num_lanes": 1}}, {"type": "Feature", "id": "-396423129#0", "geometry": {"type": "LineString", "coordinates": [[-77.027055, -12.07517], [-77.026955, -12.074263]]}, "properties": {"id": "-396423129#0", "nombre": "Obsidianas", "longitud": 101.0, "velocidad_max": 30.0, "num_lanes": 1}}, {"type": "Feature", "id": "-396423129#2", "geometry": {"type": "LineString", "coordinates": [[-77.027136, -12.075972], [-77.027124, -12.075855], [-77.027071, -12.075324]]}, "properties": {"id": "-396423129#2", "nombre": "Obsidianas", "longitud": 72.07, "velocidad_max": 30.0, "num_lanes": 1}}, {"type": "Feature", "id": "-39681995", "geometry": {"type": "LineString", "coordinates": [[-77.022917, -12.095553], [-77.023221, -12.096869], [-77.023221, -12.09687]]}, "properties": {"id": "-39681995", "nombre": "Mariano Santos Mateo", "longitud": 149.49, "velocidad_max": 50.0, "num_lanes": 1}}, {"type": "Feature", "id": "-39681997#0", "geometry": {"type": "LineString", "coordinates": [[-77.022953, -12.095467], [-77.023261, -12.095427]]}, "properties": {"id": "-39681997#0", "nombre": "Calle Micaela Bastidas", "longitud": 33.81, "velocidad_max": 50.0, "num_lanes": 1}}, {"type": "Feature", "id": "-39681997#2", "geometry": {"type": "LineString", "coordinates": [[-77.022487, -12.095519], [-77.022731, -12.095489], [-77.022823, -12.095481]]}, "properties": {"id": "-39681997#2", "nombre": "Calle Micaela Bastidas", "longitud": 36.87, "velocidad_max": 50.0, "num_lanes": 1}}, {"type": "Feature", "id": "-39682130#2", "geometry": {"type": "LineString", "coordinates": [[-77.01899, -12.096638], [-77.019284, -12.09592], [-77.019771, -12.094731], [-77.019794, -12.094676], [-77.019796, -12.094669]]}, "properties": {"id": "-39682130#2", "nombre": "Calle Los Anades", "longitud": 234.84, "velocidad_max": 30.0, "num_lanes": 1}}, {"type": "Feature", "id": "-39682449#1", "geometry": {"type": "LineString", "coordinates": [[-77.017596, -12.09693], [-77.017657, -12.096939], [-77.017754, -12.096945], [-77.017863, -12.096931], [-77.018042, -12.096902], [-77.018105, -12.096892]]}, "properties": {"id": "-39682449#1", "nombre": "Calle Los Ruiseñores Este", "longitud": 55.94, "velocidad_max": 30.0, "num_lanes": 1}}, {"type": "Feature", "id": "-39682449#4", "geometry": {"type": "LineString", "coordinates": [[-77.017039, -12.09644], [-77.017092, -12.096548], [-77.0171, -12.096564], [-77.01719, -12.096696], [-77.017255, -12.096759], [-77.017373, -12.09686]]}, "properties": {"id": "-39682449#4", "nombre": "Calle Los Ruiseñores Este", "longitud": 59.71, "velocidad_max": 30.0, "num_lanes": 1}}, {"type": "Feature", "id": "-39682449#5", "geometry": {"type": "LineString", "coordinates": [[-77.016868, -12.096064], [-77.016957, -12.096263]]}, "properties": {"id": "-39682449#5", "nombre": "Calle Los Ruiseñores Este", "longitud": 23.95, "velocidad_max": 30.0, "num_lanes": 1}}, {"type": "Feature", "id": "-39682449#6", "geometry": {"type": "LineString", "coordinates": [[-77.016723, -12.095741], [-77.01681, -12.095935]]}, "properties": {"id": "-39682449#6", "nombre": "Calle Los Ruiseñores Este", "longitud": 23.43, "velocidad_max": 30.0, "num_lanes": 1}}, {"type": "Feature", "id": "-39682449#7", "geometry": {"type": "LineString", "coordinates": [[-77.016602, -12.095242], [-77.016608, -12.095272], [-77.016677, -12.095588], [-77.016713, -12.095706]]}, "properties": {"id": "-39682449#7", "nombre": "Calle Los Ruiseñores Este", "longitud": 52.81, "velocidad_max": 30.0, "num_lanes": 1}}, {"type": "Feature", "id": "-39682449#8", "geometry": {"type": "LineString", "coordinates": [[-77.016613, -12.09474], [-77.016581, -12.094969]]}, "properties": {"id": "-39682449#8", "nombre": "Calle Los Ruiseñores Este", "longitud": 25.57, "velocidad_max": 30.0, "num_lanes": 1}}, {"type": "Feature", "id": "-39682450", "geometry": {"type": "LineString", "coordinates": [[-77.016079, -12.096397], [-77.016168, -12.096982]]}, "properties": {"id": "-39682450", "nombre": "Calle 4", "longitud": 65.45, "velocidad_max": 30.0, "num_lanes": 1}}, {"type": "Feature", "id": "-39682452#0", "geometry": {"type": "LineString", "coordinates": [[-77.014566, -12.096603], [-77.014649, -12.09716], [-77.014653, -12.097188]]}, "properties": {"id": "-39682452#0", "nombre": "Calle 19", "longitud": 65.43, "velocidad_max": 50.0, "num_lanes": 1}}, {"type": "Feature", "id": "-39682452#1", "geometry": {"type": "LineString", "coordinates": [[-77.014584, -12.095881], [-77.014555, -12.096187], [-77.014556, -12.096471]]}, "properties": {"id": "-39682452#1", "nombre": "Calle 19", "longitud": 65.48, "velocidad_max": 50.0, "num_lanes": 1}}, {"type": "Feature", "id": "-39682455", "geometry": {"type": "LineString", "coordinates": [[-77.016781, -12.096071], [-77.016748, -12.096123], [-77.016697, -12.096165]]}, "properties": {"id": "-39682455", "nombre": "Calle Los Jilgueros", "longitud": 14.01, "velocidad_max": 30.0, "num_lanes": 1}}, {"type": "Feature", "id": "-39682480#1", "geometry": {"type": "LineString", "coordinates": [[-77.017613, -12.096089], [-77.017559, -12.096761]]}, "properties": {"id": "-39682480#1", "nombre": "Calle Los Milanos", "longitud": 74.67, "velocidad_max": 40.0, "num_lanes": 1}}, {"type": "Feature", "id": "-39682480#2", "geometry": {"type": "LineString", "coordinates": [[-77.017653, -12.095779], [-77.017627, -12.095962]]}, "properties": {"id": "-39682480#2", "nombre": "Calle Los Milanos", "longitud": 20.43, "velocidad_max": 40.0, "num_lanes": 1}}, {"type": "Feature", "id": "-39682480#3", "geometry": {"type": "LineString", "coordinates": [[-77.017775, -12.094908], [-77.017672, -12.095649]]}, "properties": {"id": "-39682480#3", "nombre": "Calle Los Milanos", "longitud": 82.83, "velocidad_max": 40.0, "num_lanes": 1}}, {"type": "Feature", "id": "-39682480#7", "geometry": {"type": "LineString", "coordinates": [[-77.018081, -12.09277], [-77.017965, -12.093641], [-77.017939, -12.093846], [-77.017794, -12.094778]]}, "properties": {"id": "-39682480#7", "nombre": "Calle Los Milanos", "longitud": 224.45, "velocidad_max": 40.0, "num_lanes": 1}}, {"type": "Feature", "id": "-39682646#0", "geometry": {"type": "LineString", "coordinates": [[-77.018222, -12.091763], [-77.018148, -12.092317]]}, "properties": {"id": "-39682646#0", "nombre": "Calle Los Milanos", "longitud": 61.85, "velocidad_max": 40.0, "num_lanes": 1}}, {"type": "Feature", "id": "-39682646#1", "geometry": {"type": "LineString", "coordinates": [[-77.018321, -12.091114], [-77.018241, -12.091636]]}, "properties": {"id": "-39682646#1", "nombre": "Calle Los Milanos", "longitud": 58.38, "velocidad_max": 40.0, "num_lanes": 1}}, {"type": "Feature", "id": "-39682654#1", "geometry": {"type": "LineString", "coordinates": [[-77.01737, -12.091592], [-77.01629, -12.091439], [-77.016138, -12.091418], [-77.01495, -12.09127]]}, "properties": {"id": "-39682654#1", "nombre": "Calle Las Arañas", "longitud": 265.93, "velocidad_max": 40.0, "num_lanes": 1}}, {"type": "Feature", "id": "-39682654#2", "geometry": {"type": "LineString", "coordinates": [[-77.018149, -12.091703], [-77.017501, -12.091611]]}, "properties": {"id": "-39682654#2", "nombre": "Calle Las Arañas", "longitud": 71.35, "velocidad_max": 40.0, "num_lanes": 1}}, {"type": "Feature", "id": "-397489945", "geometry": {"type": "LineString", "coordinates": [[-77.011805, -12.068049], [-77.011748, -12.068041], [-77.011155, -12.06797]]}, "properties": {"id": "-397489945", "nombre": "Avenida Isabel La Católica", "longitud": 71.31, "velocidad_max": 30.0, "num_lanes": 1}}, {"type": "Feature", "id": "-398850166#4", "geometry": {"type": "LineString", "coordinates": [[-77.068017, -12.050091], [-77.068005, -12.050225], [-77.067984, -12.050449], [-77.067974, -12.050541], [-77.067951, -12.050786], [-77.067932, -12.05098]]}, "properties": {"id": "-398850166#4", "nombre": "-398850166#4", "longitud": 98.72, "velocidad_max": 10.0, "num_lanes": 1}}, {"type": "Feature", "id": "-40268280#0", "geometry": {"type": "LineString", "coordinates": [[-77.011836, -12.09564], [-77.011949, -12.09585]]}, "properties": {"id": "-40268280#0", "nombre": "Calle Virtud y Unión", "longitud": 26.24, "velocidad_max": 40.0, "num_lanes": 1}}, {"type": "Feature", "id": "-40268280#2", "geometry": {"type": "LineString", "coordinates": [[-77.010972, -12.094022], [-77.011449, -12.094915], [-77.01172, -12.095422]]}, "properties": {"id": "-40268280#2", "nombre": "Calle Virtud y Unión", "longitud": 175.01, "velocidad_max": 40.0, "num_lanes": 1}}, {"type": "Feature", "id": "-40268280#3", "geometry": {"type": "LineString", "coordinates": [[-77.010629, -12.093379], [-77.010909, -12.093904]]}, "properties": {"id": "-40268280#3", "nombre": "Calle Virtud y Unión", "longitud": 65.67, "velocidad_max": 40.0, "num_lanes": 1}}, {"type": "Feature", "id": "-40268284#2", "geometry": {"type": "LineString", "coordinates": [[-77.012416, -12.092797], [-77.012104, -12.092967], [-77.011788, -12.093169], [-77.011448, -12.093475], [-77.011213, -12.093721], [-77.010996, -12.093934]]}, "properties": {"id": "-40268284#2", "nombre": "Calle 15", "longitud": 200.81, "velocidad_max": 40.0, "num_lanes": 1}}, {"type": "Feature", "id": "-40268354#0", "geometry": {"type": "LineString", "coordinates": [[-77.012497, -12.08951], [-77.012497, -12.089508]]}, "properties": {"id": "-40268354#0", "nombre": "Calle 40", "longitud": 0.2, "velocidad_max": 50.0, "num_lanes": 1}}, {"type": "Feature", "id": "-40268354#2", "geometry": {"type": "LineString", "coordinates": [[-77.012425, -12.090148], [-77.012482, -12.089648]]}, "properties": {"id": "-40268354#2", "nombre": "Calle 40", "longitud": 55.71, "velocidad_max": 50.0, "num_lanes": 1}}, {"type": "Feature", "id": "-40268357#1", "geometry": {"type": "LineString", "coordinates": [[-77.009608, -12.089766], [-77.009678, -12.089285], [-77.009686, -12.089233]]}, "properties": {"id": "-40268357#1", "nombre": "Calle Luis Aldana", "longitud": 59.6, "velocidad_max": 30.0, "num_lanes": 1}}, {"type": "Feature", "id": "-40268357#3", "geometry": {"type": "LineString", "coordinates": [[-77.010417, -12.09163], [-77.010187, -12.091191], [-77.009928, -12.090716], [-77.00967, -12.090243], [-77.009645, -12.090199], [-77.009625, -12.090151], [-77.009609, -12.090102], [-77.009597, -12.090038], [-77.009592, -12.089974], [-77.009594, -12.089898]]}, "properties": {"id": "-40268357#3", "nombre": "Calle Luis Aldana", "longitud": 213.47, "velocidad_max": 30.0, "num_lanes": 1}}, {"type": "Feature", "id": "-40268357#5", "geometry": {"type": "LineString", "coordinates": [[-77.010764, -12.092266], [-77.010706, -12.092161], [-77.010481, -12.091749]]}, "properties": {"id": "-40268357#5", "nombre": "Calle Luis Aldana", "longitud": 64.91, "velocidad_max": 30.0, "num_lanes": 1}}, {"type": "Feature", "id": "-40268443", "geometry": {"type": "LineString", "coordinates": [[-77.011023, -12.091332], [-77.010487, -12.090327], [-77.010462, -12.090279], [-77.010444, -12.090228], [-77.010433, -12.090184], [-77.010427, -12.090138], [-77.010427, -12.090093], [-77.010429, -12.090015]]}, "properties": {"id": "-40268443", "nombre": "Calle Ocho", "longitud": 161.32, "velocidad_max": 30.0, "num_lanes": 1}}, {"type": "Feature", "id": "-40301214#1", "geometry": {"type": "LineString", "coordinates": [[-77.031893, -12.061433], [-77.032176, -12.061477], [-77.03244, -12.061517]]}, "properties": {"id": "-40301214#1", "nombre": "Pasaje Caplina", "longitud": 60.27, "velocidad_max": 30.0, "num_lanes": 1}}, {"type": "Feature", "id": "-405561347", "geometry": {"type": "LineString", "coordinates": [[-77.053819, -12.106345], [-77.054685, -12.105644]]}, "properties": {"id": "-405561347", "nombre": "Calle Comandante Pedro Canga", "longitud": 122.18, "velocidad_max": 50.0, "num_lanes": 1}}, {"type": "Feature", "id": "-405562597#1", "geometry": {"type": "LineString", "coordinates": [[-77.049187, -12.106866], [-77.049154, -12.106833], [-77.049026, -12.106486], [-77.048931, -12.106243], [-77.048813, -12.105886], [-77.048759, -12.105721]]}, "properties": {"id": "-405562597#1", "nombre": "Santa Cruz", "longitud": 135.5, "velocidad_max": 30.0, "num_lanes": 1}}, {"type": "Feature", "id": "-406040183", "geometry": {"type": "LineString", "coordinates": [[-77.027796, -12.116963], [-77.027454, -12.116884]]}, "properties": {"id": "-406040183", "nombre": "Jirón Gonzales Prada", "longitud": 38.23, "velocidad_max": 40.0, "num_lanes": 1}}, {"type": "Feature", "id": "-406257467#3", "geometry": {"type": "LineString", "coordinates": [[-77.014279, -12.094344], [-77.014359, -12.094354], [-77.015361, -12.09449], [-77.015456, -12.094503], [-77.015508, -12.09451], [-77.0165, -12.094644], [-77.016544, -12.094651]]}, "properties": {"id": "-406257467#3", "nombre": "Calle 17", "longitud": 248.98, "velocidad_max": 30.0, "num_lanes": 1}}, {"type": "Feature", "id": "-406257467#4", "geometry": {"type": "LineString", "coordinates": [[-77.013465, -12.094233], [-77.014144, -12.094325]]}, "properties": {"id": "-406257467#4", "nombre": "Calle 17", "longitud": 74.69, "velocidad_max": 30.0, "num_lanes": 1}}, {"type": "Feature", "id": "-406267925", "geometry": {"type": "LineString", "coordinates": [[-77.021266, -12.098292], [-77.021225, -12.098277], [-77.021164, -12.098271]]}, "properties": {"id": "-406267925", "nombre": "-406267925", "longitud": 11.37, "velocidad_max": 50.0, "num_lanes": 1}}, {"type": "Feature", "id": "-408466958#1", "geometry": {"type": "LineString", "coordinates": [[-77.021098, -12.088855], [-77.0211, -12.088842], [-77.021253, -12.087801], [-77.02126, -12.087742]]}, "properties": {"id": "-408466958#1", "nombre": "Boterin", "longitud": 124.37, "velocidad_max": 20.0, "num_lanes": 1}}, {"type": "Feature", "id": "-408466998", "geometry": {"type": "LineString", "coordinates": [[-77.022667, -12.08598], [-77.022567, -12.086657]]}, "properties": {"id": "-408466998", "nombre": "Pasaje Ezequiel Muñoz", "longitud": 75.68, "velocidad_max": 50.0, "num_lanes": 1}}, {"type": "Feature", "id": "-408467957#1", "geometry": {"type": "LineString", "coordinates": [[-77.021035, -12.088927], [-77.02084, -12.088897], [-77.020787, -12.088893]]}, "properties": {"id": "-408467957#1", "nombre": "Calle Carlos Villarán", "longitud": 27.3, "velocidad_max": 40.0, "num_lanes": 1}}, {"type": "Feature", "id": "-408467957#3", "geometry": {"type": "LineString", "coordinates": [[-77.021459, -12.088981], [-77.021167, -12.088945]]}, "properties": {"id": "-408467957#3", "nombre": "Calle Carlos Villarán", "longitud": 32.03, "velocidad_max": 40.0, "num_lanes": 1}}, {"type": "Feature", "id": "-408467957#4", "geometry": {"type": "LineString", "coordinates": [[-77.021988, -12.089053], [-77.021591, -12.088998]]}, "properties": {"id": "-408467957#4", "nombre": "Calle Carlos Villarán", "longitud": 43.72, "velocidad_max": 40.0, "num_lanes": 1}}, {"type": "Feature", "id": "-408467957#5", "geometry": {"type": "LineString", "coordinates": [[-77.02221, -12.089085], [-77.022119, -12.089072]]}, "properties": {"id": "-408467957#5", "nombre": "Calle Carlos Villarán", "longitud": 10.08, "velocidad_max": 40.0, "num_lanes": 1}}, {"type": "Feature", "id": "-408468111#0", "geometry": {"type": "LineString", "coordinates": [[-77.018339, -12.086753], [-77.01877, -12.086809]]}, "properties": {"id": "-408468111#0", "nombre": "Calle Pascual Saco Oliveros", "longitud": 47.29, "velocidad_max": 40.0, "num_lanes": 1}}, {"type": "Feature", "id": "-408468111#5", "geometry": {"type": "LineString", "coordinates": [[-77.01665, -12.086928], [-77.01718, -12.086685], [-77.017247, -12.08666], [-77.017316, -12.086644], [-77.017369, -12.086637], [-77.017423, -12.086635], [-77.017476, -12.086638], [-77.01762, -12.086655], [-77.017699, -12.086666], [-77.017949, -12.0867], [-77.018208, -12.086735]]}, "properties": {"id": "-408468111#5", "nombre": "Calle Pascual Saco Oliveros", "longitud": 177.06, "velocidad_max": 40.0, "num_lanes": 1}}, {"type": "Feature", "id": "-408468111#6", "geometry": {"type": "LineString", "coordinates": [[-77.016156, -12.087156], [-77.01653, -12.086984]]}, "properties": {"id": "-408468111#6", "nombre": "Calle Pascual Saco Oliveros", "longitud": 44.98, "velocidad_max": 40.0, "num_lanes": 1}}, {"type": "Feature", "id": "-408468111#7", "geometry": {"type": "LineString", "coordinates": [[-77.016063, -12.0872], [-77.016064, -12.087199]]}, "properties": {"id": "-408468111#7", "nombre": "Calle Pascual Saco Oliveros", "longitud": 0.2, "velocidad_max": 40.0, "num_lanes": 1}}, {"type": "Feature", "id": "-408468194#0", "geometry": {"type": "LineString", "coordinates": [[-77.020269, -12.085503], [-77.020071, -12.085479], [-77.019844, -12.085494], [-77.019523, -12.085589]]}, "properties": {"id": "-408468194#0", "nombre": "Calle Remigio García", "longitud": 83.1, "velocidad_max": 50.0, "num_lanes": 1}}, {"type": "Feature", "id": "-409122284#0", "geometry": {"type": "LineString", "coordinates": [[-77.012853, -12.041299], [-77.013183, -12.041544]]}, "properties": {"id": "-409122284#0", "nombre": "-409122284#0", "longitud": 44.94, "velocidad_max": 30.0, "num_lanes": 1}}, {"type": "Feature", "id": "-409122286#0", "geometry": {"type": "LineString", "coordinates": [[-77.013255, -12.040956], [-77.013232, -12.04084], [-77.013214, -12.040733], [-77.012874, -12.040793], [-77.012829, -12.040807], [-77.012788, -12.040825], [-77.012586, -12.0411], [-77.012748, -12.041221]]}, "properties": {"id": "-409122286#0", "nombre": "-409122286#0", "longitud": 132.49, "velocidad_max": 30.0, "num_lanes": 1}}, {"type": "Feature", "id": "-409122287#0", "geometry": {"type": "LineString", "coordinates": [[-77.013308, -12.041302], [-77.01331, -12.041303]]}, "properties": {"id": "-409122287#0", "nombre": "-409122287#0", "longitud": 0.2, "velocidad_max": 30.0, "num_lanes": 1}}, {"type": "Feature", "id": "-409122287#1", "geometry": {"type": "LineString", "coordinates": [[-77.013057, -12.041107], [-77.013135, -12.041161]]}, "properties": {"id": "-409122287#1", "nombre": "-409122287#1", "longitud": 10.39, "velocidad_max": 30.0, "num_lanes": 1}}, {"type": "Feature", "id": "-409122288#0", "geometry": {"type": "LineString", "coordinates": [[-77.013062, -12.041024], [-77.013116, -12.041012], [-77.013205, -12.041008]]}, "properties": {"id": "-409122288#0", "nombre": "-409122288#0", "longitud": 15.72, "velocidad_max": 50.0, "num_lanes": 1}}, {"type": "Feature", "id": "-409122288#1", "geometry": {"type": "LineString", "coordinates": [[-77.012822, -12.041211], [-77.012914, -12.0411]]}, "properties": {"id": "-409122288#1", "nombre": "-409122288#1", "longitud": 15.83, "velocidad_max": 50.0, "num_lanes": 1}}, {"type": "Feature", "id": "-41000549#1", "geometry": {"type": "LineString", "coordinates": [[-77.066666, -12.059813], [-77.065319, -12.05956], [-77.065304, -12.059557]]}, "properties": {"id": "-41000549#1", "nombre": "Leonidas Laserre", "longitud": 151.07, "velocidad_max": 50.0, "num_lanes": 1}}, {"type": "Feature", "id": "-41001455#1", "geometry": {"type": "LineString", "coordinates": [[-77.06713, -12.061447], [-77.067273, -12.061115], [-77.067296, -12.061061], [-77.067438, -12.060818]]}, "properties": {"id": "-41001455#1", "nombre": "Jirón César Figueroa Toledo", "longitud": 77.36, "velocidad_max": 50.0, "num_lanes": 1}}, {"type": "Feature", "id": "-41002022#0", "geometry": {"type": "LineString", "coordinates": [[-77.070047, -12.063497], [-77.070247, -12.063331]]}, "properties": {"id": "-41002022#0", "nombre": "Calle Rosales", "longitud": 28.43, "velocidad_max": 50.0, "num_lanes": 1}}, {"type": "Feature", "id": "-41002022#3", "geometry": {"type": "LineString", "coordinates": [[-77.068947, -12.064213], [-77.069081, -12.064181], [-77.069299, -12.064088], [-77.069448, -12.063993], [-77.069784, -12.063711], [-77.069945, -12.063581]]}, "properties": {"id": "-41002022#3", "nombre": "Calle Rosales", "longitud": 131.0, "velocidad_max": 50.0, "num_lanes": 1}}, {"type": "Feature", "id": "-41002022#4", "geometry": {"type": "LineString", "coordinates": [[-77.06844, -12.064306], [-77.068816, -12.06424]]}, "properties": {"id": "-41002022#4", "nombre": "Calle Rosales", "longitud": 41.57, "velocidad_max": 50.0, "num_lanes": 1}}, {"type": "Feature", "id": "-41002022#5", "geometry": {"type": "LineString", "coordinates": [[-77.067621, -12.064456], [-77.06831, -12.064329]]}, "properties": {"id": "-41002022#5", "nombre": "Calle Rosales", "longitud": 76.33, "velocidad_max": 50.0, "num_lanes": 1}}, {"type": "Feature", "id": "-41002337#0", "geometry": {"type": "LineString", "coordinates": [[-77.069473, -12.064502], [-77.069527, -12.064469], [-77.070179, -12.063952], [-77.070501, -12.063693]]}, "properties": {"id": "-41002337#0", "nombre": "Calle Julio Rodavero", "longitud": 143.43, "velocidad_max": 50.0, "num_lanes": 1}}, {"type": "Feature", "id": "-41002337#1", "geometry": {"type": "LineString", "coordinates": [[-77.069016, -12.064658], [-77.069234, -12.06461], [-77.069364, -12.064557]]}, "properties": {"id": "-41002337#1", "nombre": "Calle Julio Rodavero", "longitud": 39.63, "velocidad_max": 50.0, "num_lanes": 1}}, {"type": "Feature", "id": "-41006593#0", "geometry": {"type": "LineString", "coordinates": [[-77.070011, -12.06617], [-77.070506, -12.066182], [-77.070704, -12.06619], [-77.070916, -12.066183], [-77.071135, -12.066105], [-77.071266, -12.066006], [-77.071659, -12.065687], [-77.071695, -12.065663]]}, "properties": {"id": "-41006593#0", "nombre": "Calle Neptuno", "longitud": 202.21, "velocidad_max": 50.0, "num_lanes": 1}}, {"type": "Feature", "id": "-41006593#1", "geometry": {"type": "LineString", "coordinates": [[-77.0696, -12.066169], [-77.069879, -12.066168]]}, "properties": {"id": "-41006593#1", "nombre": "Calle Neptuno", "longitud": 30.34, "velocidad_max": 50.0, "num_lanes": 1}}, {"type": "Feature", "id": "-41006593#2", "geometry": {"type": "LineString", "coordinates": [[-77.069114, -12.066156], [-77.06947, -12.066167]]}, "properties": {"id": "-41006593#2", "nombre": "Calle Neptuno", "longitud": 38.82, "velocidad_max": 50.0, "num_lanes": 1}}, {"type": "Feature", "id": "-410089532#2", "geometry": {"type": "LineString", "coordinates": [[-77.028766, -12.055338], [-77.028432, -12.055394], [-77.027056, -12.055536], [-77.026999, -12.055534], [-77.026946, -12.055515], [-77.026909, -12.055486], [-77.026904, -12.055482]]}, "properties": {"id": "-410089532#2", "nombre": "Jirón Inambari", "longitud": 205.79, "velocidad_max": 30.0, "num_lanes": 1}}, {"type": "Feature", "id": "-41012592#0", "geometry": {"type": "LineString", "coordinates": [[-77.069759, -12.060427], [-77.069984, -12.060796]]}, "properties": {"id": "-41012592#0", "nombre": "-41012592#0", "longitud": 47.63, "velocidad_max": 30.0, "num_lanes": 1}}, {"type": "Feature", "id": "-41012592#6", "geometry": {"type": "LineString", "coordinates": [[-77.069354, -12.058572], [-77.069367, -12.058751], [-77.069428, -12.05936], [-77.069431, -12.059398], [-77.069436, -12.059465], [-77.069441, -12.059529], [-77.069446, -12.059587], [-77.06945, -12.059629], [-77.069473, -12.059759], [-77.069507, -12.059883], [-77.069557, -12.060006], [-77.06959, -12.060084], [-77.069696, -12.060316], [-77.069697, -12.060318]]}, "properties": {"id": "-41012592#6", "nombre": "-41012592#6", "longitud": 198.65, "velocidad_max": 30.0, "num_lanes": 1}}, {"type": "Feature", "id": "-41012597", "geometry": {"type": "LineString", "coordinates": [[-77.068808, -12.060872], [-77.06965, -12.060399]]}, "properties": {"id": "-41012597", "nombre": "Jirón Francisco de Asis", "longitud": 105.55, "velocidad_max": 40.0, "num_lanes": 1}}, {"type": "Feature", "id": "-41012609", "geometry": {"type": "LineString", "coordinates": [[-77.067576, -12.059514], [-77.067644, -12.059521], [-77.067764, -12.059515], [-77.067887, -12.059499], [-77.067989, -12.059484], [-77.068039, -12.059462]]}, "properties": {"id": "-41012609", "nombre": "Jose Francisco Arana", "longitud": 51.19, "velocidad_max": 100.0, "num_lanes": 1}}, {"type": "Feature", "id": "-41012611", "geometry": {"type": "LineString", "coordinates": [[-77.069207, -12.058465], [-77.06917, -12.058247], [-77.069152, -12.058202], [-77.069127, -12.058178], [-77.069078, -12.058167], [-77.069012, -12.058165], [-77.068524, -12.058167], [-77.068418, -12.058167], [-77.068315, -12.058173], [-77.06782, -12.058255]]}, "properties": {"id": "-41012611", "nombre": "Calle 1", "longitud": 176.91, "velocidad_max": 50.0, "num_lanes": 1}}, {"type": "Feature", "id": "-412502896#0", "geometry": {"type": "LineString", "coordinates": [[-77.045784, -12.097119], [-77.045795, -12.097121], [-77.046768, -12.097265]]}, "properties": {"id": "-412502896#0", "nombre": "Avenida Nicolás de Ribera", "longitud": 108.33, "velocidad_max": 50.0, "num_lanes": 1}}, {"type": "Feature", "id": "-412502896#1", "geometry": {"type": "LineString", "coordinates": [[-77.044665, -12.096964], [-77.045653, -12.097101]]}, "properties": {"id": "-412502896#1", "nombre": "Avenida Nicolás de Ribera", "longitud": 108.67, "velocidad_max": 50.0, "num_lanes": 1}}, {"type": "Feature", "id": "-412502896#2", "geometry": {"type": "LineString", "coordinates": [[-77.043518, -12.096808], [-77.044526, -12.096944], [-77.044534, -12.096945]]}, "properties": {"id": "-412502896#2", "nombre": "Avenida Nicolás de Ribera", "longitud": 111.64, "velocidad_max": 50.0, "num_lanes": 1}}, {"type": "Feature", "id": "-412505012", "geometry": {"type": "LineString", "coordinates": [[-77.038336, -12.09699], [-77.038335, -12.09699], [-77.038302, -12.097005], [-77.037923, -12.097184]]}, "properties": {"id": "-412505012", "nombre": "Vía Central", "longitud": 49.84, "velocidad_max": 10.0, "num_lanes": 1}}, {"type": "Feature", "id": "-412572560", "geometry": {"type": "LineString", "coordinates": [[-77.053704, -12.091299], [-77.053793, -12.091256]]}, "properties": {"id": "-412572560", "nombre": "-412572560", "longitud": 10.82, "velocidad_max": 10.0, "num_lanes": 1}}, {"type": "Feature", "id": "-412572561#3", "geometry": {"type": "LineString", "coordinates": [[-77.053819, -12.091978], [-77.053939, -12.091925], [-77.053938, -12.091921], [-77.053859, -12.091771], [-77.053789, -12.091636], [-77.053684, -12.091436], [-77.053668, -12.091406]]}, "properties": {"id": "-412572561#3", "nombre": "-412572561#3", "longitud": 78.88, "velocidad_max": 10.0, "num_lanes": 1}}, {"type": "Feature", "id": "-412572563#3", "geometry": {"type": "LineString", "coordinates": [[-77.053394, -12.090808], [-77.053425, -12.090861], [-77.053494, -12.090992], [-77.053634, -12.091276]]}, "properties": {"id": "-412572563#3", "nombre": "-412572563#3", "longitud": 57.99, "velocidad_max": 10.0, "num_lanes": 1}}, {"type": "Feature", "id": "-412572563#4", "geometry": {"type": "LineString", "coordinates": [[-77.053301, -12.090621], [-77.053336, -12.090696]]}, "properties": {"id": "-412572563#4", "nombre": "-412572563#4", "longitud": 9.15, "velocidad_max": 10.0, "num_lanes": 1}}, {"type": "Feature", "id": "-413035091#0", "geometry": {"type": "LineString", "coordinates": [[-77.060763, -12.101707], [-77.060794, -12.101888], [-77.06082, -12.101998], [-77.060824, -12.102108], [-77.060818, -12.102173], [-77.060801, -12.102237], [-77.060768, -12.102354], [-77.060683, -12.102614], [-77.060575, -12.102968]]}, "properties": {"id": "-413035091#0", "nombre": "Calle Godofredo García", "longitud": 144.02, "velocidad_max": 40.0, "num_lanes": 1}}, {"type": "Feature", "id": "-413035091#1", "geometry": {"type": "LineString", "coordinates": [[-77.060683, -12.101407], [-77.060731, -12.101574]]}, "properties": {"id": "-413035091#1", "nombre": "Calle Godofredo García", "longitud": 19.21, "velocidad_max": 40.0, "num_lanes": 1}}, {"type": "Feature", "id": "-413035091#3", "geometry": {"type": "LineString", "coordinates": [[-77.060628, -12.101208], [-77.060647, -12.101277]]}, "properties": {"id": "-413035091#3", "nombre": "Calle Godofredo García", "longitud": 7.9, "velocidad_max": 40.0, "num_lanes": 1}}, {"type": "Feature", "id": "-413487850#0", "geometry": {"type": "LineString", "coordinates": [[-77.044358, -12.090509], [-77.044472, -12.089715]]}, "properties": {"id": "-413487850#0", "nombre": "Calle Sinchi Roca", "longitud": 88.72, "velocidad_max": 50.0, "num_lanes": 1}}, {"type": "Feature", "id": "-413487850#1", "geometry": {"type": "LineString", "coordinates": [[-77.044245, -12.091304], [-77.04434, -12.090638]]}, "properties": {"id": "-413487850#1", "nombre": "Calle Sinchi Roca", "longitud": 74.42, "velocidad_max": 50.0, "num_lanes": 1}}, {"type": "Feature", "id": "-413487850#2", "geometry": {"type": "LineString", "coordinates": [[-77.044138, -12.092049], [-77.044226, -12.091433]]}, "properties": {"id": "-413487850#2", "nombre": "Calle Sinchi Roca", "longitud": 68.83, "velocidad_max": 50.0, "num_lanes": 1}}, {"type": "Feature", "id": "-413487851", "geometry": {"type": "LineString", "coordinates": [[-77.043909, -12.093597], [-77.044119, -12.092177]]}, "properties": {"id": "-413487851", "nombre": "Calle Los Cedros", "longitud": 158.69, "velocidad_max": 50.0, "num_lanes": 1}}, {"type": "Feature", "id": "-413487852#0", "geometry": {"type": "LineString", "coordinates": [[-77.045729, -12.0888], [-77.045827, -12.088084], [-77.045832, -12.088047]]}, "properties": {"id": "-413487852#0", "nombre": "Calle Manco Segundo", "longitud": 84.05, "velocidad_max": 30.0, "num_lanes": 1}}, {"type": "Feature", "id": "-413487852#1", "geometry": {"type": "LineString", "coordinates": [[-77.045598, -12.089753], [-77.045605, -12.089699], [-77.0457, -12.089012], [-77.045711, -12.08893]]}, "properties": {"id": "-413487852#1", "nombre": "Calle Manco Segundo", "longitud": 91.92, "velocidad_max": 30.0, "num_lanes": 1}}, {"type": "Feature", "id": "-413487852#2", "geometry": {"type": "LineString", "coordinates": [[-77.045473, -12.090664], [-77.045475, -12.090648], [-77.045575, -12.089915], [-77.04558, -12.089883]]}, "properties": {"id": "-413487852#2", "nombre": "Calle Manco Segundo", "longitud": 87.2, "velocidad_max": 30.0, "num_lanes": 1}}, {"type": "Feature", "id": "-413487852#3", "geometry": {"type": "LineString", "coordinates": [[-77.045363, -12.091459], [-77.045371, -12.091404], [-77.045455, -12.090793]]}, "properties": {"id": "-413487852#3", "nombre": "Calle Manco Segundo", "longitud": 74.3, "velocidad_max": 30.0, "num_lanes": 1}}, {"type": "Feature", "id": "-413487852#7", "geometry": {"type": "LineString", "coordinates": [[-77.045261, -12.092205], [-77.045263, -12.09219], [-77.045266, -12.092165], [-77.04527, -12.092139], [-77.045275, -12.0921], [-77.045304, -12.091891], [-77.045343, -12.091609], [-77.045346, -12.091588]]}, "properties": {"id": "-413487852#7", "nombre": "Calle Manco Segundo", "longitud": 68.95, "velocidad_max": 30.0, "num_lanes": 1}}, {"type": "Feature", "id": "-413487853#1", "geometry": {"type": "LineString", "coordinates": [[-77.045031, -12.093755], [-77.045037, -12.093719], [-77.045084, -12.0934], [-77.045237, -12.092371], [-77.045241, -12.09234], [-77.045242, -12.092334]]}, "properties": {"id": "-413487853#1", "nombre": "Calle Los Nogales", "longitud": 158.88, "velocidad_max": 50.0, "num_lanes": 1}}, {"type": "Feature", "id": "-413487856#0", "geometry": {"type": "LineString", "coordinates": [[-77.042408, -12.090237], [-77.042492, -12.089659]]}, "properties": {"id": "-413487856#0", "nombre": "Calle Los Álamos", "longitud": 64.65, "velocidad_max": 50.0, "num_lanes": 1}}, {"type": "Feature", "id": "-413487856#1", "geometry": {"type": "LineString", "coordinates": [[-77.042184, -12.091776], [-77.042188, -12.091751], [-77.042389, -12.090366]]}, "properties": {"id": "-413487856#1", "nombre": "Calle Los Álamos", "longitud": 157.55, "velocidad_max": 50.0, "num_lanes": 1}}, {"type": "Feature", "id": "-413972548#2", "geometry": {"type": "LineString", "coordinates": [[-77.015715, -12.050723], [-77.015755, -12.05099], [-77.015832, -12.051517], [-77.015834, -12.051534]]}, "properties": {"id": "-413972548#2", "nombre": "Jirón Manuel Pardo", "longitud": 90.74, "velocidad_max": 30.0, "num_lanes": 1}}, {"type": "Feature", "id": "-413972549#3", "geometry": {"type": "LineString", "coordinates": [[-77.016555, -12.050598], [-77.016485, -12.050598], [-77.016374, -12.050596], [-77.016289, -12.050603], [-77.016165, -12.050614], [-77.016133, -12.050617], [-77.015942, -12.050638], [-77.01576, -12.050665]]}, "properties": {"id": "-413972549#3", "nombre": "Jirón Huamalies", "longitud": 87.03, "velocidad_max": 40.0, "num_lanes": 1}}, {"type": "Feature", "id": "-416503201", "geometry": {"type": "LineString", "coordinates": [[-77.02686, -12.077094], [-77.02674, -12.077388]]}, "properties": {"id": "-416503201", "nombre": "-416503201", "longitud": 35.11, "velocidad_max": 50.0, "num_lanes": 1}}, {"type": "Feature", "id": "-416503202", "geometry": {"type": "LineString", "coordinates": [[-77.026467, -12.078039], [-77.026575, -12.077751]]}, "properties": {"id": "-416503202", "nombre": "-416503202", "longitud": 33.88, "velocidad_max": 50.0, "num_lanes": 1}}, {"type": "Feature", "id": "-416503210", "geometry": {"type": "LineString", "coordinates": [[-77.022516, -12.080494], [-77.022783, -12.080443]]}, "properties": {"id": "-416503210", "nombre": "-416503210", "longitud": 29.6, "velocidad_max": 50.0, "num_lanes": 1}}, {"type": "Feature", "id": "-416503213#1", "geometry": {"type": "LineString", "coordinates": [[-77.022075, -12.076403], [-77.021996, -12.076029], [-77.021916, -12.07565]]}, "properties": {"id": "-416503213#1", "nombre": "López de la Gamarra", "longitud": 85.07, "velocidad_max": 30.0, "num_lanes": 1}}, {"type": "Feature", "id": "-416503214", "geometry": {"type": "LineString", "coordinates": [[-77.017575, -12.073866], [-77.017463, -12.074345]]}, "properties": {"id": "-416503214", "nombre": "-416503214", "longitud": 54.34, "velocidad_max": 50.0, "num_lanes": 1}}, {"type": "Feature", "id": "-416503223", "geometry": {"type": "LineString", "coordinates": [[-77.014253, -12.075091], [-77.014136, -12.074158], [-77.013869, -12.07419]]}, "properties": {"id": "-416503223", "nombre": "Calle Rodolfo del Campo", "longitud": 133.4, "velocidad_max": 50.0, "num_lanes": 1}}, {"type": "Feature", "id": "-416503224", "geometry": {"type": "LineString", "coordinates": [[-77.013919, -12.075176], [-77.013795, -12.07425]]}, "properties": {"id": "-416503224", "nombre": "Calle Rodolfo del Campo", "longitud": 103.26, "velocidad_max": 50.0, "num_lanes": 1}}, {"type": "Feature", "id": "-417100476#0", "geometry": {"type": "LineString", "coordinates": [[-77.011145, -12.060808], [-77.011155, -12.060737]]}, "properties": {"id": "-417100476#0", "nombre": "Jirón 3 de Febrero", "longitud": 7.92, "velocidad_max": 50.0, "num_lanes": 1}}, {"type": "Feature", "id": "-417100476#2", "geometry": {"type": "LineString", "coordinates": [[-77.010986, -12.062082], [-77.011016, -12.061839], [-77.011128, -12.060936]]}, "properties": {"id": "-417100476#2", "nombre": "Jirón 3 de Febrero", "longitud": 127.69, "velocidad_max": 50.0, "num_lanes": 1}}, {"type": "Feature", "id": "-418181050", "geometry": {"type": "LineString", "coordinates": [[-77.033779, -12.098037], [-77.033718, -12.097722]]}, "properties": {"id": "-418181050", "nombre": "-418181050", "longitud": 35.4, "velocidad_max": 50.0, "num_lanes": 1}}, {"type": "Feature", "id": "-418196037#1", "geometry": {"type": "LineString", "coordinates": [[-77.033355, -12.100956], [-77.033367, -12.101344], [-77.033382, -12.101814]]}, "properties": {"id": "-418196037#1", "nombre": "-418196037#1", "longitud": 95.01, "velocidad_max": 10.0, "num_lanes": 1}}, {"type": "Feature", "id": "-418200916", "geometry": {"type": "LineString", "coordinates": [[-77.036928, -12.091902], [-77.036843, -12.091889]]}, "properties": {"id": "-418200916", "nombre": "Pasaje Jorge Arrospide Loyola", "longitud": 9.34, "velocidad_max": 50.0, "num_lanes": 1}}, {"type": "Feature", "id": "-420670887#0", "geometry": {"type": "LineString", "coordinates": [[-77.070057, -12.060821], [-77.070205, -12.060754], [-77.070374, -12.060686], [-77.070524, -12.060626], [-77.070756, -12.060548], [-77.071047, -12.060484], [-77.071101, -12.060478], [-77.071303, -12.060459], [-77.071586, -12.060448]]}, "properties": {"id": "-420670887#0", "nombre": "Jirón Santa Justina", "longitud": 173.29, "velocidad_max": 30.0, "num_lanes": 1}}, {"type": "Feature", "id": "-420670887#1", "geometry": {"type": "LineString", "coordinates": [[-77.069348, -12.061236], [-77.069416, -12.061185], [-77.069608, -12.061069], [-77.069941, -12.06088]]}, "properties": {"id": "-420670887#1", "nombre": "Jirón Santa Justina", "longitud": 75.67, "velocidad_max": 30.0, "num_lanes": 1}}, {"type": "Feature", "id": "-420670887#2", "geometry": {"type": "LineString", "coordinates": [[-77.068869, -12.062086], [-77.068879, -12.062061], [-77.068901, -12.062004], [-77.069113, -12.061486], [-77.069167, -12.061397], [-77.069228, -12.061331], [-77.069243, -12.061319]]}, "properties": {"id": "-420670887#2", "nombre": "Jirón Santa Justina", "longitud": 95.01, "velocidad_max": 30.0, "num_lanes": 1}}, {"type": "Feature", "id": "-420955882", "geometry": {"type": "LineString", "coordinates": [[-77.040203, -12.105452], [-77.040289, -12.105861]]}, "properties": {"id": "-420955882", "nombre": "Avenida Miguel Dasso", "longitud": 46.23, "velocidad_max": 40.0, "num_lanes": 1}}, {"type": "Feature", "id": "-421694319", "geometry": {"type": "LineString", "coordinates": [[-77.02377, -12.098473], [-77.023173, -12.098551]]}, "properties": {"id": "-421694319", "nombre": "Los Pelícanos", "longitud": 65.5, "velocidad_max": 40.0, "num_lanes": 1}}, {"type": "Feature", "id": "-42336746", "geometry": {"type": "LineString", "coordinates": [[-77.003205, -12.06388], [-77.00391, -12.063382], [-77.004267, -12.063139], [-77.004496, -12.062983], [-77.005149, -12.062541], [-77.005305, -12.062433], [-77.005523, -12.062294], [-77.005616, -12.062235], [-77.00568, -12.062194], [-77.005777, -12.062163], [-77.005886, -12.062129], [-77.006079, -12.062079], [-77.006294, -12.062051], [-77.006824, -12.06204], [-77.007762, -12.061991], [-77.008455, -12.061933], [-77.008873, -12.061907], [-77.009111, -12.061896], [-77.009252, -12.061886], [-77.009365, -12.061896], [-77.009398, -12.061909], [-77.010062, -12.06204]]}, "properties": {"id": "-42336746", "nombre": "Avenida Jaime Bausate y Meza", "longitud": 809.45, "velocidad_max": 40.0, "num_lanes": 1}}, {"type": "Feature", "id": "-42337956#2", "geometry": {"type": "LineString", "coordinates": [[-77.01012, -12.061999], [-77.010206, -12.061341], [-77.010223, -12.061222], [-77.010262, -12.060922], [-77.010268, -12.060827]]}, "properties": {"id": "-42337956#2", "nombre": "Prolongación Avenida San Pablo", "longitud": 130.69, "velocidad_max": 30.0, "num_lanes": 1}}, {"type": "Feature", "id": "-42337956#5", "geometry": {"type": "LineString", "coordinates": [[-77.009636, -12.065365], [-77.009726, -12.06473], [-77.009821, -12.064054], [-77.009882, -12.063707], [-77.009938, -12.063362], [-77.009955, -12.06325], [-77.009982, -12.06306], [-77.010037, -12.062649], [-77.010098, -12.062161], [-77.010103, -12.062128]]}, "properties": {"id": "-42337956#5", "nombre": "Prolongación Avenida San Pablo", "longitud": 361.8, "velocidad_max": 30.0, "num_lanes": 1}}, {"type": "Feature", "id": "-424546343", "geometry": {"type": "LineString", "coordinates": [[-77.028941, -12.099157], [-77.029094, -12.099173]]}, "properties": {"id": "-424546343", "nombre": "Calle La Habana", "longitud": 16.8, "velocidad_max": 40.0, "num_lanes": 1}}, {"type": "Feature", "id": "-425284544#2", "geometry": {"type": "LineString", "coordinates": [[-77.041085, -12.070746], [-77.041183, -12.070728], [-77.041292, -12.070734], [-77.041384, -12.070763], [-77.041507, -12.070805], [-77.041624, -12.070843], [-77.041705, -12.070856], [-77.041813, -12.070853], [-77.042023, -12.070802], [-77.042044, -12.070798], [-77.042287, -12.070751], [-77.042574, -12.070684], [-77.042737, -12.070677], [-77.042826, -12.07068], [-77.042916, -12.070691], [-77.042992, -12.07071], [-77.043125, -12.070748]]}, "properties": {"id": "-425284544#2", "nombre": "Jirón Nazca", "longitud": 227.47, "velocidad_max": 40.0, "num_lanes": 1}}, {"type": "Feature", "id": "-426671562#0", "geometry": {"type": "LineString", "coordinates": [[-77.017307, -12.11943], [-77.017299, -12.120476]]}, "properties": {"id": "-426671562#0", "nombre": "Calle Manuel Almenara", "longitud": 115.67, "velocidad_max": 30.0, "num_lanes": 1}}, {"type": "Feature", "id": "-426673939#0", "geometry": {"type": "LineString", "coordinates": [[-77.026415, -12.105127], [-77.027026, -12.105144]]}, "properties": {"id": "-426673939#0", "nombre": "Calle Los Fiaisanes", "longitud": 66.51, "velocidad_max": 50.0, "num_lanes": 1}}, {"type": "Feature", "id": "-426673939#1", "geometry": {"type": "LineString", "coordinates": [[-77.025704, -12.105108], [-77.02631, -12.105124]]}, "properties": {"id": "-426673939#1", "nombre": "Calle Los Fiaisanes", "longitud": 66.07, "velocidad_max": 50.0, "num_lanes": 1}}, {"type": "Feature", "id": "-426675460", "geometry": {"type": "LineString", "coordinates": [[-77.03393, -12.107197], [-77.033774, -12.108144]]}, "properties": {"id": "-426675460", "nombre": "Jirón General Borgoño", "longitud": 106.12, "velocidad_max": 40.0, "num_lanes": 1}}, {"type": "Feature", "id": "-426675461", "geometry": {"type": "LineString", "coordinates": [[-77.034148, -12.106959], [-77.033974, -12.107109]]}, "properties": {"id": "-426675461", "nombre": "Calle Ricardo Rosell", "longitud": 25.12, "velocidad_max": 30.0, "num_lanes": 1}}, {"type": "Feature", "id": "-426675676#0", "geometry": {"type": "LineString", "coordinates": [[-77.033418, -12.104148], [-77.033496, -12.104163]]}, "properties": {"id": "-426675676#0", "nombre": "Calle Alomia Robles", "longitud": 8.64, "velocidad_max": 50.0, "num_lanes": 1}}, {"type": "Feature", "id": "-426675676#1", "geometry": {"type": "LineString", "coordinates": [[-77.032693, -12.104009], [-77.033288, -12.104124]]}, "properties": {"id": "-426675676#1", "nombre": "Calle Alomia Robles", "longitud": 66.02, "velocidad_max": 50.0, "num_lanes": 1}}, {"type": "Feature", "id": "-426675677", "geometry": {"type": "LineString", "coordinates": [[-77.033708, -12.105175], [-77.033291, -12.104671], [-77.03327, -12.104643], [-77.033258, -12.104611], [-77.033256, -12.104577], [-77.033259, -12.104546], [-77.033323, -12.104212]]}, "properties": {"id": "-426675677", "nombre": "Pasaje El Aromito", "longitud": 124.34, "velocidad_max": 50.0, "num_lanes": 1}}, {"type": "Feature", "id": "-426679229#0", "geometry": {"type": "LineString", "coordinates": [[-77.014713, -12.11939], [-77.014681, -12.120417]]}, "properties": {"id": "-426679229#0", "nombre": "Calle Pedro Venturo", "longitud": 113.77, "velocidad_max": 50.0, "num_lanes": 1}}, {"type": "Feature", "id": "-426679229#2", "geometry": {"type": "LineString", "coordinates": [[-77.014862, -12.118145], [-77.014715, -12.118382], [-77.014713, -12.118436], [-77.014711, -12.118502], [-77.014715, -12.119258]]}, "properties": {"id": "-426679229#2", "nombre": "Calle Pedro Venturo", "longitud": 127.68, "velocidad_max": 50.0, "num_lanes": 1}}, {"type": "Feature", "id": "-426679230", "geometry": {"type": "LineString", "coordinates": [[-77.016586, -12.116039], [-77.016684, -12.115404]]}, "properties": {"id": "-426679230", "nombre": "San Lorenzo", "longitud": 71.08, "velocidad_max": 50.0, "num_lanes": 1}}, {"type": "Feature", "id": "-426679231", "geometry": {"type": "LineString", "coordinates": [[-77.016806, -12.114701], [-77.016728, -12.115304]]}, "properties": {"id": "-426679231", "nombre": "San Lorenzo", "longitud": 67.2, "velocidad_max": 50.0, "num_lanes": 1}}, {"type": "Feature", "id": "-426679677", "geometry": {"type": "LineString", "coordinates": [[-77.033372, -12.112124], [-77.033392, -12.112415], [-77.033394, -12.112451]]}, "properties": {"id": "-426679677", "nombre": "Calle General Borgoño", "longitud": 36.33, "velocidad_max": 40.0, "num_lanes": 1}}, {"type": "Feature", "id": "-426840123#0", "geometry": {"type": "LineString", "coordinates": [[-77.013228, -12.11792], [-77.013222, -12.118679], [-77.013222, -12.118691]]}, "properties": {"id": "-426840123#0", "nombre": "Alejandro Deustua", "longitud": 85.23, "velocidad_max": 50.0, "num_lanes": 1}}, {"type": "Feature", "id": "-426840123#2", "geometry": {"type": "LineString", "coordinates": [[-77.013114, -12.117578], [-77.013138, -12.117611], [-77.013186, -12.117693], [-77.013213, -12.117802]]}, "properties": {"id": "-426840123#2", "nombre": "Alejandro Deustua", "longitud": 27.35, "velocidad_max": 50.0, "num_lanes": 1}}, {"type": "Feature", "id": "-426840129", "geometry": {"type": "LineString", "coordinates": [[-77.00975, -12.110767], [-77.010252, -12.110807]]}, "properties": {"id": "-426840129", "nombre": "Calle Dos", "longitud": 54.78, "velocidad_max": 50.0, "num_lanes": 1}}, {"type": "Feature", "id": "-426840131#0", "geometry": {"type": "LineString", "coordinates": [[-77.010523, -12.117899], [-77.010541, -12.117911], [-77.011177, -12.118337]]}, "properties": {"id": "-426840131#0", "nombre": "Calle Juan José Calle", "longitud": 86.21, "velocidad_max": 40.0, "num_lanes": 1}}, {"type": "Feature", "id": "-426840131#1", "geometry": {"type": "LineString", "coordinates": [[-77.009947, -12.117527], [-77.010403, -12.11782], [-77.010412, -12.117826]]}, "properties": {"id": "-426840131#1", "nombre": "Calle Juan José Calle", "longitud": 60.45, "velocidad_max": 40.0, "num_lanes": 1}}, {"type": "Feature", "id": "-426840131#2", "geometry": {"type": "LineString", "coordinates": [[-77.00937, -12.117147], [-77.009837, -12.117455]]}, "properties": {"id": "-426840131#2", "nombre": "Calle Juan José Calle", "longitud": 61.22, "velocidad_max": 40.0, "num_lanes": 1}}, {"type": "Feature", "id": "-426840134#0", "geometry": {"type": "LineString", "coordinates": [[-77.01374, -12.109453], [-77.014048, -12.109648]]}, "properties": {"id": "-426840134#0", "nombre": "Martin Luther King", "longitud": 39.96, "velocidad_max": 40.0, "num_lanes": 1}}, {"type": "Feature", "id": "-426840134#1", "geometry": {"type": "LineString", "coordinates": [[-77.013204, -12.109332], [-77.013308, -12.109354], [-77.013536, -12.109389], [-77.013599, -12.109401]]}, "properties": {"id": "-426840134#1", "nombre": "Martin Luther King", "longitud": 43.77, "velocidad_max": 40.0, "num_lanes": 1}}, {"type": "Feature", "id": "-426843683#0", "geometry": {"type": "LineString", "coordinates": [[-77.01098, -12.108777], [-77.011142, -12.108805]]}, "properties": {"id": "-426843683#0", "nombre": "Martin Luther King", "longitud": 17.85, "velocidad_max": 40.0, "num_lanes": 1}}, {"type": "Feature", "id": "-426843683#1", "geometry": {"type": "LineString", "coordinates": [[-77.010342, -12.108672], [-77.01085, -12.108755]]}, "properties": {"id": "-426843683#1", "nombre": "Martin Luther King", "longitud": 56.11, "velocidad_max": 40.0, "num_lanes": 1}}, {"type": "Feature", "id": "-426843684#1", "geometry": {"type": "LineString", "coordinates": [[-77.012907, -12.109123], [-77.013051, -12.109136], [-77.013082, -12.109153], [-77.013093, -12.109176], [-77.013135, -12.109265]]}, "properties": {"id": "-426843684#1", "nombre": "Martin Luther King", "longitud": 33.22, "velocidad_max": 40.0, "num_lanes": 1}}, {"type": "Feature", "id": "-426843684#2", "geometry": {"type": "LineString", "coordinates": [[-77.012613, -12.109107], [-77.012775, -12.109114]]}, "properties": {"id": "-426843684#2", "nombre": "Martin Luther King", "longitud": 17.72, "velocidad_max": 40.0, "num_lanes": 1}}, {"type": "Feature", "id": "-426845559#1", "geometry": {"type": "LineString", "coordinates": [[-77.012538, -12.1132], [-77.012439, -12.114416], [-77.012402, -12.115]]}, "properties": {"id": "-426845559#1", "nombre": "Calle Víctor Alzamora", "longitud": 199.74, "velocidad_max": 80.0, "num_lanes": 1}}, {"type": "Feature", "id": "-426845559#5", "geometry": {"type": "LineString", "coordinates": [[-77.012579, -12.112728], [-77.012577, -12.112754], [-77.012562, -12.112926], [-77.012555, -12.113007], [-77.012549, -12.11307]]}, "properties": {"id": "-426845559#5", "nombre": "Calle Víctor Alzamora", "longitud": 37.97, "velocidad_max": 80.0, "num_lanes": 1}}, {"type": "Feature", "id": "-426845566#0", "geometry": {"type": "LineString", "coordinates": [[-77.009917, -12.110263], [-77.009827, -12.110261]]}, "properties": {"id": "-426845566#0", "nombre": "Salvador Allende", "longitud": 9.84, "velocidad_max": 50.0, "num_lanes": 1}}, {"type": "Feature", "id": "-426845566#1", "geometry": {"type": "LineString", "coordinates": [[-77.010366, -12.110287], [-77.010019, -12.110268]]}, "properties": {"id": "-426845566#1", "nombre": "Salvador Allende", "longitud": 37.75, "velocidad_max": 50.0, "num_lanes": 1}}, {"type": "Feature", "id": "-426845566#2", "geometry": {"type": "LineString", "coordinates": [[-77.010873, -12.110315], [-77.010498, -12.110295]]}, "properties": {"id": "-426845566#2", "nombre": "Salvador Allende", "longitud": 40.82, "velocidad_max": 50.0, "num_lanes": 1}}, {"type": "Feature", "id": "-426854863", "geometry": {"type": "LineString", "coordinates": [[-77.011437, -12.109826], [-77.011458, -12.109623]]}, "properties": {"id": "-426854863", "nombre": "Daudet", "longitud": 22.59, "velocidad_max": 50.0, "num_lanes": 1}}, {"type": "Feature", "id": "-426862792#0", "geometry": {"type": "LineString", "coordinates": [[-77.01313, -12.102944], [-77.013317, -12.102916], [-77.013647, -12.102824], [-77.013992, -12.102641], [-77.014335, -12.102426]]}, "properties": {"id": "-426862792#0", "nombre": "Calle Pietro Torrigiano", "longitud": 144.89, "velocidad_max": 40.0, "num_lanes": 1}}, {"type": "Feature", "id": "-426862792#1", "geometry": {"type": "LineString", "coordinates": [[-77.012423, -12.102784], [-77.012599, -12.102865], [-77.012875, -12.102938], [-77.013013, -12.102948]]}, "properties": {"id": "-426862792#1", "nombre": "Calle Pietro Torrigiano", "longitud": 67.34, "velocidad_max": 40.0, "num_lanes": 1}}, {"type": "Feature", "id": "-426868446#2", "geometry": {"type": "LineString", "coordinates": [[-77.013184, -12.088609], [-77.013138, -12.088967], [-77.01313, -12.089027], [-77.013113, -12.089161], [-77.013112, -12.089176]]}, "properties": {"id": "-426868446#2", "nombre": "Calle Horacio Cachay Diaz", "longitud": 63.28, "velocidad_max": 40.0, "num_lanes": 1}}, {"type": "Feature", "id": "-426868446#3", "geometry": {"type": "LineString", "coordinates": [[-77.013251, -12.088097], [-77.013197, -12.088509]]}, "properties": {"id": "-426868446#3", "nombre": "Calle Horacio Cachay Diaz", "longitud": 45.95, "velocidad_max": 40.0, "num_lanes": 1}}, {"type": "Feature", "id": "-426868446#4", "geometry": {"type": "LineString", "coordinates": [[-77.013302, -12.087599], [-77.013266, -12.087967]]}, "properties": {"id": "-426868446#4", "nombre": "Calle Horacio Cachay Diaz", "longitud": 40.91, "velocidad_max": 40.0, "num_lanes": 1}}, {"type": "Feature", "id": "-426895784", "geometry": {"type": "LineString", "coordinates": [[-77.016186, -12.103505], [-77.016514, -12.103314], [-77.01655, -12.103257], [-77.016555, -12.103173], [-77.016454, -12.102427]]}, "properties": {"id": "-426895784", "nombre": "3 Sur", "longitud": 141.56, "velocidad_max": 30.0, "num_lanes": 1}}, {"type": "Feature", "id": "-426895786#0", "geometry": {"type": "LineString", "coordinates": [[-77.015737, -12.090703], [-77.015543, -12.090692], [-77.015443, -12.090694], [-77.015314, -12.090725], [-77.015135, -12.090818]]}, "properties": {"id": "-426895786#0", "nombre": "Calle Doctor Ricardo J. Angulo R.", "longitud": 68.52, "velocidad_max": 40.0, "num_lanes": 1}}, {"type": "Feature", "id": "-426895786#2", "geometry": {"type": "LineString", "coordinates": [[-77.017476, -12.090955], [-77.016392, -12.090786], [-77.015865, -12.090716]]}, "properties": {"id": "-426895786#2", "nombre": "Calle Doctor Ricardo J. Angulo R.", "longitud": 177.38, "velocidad_max": 40.0, "num_lanes": 1}}, {"type": "Feature", "id": "-426895786#3", "geometry": {"type": "LineString", "coordinates": [[-77.018249, -12.091053], [-77.017627, -12.090976], [-77.017609, -12.090974]]}, "properties": {"id": "-426895786#3", "nombre": "Calle Doctor Ricardo J. Angulo R.", "longitud": 70.22, "velocidad_max": 40.0, "num_lanes": 1}}, {"type": "Feature", "id": "-426895786#4", "geometry": {"type": "LineString", "coordinates": [[-77.018879, -12.091154], [-77.01838, -12.091072]]}, "properties": {"id": "-426895786#4", "nombre": "Calle Doctor Ricardo J. Angulo R.", "longitud": 55.07, "velocidad_max": 40.0, "num_lanes": 1}}, {"type": "Feature", "id": "-426895788", "geometry": {"type": "LineString", "coordinates": [[-77.015267, -12.10183], [-77.015738, -12.101595]]}, "properties": {"id": "-426895788", "nombre": "Los Ibis", "longitud": 57.48, "velocidad_max": 40.0, "num_lanes": 1}}, {"type": "Feature", "id": "-426895789#1", "geometry": {"type": "LineString", "coordinates": [[-77.017255, -12.100078], [-77.017521, -12.099585], [-77.017718, -12.098989], [-77.017724, -12.098887], [-77.017732, -12.098775]]}, "properties": {"id": "-426895789#1", "nombre": "Los Ibis", "longitud": 154.82, "velocidad_max": 40.0, "num_lanes": 1}}, {"type": "Feature", "id": "-426895790", "geometry": {"type": "LineString", "coordinates": [[-77.02879, -12.101689], [-77.029007, -12.101727], [-77.02909, -12.101764], [-77.029121, -12.101829], [-77.029055, -12.102334], [-77.028943, -12.102946]]}, "properties": {"id": "-426895790", "nombre": "Luis Felipe Villaran", "longitud": 167.01, "velocidad_max": 40.0, "num_lanes": 1}}, {"type": "Feature", "id": "-426895794#0", "geometry": {"type": "LineString", "coordinates": [[-77.017292, -12.10018], [-77.017698, -12.100391]]}, "properties": {"id": "-426895794#0", "nombre": "Calle Las Oropéndolas", "longitud": 50.03, "velocidad_max": 40.0, "num_lanes": 1}}, {"type": "Feature", "id": "-426896655#3", "geometry": {"type": "LineString", "coordinates": [[-77.029807, -12.087494], [-77.029747, -12.087911], [-77.029709, -12.088178], [-77.029697, -12.088259], [-77.029668, -12.088462]]}, "properties": {"id": "-426896655#3", "nombre": "Avenida Francisco Lazo", "longitud": 108.13, "velocidad_max": 50.0, "num_lanes": 1}}, {"type": "Feature", "id": "-426896655#7", "geometry": {"type": "LineString", "coordinates": [[-77.02996, -12.08642], [-77.029956, -12.086448], [-77.029922, -12.086681], [-77.029871, -12.08704], [-77.029869, -12.087054], [-77.029825, -12.087365]]}, "properties": {"id": "-426896655#7", "nombre": "Avenida Francisco Lazo", "longitud": 105.61, "velocidad_max": 50.0, "num_lanes": 1}}, {"type": "Feature", "id": "-426896658#1", "geometry": {"type": "LineString", "coordinates": [[-77.018883, -12.096831], [-77.018545, -12.096867], [-77.018451, -12.096877], [-77.018444, -12.096878]]}, "properties": {"id": "-426896658#1", "nombre": "Calle Los Ruiseñores Oeste", "longitud": 48.09, "velocidad_max": 50.0, "num_lanes": 1}}, {"type": "Feature", "id": "-426896658#7", "geometry": {"type": "LineString", "coordinates": [[-77.020398, -12.094906], [-77.020393, -12.094917], [-77.01985, -12.096285], [-77.019806, -12.096397], [-77.01976, -12.096499], [-77.019633, -12.096634], [-77.019533, -12.096701], [-77.019304, -12.096768], [-77.019161, -12.096793]]}, "properties": {"id": "-426896658#7", "nombre": "Calle Los Ruiseñores Oeste", "longitud": 264.89, "velocidad_max": 50.0, "num_lanes": 1}}, {"type": "Feature", "id": "-426904915#1", "geometry": {"type": "LineString", "coordinates": [[-77.056719, -12.107443], [-77.0567, -12.107425], [-77.056692, -12.1074], [-77.056669, -12.107321], [-77.056495, -12.106765]]}, "properties": {"id": "-426904915#1", "nombre": "Calle Esparta", "longitud": 79.26, "velocidad_max": 40.0, "num_lanes": 1}}, {"type": "Feature", "id": "-426905949#10", "geometry": {"type": "LineString", "coordinates": [[-77.040526, -12.100115], [-77.040551, -12.10011]]}, "properties": {"id": "-426905949#10", "nombre": "Avenida Aurelio Miró Quesada", "longitud": 2.81, "velocidad_max": 60.0, "num_lanes": 1}}, {"type": "Feature", "id": "-426905949#11", "geometry": {"type": "LineString", "coordinates": [[-77.038272, -12.100548], [-77.040364, -12.100151], [-77.040394, -12.100144]]}, "properties": {"id": "-426905949#11", "nombre": "Avenida Aurelio Miró Quesada", "longitud": 235.31, "velocidad_max": 60.0, "num_lanes": 1}}, {"type": "Feature", "id": "-426905949#2", "geometry": {"type": "LineString", "coordinates": [[-77.047868, -12.098753], [-77.04846, -12.098647], [-77.049285, -12.098498], [-77.04934, -12.0985], [-77.049395, -12.098518], [-77.049435, -12.098543], [-77.049472, -12.098581], [-77.04953, -12.098668], [-77.049568, -12.098714], [-77.049612, -12.098755], [-77.049666, -12.098792], [-77.049729, -12.098821], [-77.049798, -12.098841], [-77.049886, -12.098852], [-77.050044, -12.098864]]}, "properties": {"id": "-426905949#2", "nombre": "Avenida Aurelio Miró Quesada", "longitud": 254.35, "velocidad_max": 60.0, "num_lanes": 1}}, {"type": "Feature", "id": "-426905949#3", "geometry": {"type": "LineString", "coordinates": [[-77.047027, -12.098903], [-77.047033, -12.098902], [-77.047734, -12.098777]]}, "properties": {"id": "-426905949#3", "nombre": "Avenida Aurelio Miró Quesada", "longitud": 78.26, "velocidad_max": 60.0, "num_lanes": 1}}, {"type": "Feature", "id": "-426905949#4", "geometry": {"type": "LineString", "coordinates": [[-77.045925, -12.099113], [-77.046829, -12.098938], [-77.046839, -12.098936]]}, "properties": {"id": "-426905949#4", "nombre": "Avenida Aurelio Miró Quesada", "longitud": 101.47, "velocidad_max": 60.0, "num_lanes": 1}}, {"type": "Feature", "id": "-426905949#5", "geometry": {"type": "LineString", "coordinates": [[-77.044846, -12.099323], [-77.044867, -12.099319], [-77.045795, -12.099138]]}, "properties": {"id": "-426905949#5", "nombre": "Avenida Aurelio Miró Quesada", "longitud": 105.33, "velocidad_max": 60.0, "num_lanes": 1}}, {"type": "Feature", "id": "-426905949#6", "geometry": {"type": "LineString", "coordinates": [[-77.043781, -12.099517], [-77.044713, -12.099348], [-77.044716, -12.099347]]}, "properties": {"id": "-426905949#6", "nombre": "Avenida Aurelio Miró Quesada", "longitud": 103.55, "velocidad_max": 60.0, "num_lanes": 1}}, {"type": "Feature", "id": "-426905949#7", "geometry": {"type": "LineString", "coordinates": [[-77.043153, -12.099636], [-77.043192, -12.099628], [-77.043651, -12.099541]]}, "properties": {"id": "-426905949#7", "nombre": "Avenida Aurelio Miró Quesada", "longitud": 55.3, "velocidad_max": 60.0, "num_lanes": 1}}, {"type": "Feature", "id": "-426905949#8", "geometry": {"type": "LineString", "coordinates": [[-77.043001, -12.099664], [-77.043039, -12.099657]]}, "properties": {"id": "-426905949#8", "nombre": "Avenida Aurelio Miró Quesada", "longitud": 4.26, "velocidad_max": 60.0, "num_lanes": 1}}, {"type": "Feature", "id": "-426905949#9", "geometry": {"type": "LineString", "coordinates": [[-77.040658, -12.100089], [-77.04068, -12.100085], [-77.042797, -12.099702], [-77.042856, -12.099691]]}, "properties": {"id": "-426905949#9", "nombre": "Avenida Aurelio Miró Quesada", "longitud": 243.34, "velocidad_max": 60.0, "num_lanes": 1}}, {"type": "Feature", "id": "-426905950", "geometry": {"type": "LineString", "coordinates": [[-77.046329, -12.102792], [-77.046096, -12.101926], [-77.046074, -12.1019]]}, "properties": {"id": "-426905950", "nombre": "Avenida General Juan Antonio Pezet", "longitud": 102.81, "velocidad_max": 40.0, "num_lanes": 1}}, {"type": "Feature", "id": "-426907436#0", "geometry": {"type": "LineString", "coordinates": [[-77.048195, -12.095916], [-77.048398, -12.094533]]}, "properties": {"id": "-426907436#0", "nombre": "Calle Los Eucaliptos", "longitud": 154.54, "velocidad_max": 40.0, "num_lanes": 1}}, {"type": "Feature", "id": "-426907436#1", "geometry": {"type": "LineString", "coordinates": [[-77.04815, -12.096223], [-77.048177, -12.096044]]}, "properties": {"id": "-426907436#1", "nombre": "Calle Los Eucaliptos", "longitud": 19.99, "velocidad_max": 40.0, "num_lanes": 1}}, {"type": "Feature", "id": "-426911069", "geometry": {"type": "LineString", "coordinates": [[-77.058653, -12.09734], [-77.058261, -12.097531]]}, "properties": {"id": "-426911069", "nombre": "Calle José de Acosta", "longitud": 47.67, "velocidad_max": 50.0, "num_lanes": 1}}, {"type": "Feature", "id": "-426911077", "geometry": {"type": "LineString", "coordinates": [[-77.061093, -12.088827], [-77.061087, -12.088827], [-77.061032, -12.088832], [-77.060626, -12.088993]]}, "properties": {"id": "-426911077", "nombre": "Jirón Rodolfo Rutté", "longitud": 54.36, "velocidad_max": 50.0, "num_lanes": 1}}, {"type": "Feature", "id": "-426912889", "geometry": {"type": "LineString", "coordinates": [[-77.056098, -12.084831], [-77.056276, -12.08469]]}, "properties": {"id": "-426912889", "nombre": "-426912889", "longitud": 24.94, "velocidad_max": 10.0, "num_lanes": 1}}, {"type": "Feature", "id": "-426912890", "geometry": {"type": "LineString", "coordinates": [[-77.055461, -12.08524], [-77.055769, -12.085055]]}, "properties": {"id": "-426912890", "nombre": "-426912890", "longitud": 39.27, "velocidad_max": 10.0, "num_lanes": 1}}, {"type": "Feature", "id": "-426912891", "geometry": {"type": "LineString", "coordinates": [[-77.055968, -12.084677], [-77.056145, -12.084533]]}, "properties": {"id": "-426912891", "nombre": "-426912891", "longitud": 25.03, "velocidad_max": 10.0, "num_lanes": 1}}, {"type": "Feature", "id": "-426912893#0", "geometry": {"type": "LineString", "coordinates": [[-77.056109, -12.084925], [-77.056223, -12.085064], [-77.056229, -12.085078], [-77.056227, -12.085097], [-77.056119, -12.085187]]}, "properties": {"id": "-426912893#0", "nombre": "-426912893#0", "longitud": 38.91, "velocidad_max": 10.0, "num_lanes": 1}}, {"type": "Feature", "id": "-426912893#1", "geometry": {"type": "LineString", "coordinates": [[-77.05598, -12.084771], [-77.056025, -12.084825]]}, "properties": {"id": "-426912893#1", "nombre": "-426912893#1", "longitud": 7.67, "velocidad_max": 10.0, "num_lanes": 1}}, {"type": "Feature", "id": "-426912893#2", "geometry": {"type": "LineString", "coordinates": [[-77.055641, -12.084606], [-77.055751, -12.084523], [-77.055764, -12.084522], [-77.055778, -12.084525], [-77.055896, -12.08467]]}, "properties": {"id": "-426912893#2", "nombre": "-426912893#2", "longitud": 38.64, "velocidad_max": 10.0, "num_lanes": 1}}, {"type": "Feature", "id": "-426920881#0", "geometry": {"type": "LineString", "coordinates": [[-77.013499, -12.075371], [-77.013564, -12.075754]]}, "properties": {"id": "-426920881#0", "nombre": "Calle Antonio Bazo", "longitud": 42.91, "velocidad_max": 50.0, "num_lanes": 1}}, {"type": "Feature", "id": "-426920881#1", "geometry": {"type": "LineString", "coordinates": [[-77.013327, -12.074307], [-77.013478, -12.075243]]}, "properties": {"id": "-426920881#1", "nombre": "Calle Antonio Bazo", "longitud": 104.86, "velocidad_max": 50.0, "num_lanes": 1}}, {"type": "Feature", "id": "-426920884#0", "geometry": {"type": "LineString", "coordinates": [[-77.011927, -12.062262], [-77.012561, -12.06235]]}, "properties": {"id": "-426920884#0", "nombre": "Avenida Jaime Bausate y Meza", "longitud": 69.66, "velocidad_max": 80.0, "num_lanes": 1}}, {"type": "Feature", "id": "-426920884#3", "geometry": {"type": "LineString", "coordinates": [[-77.011059, -12.062142], [-77.011519, -12.062205], [-77.011612, -12.062219], [-77.011796, -12.062244]]}, "properties": {"id": "-426920884#3", "nombre": "Avenida Jaime Bausate y Meza", "longitud": 81.12, "velocidad_max": 80.0, "num_lanes": 1}}, {"type": "Feature", "id": "-426920884#4", "geometry": {"type": "LineString", "coordinates": [[-77.010195, -12.062058], [-77.01051, -12.062085], [-77.010929, -12.062126]]}, "properties": {"id": "-426920884#4", "nombre": "Avenida Jaime Bausate y Meza", "longitud": 80.36, "velocidad_max": 80.0, "num_lanes": 1}}, {"type": "Feature", "id": "-426920892#0", "geometry": {"type": "LineString", "coordinates": [[-77.012536, -12.076042], [-77.012604, -12.076387]]}, "properties": {"id": "-426920892#0", "nombre": "Calle Ignacio Cossío", "longitud": 38.88, "velocidad_max": 40.0, "num_lanes": 1}}, {"type": "Feature", "id": "-426920892#1", "geometry": {"type": "LineString", "coordinates": [[-77.012358, -12.075161], [-77.012511, -12.075914]]}, "properties": {"id": "-426920892#1", "nombre": "Calle Ignacio Cossío", "longitud": 84.98, "velocidad_max": 40.0, "num_lanes": 1}}, {"type": "Feature", "id": "-426920897#0", "geometry": {"type": "LineString", "coordinates": [[-77.013005, -12.071509], [-77.013018, -12.071411]]}, "properties": {"id": "-426920897#0", "nombre": "Jirón Mariscal Agustín Gamarra", "longitud": 10.95, "velocidad_max": 50.0, "num_lanes": 1}}, {"type": "Feature", "id": "-426920898#0", "geometry": {"type": "LineString", "coordinates": [[-77.013036, -12.078319], [-77.013191, -12.078238]]}, "properties": {"id": "-426920898#0", "nombre": "Calle Moyobamba", "longitud": 19.07, "velocidad_max": 50.0, "num_lanes": 1}}, {"type": "Feature", "id": "-426920898#1", "geometry": {"type": "LineString", "coordinates": [[-77.012762, -12.078496], [-77.012919, -12.078389]]}, "properties": {"id": "-426920898#1", "nombre": "Calle Moyobamba", "longitud": 20.71, "velocidad_max": 50.0, "num_lanes": 1}}, {"type": "Feature", "id": "-426920908#0", "geometry": {"type": "LineString", "coordinates": [[-77.013738, -12.074206], [-77.01337, -12.07425]]}, "properties": {"id": "-426920908#0", "nombre": "Calle Rodolfo del Campo", "longitud": 40.28, "velocidad_max": 50.0, "num_lanes": 1}}, {"type": "Feature", "id": "-427233655", "geometry": {"type": "LineString", "coordinates": [[-77.05459, -12.098563], [-77.054415, -12.098656], [-77.053993, -12.098829], [-77.05373, -12.098916]]}, "properties": {"id": "-427233655", "nombre": "Avenida Alberto del Campo", "longitud": 101.62, "velocidad_max": 40.0, "num_lanes": 1}}, {"type": "Feature", "id": "-427453433#0", "geometry": {"type": "LineString", "coordinates": [[-77.043522, -12.111568], [-77.043511, -12.111571], [-77.043497, -12.111579], [-77.043486, -12.111593], [-77.043479, -12.11161], [-77.043479, -12.111628], [-77.043486, -12.111645], [-77.043498, -12.111659], [-77.043514, -12.111668], [-77.043529, -12.111671]]}, "properties": {"id": "-427453433#0", "nombre": "-427453433#0", "longitud": 16.68, "velocidad_max": 10.0, "num_lanes": 1}}, {"type": "Feature", "id": "-427453433#2", "geometry": {"type": "LineString", "coordinates": [[-77.043534, -12.111671], [-77.04355, -12.111668], [-77.043566, -12.111659], [-77.043577, -12.111647], [-77.043584, -12.111633]]}, "properties": {"id": "-427453433#2", "nombre": "-427453433#2", "longitud": 7.26, "velocidad_max": 10.0, "num_lanes": 1}}, {"type": "Feature", "id": "-427453436", "geometry": {"type": "LineString", "coordinates": [[-77.0437, -12.111475], [-77.043638, -12.11154]]}, "properties": {"id": "-427453436", "nombre": "-427453436", "longitud": 9.87, "velocidad_max": 10.0, "num_lanes": 1}}, {"type": "Feature", "id": "-427821699#1", "geometry": {"type": "LineString", "coordinates": [[-77.020814, -12.078721], [-77.020455, -12.079022], [-77.020392, -12.079047], [-77.020344, -12.079066], [-77.019985, -12.079109]]}, "properties": {"id": "-427821699#1", "nombre": "Federico Barreto", "longitud": 103.8, "velocidad_max": 50.0, "num_lanes": 1}}, {"type": "Feature", "id": "-427821701#1", "geometry": {"type": "LineString", "coordinates": [[-77.015117, -12.074052], [-77.015121, -12.074002], [-77.015147, -12.073926], [-77.015182, -12.073884], [-77.015206, -12.073866]]}, "properties": {"id": "-427821701#1", "nombre": "Jirón Carlos Gutiérrez Noriega", "longitud": 23.64, "velocidad_max": 30.0, "num_lanes": 1}}, {"type": "Feature", "id": "-427821701#6", "geometry": {"type": "LineString", "coordinates": [[-77.015678, -12.075087], [-77.015504, -12.075137], [-77.015383, -12.075172], [-77.015355, -12.075172], [-77.015337, -12.07517], [-77.015314, -12.075164], [-77.015298, -12.075156], [-77.015279, -12.075146], [-77.015264, -12.075132], [-77.015243, -12.075108], [-77.015218, -12.075064], [-77.015148, -12.074718], [-77.015148, -12.074706], [-77.015123, -12.074309], [-77.015119, -12.074244], [-77.015115, -12.074178]]}, "properties": {"id": "-427821701#6", "nombre": "Jirón Carlos Gutiérrez Noriega", "longitud": 155.51, "velocidad_max": 30.0, "num_lanes": 1}}, {"type": "Feature", "id": "-427821709#2", "geometry": {"type": "LineString", "coordinates": [[-77.015276, -12.080541], [-77.01525, -12.080464], [-77.015102, -12.080108], [-77.015077, -12.080037], [-77.015072, -12.079966], [-77.015104, -12.079885], [-77.015152, -12.07983], [-77.015213, -12.079795], [-77.015287, -12.079775], [-77.01552, -12.079748]]}, "properties": {"id": "-427821709#2", "nombre": "Calle Juan Bujanda", "longitud": 127.02, "velocidad_max": 30.0, "num_lanes": 1}}, {"type": "Feature", "id": "-427821711#0", "geometry": {"type": "LineString", "coordinates": [[-77.013435, -12.079451], [-77.013136, -12.079414]]}, "properties": {"id": "-427821711#0", "nombre": "Calle Lamas", "longitud": 32.76, "velocidad_max": 50.0, "num_lanes": 1}}, {"type": "Feature", "id": "-427821711#1", "geometry": {"type": "LineString", "coordinates": [[-77.013886, -12.079503], [-77.013578, -12.079468]]}, "properties": {"id": "-427821711#1", "nombre": "Calle Lamas", "longitud": 33.77, "velocidad_max": 50.0, "num_lanes": 1}}, {"type": "Feature", "id": "-427821716#1", "geometry": {"type": "LineString", "coordinates": [[-77.023436, -12.079574], [-77.023574, -12.079488], [-77.023623, -12.079457]]}, "properties": {"id": "-427821716#1", "nombre": "Parque Coronel Luna y Peralta", "longitud": 24.12, "velocidad_max": 50.0, "num_lanes": 1}}, {"type": "Feature", "id": "-427821718#0", "geometry": {"type": "LineString", "coordinates": [[-77.023977, -12.080311], [-77.023586, -12.080389], [-77.023503, -12.080016], [-77.023446, -12.079756], [-77.023416, -12.079619]]}, "properties": {"id": "-427821718#0", "nombre": "Parque Coronel Luna y Peralta", "longitud": 130.68, "velocidad_max": 30.0, "num_lanes": 1}}, {"type": "Feature", "id": "-427821725", "geometry": {"type": "LineString", "coordinates": [[-77.014879, -12.073135], [-77.014706, -12.073714]]}, "properties": {"id": "-427821725", "nombre": "Calle Gutiérrez", "longitud": 66.86, "velocidad_max": 50.0, "num_lanes": 1}}, {"type": "Feature", "id": "-427823642", "geometry": {"type": "LineString", "coordinates": [[-77.02115, -12.079045], [-77.020626, -12.079759], [-77.02057, -12.079872], [-77.020547, -12.07998], [-77.020549, -12.080024]]}, "properties": {"id": "-427823642", "nombre": "Santiago Cárdenas", "longitud": 128.43, "velocidad_max": 30.0, "num_lanes": 1}}, {"type": "Feature", "id": "-427825097#1", "geometry": {"type": "LineString", "coordinates": [[-77.016079, -12.062754], [-77.016257, -12.061498]]}, "properties": {"id": "-427825097#1", "nombre": "Jirón Amèrica", "longitud": 140.23, "velocidad_max": 50.0, "num_lanes": 1}}, {"type": "Feature", "id": "-427825097#4", "geometry": {"type": "LineString", "coordinates": [[-77.015906, -12.064187], [-77.016012, -12.063302], [-77.016044, -12.063036], [-77.016055, -12.062941]]}, "properties": {"id": "-427825097#4", "nombre": "Jirón Amèrica", "longitud": 138.84, "velocidad_max": 50.0, "num_lanes": 1}}, {"type": "Feature", "id": "-427825574#2", "geometry": {"type": "LineString", "coordinates": [[-77.035852, -12.068147], [-77.035875, -12.06815], [-77.036749, -12.068267], [-77.036758, -12.068268]]}, "properties": {"id": "-427825574#2", "nombre": "Jirón Coronel Pascual Saco Oliveros", "longitud": 99.51, "velocidad_max": 30.0, "num_lanes": 1}}, {"type": "Feature", "id": "-427826836#0", "geometry": {"type": "LineString", "coordinates": [[-77.019288, -12.080629], [-77.019651, -12.080596]]}, "properties": {"id": "-427826836#0", "nombre": "Antonio de la Guerra", "longitud": 39.78, "velocidad_max": 50.0, "num_lanes": 1}}, {"type": "Feature", "id": "-427826838#0", "geometry": {"type": "LineString", "coordinates": [[-77.013524, -12.079826], [-77.013952, -12.079875]]}, "properties": {"id": "-427826838#0", "nombre": "Batería Independencia", "longitud": 46.96, "velocidad_max": 50.0, "num_lanes": 1}}, {"type": "Feature", "id": "-427826838#2", "geometry": {"type": "LineString", "coordinates": [[-77.012693, -12.079891], [-77.012832, -12.079833], [-77.012912, -12.07981], [-77.012993, -12.079795], [-77.013063, -12.079789], [-77.013133, -12.079788], [-77.013205, -12.079792], [-77.013308, -12.079807]]}, "properties": {"id": "-427826838#2", "nombre": "Batería Independencia", "longitud": 68.93, "velocidad_max": 50.0, "num_lanes": 1}}, {"type": "Feature", "id": "-427826838#3", "geometry": {"type": "LineString", "coordinates": [[-77.012618, -12.079926], [-77.012619, -12.079925]]}, "properties": {"id": "-427826838#3", "nombre": "Batería Independencia", "longitud": 0.2, "velocidad_max": 50.0, "num_lanes": 1}}, {"type": "Feature", "id": "-427826839#1", "geometry": {"type": "LineString", "coordinates": [[-77.018213, -12.079772], [-77.018545, -12.079593]]}, "properties": {"id": "-427826839#1", "nombre": "Calle Federico Barreto", "longitud": 41.26, "velocidad_max": 50.0, "num_lanes": 1}}, {"type": "Feature", "id": "-427826840#0", "geometry": {"type": "LineString", "coordinates": [[-77.017954, -12.079421], [-77.018144, -12.079753]]}, "properties": {"id": "-427826840#0", "nombre": "Calle José Sannoni", "longitud": 42.11, "velocidad_max": 50.0, "num_lanes": 1}}, {"type": "Feature", "id": "-427826840#2", "geometry": {"type": "LineString", "coordinates": [[-77.017619, -12.078793], [-77.017731, -12.079013], [-77.017802, -12.079145], [-77.017891, -12.079309]]}, "properties": {"id": "-427826840#2", "nombre": "Calle José Sannoni", "longitud": 64.32, "velocidad_max": 50.0, "num_lanes": 1}}, {"type": "Feature", "id": "-427826841#0", "geometry": {"type": "LineString", "coordinates": [[-77.017704, -12.079464], [-77.017743, -12.079445], [-77.017839, -12.079394], [-77.017845, -12.079391]]}, "properties": {"id": "-427826841#0", "nombre": "Calle Juan Bujanda", "longitud": 17.36, "velocidad_max": 30.0, "num_lanes": 1}}, {"type": "Feature", "id": "-427826841#3", "geometry": {"type": "LineString", "coordinates": [[-77.015946, -12.079698], [-77.016721, -12.079608], [-77.017367, -12.079532], [-77.017508, -12.079517], [-77.017576, -12.079505], [-77.017577, -12.079505]]}, "properties": {"id": "-427826841#3", "nombre": "Calle Juan Bujanda", "longitud": 178.87, "velocidad_max": 30.0, "num_lanes": 1}}, {"type": "Feature", "id": "-427826841#5", "geometry": {"type": "LineString", "coordinates": [[-77.015652, -12.079732], [-77.015666, -12.079731], [-77.015815, -12.079713]]}, "properties": {"id": "-427826841#5", "nombre": "Calle Juan Bujanda", "longitud": 17.87, "velocidad_max": 30.0, "num_lanes": 1}}, {"type": "Feature", "id": "-427828150", "geometry": {"type": "LineString", "coordinates": [[-77.014888, -12.067329], [-77.014903, -12.067331], [-77.015421, -12.067397]]}, "properties": {"id": "-427828150", "nombre": "Jirón San Cristóbal", "longitud": 58.57, "velocidad_max": 50.0, "num_lanes": 1}}, {"type": "Feature", "id": "-427828151", "geometry": {"type": "LineString", "coordinates": [[-77.014875, -12.066715], [-77.014874, -12.066714]]}, "properties": {"id": "-427828151", "nombre": "Calle Sebastian Barranca", "longitud": 0.2, "velocidad_max": 30.0, "num_lanes": 1}}, {"type": "Feature", "id": "-427829576", "geometry": {"type": "LineString", "coordinates": [[-77.023221, -12.062257], [-77.023387, -12.061065]]}, "properties": {"id": "-427829576", "nombre": "-427829576", "longitud": 133.14, "velocidad_max": 50.0, "num_lanes": 1}}, {"type": "Feature", "id": "-427829577", "geometry": {"type": "LineString", "coordinates": [[-77.032479, -12.06288], [-77.033106, -12.06296], [-77.033141, -12.062956], [-77.033151, -12.062947], [-77.033166, -12.062915], [-77.033199, -12.062601], [-77.033243, -12.062314]]}, "properties": {"id": "-427829577", "nombre": "-427829577", "longitud": 145.13, "velocidad_max": 30.0, "num_lanes": 1}}, {"type": "Feature", "id": "-427829578#0", "geometry": {"type": "LineString", "coordinates": [[-77.023389, -12.070442], [-77.023351, -12.070711], [-77.023303, -12.071074]]}, "properties": {"id": "-427829578#0", "nombre": "-427829578#0", "longitud": 70.54, "velocidad_max": 50.0, "num_lanes": 1}}, {"type": "Feature", "id": "-427829578#1", "geometry": {"type": "LineString", "coordinates": [[-77.023476, -12.069814], [-77.023407, -12.070313]]}, "properties": {"id": "-427829578#1", "nombre": "-427829578#1", "longitud": 55.75, "velocidad_max": 50.0, "num_lanes": 1}}, {"type": "Feature", "id": "-427870299", "geometry": {"type": "LineString", "coordinates": [[-77.057659, -12.081012], [-77.057082, -12.08031]]}, "properties": {"id": "-427870299", "nombre": "Pasaje Francisco Brenner", "longitud": 99.87, "velocidad_max": 50.0, "num_lanes": 1}}, {"type": "Feature", "id": "-427870303#1", "geometry": {"type": "LineString", "coordinates": [[-77.056377, -12.07624], [-77.057025, -12.07572]]}, "properties": {"id": "-427870303#1", "nombre": "Calle Prolongación Cayetano Heredia", "longitud": 90.98, "velocidad_max": 40.0, "num_lanes": 1}}, {"type": "Feature", "id": "-427876354", "geometry": {"type": "LineString", "coordinates": [[-77.065437, -12.06691], [-77.065022, -12.06697]]}, "properties": {"id": "-427876354", "nombre": "Calle Los Gladiolos", "longitud": 45.7, "velocidad_max": 50.0, "num_lanes": 1}}, {"type": "Feature", "id": "-427876364", "geometry": {"type": "LineString", "coordinates": [[-77.070004, -12.079136], [-77.070049, -12.079121], [-77.070587, -12.078948], [-77.070685, -12.078918], [-77.070745, -12.078911], [-77.070804, -12.078918]]}, "properties": {"id": "-427876364", "nombre": "Santa Isabel", "longitud": 91.08, "velocidad_max": 50.0, "num_lanes": 1}}, {"type": "Feature", "id": "-427885455#1", "geometry": {"type": "LineString", "coordinates": [[-77.058211, -12.07941], [-77.05832, -12.079542], [-77.058403, -12.079645], [-77.058713, -12.080022], [-77.058783, -12.080111]]}, "properties": {"id": "-427885455#1", "nombre": "Jirón Atahualpa", "longitud": 99.54, "velocidad_max": 50.0, "num_lanes": 1}}, {"type": "Feature", "id": "-427885457#0", "geometry": {"type": "LineString", "coordinates": [[-77.061579, -12.077159], [-77.061757, -12.077544]]}, "properties": {"id": "-427885457#0", "nombre": "Carlos de los Heros", "longitud": 46.74, "velocidad_max": 10.0, "num_lanes": 1}}, {"type": "Feature", "id": "-427885457#2", "geometry": {"type": "LineString", "coordinates": [[-77.061396, -12.076746], [-77.061407, -12.076771], [-77.061526, -12.077041]]}, "properties": {"id": "-427885457#2", "nombre": "Carlos de los Heros", "longitud": 35.56, "velocidad_max": 10.0, "num_lanes": 1}}, {"type": "Feature", "id": "-427885458#1", "geometry": {"type": "LineString", "coordinates": [[-77.062917, -12.061572], [-77.062663, -12.061568], [-77.062589, -12.061567], [-77.062567, -12.061568]]}, "properties": {"id": "-427885458#1", "nombre": "Jirón Germán Carrasco", "longitud": 38.15, "velocidad_max": 50.0, "num_lanes": 1}}, {"type": "Feature", "id": "-427885461#2", "geometry": {"type": "LineString", "coordinates": [[-77.060438, -12.078089], [-77.060447, -12.078106], [-77.060699, -12.07859], [-77.060705, -12.078602], [-77.060707, -12.078606]]}, "properties": {"id": "-427885461#2", "nombre": "Mariscal Agustin Gamarra", "longitud": 64.33, "velocidad_max": 50.0, "num_lanes": 1}}, {"type": "Feature", "id": "-427885462#0", "geometry": {"type": "LineString", "coordinates": [[-77.061391, -12.079798], [-77.061719, -12.080209]]}, "properties": {"id": "-427885462#0", "nombre": "Mariscal Agustin Gamarra", "longitud": 57.87, "velocidad_max": 50.0, "num_lanes": 1}}, {"type": "Feature", "id": "-427885462#1", "geometry": {"type": "LineString", "coordinates": [[-77.061312, -12.07969], [-77.061313, -12.079692]]}, "properties": {"id": "-427885462#1", "nombre": "Mariscal Agustin Gamarra", "longitud": 0.2, "velocidad_max": 50.0, "num_lanes": 1}}, {"type": "Feature", "id": "-427885463#1", "geometry": {"type": "LineString", "coordinates": [[-77.06108, -12.077868], [-77.061322, -12.078331]]}, "properties": {"id": "-427885463#1", "nombre": "Mariscal Mariano Necochea", "longitud": 57.63, "velocidad_max": 50.0, "num_lanes": 1}}, {"type": "Feature", "id": "-427886476#2", "geometry": {"type": "LineString", "coordinates": [[-77.060684, -12.06985], [-77.061262, -12.069842]]}, "properties": {"id": "-427886476#2", "nombre": "Jirón Juan José Paso", "longitud": 62.93, "velocidad_max": 30.0, "num_lanes": 1}}, {"type": "Feature", "id": "-427886476#4", "geometry": {"type": "LineString", "coordinates": [[-77.060421, -12.069855], [-77.06049, -12.069853], [-77.060552, -12.069852]]}, "properties": {"id": "-427886476#4", "nombre": "Jirón Juan José Paso", "longitud": 14.34, "velocidad_max": 30.0, "num_lanes": 1}}, {"type": "Feature", "id": "-427886476#5", "geometry": {"type": "LineString", "coordinates": [[-77.0603, -12.069857], [-77.060318, -12.069857]]}, "properties": {"id": "-427886476#5", "nombre": "Jirón Juan José Paso", "longitud": 1.97, "velocidad_max": 30.0, "num_lanes": 1}}, {"type": "Feature", "id": "-427886476#6", "geometry": {"type": "LineString", "coordinates": [[-77.059384, -12.069863], [-77.059421, -12.069868], [-77.059708, -12.069868], [-77.060167, -12.06986]]}, "properties": {"id": "-427886476#6", "nombre": "Jirón Juan José Paso", "longitud": 85.34, "velocidad_max": 30.0, "num_lanes": 1}}, {"type": "Feature", "id": "-427888367#3", "geometry": {"type": "LineString", "coordinates": [[-77.061352, -12.062563], [-77.06136, -12.062597], [-77.061386, -12.062707], [-77.061426, -12.062964]]}, "properties": {"id": "-427888367#3", "nombre": "Jirón Juan Chávez Tueros", "longitud": 45.21, "velocidad_max": 50.0, "num_lanes": 1}}, {"type": "Feature", "id": "-427900614", "geometry": {"type": "LineString", "coordinates": [[-77.026047, -12.078952], [-77.026088, -12.078849]]}, "properties": {"id": "-427900614", "nombre": "-427900614", "longitud": 12.2, "velocidad_max": 80.0, "num_lanes": 1}}, {"type": "Feature", "id": "-427903892", "geometry": {"type": "LineString", "coordinates": [[-77.064571, -12.059278], [-77.064626, -12.059001], [-77.064625, -12.058984]]}, "properties": {"id": "-427903892", "nombre": "Jirón Antenor Orrego", "longitud": 33.12, "velocidad_max": 30.0, "num_lanes": 1}}, {"type": "Feature", "id": "-427903894", "geometry": {"type": "LineString", "coordinates": [[-77.058165, -12.052567], [-77.058055, -12.052284]]}, "properties": {"id": "-427903894", "nombre": "Clorinda Matto de Turner", "longitud": 33.51, "velocidad_max": 50.0, "num_lanes": 1}}, {"type": "Feature", "id": "-427903896#1", "geometry": {"type": "LineString", "coordinates": [[-77.065237, -12.059464], [-77.065257, -12.05935], [-77.065299, -12.059149], [-77.065336, -12.059117]]}, "properties": {"id": "-427903896#1", "nombre": "Jose Francisco Arana", "longitud": 40.89, "velocidad_max": 50.0, "num_lanes": 1}}, {"type": "Feature", "id": "-427903898#0", "geometry": {"type": "LineString", "coordinates": [[-77.065868, -12.053672], [-77.066135, -12.053706], [-77.066156, -12.053698], [-77.066167, -12.053682], [-77.066193, -12.053433], [-77.066219, -12.053152]]}, "properties": {"id": "-427903898#0", "nombre": "Jirón José del Carmen Saco", "longitud": 92.76, "velocidad_max": 50.0, "num_lanes": 1}}, {"type": "Feature", "id": "-427903899#2", "geometry": {"type": "LineString", "coordinates": [[-77.065495, -12.043962], [-77.065809, -12.043987], [-77.06603, -12.044005], [-77.06736, -12.044113], [-77.067427, -12.044115], [-77.06749, -12.044102], [-77.067543, -12.044079], [-77.067587, -12.044045], [-77.067621, -12.044008], [-77.067646, -12.043965], [-77.067664, -12.043914], [-77.06767, -12.043857], [-77.067721, -12.04327]]}, "properties": {"id": "-427903899#2", "nombre": "Calle Las Fabricas", "longitud": 319.07, "velocidad_max": 50.0, "num_lanes": 1}}, {"type": "Feature", "id": "-427903900", "geometry": {"type": "LineString", "coordinates": [[-77.059518, -12.054201], [-77.059429, -12.053968]]}, "properties": {"id": "-427903900", "nombre": "Jirón Santiago Távara", "longitud": 27.64, "velocidad_max": 50.0, "num_lanes": 1}}, {"type": "Feature", "id": "-427903905", "geometry": {"type": "LineString", "coordinates": [[-77.064729, -12.054298], [-77.065001, -12.05426]]}, "properties": {"id": "-427903905", "nombre": "-427903905", "longitud": 29.93, "velocidad_max": 50.0, "num_lanes": 1}}, {"type": "Feature", "id": "-427904224#1", "geometry": {"type": "LineString", "coordinates": [[-77.063756, -12.050112], [-77.063761, -12.050074], [-77.063794, -12.049769]]}, "properties": {"id": "-427904224#1", "nombre": "Jirón Gualberto Guevara", "longitud": 38.24, "velocidad_max": 50.0, "num_lanes": 1}}, {"type": "Feature", "id": "-427904224#3", "geometry": {"type": "LineString", "coordinates": [[-77.063709, -12.05059], [-77.063724, -12.050435], [-77.063742, -12.050242]]}, "properties": {"id": "-427904224#3", "nombre": "Jirón Gualberto Guevara", "longitud": 38.7, "velocidad_max": 50.0, "num_lanes": 1}}, {"type": "Feature", "id": "-427904227#2", "geometry": {"type": "LineString", "coordinates": [[-77.065573, -12.052236], [-77.06533, -12.052317], [-77.064888, -12.052471], [-77.064803, -12.052491], [-77.06472, -12.052504], [-77.064667, -12.052497], [-77.064614, -12.052476], [-77.06456, -12.052448], [-77.064507, -12.052408], [-77.064475, -12.05237], [-77.064447, -12.052324], [-77.064414, -12.05225]]}, "properties": {"id": "-427904227#2", "nombre": "Jirón Gualberto Guevara", "longitud": 144.03, "velocidad_max": 50.0, "num_lanes": 1}}, {"type": "Feature", "id": "-427904227#3", "geometry": {"type": "LineString", "coordinates": [[-77.065938, -12.052104], [-77.065697, -12.052193]]}, "properties": {"id": "-427904227#3", "nombre": "Jirón Gualberto Guevara", "longitud": 27.99, "velocidad_max": 50.0, "num_lanes": 1}}, {"type": "Feature", "id": "-427905765#0", "geometry": {"type": "LineString", "coordinates": [[-77.063636, -12.042007], [-77.063866, -12.042032]]}, "properties": {"id": "-427905765#0", "nombre": "-427905765#0", "longitud": 25.23, "velocidad_max": 10.0, "num_lanes": 1}}, {"type": "Feature", "id": "-427905942", "geometry": {"type": "LineString", "coordinates": [[-77.069526, -12.047069], [-77.069451, -12.04793]]}, "properties": {"id": "-427905942", "nombre": "-427905942", "longitud": 95.57, "velocidad_max": 50.0, "num_lanes": 1}}, {"type": "Feature", "id": "-427906497#0", "geometry": {"type": "LineString", "coordinates": [[-77.063597, -12.041617], [-77.06363, -12.041288]]}, "properties": {"id": "-427906497#0", "nombre": "-427906497#0", "longitud": 36.6, "velocidad_max": 10.0, "num_lanes": 1}}, {"type": "Feature", "id": "-427906497#1", "geometry": {"type": "LineString", "coordinates": [[-77.063561, -12.041948], [-77.063584, -12.041747]]}, "properties": {"id": "-427906497#1", "nombre": "-427906497#1", "longitud": 22.39, "velocidad_max": 10.0, "num_lanes": 1}}, {"type": "Feature", "id": "-428004496#0", "geometry": {"type": "LineString", "coordinates": [[-77.044532, -12.043281], [-77.044532, -12.043282]]}, "properties": {"id": "-428004496#0", "nombre": "Jirón Huarochirí", "longitud": 0.2, "velocidad_max": 30.0, "num_lanes": 1}}, {"type": "Feature", "id": "-428004496#2", "geometry": {"type": "LineString", "coordinates": [[-77.044621, -12.04206], [-77.044616, -12.042131], [-77.044539, -12.043189]]}, "properties": {"id": "-428004496#2", "nombre": "Jirón Huarochirí", "longitud": 125.22, "velocidad_max": 30.0, "num_lanes": 1}}, {"type": "Feature", "id": "-428006003", "geometry": {"type": "LineString", "coordinates": [[-77.04414, -12.040471], [-77.044177, -12.040471], [-77.045915, -12.041069], [-77.045977, -12.04109]]}, "properties": {"id": "-428006003", "nombre": "Villamar", "longitud": 211.76, "velocidad_max": 50.0, "num_lanes": 1}}, {"type": "Feature", "id": "-428006005#1", "geometry": {"type": "LineString", "coordinates": [[-77.047326, -12.04059], [-77.046966, -12.040552], [-77.04624, -12.040468]]}, "properties": {"id": "-428006005#1", "nombre": "-428006005#1", "longitud": 119.01, "velocidad_max": 30.0, "num_lanes": 1}}, {"type": "Feature", "id": "-428006005#3", "geometry": {"type": "LineString", "coordinates": [[-77.04862, -12.040717], [-77.048371, -12.040693], [-77.047457, -12.040604]]}, "properties": {"id": "-428006005#3", "nombre": "-428006005#3", "longitud": 127.26, "velocidad_max": 30.0, "num_lanes": 1}}, {"type": "Feature", "id": "-428014805#0", "geometry": {"type": "LineString", "coordinates": [[-77.052618, -12.049118], [-77.052682, -12.047658]]}, "properties": {"id": "-428014805#0", "nombre": "Jose María Raygada", "longitud": 161.69, "velocidad_max": 30.0, "num_lanes": 1}}, {"type": "Feature", "id": "-428017190#6", "geometry": {"type": "LineString", "coordinates": [[-77.057462, -12.052414], [-77.05745, -12.052431], [-77.057451, -12.052447], [-77.057609, -12.052657], [-77.057633, -12.052688], [-77.057769, -12.052866], [-77.05779, -12.052894], [-77.05788, -12.053024], [-77.057913, -12.053102], [-77.057957, -12.053263], [-77.057965, -12.053296]]}, "properties": {"id": "-428017190#6", "nombre": "-428017190#6", "longitud": 114.69, "velocidad_max": 10.0, "num_lanes": 1}}, {"type": "Feature", "id": "-428032856#2", "geometry": {"type": "LineString", "coordinates": [[-77.015604, -12.046821], [-77.015609, -12.047303], [-77.015609, -12.047323], [-77.015613, -12.047709]]}, "properties": {"id": "-428032856#2", "nombre": "Jirón Manuel Pardo", "longitud": 98.23, "velocidad_max": 40.0, "num_lanes": 1}}, {"type": "Feature", "id": "-428032856#4", "geometry": {"type": "LineString", "coordinates": [[-77.015597, -12.046262], [-77.015601, -12.046578], [-77.015602, -12.04669]]}, "properties": {"id": "-428032856#4", "nombre": "Jirón Manuel Pardo", "longitud": 47.33, "velocidad_max": 40.0, "num_lanes": 1}}, {"type": "Feature", "id": "-428033492", "geometry": {"type": "LineString", "coordinates": [[-77.017258, -12.047986], [-77.017441, -12.047057]]}, "properties": {"id": "-428033492", "nombre": "Jirón Maynas", "longitud": 104.65, "velocidad_max": 40.0, "num_lanes": 1}}, {"type": "Feature", "id": "-428035708", "geometry": {"type": "LineString", "coordinates": [[-77.026415, -12.052388], [-77.02536, -12.052455], [-77.025254, -12.052462]]}, "properties": {"id": "-428035708", "nombre": "Jirón Santa Rosa", "longitud": 126.74, "velocidad_max": 40.0, "num_lanes": 1}}, {"type": "Feature", "id": "-428035709#2", "geometry": {"type": "LineString", "coordinates": [[-77.023957, -12.041526], [-77.024303, -12.041477], [-77.024996, -12.04138], [-77.025421, -12.04132]]}, "properties": {"id": "-428035709#2", "nombre": "Jirón Libertad", "longitud": 161.04, "velocidad_max": 50.0, "num_lanes": 1}}, {"type": "Feature", "id": "-428086938#2", "geometry": {"type": "LineString", "coordinates": [[-77.011105, -12.042619], [-77.011093, -12.042687], [-77.010925, -12.043572]]}, "properties": {"id": "-428086938#2", "nombre": "José Rivera y Dávalos", "longitud": 107.3, "velocidad_max": 30.0, "num_lanes": 1}}, {"type": "Feature", "id": "-428086944#1", "geometry": {"type": "LineString", "coordinates": [[-77.010391, -12.059947], [-77.010393, -12.059945], [-77.01044, -12.059778], [-77.010474, -12.059602], [-77.010494, -12.059563], [-77.010555, -12.05954], [-77.01076, -12.059548]]}, "properties": {"id": "-428086944#1", "nombre": "Prolongación Avenida San Pablo", "longitud": 73.7, "velocidad_max": 40.0, "num_lanes": 1}}, {"type": "Feature", "id": "-428086958#0", "geometry": {"type": "LineString", "coordinates": [[-77.011979, -12.052465], [-77.011774, -12.051916]]}, "properties": {"id": "-428086958#0", "nombre": "Jirón Conchucos", "longitud": 64.73, "velocidad_max": 30.0, "num_lanes": 1}}, {"type": "Feature", "id": "-428086958#2", "geometry": {"type": "LineString", "coordinates": [[-77.012243, -12.05325], [-77.012074, -12.052718], [-77.012028, -12.052594]]}, "properties": {"id": "-428086958#2", "nombre": "Jirón Conchucos", "longitud": 76.35, "velocidad_max": 30.0, "num_lanes": 1}}, {"type": "Feature", "id": "-428086958#3", "geometry": {"type": "LineString", "coordinates": [[-77.012445, -12.05347], [-77.012293, -12.053324]]}, "properties": {"id": "-428086958#3", "nombre": "Jirón Conchucos", "longitud": 23.14, "velocidad_max": 30.0, "num_lanes": 1}}, {"type": "Feature", "id": "-428244546#0", "geometry": {"type": "LineString", "coordinates": [[-77.012432, -12.041078], [-77.013069, -12.04157], [-77.013108, -12.041599], [-77.013145, -12.041625]]}, "properties": {"id": "-428244546#0", "nombre": "Avenida Berrocal", "longitud": 98.39, "velocidad_max": 50.0, "num_lanes": 1}}, {"type": "Feature", "id": "-428244546#2", "geometry": {"type": "LineString", "coordinates": [[-77.005864, -12.03808], [-77.009496, -12.03961], [-77.010095, -12.039839], [-77.010496, -12.040035], [-77.01108, -12.040273], [-77.011527, -12.040495], [-77.012315, -12.040996]]}, "properties": {"id": "-428244546#2", "nombre": "Avenida Berrocal", "longitud": 774.55, "velocidad_max": 50.0, "num_lanes": 1}}, {"type": "Feature", "id": "-428246001", "geometry": {"type": "LineString", "coordinates": [[-77.012409, -12.041513], [-77.012387, -12.041546]]}, "properties": {"id": "-428246001", "nombre": "-428246001", "longitud": 4.39, "velocidad_max": 50.0, "num_lanes": 1}}, {"type": "Feature", "id": "-428246002", "geometry": {"type": "LineString", "coordinates": [[-77.012075, -12.041755], [-77.012089, -12.041767]]}, "properties": {"id": "-428246002", "nombre": "-428246002", "longitud": 2.04, "velocidad_max": 10.0, "num_lanes": 1}}, {"type": "Feature", "id": "-428246004#0", "geometry": {"type": "LineString", "coordinates": [[-77.012498, -12.041478], [-77.012764, -12.041675], [-77.012577, -12.041648], [-77.012442, -12.041627], [-77.012416, -12.041627]]}, "properties": {"id": "-428246004#0", "nombre": "Pasaje Santa Rosa", "longitud": 74.68, "velocidad_max": 50.0, "num_lanes": 1}}, {"type": "Feature", "id": "-428246004#1", "geometry": {"type": "LineString", "coordinates": [[-77.012307, -12.041317], [-77.012398, -12.041397]]}, "properties": {"id": "-428246004#1", "nombre": "-428246004#1", "longitud": 13.32, "velocidad_max": 50.0, "num_lanes": 1}}, {"type": "Feature", "id": "-428246011#0", "geometry": {"type": "LineString", "coordinates": [[-77.012128, -12.041671], [-77.012083, -12.041692]]}, "properties": {"id": "-428246011#0", "nombre": "Pasaje Santa Rosa", "longitud": 5.38, "velocidad_max": 50.0, "num_lanes": 1}}, {"type": "Feature", "id": "-428246011#1", "geometry": {"type": "LineString", "coordinates": [[-77.012272, -12.041628], [-77.012252, -12.041633]]}, "properties": {"id": "-428246011#1", "nombre": "Pasaje Santa Rosa", "longitud": 2.23, "velocidad_max": 50.0, "num_lanes": 1}}, {"type": "Feature", "id": "-429516660#1", "geometry": {"type": "LineString", "coordinates": [[-77.017477, -12.107822], [-77.017801, -12.107825], [-77.018446, -12.107825]]}, "properties": {"id": "-429516660#1", "nombre": "Calle Portocarrero", "longitud": 105.46, "velocidad_max": 30.0, "num_lanes": 1}}, {"type": "Feature", "id": "-430115979#3", "geometry": {"type": "LineString", "coordinates": [[-77.06694, -12.052595], [-77.066985, -12.052599], [-77.067556, -12.05265], [-77.068132, -12.052702], [-77.068246, -12.052712]]}, "properties": {"id": "-430115979#3", "nombre": "Calle Elvira García y García", "longitud": 142.81, "velocidad_max": 50.0, "num_lanes": 1}}, {"type": "Feature", "id": "-430205291", "geometry": {"type": "LineString", "coordinates": [[-77.03345, -12.113302], [-77.033457, -12.113399], [-77.033483, -12.113777]]}, "properties": {"id": "-430205291", "nombre": "Calle General Borgoño", "longitud": 52.61, "velocidad_max": 40.0, "num_lanes": 1}}, {"type": "Feature", "id": "-430212585#0", "geometry": {"type": "LineString", "coordinates": [[-77.047654, -12.115187], [-77.047148, -12.114706], [-77.04714, -12.114698]]}, "properties": {"id": "-430212585#0", "nombre": "Calle Ignacio Merino", "longitud": 77.87, "velocidad_max": 30.0, "num_lanes": 1}}, {"type": "Feature", "id": "-430212585#2", "geometry": {"type": "LineString", "coordinates": [[-77.048067, -12.11558], [-77.048064, -12.115577], [-77.048011, -12.115527], [-77.04775, -12.115278]]}, "properties": {"id": "-430212585#2", "nombre": "Calle Ignacio Merino", "longitud": 48.03, "velocidad_max": 30.0, "num_lanes": 1}}, {"type": "Feature", "id": "-430214325#0", "geometry": {"type": "LineString", "coordinates": [[-77.043676, -12.111384], [-77.043226, -12.110971]]}, "properties": {"id": "-430214325#0", "nombre": "Calle Ignacio Merino", "longitud": 66.96, "velocidad_max": 40.0, "num_lanes": 1}}, {"type": "Feature", "id": "-430214325#1", "geometry": {"type": "LineString", "coordinates": [[-77.044053, -12.111725], [-77.043773, -12.111472]]}, "properties": {"id": "-430214325#1", "nombre": "Calle Ignacio Merino", "longitud": 41.34, "velocidad_max": 40.0, "num_lanes": 1}}, {"type": "Feature", "id": "-430214325#3", "geometry": {"type": "LineString", "coordinates": [[-77.044442, -12.112109], [-77.044241, -12.111901]]}, "properties": {"id": "-430214325#3", "nombre": "Calle Ignacio Merino", "longitud": 31.76, "velocidad_max": 40.0, "num_lanes": 1}}, {"type": "Feature", "id": "-430214325#4", "geometry": {"type": "LineString", "coordinates": [[-77.044963, -12.112619], [-77.044929, -12.112585], [-77.044534, -12.112202]]}, "properties": {"id": "-430214325#4", "nombre": "Calle Ignacio Merino", "longitud": 65.63, "velocidad_max": 40.0, "num_lanes": 1}}, {"type": "Feature", "id": "-430221374#1", "geometry": {"type": "LineString", "coordinates": [[-77.038432, -12.112243], [-77.038883, -12.112831], [-77.039073, -12.113079]]}, "properties": {"id": "-430221374#1", "nombre": "Avenida Santa Cruz", "longitud": 115.85, "velocidad_max": 60.0, "num_lanes": 1}}, {"type": "Feature", "id": "-430221374#2", "geometry": {"type": "LineString", "coordinates": [[-77.037694, -12.111282], [-77.038345, -12.11213]]}, "properties": {"id": "-430221374#2", "nombre": "Avenida Santa Cruz", "longitud": 117.61, "velocidad_max": 60.0, "num_lanes": 1}}, {"type": "Feature", "id": "-430221374#3", "geometry": {"type": "LineString", "coordinates": [[-77.037326, -12.110804], [-77.037613, -12.111177]]}, "properties": {"id": "-430221374#3", "nombre": "Avenida Santa Cruz", "longitud": 51.82, "velocidad_max": 60.0, "num_lanes": 1}}, {"type": "Feature", "id": "-430221375#0", "geometry": {"type": "LineString", "coordinates": [[-77.034265, -12.10693], [-77.034959, -12.107793]]}, "properties": {"id": "-430221375#0", "nombre": "Avenida Santa Cruz", "longitud": 121.73, "velocidad_max": 60.0, "num_lanes": 1}}, {"type": "Feature", "id": "-430221375#2", "geometry": {"type": "LineString", "coordinates": [[-77.033445, -12.105865], [-77.033483, -12.105915], [-77.034179, -12.10682]]}, "properties": {"id": "-430221375#2", "nombre": "Avenida Santa Cruz", "longitud": 132.41, "velocidad_max": 60.0, "num_lanes": 1}}, {"type": "Feature", "id": "-430221380", "geometry": {"type": "LineString", "coordinates": [[-77.03544, -12.11266], [-77.035505, -12.11266], [-77.035679, -12.112659]]}, "properties": {"id": "-430221380", "nombre": "Calle Eduardo de Harbich", "longitud": 26.03, "velocidad_max": 50.0, "num_lanes": 1}}, {"type": "Feature", "id": "-430221384", "geometry": {"type": "LineString", "coordinates": [[-77.033867, -12.099437], [-77.033856, -12.099403], [-77.033798, -12.099227], [-77.033789, -12.099174], [-77.033789, -12.099173]]}, "properties": {"id": "-430221384", "nombre": "Calle Las Amazonas", "longitud": 30.56, "velocidad_max": 30.0, "num_lanes": 1}}, {"type": "Feature", "id": "-430247500", "geometry": {"type": "LineString", "coordinates": [[-77.016923, -12.100641], [-77.017181, -12.10021]]}, "properties": {"id": "-430247500", "nombre": "Los Ibis", "longitud": 55.37, "velocidad_max": 40.0, "num_lanes": 1}}, {"type": "Feature", "id": "-430247504#1", "geometry": {"type": "LineString", "coordinates": [[-77.017226, -12.098921], [-77.017378, -12.098749], [-77.01743, -12.098701], [-77.017535, -12.098639]]}, "properties": {"id": "-430247504#1", "nombre": "Calle Las Oropéndolas", "longitud": 46.34, "velocidad_max": 40.0, "num_lanes": 1}}, {"type": "Feature", "id": "-430247504#2", "geometry": {"type": "LineString", "coordinates": [[-77.016956, -12.099224], [-77.017047, -12.099135], [-77.017142, -12.09902]]}, "properties": {"id": "-430247504#2", "nombre": "Calle Las Oropéndolas", "longitud": 30.34, "velocidad_max": 40.0, "num_lanes": 1}}, {"type": "Feature", "id": "-430265699#1", "geometry": {"type": "LineString", "coordinates": [[-77.030434, -12.101051], [-77.030725, -12.101094], [-77.030774, -12.101102]]}, "properties": {"id": "-430265699#1", "nombre": "Calle Chacarilla", "longitud": 37.45, "velocidad_max": 40.0, "num_lanes": 1}}, {"type": "Feature", "id": "-430265699#2", "geometry": {"type": "LineString", "coordinates": [[-77.029959, -12.100982], [-77.030303, -12.101032]]}, "properties": {"id": "-430265699#2", "nombre": "Calle Chacarilla", "longitud": 37.83, "velocidad_max": 40.0, "num_lanes": 1}}, {"type": "Feature", "id": "-430266807#0", "geometry": {"type": "LineString", "coordinates": [[-77.013083, -12.091042], [-77.012977, -12.091597]]}, "properties": {"id": "-430266807#0", "nombre": "Calle Doctor Carlos A. Ferreyra U.", "longitud": 62.45, "velocidad_max": 40.0, "num_lanes": 1}}, {"type": "Feature", "id": "-430266807#1", "geometry": {"type": "LineString", "coordinates": [[-77.013077, -12.090525], [-77.013105, -12.090602], [-77.01313, -12.090691], [-77.013134, -12.0908], [-77.013108, -12.090915]]}, "properties": {"id": "-430266807#1", "nombre": "Calle Doctor Carlos A. Ferreyra U.", "longitud": 44.29, "velocidad_max": 40.0, "num_lanes": 1}}, {"type": "Feature", "id": "-430617787#2", "geometry": {"type": "LineString", "coordinates": [[-77.025815, -12.072382], [-77.025871, -12.071973], [-77.025909, -12.071695], [-77.026051, -12.070653]]}, "properties": {"id": "-430617787#2", "nombre": "Renovación", "longitud": 192.96, "velocidad_max": 30.0, "num_lanes": 1}}, {"type": "Feature", "id": "-430617787#3", "geometry": {"type": "LineString", "coordinates": [[-77.025696, -12.073362], [-77.025801, -12.072484]]}, "properties": {"id": "-430617787#3", "nombre": "Renovación", "longitud": 97.91, "velocidad_max": 30.0, "num_lanes": 1}}, {"type": "Feature", "id": "-430822933", "geometry": {"type": "LineString", "coordinates": [[-77.050634, -12.095695], [-77.051078, -12.095745]]}, "properties": {"id": "-430822933", "nombre": "Pasaje Los Castaños", "longitud": 48.64, "velocidad_max": 10.0, "num_lanes": 1}}, {"type": "Feature", "id": "-430838001#0", "geometry": {"type": "LineString", "coordinates": [[-77.036816, -12.093605], [-77.036668, -12.094604]]}, "properties": {"id": "-430838001#0", "nombre": "Calle Los Pinos", "longitud": 111.72, "velocidad_max": 40.0, "num_lanes": 1}}, {"type": "Feature", "id": "-430838001#1", "geometry": {"type": "LineString", "coordinates": [[-77.036912, -12.09292], [-77.036836, -12.093471]]}, "properties": {"id": "-430838001#1", "nombre": "Calle Los Pinos", "longitud": 61.58, "velocidad_max": 40.0, "num_lanes": 1}}, {"type": "Feature", "id": "-431006118#3", "geometry": {"type": "LineString", "coordinates": [[-77.055906, -12.107744], [-77.055718, -12.10758], [-77.055657, -12.107485], [-77.055567, -12.107333], [-77.055418, -12.107086]]}, "properties": {"id": "-431006118#3", "nombre": "Calle Godofredo García", "longitud": 90.98, "velocidad_max": 40.0, "num_lanes": 1}}, {"type": "Feature", "id": "-431006119#0", "geometry": {"type": "LineString", "coordinates": [[-77.042486, -12.111533], [-77.043094, -12.11092]]}, "properties": {"id": "-431006119#0", "nombre": "Avenida Angamos Oeste", "longitud": 94.79, "velocidad_max": 50.0, "num_lanes": 2}}, {"type": "Feature", "id": "-431006119#1", "geometry": {"type": "LineString", "coordinates": [[-77.042138, -12.111892], [-77.042395, -12.111626]]}, "properties": {"id": "-431006119#1", "nombre": "Avenida Angamos Oeste", "longitud": 40.64, "velocidad_max": 50.0, "num_lanes": 2}}, {"type": "Feature", "id": "-431006119#2", "geometry": {"type": "LineString", "coordinates": [[-77.041077, -12.112962], [-77.042048, -12.111984]]}, "properties": {"id": "-431006119#2", "nombre": "Avenida Angamos Oeste", "longitud": 151.34, "velocidad_max": 50.0, "num_lanes": 2}}, {"type": "Feature", "id": "-431006119#3", "geometry": {"type": "LineString", "coordinates": [[-77.040599, -12.113443], [-77.040984, -12.113055]]}, "properties": {"id": "-431006119#3", "nombre": "Avenida Angamos Oeste", "longitud": 59.96, "velocidad_max": 50.0, "num_lanes": 2}}, {"type": "Feature", "id": "-431006119#5", "geometry": {"type": "LineString", "coordinates": [[-77.039953, -12.114078], [-77.039984, -12.114052], [-77.040458, -12.113584]]}, "properties": {"id": "-431006119#5", "nombre": "Avenida Angamos Oeste", "longitud": 77.43, "velocidad_max": 50.0, "num_lanes": 2}}, {"type": "Feature", "id": "-431006121", "geometry": {"type": "LineString", "coordinates": [[-77.055864, -12.105775], [-77.056501, -12.106356]]}, "properties": {"id": "-431006121", "nombre": "Calle Juan Dellepiani", "longitud": 94.53, "velocidad_max": 30.0, "num_lanes": 1}}, {"type": "Feature", "id": "-432008447#0", "geometry": {"type": "LineString", "coordinates": [[-77.013798, -12.062475], [-77.013955, -12.061302], [-77.013975, -12.061212]]}, "properties": {"id": "-432008447#0", "nombre": "Jirón Mariscal Agustín Gamarra", "longitud": 141.07, "velocidad_max": 30.0, "num_lanes": 1}}, {"type": "Feature", "id": "-432008447#2", "geometry": {"type": "LineString", "coordinates": [[-77.013618, -12.063823], [-77.01371, -12.063136], [-77.013777, -12.062632]]}, "properties": {"id": "-432008447#2", "nombre": "Jirón Mariscal Agustín Gamarra", "longitud": 132.85, "velocidad_max": 30.0, "num_lanes": 1}}, {"type": "Feature", "id": "-432008447#3", "geometry": {"type": "LineString", "coordinates": [[-77.013441, -12.065144], [-77.013601, -12.063952]]}, "properties": {"id": "-432008447#3", "nombre": "Jirón Mariscal Agustín Gamarra", "longitud": 132.97, "velocidad_max": 30.0, "num_lanes": 1}}, {"type": "Feature", "id": "-432008447#4", "geometry": {"type": "LineString", "coordinates": [[-77.013269, -12.066433], [-77.013424, -12.065273]]}, "properties": {"id": "-432008447#4", "nombre": "Jirón Mariscal Agustín Gamarra", "longitud": 129.45, "velocidad_max": 30.0, "num_lanes": 1}}, {"type": "Feature", "id": "-432008447#5", "geometry": {"type": "LineString", "coordinates": [[-77.013185, -12.067059], [-77.013251, -12.066562]]}, "properties": {"id": "-432008447#5", "nombre": "Jirón Mariscal Agustín Gamarra", "longitud": 55.5, "velocidad_max": 30.0, "num_lanes": 1}}, {"type": "Feature", "id": "-432008447#6", "geometry": {"type": "LineString", "coordinates": [[-77.013109, -12.067628], [-77.013168, -12.067189]]}, "properties": {"id": "-432008447#6", "nombre": "Jirón Mariscal Agustín Gamarra", "longitud": 49.02, "velocidad_max": 30.0, "num_lanes": 1}}, {"type": "Feature", "id": "-432008447#7", "geometry": {"type": "LineString", "coordinates": [[-77.013041, -12.068131], [-77.013092, -12.067757]]}, "properties": {"id": "-432008447#7", "nombre": "Jirón Mariscal Agustín Gamarra", "longitud": 41.72, "velocidad_max": 30.0, "num_lanes": 1}}, {"type": "Feature", "id": "-432966955", "geometry": {"type": "LineString", "coordinates": [[-77.037294, -12.116283], [-77.037295, -12.11634], [-77.037341, -12.116415]]}, "properties": {"id": "-432966955", "nombre": "Calle Marqués de Torre Tagle", "longitud": 16.07, "velocidad_max": 40.0, "num_lanes": 1}}, {"type": "Feature", "id": "-434577530", "geometry": {"type": "LineString", "coordinates": [[-77.048269, -12.058255], [-77.048275, -12.058149]]}, "properties": {"id": "-434577530", "nombre": "Jirón Loreto", "longitud": 11.68, "velocidad_max": 30.0, "num_lanes": 1}}, {"type": "Feature", "id": "-434692399#1", "geometry": {"type": "LineString", "coordinates": [[-77.03865, -12.069877], [-77.038677, -12.06988], [-77.039001, -12.069927]]}, "properties": {"id": "-434692399#1", "nombre": "Jirón Larrabure y Unanue", "longitud": 38.64, "velocidad_max": 50.0, "num_lanes": 2}}, {"type": "Feature", "id": "-434692399#2", "geometry": {"type": "LineString", "coordinates": [[-77.037945, -12.069775], [-77.038506, -12.069856]]}, "properties": {"id": "-434692399#2", "nombre": "Jirón Larrabure y Unanue", "longitud": 61.74, "velocidad_max": 50.0, "num_lanes": 2}}, {"type": "Feature", "id": "-434692399#7", "geometry": {"type": "LineString", "coordinates": [[-77.036855, -12.069617], [-77.03728, -12.069679], [-77.037755, -12.069747]]}, "properties": {"id": "-434692399#7", "nombre": "Jirón Larrabure y Unanue", "longitud": 99.15, "velocidad_max": 50.0, "num_lanes": 2}}, {"type": "Feature", "id": "-434693591", "geometry": {"type": "LineString", "coordinates": [[-77.060914, -12.075918], [-77.060765, -12.076466]]}, "properties": {"id": "-434693591", "nombre": "-434693591", "longitud": 62.85, "velocidad_max": 10.0, "num_lanes": 1}}, {"type": "Feature", "id": "-434761869#1", "geometry": {"type": "LineString", "coordinates": [[-77.050245, -12.089937], [-77.050136, -12.090689], [-77.049975, -12.091807]]}, "properties": {"id": "-434761869#1", "nombre": "Calle Tomás Edison", "longitud": 208.98, "velocidad_max": 30.0, "num_lanes": 1}}, {"type": "Feature", "id": "-434790308", "geometry": {"type": "LineString", "coordinates": [[-77.043006, -12.060575], [-77.042997, -12.06061], [-77.042971, -12.06065], [-77.042459, -12.061046]]}, "properties": {"id": "-434790308", "nombre": "Pasaje María Auxiliadora", "longitud": 80.11, "velocidad_max": 50.0, "num_lanes": 1}}, {"type": "Feature", "id": "-435187678", "geometry": {"type": "LineString", "coordinates": [[-77.03949, -12.115466], [-77.039557, -12.115469]]}, "properties": {"id": "-435187678", "nombre": "Calle Cesareo Chacaltana", "longitud": 7.39, "velocidad_max": 30.0, "num_lanes": 1}}, {"type": "Feature", "id": "-435203373", "geometry": {"type": "LineString", "coordinates": [[-77.045514, -12.117794], [-77.045597, -12.117878]]}, "properties": {"id": "-435203373", "nombre": "Calle Contralmirante Villar", "longitud": 12.99, "velocidad_max": 20.0, "num_lanes": 1}}, {"type": "Feature", "id": "-435324685#2", "geometry": {"type": "LineString", "coordinates": [[-77.044464, -12.110426], [-77.04492, -12.110445], [-77.045094, -12.11045], [-77.045952, -12.110471]]}, "properties": {"id": "-435324685#2", "nombre": "Avenida Angamos Oeste", "longitud": 162.02, "velocidad_max": 40.0, "num_lanes": 2}}, {"type": "Feature", "id": "-435324685#3", "geometry": {"type": "LineString", "coordinates": [[-77.043691, -12.110551], [-77.04383, -12.110501], [-77.043984, -12.110461], [-77.04415, -12.110432], [-77.044333, -12.110427]]}, "properties": {"id": "-435324685#3", "nombre": "Avenida Angamos Oeste", "longitud": 71.74, "velocidad_max": 40.0, "num_lanes": 2}}, {"type": "Feature", "id": "-435324685#4", "geometry": {"type": "LineString", "coordinates": [[-77.043204, -12.110824], [-77.043255, -12.110785], [-77.043375, -12.110705], [-77.043493, -12.110638], [-77.043599, -12.110589]]}, "properties": {"id": "-435324685#4", "nombre": "Avenida Angamos Oeste", "longitud": 50.41, "velocidad_max": 40.0, "num_lanes": 2}}, {"type": "Feature", "id": "-435341477#2", "geometry": {"type": "LineString", "coordinates": [[-77.036237, -12.109405], [-77.036301, -12.109486], [-77.03654, -12.109786], [-77.036613, -12.109873]]}, "properties": {"id": "-435341477#2", "nombre": "Avenida Santa Cruz", "longitud": 66.03, "velocidad_max": 30.0, "num_lanes": 1}}, {"type": "Feature", "id": "-435341477#3", "geometry": {"type": "LineString", "coordinates": [[-77.035641, -12.108674], [-77.036154, -12.109303]]}, "properties": {"id": "-435341477#3", "nombre": "Avenida Santa Cruz", "longitud": 89.25, "velocidad_max": 30.0, "num_lanes": 1}}, {"type": "Feature", "id": "-435341477#4", "geometry": {"type": "LineString", "coordinates": [[-77.035107, -12.107979], [-77.035562, -12.108573]]}, "properties": {"id": "-435341477#4", "nombre": "Avenida Santa Cruz", "longitud": 82.3, "velocidad_max": 30.0, "num_lanes": 1}}, {"type": "Feature", "id": "-435343301#1", "geometry": {"type": "LineString", "coordinates": [[-77.031197, -12.050263], [-77.031136, -12.050302], [-77.031126, -12.050308], [-77.030483, -12.050714]]}, "properties": {"id": "-435343301#1", "nombre": "Jirón Cusco", "longitud": 92.37, "velocidad_max": 40.0, "num_lanes": 2}}, {"type": "Feature", "id": "-435353209", "geometry": {"type": "LineString", "coordinates": [[-77.052469, -12.0596], [-77.05227, -12.05894], [-77.052185, -12.058719]]}, "properties": {"id": "-435353209", "nombre": "Jirón Aguarico", "longitud": 102.38, "velocidad_max": 50.0, "num_lanes": 2}}, {"type": "Feature", "id": "-435353211#3", "geometry": {"type": "LineString", "coordinates": [[-77.051857, -12.0576], [-77.05194, -12.057848], [-77.051993, -12.058005], [-77.052086, -12.058281], [-77.052164, -12.058529]]}, "properties": {"id": "-435353211#3", "nombre": "Jirón Aguarico", "longitud": 108.1, "velocidad_max": 50.0, "num_lanes": 1}}, {"type": "Feature", "id": "-435353211#4", "geometry": {"type": "LineString", "coordinates": [[-77.051775, -12.057356], [-77.051815, -12.057476]]}, "properties": {"id": "-435353211#4", "nombre": "Jirón Aguarico", "longitud": 14.05, "velocidad_max": 50.0, "num_lanes": 1}}, {"type": "Feature", "id": "-435353211#5", "geometry": {"type": "LineString", "coordinates": [[-77.051735, -12.057234], [-77.051774, -12.057353]]}, "properties": {"id": "-435353211#5", "nombre": "Jirón Aguarico", "longitud": 13.84, "velocidad_max": 50.0, "num_lanes": 1}}, {"type": "Feature", "id": "-435381836#0", "geometry": {"type": "LineString", "coordinates": [[-77.057125, -12.053603], [-77.05661, -12.053737]]}, "properties": {"id": "-435381836#0", "nombre": "Jirón Cutervo", "longitud": 57.94, "velocidad_max": 30.0, "num_lanes": 1}}, {"type": "Feature", "id": "-435381836#1", "geometry": {"type": "LineString", "coordinates": [[-77.057881, -12.053401], [-77.057253, -12.053569]]}, "properties": {"id": "-435381836#1", "nombre": "Jirón Cutervo", "longitud": 70.92, "velocidad_max": 30.0, "num_lanes": 1}}, {"type": "Feature", "id": "-435381836#3", "geometry": {"type": "LineString", "coordinates": [[-77.058882, -12.053131], [-77.058036, -12.05336]]}, "properties": {"id": "-435381836#3", "nombre": "Jirón Cutervo", "longitud": 95.5, "velocidad_max": 30.0, "num_lanes": 1}}, {"type": "Feature", "id": "-435381836#5", "geometry": {"type": "LineString", "coordinates": [[-77.059356, -12.052973], [-77.059173, -12.053041]]}, "properties": {"id": "-435381836#5", "nombre": "Jirón Cutervo", "longitud": 21.29, "velocidad_max": 30.0, "num_lanes": 1}}, {"type": "Feature", "id": "-435381836#6", "geometry": {"type": "LineString", "coordinates": [[-77.059657, -12.052855], [-77.059481, -12.052926]]}, "properties": {"id": "-435381836#6", "nombre": "Jirón Cutervo", "longitud": 20.75, "velocidad_max": 30.0, "num_lanes": 1}}, {"type": "Feature", "id": "-435381836#8", "geometry": {"type": "LineString", "coordinates": [[-77.060275, -12.052607], [-77.059943, -12.052741]]}, "properties": {"id": "-435381836#8", "nombre": "Jirón Cutervo", "longitud": 39.17, "velocidad_max": 30.0, "num_lanes": 1}}, {"type": "Feature", "id": "-435381836#9", "geometry": {"type": "LineString", "coordinates": [[-77.060786, -12.052403], [-77.060398, -12.052558]]}, "properties": {"id": "-435381836#9", "nombre": "Jirón Cutervo", "longitud": 45.62, "velocidad_max": 30.0, "num_lanes": 1}}, {"type": "Feature", "id": "-435484783", "geometry": {"type": "LineString", "coordinates": [[-77.058509, -12.07701], [-77.058321, -12.077156]]}, "properties": {"id": "-435484783", "nombre": "Calle Marcos Palomino", "longitud": 26.07, "velocidad_max": 50.0, "num_lanes": 1}}, {"type": "Feature", "id": "-435510760#1", "geometry": {"type": "LineString", "coordinates": [[-77.039082, -12.066152], [-77.039159, -12.066136], [-77.039202, -12.066128]]}, "properties": {"id": "-435510760#1", "nombre": "-435510760#1", "longitud": 13.41, "velocidad_max": 20.0, "num_lanes": 1}}, {"type": "Feature", "id": "-435525024#1", "geometry": {"type": "LineString", "coordinates": [[-77.043058, -12.067467], [-77.043108, -12.067393], [-77.043288, -12.067127]]}, "properties": {"id": "-435525024#1", "nombre": "Jirón Los Mogaburos", "longitud": 45.17, "velocidad_max": 40.0, "num_lanes": 1}}, {"type": "Feature", "id": "-435696766#2", "geometry": {"type": "LineString", "coordinates": [[-77.033402, -12.112581], [-77.033415, -12.112776], [-77.033428, -12.112969], [-77.033441, -12.113172]]}, "properties": {"id": "-435696766#2", "nombre": "Calle General Borgoño", "longitud": 65.57, "velocidad_max": 40.0, "num_lanes": 1}}, {"type": "Feature", "id": "-435836637#1", "geometry": {"type": "LineString", "coordinates": [[-77.028795, -12.100824], [-77.028134, -12.100712], [-77.028033, -12.100695]]}, "properties": {"id": "-435836637#1", "nombre": "Calle Chacarilla", "longitud": 84.25, "velocidad_max": 40.0, "num_lanes": 1}}, {"type": "Feature", "id": "-435839307#0", "geometry": {"type": "LineString", "coordinates": [[-77.030736, -12.095236], [-77.030347, -12.095185]]}, "properties": {"id": "-435839307#0", "nombre": "Avenida Antequera", "longitud": 42.81, "velocidad_max": 40.0, "num_lanes": 1}}, {"type": "Feature", "id": "-435839307#1", "geometry": {"type": "LineString", "coordinates": [[-77.031193, -12.095295], [-77.030868, -12.095253]]}, "properties": {"id": "-435839307#1", "nombre": "Avenida Antequera", "longitud": 35.69, "velocidad_max": 40.0, "num_lanes": 1}}, {"type": "Feature", "id": "-435839307#2", "geometry": {"type": "LineString", "coordinates": [[-77.031465, -12.095331], [-77.031379, -12.095319], [-77.031336, -12.095314]]}, "properties": {"id": "-435839307#2", "nombre": "Avenida Antequera", "longitud": 14.16, "velocidad_max": 40.0, "num_lanes": 1}}, {"type": "Feature", "id": "-435839311#0", "geometry": {"type": "LineString", "coordinates": [[-77.029039, -12.09508], [-77.02904, -12.09508]]}, "properties": {"id": "-435839311#0", "nombre": "Avenida Antequera", "longitud": 0.2, "velocidad_max": 40.0, "num_lanes": 1}}, {"type": "Feature", "id": "-435839311#1", "geometry": {"type": "LineString", "coordinates": [[-77.028913, -12.095063], [-77.028915, -12.095064]]}, "properties": {"id": "-435839311#1", "nombre": "Avenida Antequera", "longitud": 0.2, "velocidad_max": 40.0, "num_lanes": 1}}, {"type": "Feature", "id": "-435843105#0", "geometry": {"type": "LineString", "coordinates": [[-77.036055, -12.093711], [-77.036731, -12.093531]]}, "properties": {"id": "-435843105#0", "nombre": "Calle Manuel Bañon", "longitud": 76.21, "velocidad_max": 40.0, "num_lanes": 1}}, {"type": "Feature", "id": "-435843105#2", "geometry": {"type": "LineString", "coordinates": [[-77.035197, -12.093941], [-77.03556, -12.093841], [-77.035922, -12.093746]]}, "properties": {"id": "-435843105#2", "nombre": "Calle Manuel Bañon", "longitud": 81.87, "velocidad_max": 40.0, "num_lanes": 1}}, {"type": "Feature", "id": "-435843105#3", "geometry": {"type": "LineString", "coordinates": [[-77.034977, -12.094001], [-77.03501, -12.093992], [-77.035065, -12.093975]]}, "properties": {"id": "-435843105#3", "nombre": "Calle Manuel Bañon", "longitud": 9.96, "velocidad_max": 40.0, "num_lanes": 1}}, {"type": "Feature", "id": "-435854934", "geometry": {"type": "LineString", "coordinates": [[-77.031107, -12.101669], [-77.030816, -12.101621]]}, "properties": {"id": "-435854934", "nombre": "-435854934", "longitud": 32.12, "velocidad_max": 10.0, "num_lanes": 1}}, {"type": "Feature", "id": "-435854943", "geometry": {"type": "LineString", "coordinates": [[-77.031326, -12.100081], [-77.031095, -12.100046]]}, "properties": {"id": "-435854943", "nombre": "-435854943", "longitud": 25.44, "velocidad_max": 10.0, "num_lanes": 1}}, {"type": "Feature", "id": "-435864644", "geometry": {"type": "LineString", "coordinates": [[-77.032849, -12.094626], [-77.032443, -12.09478]]}, "properties": {"id": "-435864644", "nombre": "Calle Antequera", "longitud": 47.38, "velocidad_max": 30.0, "num_lanes": 1}}, {"type": "Feature", "id": "-435867147", "geometry": {"type": "LineString", "coordinates": [[-77.028143, -12.091695], [-77.028035, -12.092554]]}, "properties": {"id": "-435867147", "nombre": "Calle Las Orquídeas", "longitud": 95.73, "velocidad_max": 30.0, "num_lanes": 1}}, {"type": "Feature", "id": "-435878594#1", "geometry": {"type": "LineString", "coordinates": [[-77.052179, -12.091071], [-77.052237, -12.091047], [-77.052278, -12.091031]]}, "properties": {"id": "-435878594#1", "nombre": "-435878594#1", "longitud": 11.65, "velocidad_max": 20.0, "num_lanes": 1}}, {"type": "Feature", "id": "-435976857#4", "geometry": {"type": "LineString", "coordinates": [[-77.032337, -12.068888], [-77.032738, -12.068944], [-77.03282, -12.068955], [-77.033672, -12.069073], [-77.033737, -12.069082], [-77.034176, -12.069142]]}, "properties": {"id": "-435976857#4", "nombre": "Jirón Madre de Dios", "longitud": 202.26, "velocidad_max": 30.0, "num_lanes": 1}}, {"type": "Feature", "id": "-436278066", "geometry": {"type": "LineString", "coordinates": [[-77.044893, -12.083917], [-77.044757, -12.084816]]}, "properties": {"id": "-436278066", "nombre": "Jirón Sinchi Roca", "longitud": 100.56, "velocidad_max": 50.0, "num_lanes": 1}}, {"type": "Feature", "id": "-436301900#1", "geometry": {"type": "LineString", "coordinates": [[-77.053981, -12.080647], [-77.053538, -12.081009], [-77.053305, -12.081198]]}, "properties": {"id": "-436301900#1", "nombre": "Jirón Octavio Bernal", "longitud": 95.62, "velocidad_max": 50.0, "num_lanes": 1}}, {"type": "Feature", "id": "-436301900#5", "geometry": {"type": "LineString", "coordinates": [[-77.054748, -12.080021], [-77.054518, -12.080208], [-77.054378, -12.080323], [-77.054314, -12.080375], [-77.054083, -12.080563]]}, "properties": {"id": "-436301900#5", "nombre": "Jirón Octavio Bernal", "longitud": 94.05, "velocidad_max": 50.0, "num_lanes": 1}}, {"type": "Feature", "id": "-436408021", "geometry": {"type": "LineString", "coordinates": [[-77.044483, -12.069235], [-77.04448, -12.069189], [-77.044462, -12.069043], [-77.04444, -12.068896], [-77.044429, -12.068792]]}, "properties": {"id": "-436408021", "nombre": "Avenida de la Peruanidad", "longitud": 49.35, "velocidad_max": 50.0, "num_lanes": 1}}, {"type": "Feature", "id": "-436408026#5", "geometry": {"type": "LineString", "coordinates": [[-77.042946, -12.067534], [-77.042626, -12.067302], [-77.04238, -12.067116], [-77.042196, -12.06698], [-77.041197, -12.066234], [-77.039773, -12.065216], [-77.039609, -12.065091]]}, "properties": {"id": "-436408026#5", "nombre": "Avenida de la Peruanidad", "longitud": 452.93, "velocidad_max": 50.0, "num_lanes": 2}}, {"type": "Feature", "id": "-436411741", "geometry": {"type": "LineString", "coordinates": [[-77.059221, -12.099559], [-77.059379, -12.099411]]}, "properties": {"id": "-436411741", "nombre": "Avenida José de Acosta", "longitud": 23.73, "velocidad_max": 50.0, "num_lanes": 1}}, {"type": "Feature", "id": "-436425137#0", "geometry": {"type": "LineString", "coordinates": [[-77.057162, -12.105587], [-77.056619, -12.106331], [-77.056595, -12.106365]]}, "properties": {"id": "-436425137#0", "nombre": "Calle Cabo Blanco", "longitud": 105.95, "velocidad_max": 40.0, "num_lanes": 1}}, {"type": "Feature", "id": "-436425137#1", "geometry": {"type": "LineString", "coordinates": [[-77.057843, -12.10471], [-77.057245, -12.105478]]}, "properties": {"id": "-436425137#1", "nombre": "Calle Cabo Blanco", "longitud": 107.14, "velocidad_max": 40.0, "num_lanes": 1}}, {"type": "Feature", "id": "-436425137#3", "geometry": {"type": "LineString", "coordinates": [[-77.058507, -12.104333], [-77.058336, -12.104378], [-77.058301, -12.104387], [-77.058159, -12.104451], [-77.057923, -12.104631]]}, "properties": {"id": "-436425137#3", "nombre": "Calle Cabo Blanco", "longitud": 72.72, "velocidad_max": 40.0, "num_lanes": 1}}, {"type": "Feature", "id": "-436426443#1", "geometry": {"type": "LineString", "coordinates": [[-77.057016, -12.048607], [-77.057082, -12.047937]]}, "properties": {"id": "-436426443#1", "nombre": "Gaspar Hernadez", "longitud": 74.48, "velocidad_max": 50.0, "num_lanes": 1}}, {"type": "Feature", "id": "-436430279#10", "geometry": {"type": "LineString", "coordinates": [[-77.052617, -12.040938], [-77.052483, -12.042426], [-77.052463, -12.042635]]}, "properties": {"id": "-436430279#10", "nombre": "Jirón Rodolfo Beltran", "longitud": 188.49, "velocidad_max": 50.0, "num_lanes": 1}}, {"type": "Feature", "id": "-436430279#2", "geometry": {"type": "LineString", "coordinates": [[-77.052147, -12.045953], [-77.052052, -12.04682], [-77.052024, -12.047172]]}, "properties": {"id": "-436430279#2", "nombre": "Jirón Rodolfo Beltran", "longitud": 135.61, "velocidad_max": 50.0, "num_lanes": 1}}, {"type": "Feature", "id": "-436430279#4", "geometry": {"type": "LineString", "coordinates": [[-77.052303, -12.044394], [-77.052218, -12.045244], [-77.052163, -12.045794]]}, "properties": {"id": "-436430279#4", "nombre": "Jirón Rodolfo Beltran", "longitud": 155.63, "velocidad_max": 50.0, "num_lanes": 1}}, {"type": "Feature", "id": "-436430279#8", "geometry": {"type": "LineString", "coordinates": [[-77.052451, -12.042764], [-77.052377, -12.043527], [-77.052317, -12.044137], [-77.052316, -12.044182]]}, "properties": {"id": "-436430279#8", "nombre": "Jirón Rodolfo Beltran", "longitud": 157.52, "velocidad_max": 50.0, "num_lanes": 1}}, {"type": "Feature", "id": "-436444934#0", "geometry": {"type": "LineString", "coordinates": [[-77.049063, -12.104163], [-77.049328, -12.104124]]}, "properties": {"id": "-436444934#0", "nombre": "-436444934#0", "longitud": 29.25, "velocidad_max": 10.0, "num_lanes": 1}}, {"type": "Feature", "id": "-436444934#1", "geometry": {"type": "LineString", "coordinates": [[-77.048596, -12.104223], [-77.04896, -12.104177]]}, "properties": {"id": "-436444934#1", "nombre": "-436444934#1", "longitud": 40.02, "velocidad_max": 10.0, "num_lanes": 1}}, {"type": "Feature", "id": "-436568602#1", "geometry": {"type": "LineString", "coordinates": [[-77.030864, -12.080262], [-77.030797, -12.080731]]}, "properties": {"id": "-436568602#1", "nombre": "Avenida Francisco Lazo", "longitud": 52.44, "velocidad_max": 30.0, "num_lanes": 1}}, {"type": "Feature", "id": "-436568602#8", "geometry": {"type": "LineString", "coordinates": [[-77.031022, -12.079144], [-77.03097, -12.079518], [-77.030963, -12.079565], [-77.030942, -12.079716], [-77.030937, -12.079751], [-77.030922, -12.079858], [-77.030918, -12.079882], [-77.030886, -12.080104]]}, "properties": {"id": "-436568602#8", "nombre": "Avenida Francisco Lazo", "longitud": 107.31, "velocidad_max": 30.0, "num_lanes": 1}}, {"type": "Feature", "id": "-436581269#1", "geometry": {"type": "LineString", "coordinates": [[-77.03487, -12.073219], [-77.034893, -12.073223], [-77.034895, -12.073223]]}, "properties": {"id": "-436581269#1", "nombre": "Calle Emilio Fernández", "longitud": 2.8, "velocidad_max": 40.0, "num_lanes": 2}}, {"type": "Feature", "id": "-436581269#2", "geometry": {"type": "LineString", "coordinates": [[-77.034253, -12.073132], [-77.034743, -12.073202]]}, "properties": {"id": "-436581269#2", "nombre": "Calle Emilio Fernández", "longitud": 53.91, "velocidad_max": 40.0, "num_lanes": 2}}, {"type": "Feature", "id": "-436581269#3", "geometry": {"type": "LineString", "coordinates": [[-77.033889, -12.073082], [-77.034151, -12.073118]]}, "properties": {"id": "-436581269#3", "nombre": "Calle Emilio Fernández", "longitud": 28.82, "velocidad_max": 40.0, "num_lanes": 2}}, {"type": "Feature", "id": "-436583615#1", "geometry": {"type": "LineString", "coordinates": [[-77.035526, -12.069722], [-77.035535, -12.069722], [-77.035943, -12.069679], [-77.03623, -12.069645], [-77.036539, -12.069607], [-77.036541, -12.069606]]}, "properties": {"id": "-436583615#1", "nombre": "Jirón Madre de Dios", "longitud": 111.28, "velocidad_max": 50.0, "num_lanes": 1}}, {"type": "Feature", "id": "-436583616#2", "geometry": {"type": "LineString", "coordinates": [[-77.035315, -12.069702], [-77.035316, -12.069702]]}, "properties": {"id": "-436583616#2", "nombre": "Jirón Madre de Dios", "longitud": 0.2, "velocidad_max": 50.0, "num_lanes": 1}}, {"type": "Feature", "id": "-436583616#6", "geometry": {"type": "LineString", "coordinates": [[-77.034562, -12.069608], [-77.034829, -12.069645], [-77.03493, -12.069656], [-77.035006, -12.069665], [-77.035246, -12.069697]]}, "properties": {"id": "-436583616#6", "nombre": "Jirón Madre de Dios", "longitud": 75.18, "velocidad_max": 50.0, "num_lanes": 1}}, {"type": "Feature", "id": "-436605579", "geometry": {"type": "LineString", "coordinates": [[-77.030935, -12.101129], [-77.03094, -12.10113], [-77.031209, -12.101178]]}, "properties": {"id": "-436605579", "nombre": "Calle Chacarilla", "longitud": 30.32, "velocidad_max": 40.0, "num_lanes": 1}}, {"type": "Feature", "id": "-436775640#0", "geometry": {"type": "LineString", "coordinates": [[-77.043611, -12.095776], [-77.043608, -12.095796], [-77.043478, -12.096723], [-77.043474, -12.096751]]}, "properties": {"id": "-436775640#0", "nombre": "Calle Los Cedros", "longitud": 108.89, "velocidad_max": 30.0, "num_lanes": 1}}, {"type": "Feature", "id": "-436775640#1", "geometry": {"type": "LineString", "coordinates": [[-77.043705, -12.095112], [-77.04364, -12.09557], [-77.043638, -12.09559]]}, "properties": {"id": "-436775640#1", "nombre": "Calle Los Cedros", "longitud": 53.39, "velocidad_max": 30.0, "num_lanes": 1}}, {"type": "Feature", "id": "-436775640#3", "geometry": {"type": "LineString", "coordinates": [[-77.04375, -12.094795], [-77.043723, -12.094983]]}, "properties": {"id": "-436775640#3", "nombre": "Calle Los Cedros", "longitud": 21.02, "velocidad_max": 30.0, "num_lanes": 1}}, {"type": "Feature", "id": "-436775640#5", "geometry": {"type": "LineString", "coordinates": [[-77.043877, -12.0939], [-77.0438, -12.094503]]}, "properties": {"id": "-436775640#5", "nombre": "Calle Los Cedros", "longitud": 67.26, "velocidad_max": 30.0, "num_lanes": 1}}, {"type": "Feature", "id": "-436775643#0", "geometry": {"type": "LineString", "coordinates": [[-77.042403, -12.096656], [-77.043387, -12.09679]]}, "properties": {"id": "-436775643#0", "nombre": "Avenida Nicolás de Ribera", "longitud": 108.16, "velocidad_max": 40.0, "num_lanes": 1}}, {"type": "Feature", "id": "-436775643#1", "geometry": {"type": "LineString", "coordinates": [[-77.041587, -12.096539], [-77.042272, -12.096637]]}, "properties": {"id": "-436775643#1", "nombre": "Avenida Nicolás de Ribera", "longitud": 75.36, "velocidad_max": 40.0, "num_lanes": 1}}, {"type": "Feature", "id": "-436775643#3", "geometry": {"type": "LineString", "coordinates": [[-77.040793, -12.096424], [-77.04081, -12.096427], [-77.040863, -12.096435], [-77.041456, -12.09652]]}, "properties": {"id": "-436775643#3", "nombre": "Avenida Nicolás de Ribera", "longitud": 72.91, "velocidad_max": 40.0, "num_lanes": 1}}, {"type": "Feature", "id": "-436799280#1", "geometry": {"type": "LineString", "coordinates": [[-77.044615, -12.086752], [-77.044632, -12.08664], [-77.044705, -12.086143]]}, "properties": {"id": "-436799280#1", "nombre": "Jirón Sinchi Roca", "longitud": 68.11, "velocidad_max": 40.0, "num_lanes": 1}}, {"type": "Feature", "id": "-436799280#2", "geometry": {"type": "LineString", "coordinates": [[-77.04457, -12.087058], [-77.0446, -12.086852]]}, "properties": {"id": "-436799280#2", "nombre": "Jirón Sinchi Roca", "longitud": 23.01, "velocidad_max": 40.0, "num_lanes": 1}}, {"type": "Feature", "id": "-436799280#3", "geometry": {"type": "LineString", "coordinates": [[-77.044493, -12.087577], [-77.044551, -12.087187]]}, "properties": {"id": "-436799280#3", "nombre": "Jirón Sinchi Roca", "longitud": 43.64, "velocidad_max": 40.0, "num_lanes": 1}}, {"type": "Feature", "id": "-436906606", "geometry": {"type": "LineString", "coordinates": [[-77.01733, -12.118774], [-77.01731, -12.119302]]}, "properties": {"id": "-436906606", "nombre": "Calle Manuel Almenara", "longitud": 58.49, "velocidad_max": 30.0, "num_lanes": 1}}, {"type": "Feature", "id": "-436928166", "geometry": {"type": "LineString", "coordinates": [[-77.06586, -12.092853], [-77.066239, -12.092556]]}, "properties": {"id": "-436928166", "nombre": "-436928166", "longitud": 52.74, "velocidad_max": 10.0, "num_lanes": 1}}, {"type": "Feature", "id": "-436940004", "geometry": {"type": "LineString", "coordinates": [[-77.016032, -12.118735], [-77.016024, -12.118967], [-77.016013, -12.11928]]}, "properties": {"id": "-436940004", "nombre": "Calle Lola Pardo V.", "longitud": 60.29, "velocidad_max": 30.0, "num_lanes": 1}}, {"type": "Feature", "id": "-436947934", "geometry": {"type": "LineString", "coordinates": [[-77.050408, -12.104503], [-77.050593, -12.104432]]}, "properties": {"id": "-436947934", "nombre": "-436947934", "longitud": 21.57, "velocidad_max": 10.0, "num_lanes": 1}}, {"type": "Feature", "id": "-436947939", "geometry": {"type": "LineString", "coordinates": [[-77.050081, -12.10646], [-77.049801, -12.106595]]}, "properties": {"id": "-436947939", "nombre": "Calle José Gómez", "longitud": 33.95, "velocidad_max": 10.0, "num_lanes": 1}}, {"type": "Feature", "id": "-437062817#1", "geometry": {"type": "LineString", "coordinates": [[-77.010781, -12.112217], [-77.010876, -12.110963], [-77.01089, -12.110783], [-77.01091, -12.110513], [-77.01092, -12.110369]]}, "properties": {"id": "-437062817#1", "nombre": "Jean Paul Sartre", "longitud": 205.07, "velocidad_max": 40.0, "num_lanes": 1}}, {"type": "Feature", "id": "-437483185#0", "geometry": {"type": "LineString", "coordinates": [[-77.011205, -12.096623], [-77.011195, -12.096628], [-77.010739, -12.096868], [-77.010645, -12.096916]]}, "properties": {"id": "-437483185#0", "nombre": "Calle Carlos A. Ferreyra U.", "longitud": 69.05, "velocidad_max": 40.0, "num_lanes": 1}}, {"type": "Feature", "id": "-437483185#2", "geometry": {"type": "LineString", "coordinates": [[-77.011965, -12.095996], [-77.011846, -12.096176], [-77.01174, -12.096305], [-77.011585, -12.096422], [-77.011439, -12.0965]]}, "properties": {"id": "-437483185#2", "nombre": "Calle Carlos A. Ferreyra U.", "longitud": 81.48, "velocidad_max": 40.0, "num_lanes": 1}}, {"type": "Feature", "id": "-437483185#4", "geometry": {"type": "LineString", "coordinates": [[-77.012105, -12.095636], [-77.012102, -12.095647], [-77.012079, -12.09575], [-77.012033, -12.095859]]}, "properties": {"id": "-437483185#4", "nombre": "Calle Carlos A. Ferreyra U.", "longitud": 25.95, "velocidad_max": 40.0, "num_lanes": 1}}, {"type": "Feature", "id": "-437507017", "geometry": {"type": "LineString", "coordinates": [[-77.018729, -12.098415], [-77.019082, -12.09837], [-77.019205, -12.098359], [-77.019328, -12.098365], [-77.019665, -12.098467]]}, "properties": {"id": "-437507017", "nombre": "Calle Las Oropéndolas", "longitud": 104.02, "velocidad_max": 50.0, "num_lanes": 1}}, {"type": "Feature", "id": "-437681182#2", "geometry": {"type": "LineString", "coordinates": [[-77.010854, -12.072032], [-77.0107, -12.071988], [-77.010289, -12.071872], [-77.010156, -12.071835]]}, "properties": {"id": "-437681182#2", "nombre": "Teófilo Castillo", "longitud": 79.04, "velocidad_max": 50.0, "num_lanes": 1}}, {"type": "Feature", "id": "-437681183#2", "geometry": {"type": "LineString", "coordinates": [[-77.010725, -12.072689], [-77.010598, -12.072685], [-77.010417, -12.072652], [-77.010242, -12.072594], [-77.010078, -12.072513], [-77.009961, -12.07243]]}, "properties": {"id": "-437681183#2", "nombre": "Carlos Saco", "longitud": 89.7, "velocidad_max": 50.0, "num_lanes": 1}}, {"type": "Feature", "id": "-438035314", "geometry": {"type": "LineString", "coordinates": [[-77.013779, -12.08225], [-77.01378, -12.082249]]}, "properties": {"id": "-438035314", "nombre": "-438035314", "longitud": 0.2, "velocidad_max": 80.0, "num_lanes": 1}}, {"type": "Feature", "id": "-438078163", "geometry": {"type": "LineString", "coordinates": [[-77.012701, -12.062362], [-77.0128, -12.062384]]}, "properties": {"id": "-438078163", "nombre": "Avenida Jaime Bausate y Meza", "longitud": 11.13, "velocidad_max": 30.0, "num_lanes": 2}}, {"type": "Feature", "id": "-439401938#4", "geometry": {"type": "LineString", "coordinates": [[-77.007453, -12.058581], [-77.007617, -12.058378], [-77.008116, -12.057935], [-77.008223, -12.057854], [-77.008319, -12.057783], [-77.008469, -12.057695], [-77.008493, -12.0577], [-77.008579, -12.057642], [-77.008715, -12.057534], [-77.00891, -12.057378], [-77.008997, -12.057308], [-77.009099, -12.057217], [-77.009289, -12.057046], [-77.009481, -12.056874], [-77.009529, -12.056831], [-77.009669, -12.056697], [-77.009768, -12.056602], [-77.009838, -12.056533], [-77.009919, -12.056453], [-77.009996, -12.056378], [-77.010235, -12.056141], [-77.011142, -12.054924], [-77.011323, -12.05468], [-77.011511, -12.054446], [-77.011808, -12.054067]]}, "properties": {"id": "-439401938#4", "nombre": "Jirón Junín", "longitud": 694.41, "velocidad_max": 40.0, "num_lanes": 1}}, {"type": "Feature", "id": "-439401938#5", "geometry": {"type": "LineString", "coordinates": [[-77.007342, -12.058728], [-77.00741, -12.058636], [-77.007451, -12.058583]]}, "properties": {"id": "-439401938#5", "nombre": "Jirón Junín", "longitud": 19.97, "velocidad_max": 40.0, "num_lanes": 1}}, {"type": "Feature", "id": "-440417231#3", "geometry": {"type": "LineString", "coordinates": [[-77.05721, -12.046664], [-77.057211, -12.046656], [-77.057267, -12.046102], [-77.0573, -12.045775], [-77.057391, -12.044881]]}, "properties": {"id": "-440417231#3", "nombre": "Gaspar Hernadez", "longitud": 198.35, "velocidad_max": 30.0, "num_lanes": 1}}, {"type": "Feature", "id": "-440417231#8", "geometry": {"type": "LineString", "coordinates": [[-77.057103, -12.047685], [-77.057108, -12.047634], [-77.057124, -12.04747], [-77.057164, -12.047096], [-77.057196, -12.046794]]}, "properties": {"id": "-440417231#8", "nombre": "Gaspar Hernadez", "longitud": 99.13, "velocidad_max": 30.0, "num_lanes": 1}}, {"type": "Feature", "id": "-440673131#2", "geometry": {"type": "LineString", "coordinates": [[-77.032223, -12.071348], [-77.032125, -12.071157], [-77.032099, -12.071101], [-77.032049, -12.07095], [-77.032014, -12.07082], [-77.031994, -12.070708], [-77.031988, -12.070602], [-77.031983, -12.070522], [-77.031996, -12.07019]]}, "properties": {"id": "-440673131#2", "nombre": "Jirón Parque de la Reserva", "longitud": 132.87, "velocidad_max": 40.0, "num_lanes": 1}}, {"type": "Feature", "id": "-440974614#2", "geometry": {"type": "LineString", "coordinates": [[-77.041926, -12.042404], [-77.042131, -12.04266], [-77.042143, -12.042675], [-77.042306, -12.042877]]}, "properties": {"id": "-440974614#2", "nombre": "Jirón Oroya", "longitud": 66.68, "velocidad_max": 40.0, "num_lanes": 1}}, {"type": "Feature", "id": "-440974624#0", "geometry": {"type": "LineString", "coordinates": [[-77.04634, -12.046101], [-77.046309, -12.046398], [-77.046398, -12.046406]]}, "properties": {"id": "-440974624#0", "nombre": "-440974624#0", "longitud": 42.76, "velocidad_max": 10.0, "num_lanes": 1}}, {"type": "Feature", "id": "-440974624#1", "geometry": {"type": "LineString", "coordinates": [[-77.046406, -12.045447], [-77.046353, -12.045972]]}, "properties": {"id": "-440974624#1", "nombre": "-440974624#1", "longitud": 58.35, "velocidad_max": 10.0, "num_lanes": 1}}, {"type": "Feature", "id": "-441014163#0", "geometry": {"type": "LineString", "coordinates": [[-77.047035, -12.043948], [-77.047047, -12.043786], [-77.047063, -12.043627]]}, "properties": {"id": "-441014163#0", "nombre": "Avenida Pacasmayo", "longitud": 35.71, "velocidad_max": 40.0, "num_lanes": 2}}, {"type": "Feature", "id": "-441014163#1", "geometry": {"type": "LineString", "coordinates": [[-77.047027, -12.044045], [-77.047027, -12.044043]]}, "properties": {"id": "-441014163#1", "nombre": "Avenida Pacasmayo", "longitud": 0.2, "velocidad_max": 40.0, "num_lanes": 2}}, {"type": "Feature", "id": "-441060050#1", "geometry": {"type": "LineString", "coordinates": [[-77.056624, -12.051791], [-77.056951, -12.051685], [-77.057036, -12.051657], [-77.057202, -12.051604]]}, "properties": {"id": "-441060050#1", "nombre": "Sargento Antonio Lishner", "longitud": 66.28, "velocidad_max": 10.0, "num_lanes": 1}}, {"type": "Feature", "id": "-441060054#0", "geometry": {"type": "LineString", "coordinates": [[-77.058757, -12.051142], [-77.059098, -12.051039]]}, "properties": {"id": "-441060054#0", "nombre": "Sargento Antonio Lishner", "longitud": 38.76, "velocidad_max": 50.0, "num_lanes": 1}}, {"type": "Feature", "id": "-441060054#1", "geometry": {"type": "LineString", "coordinates": [[-77.058275, -12.051285], [-77.05863, -12.051179]]}, "properties": {"id": "-441060054#1", "nombre": "Sargento Antonio Lishner", "longitud": 40.47, "velocidad_max": 50.0, "num_lanes": 1}}, {"type": "Feature", "id": "-441060054#2", "geometry": {"type": "LineString", "coordinates": [[-77.057809, -12.051418], [-77.058144, -12.051323]]}, "properties": {"id": "-441060054#2", "nombre": "Sargento Antonio Lishner", "longitud": 37.92, "velocidad_max": 50.0, "num_lanes": 1}}, {"type": "Feature", "id": "-441060054#4", "geometry": {"type": "LineString", "coordinates": [[-77.057524, -12.051501], [-77.057551, -12.051493], [-77.057681, -12.051455]]}, "properties": {"id": "-441060054#4", "nombre": "Sargento Antonio Lishner", "longitud": 17.9, "velocidad_max": 50.0, "num_lanes": 1}}, {"type": "Feature", "id": "-441104751#1", "geometry": {"type": "LineString", "coordinates": [[-77.041996, -12.039848], [-77.042081, -12.03986], [-77.043017, -12.040005], [-77.043042, -12.040012]]}, "properties": {"id": "-441104751#1", "nombre": "Jirón Enrique Meigss", "longitud": 115.41, "velocidad_max": 30.0, "num_lanes": 1}}, {"type": "Feature", "id": "-441105080#0", "geometry": {"type": "LineString", "coordinates": [[-77.013293, -12.040443], [-77.013291, -12.040438], [-77.013126, -12.039946], [-77.013055, -12.03957], [-77.012919, -12.039068], [-77.012832, -12.038738], [-77.012669, -12.038067], [-77.012563, -12.037706], [-77.012472, -12.0373], [-77.012446, -12.037181], [-77.012396, -12.037057], [-77.01226, -12.036541], [-77.012208, -12.036345], [-77.012123, -12.036139], [-77.012069, -12.036027], [-77.012003, -12.035901], [-77.011864, -12.035712], [-77.011723, -12.035639], [-77.011514, -12.035572]]}, "properties": {"id": "-441105080#0", "nombre": "Callejón del Río Rímac", "longitud": 590.11, "velocidad_max": 30.0, "num_lanes": 1}}, {"type": "Feature", "id": "-441105080#2", "geometry": {"type": "LineString", "coordinates": [[-77.013248, -12.041527], [-77.013295, -12.041411], [-77.013358, -12.041238], [-77.013405, -12.041078], [-77.013424, -12.040927], [-77.013421, -12.040816], [-77.013379, -12.040675], [-77.013339, -12.040566]]}, "properties": {"id": "-441105080#2", "nombre": "Callejón del Río Rímac", "longitud": 110.78, "velocidad_max": 30.0, "num_lanes": 1}}, {"type": "Feature", "id": "-441105080#3", "geometry": {"type": "LineString", "coordinates": [[-77.013203, -12.041628], [-77.013204, -12.041626]]}, "properties": {"id": "-441105080#3", "nombre": "Callejón del Río Rímac", "longitud": 0.2, "velocidad_max": 30.0, "num_lanes": 1}}, {"type": "Feature", "id": "-441105080#4", "geometry": {"type": "LineString", "coordinates": [[-77.013167, -12.04173], [-77.013167, -12.041728]]}, "properties": {"id": "-441105080#4", "nombre": "Callejón del Río Rímac", "longitud": 0.2, "velocidad_max": 30.0, "num_lanes": 1}}, {"type": "Feature", "id": "-442309012#3", "geometry": {"type": "LineString", "coordinates": [[-77.027513, -12.051347], [-77.027536, -12.051396], [-77.02758, -12.051475], [-77.027749, -12.051781], [-77.027949, -12.052142]]}, "properties": {"id": "-442309012#3", "nombre": "Jirón Ayacucho", "longitud": 99.91, "velocidad_max": 40.0, "num_lanes": 1}}, {"type": "Feature", "id": "-443453420#0", "geometry": {"type": "LineString", "coordinates": [[-77.012803, -12.044122], [-77.012614, -12.044393]]}, "properties": {"id": "-443453420#0", "nombre": "Avenida Sebastián Lorente", "longitud": 36.41, "velocidad_max": 40.0, "num_lanes": 1}}, {"type": "Feature", "id": "-443453420#1", "geometry": {"type": "LineString", "coordinates": [[-77.013448, -12.043184], [-77.012891, -12.043994]]}, "properties": {"id": "-443453420#1", "nombre": "Avenida Sebastián Lorente", "longitud": 108.26, "velocidad_max": 40.0, "num_lanes": 1}}, {"type": "Feature", "id": "-443453422#2", "geometry": {"type": "LineString", "coordinates": [[-77.017126, -12.044968], [-77.01731, -12.044989], [-77.017537, -12.045015], [-77.017817, -12.045048]]}, "properties": {"id": "-443453422#2", "nombre": "Jirón Amazonas", "longitud": 75.74, "velocidad_max": 40.0, "num_lanes": 1}}, {"type": "Feature", "id": "-443453427#4", "geometry": {"type": "LineString", "coordinates": [[-77.014973, -12.04384], [-77.015057, -12.043886], [-77.015265, -12.044021], [-77.015383, -12.044099], [-77.015528, -12.044215], [-77.015612, -12.044288], [-77.015628, -12.044302], [-77.015702, -12.044374], [-77.015762, -12.044433], [-77.015787, -12.044469], [-77.015914, -12.044604], [-77.016053, -12.044697], [-77.016471, -12.044888], [-77.016708, -12.044991], [-77.016787, -12.045009], [-77.016899, -12.044992], [-77.01697, -12.044981]]}, "properties": {"id": "-443453427#4", "nombre": "Jirón Amazonas", "longitud": 259.44, "velocidad_max": 30.0, "num_lanes": 1}}, {"type": "Feature", "id": "-443453427#6", "geometry": {"type": "LineString", "coordinates": [[-77.013595, -12.043323], [-77.013817, -12.043371], [-77.014009, -12.043427], [-77.014188, -12.043485], [-77.014362, -12.043552], [-77.014647, -12.043676], [-77.014747, -12.043721], [-77.014821, -12.043758], [-77.014855, -12.043776]]}, "properties": {"id": "-443453427#6", "nombre": "Jirón Amazonas", "longitud": 146.59, "velocidad_max": 30.0, "num_lanes": 1}}, {"type": "Feature", "id": "-443492409#5", "geometry": {"type": "LineString", "coordinates": [[-77.018321, -12.058459], [-77.01792, -12.058407], [-77.017788, -12.05839], [-77.017769, -12.058387], [-77.017661, -12.058374], [-77.017537, -12.058358], [-77.017249, -12.058321]]}, "properties": {"id": "-443492409#5", "nombre": "Jirón Misti", "longitud": 117.77, "velocidad_max": 30.0, "num_lanes": 1}}, {"type": "Feature", "id": "-443492409#6", "geometry": {"type": "LineString", "coordinates": [[-77.01931, -12.058584], [-77.018454, -12.058475]]}, "properties": {"id": "-443492409#6", "nombre": "Jirón Misti", "longitud": 94.08, "velocidad_max": 30.0, "num_lanes": 1}}, {"type": "Feature", "id": "-443492409#7", "geometry": {"type": "LineString", "coordinates": [[-77.020241, -12.058692], [-77.019412, -12.058597]]}, "properties": {"id": "-443492409#7", "nombre": "Jirón Misti", "longitud": 90.89, "velocidad_max": 30.0, "num_lanes": 1}}, {"type": "Feature", "id": "-443496986#1", "geometry": {"type": "LineString", "coordinates": [[-77.014508, -12.063946], [-77.014561, -12.063554], [-77.014672, -12.062746]]}, "properties": {"id": "-443496986#1", "nombre": "Jirón Antonio Bazo", "longitud": 133.88, "velocidad_max": 30.0, "num_lanes": 1}}, {"type": "Feature", "id": "-443496986#5", "geometry": {"type": "LineString", "coordinates": [[-77.014327, -12.065259], [-77.014376, -12.064903], [-77.014438, -12.064449], [-77.014475, -12.064186], [-77.01449, -12.064075]]}, "properties": {"id": "-443496986#5", "nombre": "Jirón Antonio Bazo", "longitud": 132.24, "velocidad_max": 30.0, "num_lanes": 1}}, {"type": "Feature", "id": "-443496986#6", "geometry": {"type": "LineString", "coordinates": [[-77.01415, -12.066544], [-77.014309, -12.065388]]}, "properties": {"id": "-443496986#6", "nombre": "Jirón Antonio Bazo", "longitud": 129.03, "velocidad_max": 30.0, "num_lanes": 1}}, {"type": "Feature", "id": "-443496986#7", "geometry": {"type": "LineString", "coordinates": [[-77.014064, -12.067171], [-77.014133, -12.066673]]}, "properties": {"id": "-443496986#7", "nombre": "Jirón Antonio Bazo", "longitud": 55.6, "velocidad_max": 30.0, "num_lanes": 1}}, {"type": "Feature", "id": "-443496986#8", "geometry": {"type": "LineString", "coordinates": [[-77.013988, -12.067726], [-77.014047, -12.067301]]}, "properties": {"id": "-443496986#8", "nombre": "Jirón Antonio Bazo", "longitud": 47.48, "velocidad_max": 30.0, "num_lanes": 1}}, {"type": "Feature", "id": "-443496986#9", "geometry": {"type": "LineString", "coordinates": [[-77.013917, -12.068242], [-77.01397, -12.067855]]}, "properties": {"id": "-443496986#9", "nombre": "Jirón Antonio Bazo", "longitud": 43.27, "velocidad_max": 30.0, "num_lanes": 1}}, {"type": "Feature", "id": "-443497254#1", "geometry": {"type": "LineString", "coordinates": [[-77.012894, -12.069226], [-77.012956, -12.068732], [-77.013024, -12.06826]]}, "properties": {"id": "-443497254#1", "nombre": "Jirón Mariscal Agustín Gamarra", "longitud": 107.81, "velocidad_max": 30.0, "num_lanes": 1}}, {"type": "Feature", "id": "-443497255#12", "geometry": {"type": "LineString", "coordinates": [[-77.015627, -12.057267], [-77.01559, -12.057354], [-77.015486, -12.057603], [-77.015469, -12.057643], [-77.015442, -12.057707], [-77.015409, -12.057786], [-77.015381, -12.057852], [-77.015333, -12.057968], [-77.015314, -12.058013], [-77.015296, -12.058056], [-77.015167, -12.058365]]}, "properties": {"id": "-443497255#12", "nombre": "Jirón Mariscal Agustín Gamarra", "longitud": 131.41, "velocidad_max": 30.0, "num_lanes": 1}}, {"type": "Feature", "id": "-443497255#2", "geometry": {"type": "LineString", "coordinates": [[-77.015116, -12.058486], [-77.014829, -12.059163], [-77.014804, -12.059222], [-77.014651, -12.059583]]}, "properties": {"id": "-443497255#2", "nombre": "Jirón Mariscal Agustín Gamarra", "longitud": 131.53, "velocidad_max": 30.0, "num_lanes": 1}}, {"type": "Feature", "id": "-443497262#2", "geometry": {"type": "LineString", "coordinates": [[-77.013556, -12.063895], [-77.013488, -12.063885], [-77.013261, -12.063854], [-77.012814, -12.063793], [-77.012772, -12.063787]]}, "properties": {"id": "-443497262#2", "nombre": "Jirón Humboldt", "longitud": 86.22, "velocidad_max": 50.0, "num_lanes": 1}}, {"type": "Feature", "id": "-443497262#4", "geometry": {"type": "LineString", "coordinates": [[-77.014446, -12.064017], [-77.014105, -12.06397], [-77.013687, -12.063913]]}, "properties": {"id": "-443497262#4", "nombre": "Jirón Humboldt", "longitud": 83.37, "velocidad_max": 50.0, "num_lanes": 1}}, {"type": "Feature", "id": "-443674238", "geometry": {"type": "LineString", "coordinates": [[-77.010202, -12.060635], [-77.009453, -12.060537], [-77.008771, -12.060448], [-77.008416, -12.060403], [-77.008362, -12.060397]]}, "properties": {"id": "-443674238", "nombre": "Avenida 28 de Julio", "longitud": 202.07, "velocidad_max": 40.0, "num_lanes": 1}}, {"type": "Feature", "id": "-444278877", "geometry": {"type": "LineString", "coordinates": [[-77.058905, -12.053041], [-77.058689, -12.052508]]}, "properties": {"id": "-444278877", "nombre": "Jirón Santiago Távara", "longitud": 63.46, "velocidad_max": 50.0, "num_lanes": 1}}, {"type": "Feature", "id": "-444278878", "geometry": {"type": "LineString", "coordinates": [[-77.059375, -12.052881], [-77.059151, -12.052334]]}, "properties": {"id": "-444278878", "nombre": "Jirón Enrique Guzmán y Valle", "longitud": 65.32, "velocidad_max": 50.0, "num_lanes": 1}}, {"type": "Feature", "id": "-444278879", "geometry": {"type": "LineString", "coordinates": [[-77.059837, -12.052697], [-77.059611, -12.052157]]}, "properties": {"id": "-444278879", "nombre": "Jirón Sicuani", "longitud": 64.69, "velocidad_max": 50.0, "num_lanes": 1}}, {"type": "Feature", "id": "-444278880#1", "geometry": {"type": "LineString", "coordinates": [[-77.058735, -12.051233], [-77.058975, -12.05183]]}, "properties": {"id": "-444278880#1", "nombre": "Jirón Enrique Guzmán y Valle", "longitud": 71.13, "velocidad_max": 50.0, "num_lanes": 1}}, {"type": "Feature", "id": "-444278881#1", "geometry": {"type": "LineString", "coordinates": [[-77.058252, -12.051376], [-77.058261, -12.051396], [-77.058515, -12.052014]]}, "properties": {"id": "-444278881#1", "nombre": "Jirón Santiago Távara", "longitud": 76.12, "velocidad_max": 50.0, "num_lanes": 1}}, {"type": "Feature", "id": "-444278882#1", "geometry": {"type": "LineString", "coordinates": [[-77.059207, -12.05109], [-77.059216, -12.051112], [-77.059436, -12.051651]]}, "properties": {"id": "-444278882#1", "nombre": "Jirón Sicuani", "longitud": 66.97, "velocidad_max": 50.0, "num_lanes": 1}}, {"type": "Feature", "id": "-444279999#0", "geometry": {"type": "LineString", "coordinates": [[-77.062745, -12.053775], [-77.06193, -12.054054]]}, "properties": {"id": "-444279999#0", "nombre": "Avenida Prolongación Arica", "longitud": 94.01, "velocidad_max": 45.0, "num_lanes": 2}}, {"type": "Feature", "id": "-444279999#2", "geometry": {"type": "LineString", "coordinates": [[-77.063258, -12.053599], [-77.062962, -12.0537], [-77.06287, -12.053732]]}, "properties": {"id": "-444279999#2", "nombre": "Avenida Prolongación Arica", "longitud": 44.71, "velocidad_max": 45.0, "num_lanes": 2}}, {"type": "Feature", "id": "-444279999#3", "geometry": {"type": "LineString", "coordinates": [[-77.06388, -12.053386], [-77.063875, -12.053388], [-77.063383, -12.053556]]}, "properties": {"id": "-444279999#3", "nombre": "Avenida Prolongación Arica", "longitud": 57.35, "velocidad_max": 45.0, "num_lanes": 2}}, {"type": "Feature", "id": "-445507612", "geometry": {"type": "LineString", "coordinates": [[-77.012494, -12.086661], [-77.012882, -12.086486], [-77.012895, -12.08648]]}, "properties": {"id": "-445507612", "nombre": "Calle Alejandro Bussalleu", "longitud": 48.04, "velocidad_max": 40.0, "num_lanes": 1}}, {"type": "Feature", "id": "-445507613#1", "geometry": {"type": "LineString", "coordinates": [[-77.012399, -12.086649], [-77.012379, -12.086607], [-77.012352, -12.08655], [-77.012157, -12.086138], [-77.012129, -12.086079], [-77.012048, -12.085907], [-77.011968, -12.08575]]}, "properties": {"id": "-445507613#1", "nombre": "Calle Carlos Krundieck", "longitud": 109.96, "velocidad_max": 40.0, "num_lanes": 1}}, {"type": "Feature", "id": "-445507613#4", "geometry": {"type": "LineString", "coordinates": [[-77.012655, -12.087892], [-77.012663, -12.087841], [-77.012695, -12.087646], [-77.012701, -12.087612], [-77.012705, -12.087444], [-77.012677, -12.087269], [-77.01261, -12.087095], [-77.012455, -12.086767]]}, "properties": {"id": "-445507613#4", "nombre": "Calle Carlos Krundieck", "longitud": 130.21, "velocidad_max": 40.0, "num_lanes": 1}}, {"type": "Feature", "id": "-445525250#0", "geometry": {"type": "LineString", "coordinates": [[-77.014587, -12.079542], [-77.014571, -12.079537], [-77.014548, -12.079539], [-77.014526, -12.079548], [-77.014511, -12.079562]]}, "properties": {"id": "-445525250#0", "nombre": "Calle San Martín", "longitud": 9.2, "velocidad_max": 10.0, "num_lanes": 1}}, {"type": "Feature", "id": "-445525250#1", "geometry": {"type": "LineString", "coordinates": [[-77.014508, -12.079565], [-77.014498, -12.079583], [-77.014494, -12.079606], [-77.014497, -12.079628], [-77.014508, -12.079648], [-77.014525, -12.079664], [-77.014547, -12.079673], [-77.01457, -12.079675], [-77.014592, -12.079669], [-77.014612, -12.079657], [-77.014626, -12.079639], [-77.014631, -12.079626]]}, "properties": {"id": "-445525250#1", "nombre": "Calle San Martín", "longitud": 26.57, "velocidad_max": 10.0, "num_lanes": 1}}, {"type": "Feature", "id": "-44553477#3", "geometry": {"type": "LineString", "coordinates": [[-77.020901, -12.104288], [-77.020901, -12.104284], [-77.020904, -12.104258], [-77.020912, -12.104179], [-77.020957, -12.103732], [-77.020963, -12.103672], [-77.020966, -12.103641], [-77.020968, -12.103623], [-77.020971, -12.103596], [-77.021017, -12.103141], [-77.021022, -12.103084], [-77.021025, -12.10306], [-77.021027, -12.10304]]}, "properties": {"id": "-44553477#3", "nombre": "Calle Las Tiendas", "longitud": 138.71, "velocidad_max": 30.0, "num_lanes": 1}}, {"type": "Feature", "id": "-44553477#4", "geometry": {"type": "LineString", "coordinates": [[-77.020827, -12.105015], [-77.020889, -12.104404]]}, "properties": {"id": "-44553477#4", "nombre": "Calle Las Tiendas", "longitud": 67.92, "velocidad_max": 30.0, "num_lanes": 1}}, {"type": "Feature", "id": "-447087484#2", "geometry": {"type": "LineString", "coordinates": [[-77.024774, -12.073837], [-77.024518, -12.073802], [-77.024094, -12.073746], [-77.024055, -12.073738], [-77.024035, -12.073737], [-77.023953, -12.073731], [-77.023904, -12.073736], [-77.023841, -12.073751], [-77.023805, -12.073769], [-77.023768, -12.073948]]}, "properties": {"id": "-447087484#2", "nombre": "-447087484#2", "longitud": 127.22, "velocidad_max": 10.0, "num_lanes": 1}}, {"type": "Feature", "id": "-447087489#1", "geometry": {"type": "LineString", "coordinates": [[-77.024001, -12.074609], [-77.024419, -12.074657], [-77.02463, -12.074681], [-77.024667, -12.074684]]}, "properties": {"id": "-447087489#1", "nombre": "-447087489#1", "longitud": 72.92, "velocidad_max": 10.0, "num_lanes": 1}}, {"type": "Feature", "id": "-447087497#3", "geometry": {"type": "LineString", "coordinates": [[-77.022607, -12.072285], [-77.022579, -12.072478], [-77.022538, -12.072767], [-77.022496, -12.073058], [-77.022451, -12.073352], [-77.022452, -12.073359]]}, "properties": {"id": "-447087497#3", "nombre": "-447087497#3", "longitud": 120.09, "velocidad_max": 10.0, "num_lanes": 1}}, {"type": "Feature", "id": "-447098039", "geometry": {"type": "LineString", "coordinates": [[-77.014389, -12.081999], [-77.014765, -12.081826]]}, "properties": {"id": "-447098039", "nombre": "-447098039", "longitud": 45.32, "velocidad_max": 50.0, "num_lanes": 1}}, {"type": "Feature", "id": "-448873316", "geometry": {"type": "LineString", "coordinates": [[-77.017915, -12.06721], [-77.017915, -12.067205], [-77.018031, -12.066353]]}, "properties": {"id": "-448873316", "nombre": "-448873316", "longitud": 95.68, "velocidad_max": 10.0, "num_lanes": 1}}, {"type": "Feature", "id": "-451784828#0", "geometry": {"type": "LineString", "coordinates": [[-77.055256, -12.105123], [-77.05526, -12.105121]]}, "properties": {"id": "-451784828#0", "nombre": "Calle Yapeyú", "longitud": 0.51, "velocidad_max": 50.0, "num_lanes": 1}}, {"type": "Feature", "id": "-454054991", "geometry": {"type": "LineString", "coordinates": [[-77.044373, -12.112251], [-77.044441, -12.112182]]}, "properties": {"id": "-454054991", "nombre": "-454054991", "longitud": 10.6, "velocidad_max": 10.0, "num_lanes": 1}}, {"type": "Feature", "id": "-454054992#0", "geometry": {"type": "LineString", "coordinates": [[-77.044367, -12.112374], [-77.04436, -12.112386], [-77.044343, -12.112399], [-77.044323, -12.112406], [-77.044301, -12.112407], [-77.044281, -12.112401], [-77.044263, -12.112389], [-77.04425, -12.112372], [-77.044243, -12.112351], [-77.044244, -12.112329], [-77.044253, -12.112308], [-77.044268, -12.112292], [-77.044287, -12.112281], [-77.044301, -12.112278]]}, "properties": {"id": "-454054992#0", "nombre": "-454054992#0", "longitud": 29.35, "velocidad_max": 10.0, "num_lanes": 1}}, {"type": "Feature", "id": "-454054992#1", "geometry": {"type": "LineString", "coordinates": [[-77.044376, -12.112346], [-77.044376, -12.112348], [-77.044373, -12.112361]]}, "properties": {"id": "-454054992#1", "nombre": "-454054992#1", "longitud": 1.76, "velocidad_max": 10.0, "num_lanes": 1}}, {"type": "Feature", "id": "-454557325", "geometry": {"type": "LineString", "coordinates": [[-77.06817, -12.068938], [-77.068452, -12.068944]]}, "properties": {"id": "-454557325", "nombre": "Toledo", "longitud": 30.69, "velocidad_max": 10.0, "num_lanes": 1}}, {"type": "Feature", "id": "-454557326", "geometry": {"type": "LineString", "coordinates": [[-77.065876, -12.068341], [-77.065753, -12.0683], [-77.065657, -12.06827], [-77.065547, -12.068246], [-77.065443, -12.068238], [-77.065326, -12.068238], [-77.064983, -12.068265]]}, "properties": {"id": "-454557326", "nombre": "Zaragoza", "longitud": 98.9, "velocidad_max": 30.0, "num_lanes": 1}}, {"type": "Feature", "id": "-459254562", "geometry": {"type": "LineString", "coordinates": [[-77.023275, -12.107314], [-77.023365, -12.107067], [-77.023404, -12.107004], [-77.023413, -12.106996]]}, "properties": {"id": "-459254562", "nombre": "Pasaje Recabarraca", "longitud": 38.54, "velocidad_max": 30.0, "num_lanes": 1}}, {"type": "Feature", "id": "-459474806#1", "geometry": {"type": "LineString", "coordinates": [[-77.032585, -12.104749], [-77.033245, -12.10561], [-77.033319, -12.105705]]}, "properties": {"id": "-459474806#1", "nombre": "Avenida Santa Cruz", "longitud": 132.54, "velocidad_max": 60.0, "num_lanes": 1}}, {"type": "Feature", "id": "-459474807", "geometry": {"type": "LineString", "coordinates": [[-77.031741, -12.103705], [-77.03243, -12.104554]]}, "properties": {"id": "-459474807", "nombre": "Avenida Santa Cruz", "longitud": 120.2, "velocidad_max": 60.0, "num_lanes": 1}}, {"type": "Feature", "id": "-461267424#0", "geometry": {"type": "LineString", "coordinates": [[-77.020536, -12.070464], [-77.020542, -12.070427]]}, "properties": {"id": "-461267424#0", "nombre": "-461267424#0", "longitud": 4.14, "velocidad_max": 20.0, "num_lanes": 1}}, {"type": "Feature", "id": "-461267424#1", "geometry": {"type": "LineString", "coordinates": [[-77.020487, -12.070831], [-77.020488, -12.070822], [-77.020519, -12.070593]]}, "properties": {"id": "-461267424#1", "nombre": "-461267424#1", "longitud": 26.47, "velocidad_max": 20.0, "num_lanes": 1}}, {"type": "Feature", "id": "-461267425#1", "geometry": {"type": "LineString", "coordinates": [[-77.019985, -12.070437], [-77.020093, -12.070452], [-77.020479, -12.070507]]}, "properties": {"id": "-461267425#1", "nombre": "-461267425#1", "longitud": 54.26, "velocidad_max": 20.0, "num_lanes": 1}}, {"type": "Feature", "id": "-461267425#2", "geometry": {"type": "LineString", "coordinates": [[-77.019946, -12.070351], [-77.019942, -12.070379]]}, "properties": {"id": "-461267425#2", "nombre": "-461267425#2", "longitud": 3.12, "velocidad_max": 20.0, "num_lanes": 1}}, {"type": "Feature", "id": "-46270287#0", "geometry": {"type": "LineString", "coordinates": [[-77.012203, -12.057991], [-77.012319, -12.05804], [-77.012399, -12.05808], [-77.012461, -12.058156]]}, "properties": {"id": "-46270287#0", "nombre": "Avenida García Naranjo", "longitud": 34.32, "velocidad_max": 30.0, "num_lanes": 1}}, {"type": "Feature", "id": "-46270287#2", "geometry": {"type": "LineString", "coordinates": [[-77.01144, -12.057695], [-77.011514, -12.057725], [-77.0116, -12.057756], [-77.012075, -12.057939]]}, "properties": {"id": "-46270287#2", "nombre": "Avenida García Naranjo", "longitud": 74.26, "velocidad_max": 30.0, "num_lanes": 1}}, {"type": "Feature", "id": "-46270288#4", "geometry": {"type": "LineString", "coordinates": [[-77.010814, -12.059272], [-77.01083, -12.059148], [-77.010838, -12.059098], [-77.010869, -12.058903], [-77.010931, -12.058707], [-77.011154, -12.058185], [-77.011335, -12.057738]]}, "properties": {"id": "-46270288#4", "nombre": "Prolongación Avenida San Pablo", "longitud": 179.83, "velocidad_max": 30.0, "num_lanes": 1}}, {"type": "Feature", "id": "-46270288#6", "geometry": {"type": "LineString", "coordinates": [[-77.010776, -12.059536], [-77.010797, -12.059403]]}, "properties": {"id": "-46270288#6", "nombre": "Prolongación Avenida San Pablo", "longitud": 14.87, "velocidad_max": 30.0, "num_lanes": 1}}, {"type": "Feature", "id": "-46490673", "geometry": {"type": "LineString", "coordinates": [[-77.048319, -12.057647], [-77.048392, -12.056852]]}, "properties": {"id": "-46490673", "nombre": "Jirón Loreto", "longitud": 88.34, "velocidad_max": 30.0, "num_lanes": 1}}, {"type": "Feature", "id": "-465801063#0", "geometry": {"type": "LineString", "coordinates": [[-77.039141, -12.095083], [-77.038503, -12.094994], [-77.038444, -12.094985]]}, "properties": {"id": "-465801063#0", "nombre": "Avenida Jorge Basadre Grohmann", "longitud": 76.64, "velocidad_max": 50.0, "num_lanes": 2}}, {"type": "Feature", "id": "-465801063#11", "geometry": {"type": "LineString", "coordinates": [[-77.044699, -12.095863], [-77.044687, -12.095861], [-77.043672, -12.095719]]}, "properties": {"id": "-465801063#11", "nombre": "Avenida Jorge Basadre Grohmann", "longitud": 113.05, "velocidad_max": 50.0, "num_lanes": 2}}, {"type": "Feature", "id": "-465801063#13", "geometry": {"type": "LineString", "coordinates": [[-77.045808, -12.096019], [-77.044832, -12.095882], [-77.04483, -12.095881]]}, "properties": {"id": "-465801063#13", "nombre": "Avenida Jorge Basadre Grohmann", "longitud": 107.51, "velocidad_max": 50.0, "num_lanes": 2}}, {"type": "Feature", "id": "-465801063#14", "geometry": {"type": "LineString", "coordinates": [[-77.046945, -12.096179], [-77.045939, -12.096037]]}, "properties": {"id": "-465801063#14", "nombre": "Avenida Jorge Basadre Grohmann", "longitud": 110.65, "velocidad_max": 50.0, "num_lanes": 2}}, {"type": "Feature", "id": "-465801063#3", "geometry": {"type": "LineString", "coordinates": [[-77.039854, -12.095183], [-77.039272, -12.095101]]}, "properties": {"id": "-465801063#3", "nombre": "Avenida Jorge Basadre Grohmann", "longitud": 64.05, "velocidad_max": 50.0, "num_lanes": 2}}, {"type": "Feature", "id": "-465801063#6", "geometry": {"type": "LineString", "coordinates": [[-77.04079, -12.095314], [-77.040249, -12.095238], [-77.040197, -12.095231], [-77.040135, -12.095223]]}, "properties": {"id": "-465801063#6", "nombre": "Avenida Jorge Basadre Grohmann", "longitud": 71.95, "velocidad_max": 50.0, "num_lanes": 2}}, {"type": "Feature", "id": "-465801063#7", "geometry": {"type": "LineString", "coordinates": [[-77.041621, -12.095431], [-77.040921, -12.095333]]}, "properties": {"id": "-465801063#7", "nombre": "Avenida Jorge Basadre Grohmann", "longitud": 76.99, "velocidad_max": 50.0, "num_lanes": 2}}, {"type": "Feature", "id": "-465801063#8", "geometry": {"type": "LineString", "coordinates": [[-77.042434, -12.095545], [-77.042419, -12.095543], [-77.041752, -12.095449]]}, "properties": {"id": "-465801063#8", "nombre": "Avenida Jorge Basadre Grohmann", "longitud": 74.99, "velocidad_max": 50.0, "num_lanes": 2}}, {"type": "Feature", "id": "-465801063#9", "geometry": {"type": "LineString", "coordinates": [[-77.04354, -12.0957], [-77.042598, -12.095568], [-77.042566, -12.095564]]}, "properties": {"id": "-465801063#9", "nombre": "Avenida Jorge Basadre Grohmann", "longitud": 107.19, "velocidad_max": 50.0, "num_lanes": 2}}, {"type": "Feature", "id": "-47028522#0", "geometry": {"type": "LineString", "coordinates": [[-77.040424, -12.108304], [-77.039714, -12.107636], [-77.039713, -12.107635]]}, "properties": {"id": "-47028522#0", "nombre": "Avenida Francisco Tudela y Varela", "longitud": 107.04, "velocidad_max": 40.0, "num_lanes": 1}}, {"type": "Feature", "id": "-47028522#1", "geometry": {"type": "LineString", "coordinates": [[-77.041311, -12.109163], [-77.04071, -12.108576], [-77.04062, -12.108494], [-77.040519, -12.108395]]}, "properties": {"id": "-47028522#1", "nombre": "Avenida Francisco Tudela y Varela", "longitud": 121.15, "velocidad_max": 40.0, "num_lanes": 1}}, {"type": "Feature", "id": "-47028522#2", "geometry": {"type": "LineString", "coordinates": [[-77.042186, -12.11001], [-77.041405, -12.109255]]}, "properties": {"id": "-47028522#2", "nombre": "Avenida Francisco Tudela y Varela", "longitud": 119.17, "velocidad_max": 40.0, "num_lanes": 1}}, {"type": "Feature", "id": "-47028522#3", "geometry": {"type": "LineString", "coordinates": [[-77.043082, -12.110839], [-77.042282, -12.110101]]}, "properties": {"id": "-47028522#3", "nombre": "Avenida Francisco Tudela y Varela", "longitud": 119.38, "velocidad_max": 40.0, "num_lanes": 1}}, {"type": "Feature", "id": "-471317680", "geometry": {"type": "LineString", "coordinates": [[-77.014218, -12.058052], [-77.014131, -12.058017]]}, "properties": {"id": "-471317680", "nombre": "Jirón Antonio Raimondi", "longitud": 10.24, "velocidad_max": 40.0, "num_lanes": 1}}, {"type": "Feature", "id": "-471317693", "geometry": {"type": "LineString", "coordinates": [[-77.012174, -12.057907], [-77.012212, -12.057873]]}, "properties": {"id": "-471317693", "nombre": "Calle Lluta", "longitud": 5.59, "velocidad_max": 30.0, "num_lanes": 1}}, {"type": "Feature", "id": "-47638911", "geometry": {"type": "LineString", "coordinates": [[-77.064363, -12.086227], [-77.064308, -12.086117], [-77.064219, -12.085993], [-77.064151, -12.085909]]}, "properties": {"id": "-47638911", "nombre": "Gil de Taboada", "longitud": 42.24, "velocidad_max": 40.0, "num_lanes": 1}}, {"type": "Feature", "id": "-47638917#2", "geometry": {"type": "LineString", "coordinates": [[-77.064672, -12.08489], [-77.064707, -12.084928], [-77.064745, -12.084982], [-77.064758, -12.085], [-77.064849, -12.085109], [-77.065164, -12.085497], [-77.065197, -12.085539], [-77.0654, -12.085875]]}, "properties": {"id": "-47638917#2", "nombre": "Torre Tagle", "longitud": 135.06, "velocidad_max": 50.0, "num_lanes": 1}}, {"type": "Feature", "id": "-479940309", "geometry": {"type": "LineString", "coordinates": [[-77.00962, -12.066655], [-77.010325, -12.066746]]}, "properties": {"id": "-479940309", "nombre": "Jirón San Cristóbal", "longitud": 77.47, "velocidad_max": 30.0, "num_lanes": 1}}, {"type": "Feature", "id": "-479940310", "geometry": {"type": "LineString", "coordinates": [[-77.010491, -12.066203], [-77.010413, -12.066707]]}, "properties": {"id": "-479940310", "nombre": "Jirón 3 de Febrero", "longitud": 56.43, "velocidad_max": 20.0, "num_lanes": 1}}, {"type": "Feature", "id": "-487467193", "geometry": {"type": "LineString", "coordinates": [[-77.019099, -12.077197], [-77.01881, -12.077211]]}, "properties": {"id": "-487467193", "nombre": "Miguel Dasso", "longitud": 31.51, "velocidad_max": 50.0, "num_lanes": 1}}, {"type": "Feature", "id": "-488514172", "geometry": {"type": "LineString", "coordinates": [[-77.011332, -12.101572], [-77.011381, -12.101618], [-77.011462, -12.101676], [-77.01153, -12.101691]]}, "properties": {"id": "-488514172", "nombre": "-488514172", "longitud": 25.86, "velocidad_max": 50.0, "num_lanes": 1}}, {"type": "Feature", "id": "-49367064", "geometry": {"type": "LineString", "coordinates": [[-77.040564, -12.091681], [-77.040559, -12.091716], [-77.040356, -12.093097]]}, "properties": {"id": "-49367064", "nombre": "Calle Los Naranjos", "longitud": 158.23, "velocidad_max": 50.0, "num_lanes": 1}}, {"type": "Feature", "id": "-49367065", "geometry": {"type": "LineString", "coordinates": [[-77.041138, -12.093206], [-77.041352, -12.091791]]}, "properties": {"id": "-49367065", "nombre": "Calle Los Cipreses", "longitud": 158.24, "velocidad_max": 50.0, "num_lanes": 1}}, {"type": "Feature", "id": "-495924784#0", "geometry": {"type": "LineString", "coordinates": [[-77.018282, -12.120395], [-77.018282, -12.120416], [-77.01828, -12.120485]]}, "properties": {"id": "-495924784#0", "nombre": "Avenida Roosevelt", "longitud": 10.01, "velocidad_max": 50.0, "num_lanes": 2}}, {"type": "Feature", "id": "-495924784#2", "geometry": {"type": "LineString", "coordinates": [[-77.018306, -12.119517], [-77.018296, -12.119868], [-77.01829, -12.120096], [-77.018283, -12.120392]]}, "properties": {"id": "-495924784#2", "nombre": "Avenida Roosevelt", "longitud": 96.85, "velocidad_max": 50.0, "num_lanes": 2}}, {"type": "Feature", "id": "-49796972", "geometry": {"type": "LineString", "coordinates": [[-77.063666, -12.085284], [-77.063634, -12.085311], [-77.062949, -12.085858]]}, "properties": {"id": "-49796972", "nombre": "Enrique Palacios", "longitud": 100.63, "velocidad_max": 30.0, "num_lanes": 1}}, {"type": "Feature", "id": "-50219045#0", "geometry": {"type": "LineString", "coordinates": [[-77.066864, -12.079824], [-77.067024, -12.07959]]}, "properties": {"id": "-50219045#0", "nombre": "Jirón Nicolás Alcázar", "longitud": 31.23, "velocidad_max": 50.0, "num_lanes": 1}}, {"type": "Feature", "id": "-50219045#1", "geometry": {"type": "LineString", "coordinates": [[-77.06657, -12.080046], [-77.066702, -12.079992], [-77.066768, -12.079945], [-77.066787, -12.079924]]}, "properties": {"id": "-50219045#1", "nombre": "Jirón Nicolás Alcázar", "longitud": 27.59, "velocidad_max": 50.0, "num_lanes": 1}}, {"type": "Feature", "id": "-50219045#3", "geometry": {"type": "LineString", "coordinates": [[-77.066124, -12.080216], [-77.066179, -12.080195], [-77.066478, -12.080082]]}, "properties": {"id": "-50219045#3", "nombre": "Jirón Nicolás Alcázar", "longitud": 41.28, "velocidad_max": 50.0, "num_lanes": 1}}, {"type": "Feature", "id": "-50219046", "geometry": {"type": "LineString", "coordinates": [[-77.06548, -12.081547], [-77.065327, -12.08118]]}, "properties": {"id": "-50219046", "nombre": "Olavegoya", "longitud": 43.86, "velocidad_max": 50.0, "num_lanes": 1}}, {"type": "Feature", "id": "-50219063", "geometry": {"type": "LineString", "coordinates": [[-77.063713, -12.082775], [-77.06443, -12.083651]]}, "properties": {"id": "-50219063", "nombre": "Pasaje San Martín de Porres", "longitud": 124.5, "velocidad_max": 50.0, "num_lanes": 1}}, {"type": "Feature", "id": "-50219085#0", "geometry": {"type": "LineString", "coordinates": [[-77.062856, -12.083469], [-77.06358, -12.084329]]}, "properties": {"id": "-50219085#0", "nombre": "Jose Morales Alpaca", "longitud": 123.51, "velocidad_max": 50.0, "num_lanes": 1}}, {"type": "Feature", "id": "-50219085#1", "geometry": {"type": "LineString", "coordinates": [[-77.062028, -12.082445], [-77.062791, -12.083391]]}, "properties": {"id": "-50219085#1", "nombre": "Jose Morales Alpaca", "longitud": 133.62, "velocidad_max": 50.0, "num_lanes": 1}}, {"type": "Feature", "id": "-50219085#2", "geometry": {"type": "LineString", "coordinates": [[-77.061692, -12.082031], [-77.061706, -12.082039], [-77.061964, -12.082365]]}, "properties": {"id": "-50219085#2", "nombre": "Jose Morales Alpaca", "longitud": 47.52, "velocidad_max": 50.0, "num_lanes": 1}}, {"type": "Feature", "id": "-50219097", "geometry": {"type": "LineString", "coordinates": [[-77.06093, -12.082608], [-77.060934, -12.082592], [-77.061649, -12.082027], [-77.061671, -12.082027]]}, "properties": {"id": "-50219097", "nombre": "Santiago Távara", "longitud": 104.07, "velocidad_max": 50.0, "num_lanes": 1}}, {"type": "Feature", "id": "-50219098#0", "geometry": {"type": "LineString", "coordinates": [[-77.061211, -12.082979], [-77.060933, -12.082645], [-77.06093, -12.08263]]}, "properties": {"id": "-50219098#0", "nombre": "Coronel Ernesto Ordinzola", "longitud": 49.43, "velocidad_max": 50.0, "num_lanes": 1}}, {"type": "Feature", "id": "-50219098#1", "geometry": {"type": "LineString", "coordinates": [[-77.062046, -12.083996], [-77.061275, -12.083057]]}, "properties": {"id": "-50219098#1", "nombre": "Coronel Ernesto Ordinzola", "longitud": 133.55, "velocidad_max": 50.0, "num_lanes": 1}}, {"type": "Feature", "id": "-50219337#2", "geometry": {"type": "LineString", "coordinates": [[-77.06474, -12.081323], [-77.064981, -12.081226], [-77.065091, -12.081185]]}, "properties": {"id": "-50219337#2", "nombre": "La Puente y Cortez", "longitud": 41.16, "velocidad_max": 50.0, "num_lanes": 1}}, {"type": "Feature", "id": "-50219337#3", "geometry": {"type": "LineString", "coordinates": [[-77.064555, -12.08143], [-77.064652, -12.081369]]}, "properties": {"id": "-50219337#3", "nombre": "La Puente y Cortez", "longitud": 12.5, "velocidad_max": 50.0, "num_lanes": 1}}, {"type": "Feature", "id": "-50219707", "geometry": {"type": "LineString", "coordinates": [[-77.062754, -12.080557], [-77.062446, -12.080819]]}, "properties": {"id": "-50219707", "nombre": "Calle Gallesi", "longitud": 44.3, "velocidad_max": 50.0, "num_lanes": 1}}, {"type": "Feature", "id": "-50219752", "geometry": {"type": "LineString", "coordinates": [[-77.061402, -12.079709], [-77.061951, -12.079546]]}, "properties": {"id": "-50219752", "nombre": "-50219752", "longitud": 62.41, "velocidad_max": 50.0, "num_lanes": 1}}, {"type": "Feature", "id": "-50219756#1", "geometry": {"type": "LineString", "coordinates": [[-77.0558, -12.074131], [-77.055772, -12.073983], [-77.055737, -12.0738]]}, "properties": {"id": "-50219756#1", "nombre": "Avenida del Río", "longitud": 37.24, "velocidad_max": 40.0, "num_lanes": 1}}, {"type": "Feature", "id": "-50219756#3", "geometry": {"type": "LineString", "coordinates": [[-77.05593, -12.074781], [-77.055912, -12.074691], [-77.055825, -12.074259]]}, "properties": {"id": "-50219756#3", "nombre": "Avenida del Río", "longitud": 58.88, "velocidad_max": 40.0, "num_lanes": 1}}, {"type": "Feature", "id": "-50219756#5", "geometry": {"type": "LineString", "coordinates": [[-77.05615, -12.075689], [-77.055996, -12.075054]]}, "properties": {"id": "-50219756#5", "nombre": "Avenida del Río", "longitud": 72.2, "velocidad_max": 40.0, "num_lanes": 1}}, {"type": "Feature", "id": "-50295624", "geometry": {"type": "LineString", "coordinates": [[-77.06803, -12.082605], [-77.067713, -12.081895]]}, "properties": {"id": "-50295624", "nombre": "Santa Cecilia", "longitud": 85.87, "velocidad_max": 50.0, "num_lanes": 1}}, {"type": "Feature", "id": "-50296503#1", "geometry": {"type": "LineString", "coordinates": [[-77.067154, -12.080337], [-77.067131, -12.080279], [-77.067043, -12.080064], [-77.067001, -12.08001], [-77.066952, -12.079966], [-77.066892, -12.079934]]}, "properties": {"id": "-50296503#1", "nombre": "Principe", "longitud": 54.75, "velocidad_max": 50.0, "num_lanes": 1}}, {"type": "Feature", "id": "-50296503#3", "geometry": {"type": "LineString", "coordinates": [[-77.067307, -12.080771], [-77.067233, -12.080559], [-77.067198, -12.080458]]}, "properties": {"id": "-50296503#3", "nombre": "Principe", "longitud": 36.66, "velocidad_max": 50.0, "num_lanes": 1}}, {"type": "Feature", "id": "-50299538", "geometry": {"type": "LineString", "coordinates": [[-77.067247, -12.080357], [-77.067322, -12.080331], [-77.06738, -12.080308], [-77.067426, -12.080274], [-77.067649, -12.07997]]}, "properties": {"id": "-50299538", "nombre": "Coral", "longitud": 63.18, "velocidad_max": 50.0, "num_lanes": 1}}, {"type": "Feature", "id": "-50300515#0", "geometry": {"type": "LineString", "coordinates": [[-77.070189, -12.08071], [-77.070212, -12.080706], [-77.070539, -12.080599]]}, "properties": {"id": "-50300515#0", "nombre": "Colmenares", "longitud": 40.0, "velocidad_max": 50.0, "num_lanes": 1}}, {"type": "Feature", "id": "-50300515#1", "geometry": {"type": "LineString", "coordinates": [[-77.069625, -12.080507], [-77.070073, -12.080704]]}, "properties": {"id": "-50300515#1", "nombre": "Colmenares", "longitud": 53.45, "velocidad_max": 50.0, "num_lanes": 1}}, {"type": "Feature", "id": "-50300515#4", "geometry": {"type": "LineString", "coordinates": [[-77.068803, -12.080122], [-77.068821, -12.080132], [-77.068918, -12.080184], [-77.069146, -12.080295], [-77.069163, -12.080304], [-77.069504, -12.080454]]}, "properties": {"id": "-50300515#4", "nombre": "Colmenares", "longitud": 84.79, "velocidad_max": 50.0, "num_lanes": 1}}, {"type": "Feature", "id": "-50300515#5", "geometry": {"type": "LineString", "coordinates": [[-77.068224, -12.079841], [-77.068417, -12.079909], [-77.068484, -12.07994], [-77.068688, -12.080057]]}, "properties": {"id": "-50300515#5", "nombre": "Colmenares", "longitud": 56.02, "velocidad_max": 50.0, "num_lanes": 1}}, {"type": "Feature", "id": "-50300524", "geometry": {"type": "LineString", "coordinates": [[-77.070126, -12.080805], [-77.070112, -12.080838], [-77.069993, -12.081108]]}, "properties": {"id": "-50300524", "nombre": "-50300524", "longitud": 36.56, "velocidad_max": 50.0, "num_lanes": 1}}, {"type": "Feature", "id": "-50300593", "geometry": {"type": "LineString", "coordinates": [[-77.068592, -12.079021], [-77.068818, -12.079718], [-77.068839, -12.079794], [-77.068843, -12.079869], [-77.068832, -12.079942], [-77.068782, -12.080048]]}, "properties": {"id": "-50300593", "nombre": "-50300593", "longitud": 119.11, "velocidad_max": 50.0, "num_lanes": 1}}, {"type": "Feature", "id": "-50300673#3", "geometry": {"type": "LineString", "coordinates": [[-77.06957, -12.080427], [-77.06962, -12.08027], [-77.069633, -12.080207], [-77.06963, -12.08015], [-77.069527, -12.079859], [-77.069475, -12.07967], [-77.069215, -12.078828]]}, "properties": {"id": "-50300673#3", "nombre": "Ore", "longitud": 184.67, "velocidad_max": 50.0, "num_lanes": 1}}, {"type": "Feature", "id": "-50300766#1", "geometry": {"type": "LineString", "coordinates": [[-77.067899, -12.078683], [-77.068718, -12.078432], [-77.069613, -12.078156]]}, "properties": {"id": "-50300766#1", "nombre": "Calle Eleazar Blanco", "longitud": 195.54, "velocidad_max": 50.0, "num_lanes": 1}}, {"type": "Feature", "id": "-50300766#2", "geometry": {"type": "LineString", "coordinates": [[-77.066571, -12.07865], [-77.066608, -12.078769], [-77.066639, -12.078835], [-77.066688, -12.078867], [-77.066755, -12.078881], [-77.06695, -12.078886], [-77.067151, -12.078873], [-77.067234, -12.078869], [-77.067336, -12.078848], [-77.0678, -12.078712]]}, "properties": {"id": "-50300766#2", "nombre": "Calle Eleazar Blanco", "longitud": 151.98, "velocidad_max": 50.0, "num_lanes": 1}}, {"type": "Feature", "id": "-51769879#1", "geometry": {"type": "LineString", "coordinates": [[-77.069406, -12.075158], [-77.069516, -12.075109], [-77.069587, -12.075077], [-77.069723, -12.07502], [-77.069863, -12.074968], [-77.069997, -12.074924], [-77.070141, -12.074882], [-77.070471, -12.074794], [-77.071007, -12.07466], [-77.071522, -12.074522], [-77.072743, -12.0742], [-77.072752, -12.074198], [-77.072834, -12.074176]]}, "properties": {"id": "-51769879#1", "nombre": "Avenida José Leguía y Meléndez", "longitud": 389.23, "velocidad_max": 40.0, "num_lanes": 1}}, {"type": "Feature", "id": "-51769879#12", "geometry": {"type": "LineString", "coordinates": [[-77.063874, -12.075554], [-77.064116, -12.075558], [-77.064431, -12.075551], [-77.065042, -12.075543], [-77.065234, -12.075534]]}, "properties": {"id": "-51769879#12", "nombre": "Avenida José Leguía y Meléndez", "longitud": 148.06, "velocidad_max": 40.0, "num_lanes": 1}}, {"type": "Feature", "id": "-51769879#14", "geometry": {"type": "LineString", "coordinates": [[-77.063711, -12.075551], [-77.063799, -12.075553]]}, "properties": {"id": "-51769879#14", "nombre": "Avenida José Leguía y Meléndez", "longitud": 9.58, "velocidad_max": 40.0, "num_lanes": 1}}, {"type": "Feature", "id": "-51769879#3", "geometry": {"type": "LineString", "coordinates": [[-77.068694, -12.075411], [-77.06873, -12.075403], [-77.068915, -12.075357], [-77.069032, -12.075315], [-77.069202, -12.075247]]}, "properties": {"id": "-51769879#3", "nombre": "Avenida José Leguía y Meléndez", "longitud": 58.33, "velocidad_max": 40.0, "num_lanes": 1}}, {"type": "Feature", "id": "-51769879#5", "geometry": {"type": "LineString", "coordinates": [[-77.067788, -12.075472], [-77.068107, -12.075464], [-77.068409, -12.075452], [-77.068592, -12.075429]]}, "properties": {"id": "-51769879#5", "nombre": "Avenida José Leguía y Meléndez", "longitud": 87.7, "velocidad_max": 40.0, "num_lanes": 1}}, {"type": "Feature", "id": "-51769879#6", "geometry": {"type": "LineString", "coordinates": [[-77.066899, -12.075507], [-77.067665, -12.075476]]}, "properties": {"id": "-51769879#6", "nombre": "Avenida José Leguía y Meléndez", "longitud": 83.49, "velocidad_max": 40.0, "num_lanes": 1}}, {"type": "Feature", "id": "-51769879#8", "geometry": {"type": "LineString", "coordinates": [[-77.06596, -12.075523], [-77.066012, -12.075522], [-77.0668, -12.07551]]}, "properties": {"id": "-51769879#8", "nombre": "Avenida José Leguía y Meléndez", "longitud": 91.45, "velocidad_max": 40.0, "num_lanes": 1}}, {"type": "Feature", "id": "-51769879#9", "geometry": {"type": "LineString", "coordinates": [[-77.065338, -12.075531], [-77.065828, -12.075525]]}, "properties": {"id": "-51769879#9", "nombre": "Avenida José Leguía y Meléndez", "longitud": 53.4, "velocidad_max": 40.0, "num_lanes": 1}}, {"type": "Feature", "id": "-51771979#0", "geometry": {"type": "LineString", "coordinates": [[-77.065916, -12.076148], [-77.065931, -12.07668]]}, "properties": {"id": "-51771979#0", "nombre": "Santa Lucia", "longitud": 58.93, "velocidad_max": 50.0, "num_lanes": 1}}, {"type": "Feature", "id": "-51771979#1", "geometry": {"type": "LineString", "coordinates": [[-77.06591, -12.075604], [-77.065914, -12.076046]]}, "properties": {"id": "-51771979#1", "nombre": "Santa Lucia", "longitud": 48.99, "velocidad_max": 50.0, "num_lanes": 1}}, {"type": "Feature", "id": "-517814277", "geometry": {"type": "LineString", "coordinates": [[-77.069956, -12.099539], [-77.070122, -12.099348], [-77.070206, -12.099288], [-77.0703, -12.099229], [-77.070395, -12.099183], [-77.070832, -12.099004], [-77.070923, -12.098952], [-77.071402, -12.098586], [-77.071569, -12.098406], [-77.07162, -12.098342], [-77.071754, -12.098119], [-77.071825, -12.097995], [-77.071886, -12.097909], [-77.071944, -12.097849], [-77.072022, -12.097786], [-77.072212, -12.097624], [-77.072305, -12.097538], [-77.072376, -12.097474], [-77.072454, -12.097369], [-77.07248, -12.097324], [-77.072494, -12.097278], [-77.072497, -12.097243], [-77.072487, -12.097203], [-77.072476, -12.097169], [-77.072464, -12.097129], [-77.072449, -12.097075]]}, "properties": {"id": "-517814277", "nombre": "Avenida Antonio José de Sucre", "longitud": 404.26, "velocidad_max": 50.0, "num_lanes": 1}}, {"type": "Feature", "id": "-522312022", "geometry": {"type": "LineString", "coordinates": [[-77.041011, -12.071343], [-77.041104, -12.071294]]}, "properties": {"id": "-522312022", "nombre": "-522312022", "longitud": 11.46, "velocidad_max": 80.0, "num_lanes": 1}}, {"type": "Feature", "id": "-529237042", "geometry": {"type": "LineString", "coordinates": [[-77.05323, -12.042779], [-77.053176, -12.042779], [-77.052507, -12.042719]]}, "properties": {"id": "-529237042", "nombre": "Jirón Huancavelica", "longitud": 79.04, "velocidad_max": 50.0, "num_lanes": 1}}, {"type": "Feature", "id": "-531285057", "geometry": {"type": "LineString", "coordinates": [[-77.01212, -12.118446], [-77.012375, -12.118436], [-77.012377, -12.118435], [-77.012376, -12.118437], [-77.012377, -12.118115], [-77.012372, -12.118103], [-77.012358, -12.118091], [-77.012308, -12.118059]]}, "properties": {"id": "-531285057", "nombre": "Parque José Sabogal", "longitud": 73.87, "velocidad_max": 50.0, "num_lanes": 1}}, {"type": "Feature", "id": "-532053575#0", "geometry": {"type": "LineString", "coordinates": [[-77.040206, -12.103223], [-77.03916, -12.103475]]}, "properties": {"id": "-532053575#0", "nombre": "Avenida General Juan Antonio Pezet", "longitud": 117.26, "velocidad_max": 60.0, "num_lanes": 1}}, {"type": "Feature", "id": "-532053575#1", "geometry": {"type": "LineString", "coordinates": [[-77.041289, -12.102968], [-77.040335, -12.103192]]}, "properties": {"id": "-532053575#1", "nombre": "Avenida General Juan Antonio Pezet", "longitud": 106.84, "velocidad_max": 60.0, "num_lanes": 1}}, {"type": "Feature", "id": "-532053575#2", "geometry": {"type": "LineString", "coordinates": [[-77.042139, -12.102784], [-77.041418, -12.102939]]}, "properties": {"id": "-532053575#2", "nombre": "Avenida General Juan Antonio Pezet", "longitud": 80.39, "velocidad_max": 60.0, "num_lanes": 1}}, {"type": "Feature", "id": "-532053575#4", "geometry": {"type": "LineString", "coordinates": [[-77.043026, -12.102588], [-77.042724, -12.102653], [-77.042268, -12.102756]]}, "properties": {"id": "-532053575#4", "nombre": "Avenida General Juan Antonio Pezet", "longitud": 84.63, "velocidad_max": 60.0, "num_lanes": 1}}, {"type": "Feature", "id": "-532053575#5", "geometry": {"type": "LineString", "coordinates": [[-77.044511, -12.102231], [-77.043153, -12.102559]]}, "properties": {"id": "-532053575#5", "nombre": "Avenida General Juan Antonio Pezet", "longitud": 152.28, "velocidad_max": 60.0, "num_lanes": 1}}, {"type": "Feature", "id": "-532053575#6", "geometry": {"type": "LineString", "coordinates": [[-77.045301, -12.102046], [-77.04464, -12.102201]]}, "properties": {"id": "-532053575#6", "nombre": "Avenida General Juan Antonio Pezet", "longitud": 74.0, "velocidad_max": 60.0, "num_lanes": 1}}, {"type": "Feature", "id": "-532053575#7", "geometry": {"type": "LineString", "coordinates": [[-77.046066, -12.101895], [-77.046036, -12.101889], [-77.04543, -12.102017]]}, "properties": {"id": "-532053575#7", "nombre": "Avenida General Juan Antonio Pezet", "longitud": 70.76, "velocidad_max": 60.0, "num_lanes": 1}}, {"type": "Feature", "id": "-53832048#1", "geometry": {"type": "LineString", "coordinates": [[-77.059752, -12.052873], [-77.059965, -12.053368], [-77.060217, -12.053955]]}, "properties": {"id": "-53832048#1", "nombre": "Jirón Sicuani", "longitud": 129.96, "velocidad_max": 50.0, "num_lanes": 1}}, {"type": "Feature", "id": "-53832049", "geometry": {"type": "LineString", "coordinates": [[-77.06037, -12.052623], [-77.060824, -12.053721]]}, "properties": {"id": "-53832049", "nombre": "Jirón Yauli", "longitud": 131.15, "velocidad_max": 50.0, "num_lanes": 1}}, {"type": "Feature", "id": "-53832051", "geometry": {"type": "LineString", "coordinates": [[-77.060636, -12.056132], [-77.060799, -12.05525]]}, "properties": {"id": "-53832051", "nombre": "Jirón Yauli", "longitud": 99.15, "velocidad_max": 50.0, "num_lanes": 1}}, {"type": "Feature", "id": "-53832052", "geometry": {"type": "LineString", "coordinates": [[-77.059608, -12.055937], [-77.059769, -12.055075]]}, "properties": {"id": "-53832052", "nombre": "Jirón Santiago Távara", "longitud": 96.97, "velocidad_max": 50.0, "num_lanes": 1}}, {"type": "Feature", "id": "-53832053#1", "geometry": {"type": "LineString", "coordinates": [[-77.057153, -12.053513], [-77.057082, -12.053285], [-77.057036, -12.053182], [-77.056982, -12.053117], [-77.056919, -12.053076], [-77.056836, -12.053036], [-77.056731, -12.053012], [-77.056657, -12.053016], [-77.056171, -12.053127], [-77.056115, -12.053152], [-77.05605, -12.053208]]}, "properties": {"id": "-53832053#1", "nombre": "Pasaje Atlantida", "longitud": 156.63, "velocidad_max": 30.0, "num_lanes": 1}}, {"type": "Feature", "id": "-53832054#0", "geometry": {"type": "LineString", "coordinates": [[-77.058227, -12.054346], [-77.05828, -12.054505], [-77.058516, -12.055133]]}, "properties": {"id": "-53832054#0", "nombre": "Jirón Sanchez Lagomarsino", "longitud": 92.51, "velocidad_max": 50.0, "num_lanes": 1}}, {"type": "Feature", "id": "-53832054#1", "geometry": {"type": "LineString", "coordinates": [[-77.057972, -12.05343], [-77.058096, -12.053912], [-77.058197, -12.054249]]}, "properties": {"id": "-53832054#1", "nombre": "Jirón Sanchez Lagomarsino", "longitud": 93.88, "velocidad_max": 50.0, "num_lanes": 1}}, {"type": "Feature", "id": "-53832055", "geometry": {"type": "LineString", "coordinates": [[-77.059394, -12.053876], [-77.059151, -12.053227], [-77.059115, -12.05312]]}, "properties": {"id": "-53832055", "nombre": "Jirón Santiago Távara", "longitud": 89.08, "velocidad_max": 50.0, "num_lanes": 1}}, {"type": "Feature", "id": "-53832056#1", "geometry": {"type": "LineString", "coordinates": [[-77.059582, -12.054285], [-77.059748, -12.05472]]}, "properties": {"id": "-53832056#1", "nombre": "Jirón Santiago Távara", "longitud": 51.49, "velocidad_max": 50.0, "num_lanes": 1}}, {"type": "Feature", "id": "-53833395#4", "geometry": {"type": "LineString", "coordinates": [[-77.058174, -12.049961], [-77.058103, -12.049982], [-77.057887, -12.050045], [-77.057871, -12.05005], [-77.057851, -12.050058], [-77.057837, -12.05007], [-77.057832, -12.050083], [-77.057831, -12.050105], [-77.05784, -12.050134], [-77.058053, -12.050818], [-77.0582, -12.05124], [-77.058203, -12.051248], [-77.058204, -12.051251]]}, "properties": {"id": "-53833395#4", "nombre": "-53833395#4", "longitud": 175.95, "velocidad_max": 10.0, "num_lanes": 1}}, {"type": "Feature", "id": "-53833397#1", "geometry": {"type": "LineString", "coordinates": [[-77.057785, -12.051509], [-77.057794, -12.05153], [-77.058083, -12.052274]]}, "properties": {"id": "-53833397#1", "nombre": "Cajatambo", "longitud": 90.62, "velocidad_max": 50.0, "num_lanes": 1}}, {"type": "Feature", "id": "-53833401#2", "geometry": {"type": "LineString", "coordinates": [[-77.059701, -12.050838], [-77.060083, -12.050698]]}, "properties": {"id": "-53833401#2", "nombre": "Sargento Antonio Lishner", "longitud": 44.37, "velocidad_max": 30.0, "num_lanes": 1}}, {"type": "Feature", "id": "-53833401#3", "geometry": {"type": "LineString", "coordinates": [[-77.059227, -12.050998], [-77.059574, -12.050882]]}, "properties": {"id": "-53833401#3", "nombre": "Sargento Antonio Lishner", "longitud": 39.92, "velocidad_max": 30.0, "num_lanes": 1}}, {"type": "Feature", "id": "-53833402#4", "geometry": {"type": "LineString", "coordinates": [[-77.055898, -12.047827], [-77.055863, -12.04812], [-77.055846, -12.048264], [-77.055827, -12.048425], [-77.055795, -12.0487]]}, "properties": {"id": "-53833402#4", "nombre": "Pasaje Ecuador", "longitud": 97.28, "velocidad_max": 50.0, "num_lanes": 1}}, {"type": "Feature", "id": "-53833403", "geometry": {"type": "LineString", "coordinates": [[-77.058133, -12.048041], [-77.058127, -12.048105], [-77.058085, -12.048569]]}, "properties": {"id": "-53833403", "nombre": "Luís Montero", "longitud": 58.64, "velocidad_max": 50.0, "num_lanes": 1}}, {"type": "Feature", "id": "-53833409#4", "geometry": {"type": "LineString", "coordinates": [[-77.059682, -12.05093], [-77.059684, -12.050936], [-77.059946, -12.05158], [-77.059997, -12.051703], [-77.06006, -12.051862], [-77.06032, -12.052503]]}, "properties": {"id": "-53833409#4", "nombre": "Jirón Yauli", "longitud": 187.37, "velocidad_max": 30.0, "num_lanes": 1}}, {"type": "Feature", "id": "-53833409#7", "geometry": {"type": "LineString", "coordinates": [[-77.05898, -12.049021], [-77.058955, -12.049038], [-77.058938, -12.049066], [-77.058939, -12.049098], [-77.058951, -12.049141], [-77.059269, -12.049931], [-77.059625, -12.050793], [-77.059631, -12.050807]]}, "properties": {"id": "-53833409#7", "nombre": "Jirón Yauli", "longitud": 214.03, "velocidad_max": 30.0, "num_lanes": 1}}, {"type": "Feature", "id": "-53833410", "geometry": {"type": "LineString", "coordinates": [[-77.059334, -12.048891], [-77.058983, -12.049019]]}, "properties": {"id": "-53833410", "nombre": "Pasaje Carlos Bondy", "longitud": 40.79, "velocidad_max": 30.0, "num_lanes": 1}}, {"type": "Feature", "id": "-54609954#0", "geometry": {"type": "LineString", "coordinates": [[-77.061998, -12.049653], [-77.062418, -12.049497]]}, "properties": {"id": "-54609954#0", "nombre": "Clorinda Malto", "longitud": 48.89, "velocidad_max": 30.0, "num_lanes": 1}}, {"type": "Feature", "id": "-54609961#0", "geometry": {"type": "LineString", "coordinates": [[-77.060988, -12.050791], [-77.061294, -12.050666]]}, "properties": {"id": "-54609961#0", "nombre": "Turner", "longitud": 36.06, "velocidad_max": 50.0, "num_lanes": 1}}, {"type": "Feature", "id": "-54609962", "geometry": {"type": "LineString", "coordinates": [[-77.061364, -12.053077], [-77.06231, -12.052706]]}, "properties": {"id": "-54609962", "nombre": "P Salta", "longitud": 110.8, "velocidad_max": 30.0, "num_lanes": 1}}, {"type": "Feature", "id": "-54609963#0", "geometry": {"type": "LineString", "coordinates": [[-77.061979, -12.049745], [-77.062682, -12.051443]]}, "properties": {"id": "-54609963#0", "nombre": "Jirón Austria", "longitud": 202.78, "velocidad_max": 50.0, "num_lanes": 1}}, {"type": "Feature", "id": "-54609963#1", "geometry": {"type": "LineString", "coordinates": [[-77.061705, -12.049106], [-77.061928, -12.049623]]}, "properties": {"id": "-54609963#1", "nombre": "Jirón Austria", "longitud": 62.18, "velocidad_max": 50.0, "num_lanes": 1}}, {"type": "Feature", "id": "-54609965#3", "geometry": {"type": "LineString", "coordinates": [[-77.061543, -12.049908], [-77.061613, -12.050079], [-77.061769, -12.050462], [-77.061935, -12.05087], [-77.062238, -12.051613]]}, "properties": {"id": "-54609965#3", "nombre": "Suecia", "longitud": 203.34, "velocidad_max": 50.0, "num_lanes": 1}}, {"type": "Feature", "id": "-54609965#4", "geometry": {"type": "LineString", "coordinates": [[-77.060944, -12.049449], [-77.061208, -12.04947], [-77.061265, -12.049476], [-77.061316, -12.049496], [-77.06136, -12.049528], [-77.061394, -12.049569], [-77.061492, -12.049788]]}, "properties": {"id": "-54609965#4", "nombre": "Suecia", "longitud": 79.43, "velocidad_max": 50.0, "num_lanes": 1}}, {"type": "Feature", "id": "-54609965#5", "geometry": {"type": "LineString", "coordinates": [[-77.060429, -12.049419], [-77.060804, -12.04944]]}, "properties": {"id": "-54609965#5", "nombre": "Suecia", "longitud": 40.9, "velocidad_max": 50.0, "num_lanes": 1}}, {"type": "Feature", "id": "-54609966#1", "geometry": {"type": "LineString", "coordinates": [[-77.0614, -12.050709], [-77.061673, -12.05136], [-77.061843, -12.051765]]}, "properties": {"id": "-54609966#1", "nombre": "Dinamarca", "longitud": 126.5, "velocidad_max": 50.0, "num_lanes": 1}}, {"type": "Feature", "id": "-54609966#4", "geometry": {"type": "LineString", "coordinates": [[-77.060904, -12.049529], [-77.061052, -12.049882], [-77.061349, -12.050589]]}, "properties": {"id": "-54609966#4", "nombre": "Dinamarca", "longitud": 126.9, "velocidad_max": 50.0, "num_lanes": 1}}, {"type": "Feature", "id": "-54609967#2", "geometry": {"type": "LineString", "coordinates": [[-77.062826, -12.051875], [-77.062704, -12.051575]]}, "properties": {"id": "-54609967#2", "nombre": "Jirón Austria", "longitud": 35.75, "velocidad_max": 50.0, "num_lanes": 1}}, {"type": "Feature", "id": "-54609968#1", "geometry": {"type": "LineString", "coordinates": [[-77.060971, -12.050884], [-77.061235, -12.051536], [-77.061399, -12.051938]]}, "properties": {"id": "-54609968#1", "nombre": "Ignacio Alvarez Thomas", "longitud": 125.56, "velocidad_max": 50.0, "num_lanes": 1}}, {"type": "Feature", "id": "-54609968#3", "geometry": {"type": "LineString", "coordinates": [[-77.06039, -12.049499], [-77.060623, -12.050054], [-77.060921, -12.050763]]}, "properties": {"id": "-54609968#3", "nombre": "Ignacio Alvarez Thomas", "longitud": 151.35, "velocidad_max": 50.0, "num_lanes": 1}}, {"type": "Feature", "id": "-54609969#0", "geometry": {"type": "LineString", "coordinates": [[-77.061159, -12.052577], [-77.061521, -12.052436]]}, "properties": {"id": "-54609969#0", "nombre": "Jirón Cutervo", "longitud": 42.35, "velocidad_max": 50.0, "num_lanes": 1}}, {"type": "Feature", "id": "-54609971#1", "geometry": {"type": "LineString", "coordinates": [[-77.062934, -12.050623], [-77.062963, -12.050654], [-77.06299, -12.050674], [-77.063029, -12.050698], [-77.063075, -12.050717], [-77.063124, -12.050725], [-77.063166, -12.050724], [-77.063204, -12.050719], [-77.063387, -12.050658], [-77.063453, -12.05064], [-77.063542, -12.050631], [-77.063622, -12.050633], [-77.063653, -12.050636]]}, "properties": {"id": "-54609971#1", "nombre": "Calle Vírgen del Remedio", "longitud": 83.25, "velocidad_max": 50.0, "num_lanes": 1}}, {"type": "Feature", "id": "-54609972", "geometry": {"type": "LineString", "coordinates": [[-77.063264, -12.053466], [-77.062698, -12.052065]]}, "properties": {"id": "-54609972", "nombre": "Casapalca", "longitud": 166.89, "velocidad_max": 50.0, "num_lanes": 1}}, {"type": "Feature", "id": "-54609973#0", "geometry": {"type": "LineString", "coordinates": [[-77.062337, -12.052641], [-77.062174, -12.05227]]}, "properties": {"id": "-54609973#0", "nombre": "Yungay", "longitud": 44.72, "velocidad_max": 30.0, "num_lanes": 1}}, {"type": "Feature", "id": "-54609973#1", "geometry": {"type": "LineString", "coordinates": [[-77.062751, -12.053642], [-77.062388, -12.052761]]}, "properties": {"id": "-54609973#1", "nombre": "Yungay", "longitud": 105.17, "velocidad_max": 30.0, "num_lanes": 1}}, {"type": "Feature", "id": "-54609974#0", "geometry": {"type": "LineString", "coordinates": [[-77.064442, -12.051337], [-77.064132, -12.051562]]}, "properties": {"id": "-54609974#0", "nombre": "Jirón Holanda", "longitud": 41.92, "velocidad_max": 50.0, "num_lanes": 1}}, {"type": "Feature", "id": "-54609974#3", "geometry": {"type": "LineString", "coordinates": [[-77.064963, -12.050959], [-77.064952, -12.050967], [-77.064702, -12.051149], [-77.064548, -12.05126]]}, "properties": {"id": "-54609974#3", "nombre": "Jirón Holanda", "longitud": 56.1, "velocidad_max": 50.0, "num_lanes": 1}}, {"type": "Feature", "id": "-54609977#1", "geometry": {"type": "LineString", "coordinates": [[-77.065362, -12.05037], [-77.06545, -12.050345], [-77.065586, -12.050317], [-77.065725, -12.050299], [-77.065844, -12.050297], [-77.065995, -12.050304], [-77.066225, -12.050321], [-77.066452, -12.050337]]}, "properties": {"id": "-54609977#1", "nombre": "Calle Juan de Almoguera", "longitud": 119.71, "velocidad_max": 50.0, "num_lanes": 1}}, {"type": "Feature", "id": "-54609978#1", "geometry": {"type": "LineString", "coordinates": [[-77.063183, -12.051303], [-77.063661, -12.051117]]}, "properties": {"id": "-54609978#1", "nombre": "Jirón Holanda", "longitud": 55.95, "velocidad_max": 50.0, "num_lanes": 1}}, {"type": "Feature", "id": "-54609978#4", "geometry": {"type": "LineString", "coordinates": [[-77.062749, -12.051471], [-77.063037, -12.05136], [-77.06306, -12.051351]]}, "properties": {"id": "-54609978#4", "nombre": "Jirón Holanda", "longitud": 36.34, "velocidad_max": 50.0, "num_lanes": 1}}, {"type": "Feature", "id": "-54609982#1", "geometry": {"type": "LineString", "coordinates": [[-77.063103, -12.049743], [-77.063214, -12.050017], [-77.06323, -12.050053], [-77.063259, -12.050089], [-77.063297, -12.05012], [-77.063333, -12.050139], [-77.063371, -12.050151], [-77.06342, -12.05016], [-77.063492, -12.050163], [-77.063694, -12.050161]]}, "properties": {"id": "-54609982#1", "nombre": "Jirón Morcillo", "longitud": 91.57, "velocidad_max": 50.0, "num_lanes": 1}}, {"type": "Feature", "id": "-54609985#3", "geometry": {"type": "LineString", "coordinates": [[-77.064537, -12.051331], [-77.064731, -12.051594], [-77.064938, -12.05186], [-77.064965, -12.051884], [-77.065003, -12.051881], [-77.065155, -12.051827], [-77.065559, -12.051676], [-77.065619, -12.05165]]}, "properties": {"id": "-54609985#3", "nombre": "Jirón Numa Pompilio", "longitud": 152.89, "velocidad_max": 50.0, "num_lanes": 1}}, {"type": "Feature", "id": "-54609986#0", "geometry": {"type": "LineString", "coordinates": [[-77.066494, -12.049929], [-77.065361, -12.049839]]}, "properties": {"id": "-54609986#0", "nombre": "Jirón Noruega", "longitud": 123.82, "velocidad_max": 50.0, "num_lanes": 1}}, {"type": "Feature", "id": "-54609986#1", "geometry": {"type": "LineString", "coordinates": [[-77.067033, -12.049972], [-77.067004, -12.049969], [-77.066626, -12.04994]]}, "properties": {"id": "-54609986#1", "nombre": "Jirón Noruega", "longitud": 44.49, "velocidad_max": 50.0, "num_lanes": 1}}, {"type": "Feature", "id": "-54609987#0", "geometry": {"type": "LineString", "coordinates": [[-77.065681, -12.050945], [-77.065975, -12.051213], [-77.066041, -12.051257], [-77.066136, -12.0513], [-77.066229, -12.051328], [-77.066345, -12.051351], [-77.06636, -12.051354]]}, "properties": {"id": "-54609987#0", "nombre": "Calle Fray Ramón Rojas", "longitud": 88.84, "velocidad_max": 50.0, "num_lanes": 1}}, {"type": "Feature", "id": "-54609987#2", "geometry": {"type": "LineString", "coordinates": [[-77.065338, -12.05046], [-77.065363, -12.050521], [-77.065422, -12.050634], [-77.065492, -12.05074], [-77.065576, -12.05084], [-77.06559, -12.050856]]}, "properties": {"id": "-54609987#2", "nombre": "Calle Fray Ramón Rojas", "longitud": 52.06, "velocidad_max": 50.0, "num_lanes": 1}}, {"type": "Feature", "id": "-54609987#3", "geometry": {"type": "LineString", "coordinates": [[-77.065303, -12.049885], [-77.065287, -12.050049], [-77.065282, -12.050172], [-77.065294, -12.050297], [-77.065301, -12.050333]]}, "properties": {"id": "-54609987#3", "nombre": "Calle Fray Ramón Rojas", "longitud": 49.72, "velocidad_max": 50.0, "num_lanes": 1}}, {"type": "Feature", "id": "-54609987#4", "geometry": {"type": "LineString", "coordinates": [[-77.065355, -12.049388], [-77.065348, -12.049452], [-77.065317, -12.049756]]}, "properties": {"id": "-54609987#4", "nombre": "Calle Fray Ramón Rojas", "longitud": 40.95, "velocidad_max": 50.0, "num_lanes": 1}}, {"type": "Feature", "id": "-54609989#1", "geometry": {"type": "LineString", "coordinates": [[-77.064808, -12.049715], [-77.064842, -12.04937], [-77.064842, -12.049364]]}, "properties": {"id": "-54609989#1", "nombre": "Calle Pedro Pascual Farfán", "longitud": 39.09, "velocidad_max": 50.0, "num_lanes": 1}}, {"type": "Feature", "id": "-54609989#4", "geometry": {"type": "LineString", "coordinates": [[-77.064966, -12.050861], [-77.064919, -12.05078], [-77.064888, -12.05071], [-77.064852, -12.050608], [-77.064821, -12.0505], [-77.0648, -12.050403], [-77.064791, -12.050356], [-77.06478, -12.050271], [-77.064775, -12.05018], [-77.064778, -12.050088], [-77.064788, -12.049945], [-77.064796, -12.049845]]}, "properties": {"id": "-54609989#4", "nombre": "Calle Pedro Pascual Farfán", "longitud": 116.1, "velocidad_max": 50.0, "num_lanes": 1}}, {"type": "Feature", "id": "-54609989#5", "geometry": {"type": "LineString", "coordinates": [[-77.065233, -12.051219], [-77.065168, -12.051156], [-77.065117, -12.051096], [-77.065071, -12.051034], [-77.065033, -12.050972]]}, "properties": {"id": "-54609989#5", "nombre": "Calle Pedro Pascual Farfán", "longitud": 35.02, "velocidad_max": 50.0, "num_lanes": 1}}, {"type": "Feature", "id": "-54609989#6", "geometry": {"type": "LineString", "coordinates": [[-77.065627, -12.051585], [-77.065329, -12.05131]]}, "properties": {"id": "-54609989#6", "nombre": "Calle Pedro Pascual Farfán", "longitud": 44.48, "velocidad_max": 50.0, "num_lanes": 1}}, {"type": "Feature", "id": "-54609989#7", "geometry": {"type": "LineString", "coordinates": [[-77.065955, -12.052012], [-77.06589, -12.051878], [-77.065849, -12.051814], [-77.065786, -12.051738], [-77.065725, -12.051677]]}, "properties": {"id": "-54609989#7", "nombre": "Calle Pedro Pascual Farfán", "longitud": 45.1, "velocidad_max": 50.0, "num_lanes": 1}}, {"type": "Feature", "id": "-54609990", "geometry": {"type": "LineString", "coordinates": [[-77.064346, -12.052223], [-77.063668, -12.052497]]}, "properties": {"id": "-54609990", "nombre": "Pasaje Chasuta", "longitud": 79.81, "velocidad_max": 50.0, "num_lanes": 1}}, {"type": "Feature", "id": "-54609993#2", "geometry": {"type": "LineString", "coordinates": [[-77.061963, -12.048429], [-77.062106, -12.048806], [-77.062182, -12.049005]]}, "properties": {"id": "-54609993#2", "nombre": "-54609993#2", "longitud": 68.09, "velocidad_max": 50.0, "num_lanes": 1}}, {"type": "Feature", "id": "-54610014#1", "geometry": {"type": "LineString", "coordinates": [[-77.063882, -12.049695], [-77.064308, -12.049729], [-77.064751, -12.049761]]}, "properties": {"id": "-54610014#1", "nombre": "Jirón Noruega", "longitud": 94.99, "velocidad_max": 50.0, "num_lanes": 1}}, {"type": "Feature", "id": "-54610014#3", "geometry": {"type": "LineString", "coordinates": [[-77.06266, -12.049768], [-77.062931, -12.049673], [-77.062993, -12.049658], [-77.063048, -12.049651], [-77.063106, -12.049646], [-77.063188, -12.049645], [-77.063426, -12.049658], [-77.06375, -12.049685]]}, "properties": {"id": "-54610014#3", "nombre": "Jirón Noruega", "longitud": 121.01, "velocidad_max": 50.0, "num_lanes": 1}}, {"type": "Feature", "id": "-54807814#0", "geometry": {"type": "LineString", "coordinates": [[-77.062105, -12.052241], [-77.061654, -12.052416]]}, "properties": {"id": "-54807814#0", "nombre": "Jirón Cutervo", "longitud": 52.78, "velocidad_max": 50.0, "num_lanes": 1}}, {"type": "Feature", "id": "-54807814#1", "geometry": {"type": "LineString", "coordinates": [[-77.062631, -12.052036], [-77.062228, -12.052193]]}, "properties": {"id": "-54807814#1", "nombre": "Jirón Cutervo", "longitud": 47.2, "velocidad_max": 50.0, "num_lanes": 1}}, {"type": "Feature", "id": "-54807814#5", "geometry": {"type": "LineString", "coordinates": [[-77.063241, -12.051799], [-77.063218, -12.051808], [-77.062931, -12.05192]]}, "properties": {"id": "-54807814#5", "nombre": "Jirón Cutervo", "longitud": 36.35, "velocidad_max": 50.0, "num_lanes": 1}}, {"type": "Feature", "id": "-54807992", "geometry": {"type": "LineString", "coordinates": [[-77.065589, -12.050968], [-77.065347, -12.051217]]}, "properties": {"id": "-54807992", "nombre": "Pasaje Custodio", "longitud": 38.1, "velocidad_max": 50.0, "num_lanes": 1}}, {"type": "Feature", "id": "-54807994#0", "geometry": {"type": "LineString", "coordinates": [[-77.063692, -12.051055], [-77.063683, -12.050997], [-77.06368, -12.050929], [-77.063697, -12.050719]]}, "properties": {"id": "-54807994#0", "nombre": "Jirón Gualberto Guevara", "longitud": 37.36, "velocidad_max": 50.0, "num_lanes": 1}}, {"type": "Feature", "id": "-54807994#1", "geometry": {"type": "LineString", "coordinates": [[-77.064019, -12.051545], [-77.063762, -12.051201], [-77.06374, -12.051166]]}, "properties": {"id": "-54807994#1", "nombre": "Jirón Gualberto Guevara", "longitud": 51.77, "velocidad_max": 50.0, "num_lanes": 1}}, {"type": "Feature", "id": "-54807994#2", "geometry": {"type": "LineString", "coordinates": [[-77.064362, -12.05213], [-77.064287, -12.05196], [-77.064257, -12.051897], [-77.064209, -12.051816], [-77.064094, -12.05165]]}, "properties": {"id": "-54807994#2", "nombre": "Jirón Gualberto Guevara", "longitud": 60.8, "velocidad_max": 50.0, "num_lanes": 1}}, {"type": "Feature", "id": "-54807995#1", "geometry": {"type": "LineString", "coordinates": [[-77.066433, -12.051443], [-77.066413, -12.051634], [-77.066394, -12.051719], [-77.066357, -12.051803], [-77.066305, -12.051878], [-77.066239, -12.051952], [-77.066153, -12.052006], [-77.066064, -12.052053], [-77.066063, -12.052054]]}, "properties": {"id": "-54807995#1", "nombre": "Jirón Gualberto Guevara", "longitud": 84.17, "velocidad_max": 50.0, "num_lanes": 1}}, {"type": "Feature", "id": "-54807995#3", "geometry": {"type": "LineString", "coordinates": [[-77.066474, -12.051018], [-77.066473, -12.051037], [-77.066446, -12.051313]]}, "properties": {"id": "-54807995#3", "nombre": "Jirón Gualberto Guevara", "longitud": 32.82, "velocidad_max": 50.0, "num_lanes": 1}}, {"type": "Feature", "id": "-54807995#4", "geometry": {"type": "LineString", "coordinates": [[-77.066526, -12.050423], [-77.066485, -12.050888]]}, "properties": {"id": "-54807995#4", "nombre": "Jirón Gualberto Guevara", "longitud": 51.63, "velocidad_max": 50.0, "num_lanes": 1}}, {"type": "Feature", "id": "-54807995#5", "geometry": {"type": "LineString", "coordinates": [[-77.066569, -12.049987], [-77.066538, -12.050294]]}, "properties": {"id": "-54807995#5", "nombre": "Jirón Gualberto Guevara", "longitud": 34.19, "velocidad_max": 50.0, "num_lanes": 1}}, {"type": "Feature", "id": "-548198884#0", "geometry": {"type": "LineString", "coordinates": [[-77.020195, -12.087013], [-77.020592, -12.087069], [-77.020656, -12.087079], [-77.020666, -12.08708], [-77.020667, -12.08708]]}, "properties": {"id": "-548198884#0", "nombre": "Calle Pascual Saco Oliveros", "longitud": 51.96, "velocidad_max": 40.0, "num_lanes": 1}}, {"type": "Feature", "id": "-548198884#1", "geometry": {"type": "LineString", "coordinates": [[-77.019544, -12.086922], [-77.020064, -12.086995]]}, "properties": {"id": "-548198884#1", "nombre": "Calle Pascual Saco Oliveros", "longitud": 57.2, "velocidad_max": 40.0, "num_lanes": 1}}, {"type": "Feature", "id": "-549572064#0", "geometry": {"type": "LineString", "coordinates": [[-77.012218, -12.041348], [-77.012152, -12.041452]]}, "properties": {"id": "-549572064#0", "nombre": "José Rivera y Dávalos", "longitud": 13.55, "velocidad_max": 30.0, "num_lanes": 1}}, {"type": "Feature", "id": "-549572065", "geometry": {"type": "LineString", "coordinates": [[-77.012143, -12.041557], [-77.012135, -12.04155]]}, "properties": {"id": "-549572065", "nombre": "-549572065", "longitud": 1.18, "velocidad_max": 50.0, "num_lanes": 1}}, {"type": "Feature", "id": "-549572066#3", "geometry": {"type": "LineString", "coordinates": [[-77.01204, -12.041458], [-77.011988, -12.041411], [-77.011964, -12.041389], [-77.011929, -12.041356], [-77.011894, -12.041326], [-77.011877, -12.041324], [-77.011859, -12.04133], [-77.011749, -12.041452], [-77.011642, -12.04158], [-77.011459, -12.041794], [-77.011252, -12.042047], [-77.011086, -12.042248], [-77.011073, -12.042294], [-77.011075, -12.04234], [-77.011097, -12.042475]]}, "properties": {"id": "-549572066#3", "nombre": "José Rivera y Dávalos", "longitud": 183.03, "velocidad_max": 30.0, "num_lanes": 1}}, {"type": "Feature", "id": "-549572067", "geometry": {"type": "LineString", "coordinates": [[-77.011964, -12.041612], [-77.012042, -12.04153]]}, "properties": {"id": "-549572067", "nombre": "José Rivera y Dávalos", "longitud": 12.45, "velocidad_max": 30.0, "num_lanes": 1}}, {"type": "Feature", "id": "-549576893", "geometry": {"type": "LineString", "coordinates": [[-77.013265, -12.040532], [-77.013235, -12.040538], [-77.012914, -12.040642], [-77.012594, -12.040753], [-77.012555, -12.040838], [-77.012597, -12.040924], [-77.012562, -12.040962], [-77.012523, -12.040992], [-77.012439, -12.041005], [-77.012432, -12.041011]]}, "properties": {"id": "-549576893", "nombre": "José Rivera y Dávalos", "longitud": 119.3, "velocidad_max": 30.0, "num_lanes": 1}}, {"type": "Feature", "id": "-549576896#1", "geometry": {"type": "LineString", "coordinates": [[-77.012341, -12.041109], [-77.012293, -12.041226], [-77.012287, -12.041237]]}, "properties": {"id": "-549576896#1", "nombre": "José Rivera y Dávalos", "longitud": 15.29, "velocidad_max": 30.0, "num_lanes": 1}}, {"type": "Feature", "id": "-549744311#4", "geometry": {"type": "LineString", "coordinates": [[-77.01375, -12.057615], [-77.013998, -12.057408], [-77.01413, -12.057297], [-77.014176, -12.057259], [-77.014224, -12.057219], [-77.014248, -12.057199], [-77.014268, -12.057182]]}, "properties": {"id": "-549744311#4", "nombre": "Jirón Uchusuma", "longitud": 74.01, "velocidad_max": 10.0, "num_lanes": 1}}, {"type": "Feature", "id": "-552681719#4", "geometry": {"type": "LineString", "coordinates": [[-77.013289, -12.057035], [-77.013532, -12.056837], [-77.013629, -12.056758], [-77.013656, -12.056736], [-77.0138, -12.056618], [-77.014106, -12.056368], [-77.014155, -12.056333], [-77.014214, -12.05629]]}, "properties": {"id": "-552681719#4", "nombre": "Calle Lluta", "longitud": 130.13, "velocidad_max": 10.0, "num_lanes": 1}}, {"type": "Feature", "id": "-552681719#6", "geometry": {"type": "LineString", "coordinates": [[-77.012213, -12.057873], [-77.013021, -12.057247], [-77.013186, -12.057118]]}, "properties": {"id": "-552681719#6", "nombre": "Calle Lluta", "longitud": 134.9, "velocidad_max": 10.0, "num_lanes": 1}}, {"type": "Feature", "id": "-55446871", "geometry": {"type": "LineString", "coordinates": [[-77.065953, -12.056131], [-77.065955, -12.056113], [-77.065999, -12.055817], [-77.066034, -12.055405], [-77.066043, -12.055059]]}, "properties": {"id": "-55446871", "nombre": "Teófilo Castillo", "longitud": 119.08, "velocidad_max": 50.0, "num_lanes": 1}}, {"type": "Feature", "id": "-55446872#1", "geometry": {"type": "LineString", "coordinates": [[-77.06653, -12.056296], [-77.06678, -12.055128]]}, "properties": {"id": "-55446872#1", "nombre": "Jirón Antonio Vargas", "longitud": 132.05, "velocidad_max": 30.0, "num_lanes": 1}}, {"type": "Feature", "id": "-55446875", "geometry": {"type": "LineString", "coordinates": [[-77.064629, -12.055877], [-77.064631, -12.05586], [-77.064678, -12.055407], [-77.06469, -12.055136], [-77.064689, -12.054865], [-77.064675, -12.054594], [-77.064655, -12.054387]]}, "properties": {"id": "-55446875", "nombre": "-55446875", "longitud": 165.27, "velocidad_max": 50.0, "num_lanes": 1}}, {"type": "Feature", "id": "-55446881#0", "geometry": {"type": "LineString", "coordinates": [[-77.066221, -12.053017], [-77.066221, -12.053002], [-77.066173, -12.052672], [-77.066163, -12.052636]]}, "properties": {"id": "-55446881#0", "nombre": "Jirón José del Carmen Saco", "longitud": 42.57, "velocidad_max": 50.0, "num_lanes": 1}}, {"type": "Feature", "id": "-55446882", "geometry": {"type": "LineString", "coordinates": [[-77.066168, -12.053115], [-77.065901, -12.053218], [-77.065882, -12.053231], [-77.065873, -12.053249], [-77.065824, -12.053616]]}, "properties": {"id": "-55446882", "nombre": "Jirón José del Carmen Saco", "longitud": 76.89, "velocidad_max": 50.0, "num_lanes": 1}}, {"type": "Feature", "id": "-55446883#1", "geometry": {"type": "LineString", "coordinates": [[-77.065994, -12.055001], [-77.065801, -12.054982], [-77.065684, -12.054971]]}, "properties": {"id": "-55446883#1", "nombre": "Jirón Eleazar Guzmán y Barrón", "longitud": 33.89, "velocidad_max": 30.0, "num_lanes": 1}}, {"type": "Feature", "id": "-55446883#3", "geometry": {"type": "LineString", "coordinates": [[-77.066738, -12.055072], [-77.066509, -12.05505], [-77.066126, -12.055013]]}, "properties": {"id": "-55446883#3", "nombre": "Jirón Eleazar Guzmán y Barrón", "longitud": 66.96, "velocidad_max": 30.0, "num_lanes": 1}}, {"type": "Feature", "id": "-55446883#5", "geometry": {"type": "LineString", "coordinates": [[-77.067325, -12.055135], [-77.066869, -12.055084]]}, "properties": {"id": "-55446883#5", "nombre": "Jirón Eleazar Guzmán y Barrón", "longitud": 49.95, "velocidad_max": 30.0, "num_lanes": 1}}, {"type": "Feature", "id": "-55446883#7", "geometry": {"type": "LineString", "coordinates": [[-77.069065, -12.055133], [-77.067976, -12.055037], [-77.067922, -12.055038], [-77.06788, -12.055051], [-77.067851, -12.055074], [-77.067832, -12.055104], [-77.067823, -12.05514], [-77.067816, -12.055193], [-77.067457, -12.05515]]}, "properties": {"id": "-55446883#7", "nombre": "Jirón Eleazar Guzmán y Barrón", "longitud": 187.07, "velocidad_max": 30.0, "num_lanes": 1}}, {"type": "Feature", "id": "-55446884#1", "geometry": {"type": "LineString", "coordinates": [[-77.067116, -12.056549], [-77.067087, -12.05668], [-77.066943, -12.057357]]}, "properties": {"id": "-55446884#1", "nombre": "Alberto Reyes", "longitud": 91.38, "velocidad_max": 50.0, "num_lanes": 1}}, {"type": "Feature", "id": "-55446884#4", "geometry": {"type": "LineString", "coordinates": [[-77.067399, -12.055195], [-77.067394, -12.055224], [-77.067302, -12.055671], [-77.067153, -12.056358], [-77.067141, -12.05642]]}, "properties": {"id": "-55446884#4", "nombre": "Alberto Reyes", "longitud": 138.37, "velocidad_max": 50.0, "num_lanes": 1}}, {"type": "Feature", "id": "-55446884#6", "geometry": {"type": "LineString", "coordinates": [[-77.067456, -12.05449], [-77.067452, -12.054539], [-77.067421, -12.055002], [-77.067415, -12.055064]]}, "properties": {"id": "-55446884#6", "nombre": "Alberto Reyes", "longitud": 63.66, "velocidad_max": 50.0, "num_lanes": 1}}, {"type": "Feature", "id": "-55446886#2", "geometry": {"type": "LineString", "coordinates": [[-77.065045, -12.054203], [-77.065037, -12.054147], [-77.06499, -12.053856], [-77.064924, -12.053568], [-77.064847, -12.053308], [-77.064776, -12.053112]]}, "properties": {"id": "-55446886#2", "nombre": "Jirón Guillermo Geraldino", "longitud": 124.51, "velocidad_max": 50.0, "num_lanes": 1}}, {"type": "Feature", "id": "-55446886#3", "geometry": {"type": "LineString", "coordinates": [[-77.065023, -12.055953], [-77.065064, -12.055736], [-77.065101, -12.055443], [-77.065118, -12.055149], [-77.065116, -12.054854], [-77.065094, -12.05456], [-77.065063, -12.054332]]}, "properties": {"id": "-55446886#3", "nombre": "Jirón Guillermo Geraldino", "longitud": 180.34, "velocidad_max": 50.0, "num_lanes": 1}}, {"type": "Feature", "id": "-55446907#1", "geometry": {"type": "LineString", "coordinates": [[-77.066786, -12.052504], [-77.06674, -12.0525], [-77.066551, -12.052483]]}, "properties": {"id": "-55446907#1", "nombre": "Avenida Prolongación Arica", "longitud": 25.7, "velocidad_max": 80.0, "num_lanes": 1}}, {"type": "Feature", "id": "-55447102", "geometry": {"type": "LineString", "coordinates": [[-77.065495, -12.053778], [-77.065556, -12.054128]]}, "properties": {"id": "-55447102", "nombre": "Jirón José Miguel Ríos", "longitud": 39.3, "velocidad_max": 50.0, "num_lanes": 1}}, {"type": "Feature", "id": "-558065805", "geometry": {"type": "LineString", "coordinates": [[-77.068408, -12.07365], [-77.06827, -12.072418]]}, "properties": {"id": "-558065805", "nombre": "Calle Daniel Hernandez", "longitud": 137.16, "velocidad_max": 50.0, "num_lanes": 1}}, {"type": "Feature", "id": "-559773336#3", "geometry": {"type": "LineString", "coordinates": [[-77.049977, -12.041199], [-77.049983, -12.0412], [-77.050204, -12.041219], [-77.050519, -12.041247], [-77.051136, -12.041303]]}, "properties": {"id": "-559773336#3", "nombre": "Pasaje García Villón", "longitud": 126.75, "velocidad_max": 50.0, "num_lanes": 1}}, {"type": "Feature", "id": "-559792964", "geometry": {"type": "LineString", "coordinates": [[-77.057826, -12.063532], [-77.057871, -12.063517], [-77.058656, -12.063252]]}, "properties": {"id": "-559792964", "nombre": "Jirón Pozuso", "longitud": 95.56, "velocidad_max": 50.0, "num_lanes": 1}}, {"type": "Feature", "id": "-559792970#2", "geometry": {"type": "LineString", "coordinates": [[-77.05345, -12.064396], [-77.05458, -12.064099], [-77.054796, -12.064037], [-77.054958, -12.063991]]}, "properties": {"id": "-559792970#2", "nombre": "Jirón Deán Valdivia", "longitud": 170.16, "velocidad_max": 50.0, "num_lanes": 1}}, {"type": "Feature", "id": "-559792974#1", "geometry": {"type": "LineString", "coordinates": [[-77.053544, -12.071269], [-77.053556, -12.07132], [-77.053695, -12.071945]]}, "properties": {"id": "-559792974#1", "nombre": "Calle Parque Orquideas", "longitud": 76.58, "velocidad_max": 50.0, "num_lanes": 1}}, {"type": "Feature", "id": "-562818260", "geometry": {"type": "LineString", "coordinates": [[-77.014066, -12.088005], [-77.014111, -12.087693]]}, "properties": {"id": "-562818260", "nombre": "-562818260", "longitud": 34.82, "velocidad_max": 10.0, "num_lanes": 1}}, {"type": "Feature", "id": "-563742605", "geometry": {"type": "LineString", "coordinates": [[-77.012251, -12.073108], [-77.012191, -12.073032], [-77.01218, -12.073027], [-77.012167, -12.073025], [-77.012153, -12.073027], [-77.012139, -12.073034], [-77.012127, -12.073045], [-77.012121, -12.073057], [-77.012121, -12.073073], [-77.012177, -12.073154]]}, "properties": {"id": "-563742605", "nombre": "-563742605", "longitud": 32.53, "velocidad_max": 10.0, "num_lanes": 1}}, {"type": "Feature", "id": "-563865015", "geometry": {"type": "LineString", "coordinates": [[-77.059241, -12.087172], [-77.059836, -12.087861]]}, "properties": {"id": "-563865015", "nombre": "-563865015", "longitud": 100.06, "velocidad_max": 30.0, "num_lanes": 1}}, {"type": "Feature", "id": "-563923931", "geometry": {"type": "LineString", "coordinates": [[-77.057315, -12.072308], [-77.05705, -12.071812]]}, "properties": {"id": "-563923931", "nombre": "-563923931", "longitud": 62.01, "velocidad_max": 50.0, "num_lanes": 1}}, {"type": "Feature", "id": "-563923953", "geometry": {"type": "LineString", "coordinates": [[-77.048366, -12.07215], [-77.048408, -12.072117], [-77.049022, -12.071622]]}, "properties": {"id": "-563923953", "nombre": "Pasaje Jesús María", "longitud": 92.24, "velocidad_max": 10.0, "num_lanes": 1}}, {"type": "Feature", "id": "-563955250", "geometry": {"type": "LineString", "coordinates": [[-77.058857, -12.072922], [-77.058168, -12.072949]]}, "properties": {"id": "-563955250", "nombre": "Pasaje Paso de los Andes", "longitud": 75.04, "velocidad_max": 20.0, "num_lanes": 1}}, {"type": "Feature", "id": "-564371470#2", "geometry": {"type": "LineString", "coordinates": [[-77.013614, -12.114672], [-77.013822, -12.114687], [-77.014606, -12.114741], [-77.014801, -12.114754]]}, "properties": {"id": "-564371470#2", "nombre": "San Alberto", "longitud": 129.55, "velocidad_max": 50.0, "num_lanes": 1}}, {"type": "Feature", "id": "-567739713#1", "geometry": {"type": "LineString", "coordinates": [[-77.063623, -12.061002], [-77.063617, -12.061047], [-77.063582, -12.061317], [-77.063575, -12.061532], [-77.063599, -12.061756], [-77.063658, -12.062042]]}, "properties": {"id": "-567739713#1", "nombre": "Jirón Justo Arias Araguez", "longitud": 116.1, "velocidad_max": 50.0, "num_lanes": 1}}, {"type": "Feature", "id": "-567740821#1", "geometry": {"type": "LineString", "coordinates": [[-77.069574, -12.057864], [-77.06964, -12.05758], [-77.069649, -12.057523]]}, "properties": {"id": "-567740821#1", "nombre": "Jirón Trinidad Ceus", "longitud": 38.59, "velocidad_max": 50.0, "num_lanes": 1}}, {"type": "Feature", "id": "-570085062", "geometry": {"type": "LineString", "coordinates": [[-77.019967, -12.108886], [-77.020027, -12.107966]]}, "properties": {"id": "-570085062", "nombre": "Pasaje Salaverry", "longitud": 101.99, "velocidad_max": 50.0, "num_lanes": 1}}, {"type": "Feature", "id": "-571071270#1", "geometry": {"type": "LineString", "coordinates": [[-77.05234, -12.058494], [-77.052348, -12.058499], [-77.0526, -12.058799], [-77.052998, -12.059231]]}, "properties": {"id": "-571071270#1", "nombre": "Jirón Aguarico", "longitud": 108.61, "velocidad_max": 50.0, "num_lanes": 1}}, {"type": "Feature", "id": "-571074217", "geometry": {"type": "LineString", "coordinates": [[-77.05692, -12.055828], [-77.056857, -12.056453]]}, "properties": {"id": "-571074217", "nombre": "-571074217", "longitud": 69.46, "velocidad_max": 50.0, "num_lanes": 1}}, {"type": "Feature", "id": "-571074218#10", "geometry": {"type": "LineString", "coordinates": [[-77.05791, -12.058479], [-77.05781, -12.058363], [-77.057378, -12.057867], [-77.057298, -12.057775], [-77.057062, -12.057503]]}, "properties": {"id": "-571074218#10", "nombre": "Jirón Tarapoto", "longitud": 142.03, "velocidad_max": 50.0, "num_lanes": 1}}, {"type": "Feature", "id": "-571074218#6", "geometry": {"type": "LineString", "coordinates": [[-77.056976, -12.057404], [-77.056791, -12.057192], [-77.056756, -12.057151], [-77.056672, -12.057054], [-77.056627, -12.057002], [-77.056544, -12.056907], [-77.056477, -12.05683], [-77.056377, -12.056715]]}, "properties": {"id": "-571074218#6", "nombre": "Jirón Tarapoto", "longitud": 100.35, "velocidad_max": 50.0, "num_lanes": 1}}, {"type": "Feature", "id": "-571074220", "geometry": {"type": "LineString", "coordinates": [[-77.056572, -12.055891], [-77.056531, -12.056464]]}, "properties": {"id": "-571074220", "nombre": "-571074220", "longitud": 63.48, "velocidad_max": 50.0, "num_lanes": 1}}, {"type": "Feature", "id": "-571086060#0", "geometry": {"type": "LineString", "coordinates": [[-77.033505, -12.098974], [-77.033524, -12.09898], [-77.033747, -12.09908], [-77.033748, -12.09908]]}, "properties": {"id": "-571086060#0", "nombre": "Calle La Mariscala", "longitud": 28.92, "velocidad_max": 50.0, "num_lanes": 1}}, {"type": "Feature", "id": "-571086060#1", "geometry": {"type": "LineString", "coordinates": [[-77.033181, -12.099052], [-77.033391, -12.098966], [-77.033415, -12.098964]]}, "properties": {"id": "-571086060#1", "nombre": "Calle La Mariscala", "longitud": 27.46, "velocidad_max": 50.0, "num_lanes": 1}}, {"type": "Feature", "id": "-571358448", "geometry": {"type": "LineString", "coordinates": [[-77.029617, -12.042235], [-77.030384, -12.042068]]}, "properties": {"id": "-571358448", "nombre": "Jirón Huaura", "longitud": 85.56, "velocidad_max": 10.0, "num_lanes": 1}}, {"type": "Feature", "id": "-571388299#2", "geometry": {"type": "LineString", "coordinates": [[-77.011639, -12.04823], [-77.012022, -12.048289], [-77.012232, -12.048319], [-77.012603, -12.048377]]}, "properties": {"id": "-571388299#2", "nombre": "Jirón Teniente César Rodríguez", "longitud": 106.25, "velocidad_max": 50.0, "num_lanes": 1}}, {"type": "Feature", "id": "-571388301#3", "geometry": {"type": "LineString", "coordinates": [[-77.012992, -12.050535], [-77.013196, -12.050555], [-77.013454, -12.050591], [-77.013581, -12.050599], [-77.01398, -12.050633]]}, "properties": {"id": "-571388301#3", "nombre": "Jirón Ilave", "longitud": 108.26, "velocidad_max": 50.0, "num_lanes": 1}}, {"type": "Feature", "id": "-571388305#5", "geometry": {"type": "LineString", "coordinates": [[-77.013061, -12.051584], [-77.013269, -12.051602], [-77.013311, -12.051606], [-77.013475, -12.05162], [-77.013748, -12.051644], [-77.013868, -12.051655], [-77.014146, -12.05168]]}, "properties": {"id": "-571388305#5", "nombre": "Jirón Coata", "longitud": 118.71, "velocidad_max": 50.0, "num_lanes": 1}}, {"type": "Feature", "id": "-571388305#8", "geometry": {"type": "LineString", "coordinates": [[-77.011826, -12.051486], [-77.012456, -12.051535], [-77.012773, -12.05156], [-77.012859, -12.051567]]}, "properties": {"id": "-571388305#8", "nombre": "Jirón Coata", "longitud": 112.88, "velocidad_max": 50.0, "num_lanes": 1}}, {"type": "Feature", "id": "-571814609", "geometry": {"type": "LineString", "coordinates": [[-77.010832, -12.086131], [-77.011046, -12.086066], [-77.011889, -12.0857]]}, "properties": {"id": "-571814609", "nombre": "Calle Miguel Cervelli", "longitud": 124.64, "velocidad_max": 50.0, "num_lanes": 1}}, {"type": "Feature", "id": "-578568155", "geometry": {"type": "LineString", "coordinates": [[-77.05912, -12.06673], [-77.059712, -12.066806]]}, "properties": {"id": "-578568155", "nombre": "-578568155", "longitud": 65.02, "velocidad_max": 50.0, "num_lanes": 1}}, {"type": "Feature", "id": "-580965742#0", "geometry": {"type": "LineString", "coordinates": [[-77.012365, -12.058438], [-77.012437, -12.058277]]}, "properties": {"id": "-580965742#0", "nombre": "-580965742#0", "longitud": 19.38, "velocidad_max": 50.0, "num_lanes": 1}}, {"type": "Feature", "id": "-580965742#1", "geometry": {"type": "LineString", "coordinates": [[-77.012028, -12.059246], [-77.012311, -12.058565]]}, "properties": {"id": "-580965742#1", "nombre": "-580965742#1", "longitud": 81.38, "velocidad_max": 50.0, "num_lanes": 1}}, {"type": "Feature", "id": "-580965766#1", "geometry": {"type": "LineString", "coordinates": [[-77.010004, -12.060046], [-77.01001, -12.060016], [-77.010024, -12.059992], [-77.010062, -12.059977], [-77.010274, -12.060002]]}, "properties": {"id": "-580965766#1", "nombre": "Jirón Feliciano de la Vega", "longitud": 34.16, "velocidad_max": 50.0, "num_lanes": 1}}, {"type": "Feature", "id": "-581426410", "geometry": {"type": "LineString", "coordinates": [[-77.016874, -12.096327], [-77.016807, -12.096295], [-77.016731, -12.09626], [-77.016701, -12.096252]]}, "properties": {"id": "-581426410", "nombre": "Calle Los Jilgueros", "longitud": 20.65, "velocidad_max": 30.0, "num_lanes": 1}}, {"type": "Feature", "id": "-584799152", "geometry": {"type": "LineString", "coordinates": [[-77.021567, -12.09927], [-77.021541, -12.099265], [-77.02149, -12.099268], [-77.021484, -12.09927]]}, "properties": {"id": "-584799152", "nombre": "-584799152", "longitud": 9.11, "velocidad_max": 50.0, "num_lanes": 1}}, {"type": "Feature", "id": "-603162568#2", "geometry": {"type": "LineString", "coordinates": [[-77.062669, -12.099], [-77.063174, -12.100017]]}, "properties": {"id": "-603162568#2", "nombre": "Jirón Faustino Sánchez Carrión", "longitud": 125.21, "velocidad_max": 40.0, "num_lanes": 1}}, {"type": "Feature", "id": "-603162568#3", "geometry": {"type": "LineString", "coordinates": [[-77.062627, -12.098915], [-77.062628, -12.098916]]}, "properties": {"id": "-603162568#3", "nombre": "Jirón Faustino Sánchez Carrión", "longitud": 0.2, "velocidad_max": 40.0, "num_lanes": 1}}, {"type": "Feature", "id": "-603162568#4", "geometry": {"type": "LineString", "coordinates": [[-77.062572, -12.098804], [-77.062586, -12.098831]]}, "properties": {"id": "-603162568#4", "nombre": "Jirón Faustino Sánchez Carrión", "longitud": 3.34, "velocidad_max": 40.0, "num_lanes": 1}}, {"type": "Feature", "id": "-603162568#5", "geometry": {"type": "LineString", "coordinates": [[-77.062493, -12.098649], [-77.062513, -12.098687]]}, "properties": {"id": "-603162568#5", "nombre": "Jirón Faustino Sánchez Carrión", "longitud": 4.7, "velocidad_max": 40.0, "num_lanes": 1}}, {"type": "Feature", "id": "-603513114#0", "geometry": {"type": "LineString", "coordinates": [[-77.01299, -12.044165], [-77.012738, -12.044502]]}, "properties": {"id": "-603513114#0", "nombre": "Avenida Sebastián Lorente", "longitud": 46.29, "velocidad_max": 40.0, "num_lanes": 1}}, {"type": "Feature", "id": "-603513114#1", "geometry": {"type": "LineString", "coordinates": [[-77.013134, -12.043961], [-77.013065, -12.044062]]}, "properties": {"id": "-603513114#1", "nombre": "Avenida Sebastián Lorente", "longitud": 13.45, "velocidad_max": 40.0, "num_lanes": 1}}, {"type": "Feature", "id": "-603513114#4", "geometry": {"type": "LineString", "coordinates": [[-77.013505, -12.04338], [-77.013437, -12.043512], [-77.013311, -12.043701], [-77.013209, -12.043852]]}, "properties": {"id": "-603513114#4", "nombre": "Avenida Sebastián Lorente", "longitud": 61.44, "velocidad_max": 40.0, "num_lanes": 1}}, {"type": "Feature", "id": "-603513114#5", "geometry": {"type": "LineString", "coordinates": [[-77.013665, -12.043129], [-77.013567, -12.043264]]}, "properties": {"id": "-603513114#5", "nombre": "Avenida Sebastián Lorente", "longitud": 18.39, "velocidad_max": 40.0, "num_lanes": 1}}, {"type": "Feature", "id": "-604319129", "geometry": {"type": "LineString", "coordinates": [[-77.024981, -12.081439], [-77.025025, -12.081159]]}, "properties": {"id": "-604319129", "nombre": "-604319129", "longitud": 31.45, "velocidad_max": 10.0, "num_lanes": 1}}, {"type": "Feature", "id": "-604664784", "geometry": {"type": "LineString", "coordinates": [[-77.028052, -12.094979], [-77.027938, -12.094962]]}, "properties": {"id": "-604664784", "nombre": "Avenida Antequera", "longitud": 12.61, "velocidad_max": 50.0, "num_lanes": 1}}, {"type": "Feature", "id": "-612343424", "geometry": {"type": "LineString", "coordinates": [[-77.024554, -12.105158], [-77.024341, -12.104805], [-77.024337, -12.104803]]}, "properties": {"id": "-612343424", "nombre": "Prolongación los Cuculies", "longitud": 45.93, "velocidad_max": 30.0, "num_lanes": 1}}, {"type": "Feature", "id": "-620656932#1", "geometry": {"type": "LineString", "coordinates": [[-77.038895, -12.097515], [-77.038944, -12.097512], [-77.039092, -12.097502], [-77.039177, -12.097489], [-77.039246, -12.097471], [-77.039295, -12.097452], [-77.039351, -12.097425], [-77.039413, -12.097385], [-77.039468, -12.097343], [-77.039525, -12.097295], [-77.039631, -12.097182], [-77.039673, -12.097127], [-77.039719, -12.097056], [-77.039728, -12.097041]]}, "properties": {"id": "-620656932#1", "nombre": "Avenida Nicolás de Ribera", "longitud": 110.92, "velocidad_max": 30.0, "num_lanes": 1}}, {"type": "Feature", "id": "-621806872#0", "geometry": {"type": "LineString", "coordinates": [[-77.019956, -12.075549], [-77.019193, -12.075741], [-77.019092, -12.075777], [-77.019014, -12.075834], [-77.01894, -12.075988]]}, "properties": {"id": "-621806872#0", "nombre": "Jirón Juan Castro", "longitud": 126.9, "velocidad_max": 30.0, "num_lanes": 1}}, {"type": "Feature", "id": "-621806872#1", "geometry": {"type": "LineString", "coordinates": [[-77.020285, -12.075466], [-77.020084, -12.075517]]}, "properties": {"id": "-621806872#1", "nombre": "Jirón Juan Castro", "longitud": 22.61, "velocidad_max": 30.0, "num_lanes": 1}}, {"type": "Feature", "id": "-621806872#5", "geometry": {"type": "LineString", "coordinates": [[-77.021471, -12.075168], [-77.021323, -12.075205], [-77.021122, -12.075255], [-77.020809, -12.075334], [-77.020413, -12.075434]]}, "properties": {"id": "-621806872#5", "nombre": "Jirón Juan Castro", "longitud": 118.88, "velocidad_max": 30.0, "num_lanes": 1}}, {"type": "Feature", "id": "-621806872#7", "geometry": {"type": "LineString", "coordinates": [[-77.022522, -12.074715], [-77.022504, -12.074764], [-77.022458, -12.074852], [-77.022378, -12.074919], [-77.022268, -12.074967], [-77.022185, -12.074984], [-77.021599, -12.075135]]}, "properties": {"id": "-621806872#7", "nombre": "Jirón Juan Castro", "longitud": 116.39, "velocidad_max": 30.0, "num_lanes": 1}}, {"type": "Feature", "id": "-621806883", "geometry": {"type": "LineString", "coordinates": [[-77.019518, -12.079741], [-77.019949, -12.079668], [-77.019972, -12.07965], [-77.019979, -12.079624], [-77.019935, -12.079421], [-77.019907, -12.079169]]}, "properties": {"id": "-621806883", "nombre": "-621806883", "longitud": 104.84, "velocidad_max": 50.0, "num_lanes": 1}}, {"type": "Feature", "id": "-621806887#1", "geometry": {"type": "LineString", "coordinates": [[-77.016888, -12.080567], [-77.017067, -12.080547], [-77.017756, -12.080467], [-77.017913, -12.080433], [-77.018061, -12.080384], [-77.018213, -12.080316], [-77.018312, -12.080264]]}, "properties": {"id": "-621806887#1", "nombre": "Calle Batería Maipú", "longitud": 160.08, "velocidad_max": 30.0, "num_lanes": 1}}, {"type": "Feature", "id": "-621806887#5", "geometry": {"type": "LineString", "coordinates": [[-77.01606, -12.080661], [-77.016511, -12.08061], [-77.016616, -12.080597]]}, "properties": {"id": "-621806887#5", "nombre": "Calle Batería Maipú", "longitud": 61.0, "velocidad_max": 30.0, "num_lanes": 1}}, {"type": "Feature", "id": "-621806887#8", "geometry": {"type": "LineString", "coordinates": [[-77.01535, -12.080648], [-77.015361, -12.08067], [-77.01539, -12.080706], [-77.015419, -12.080725], [-77.015481, -12.080728], [-77.015752, -12.080697], [-77.015775, -12.080694], [-77.015928, -12.080676]]}, "properties": {"id": "-621806887#8", "nombre": "Calle Batería Maipú", "longitud": 67.33, "velocidad_max": 30.0, "num_lanes": 1}}, {"type": "Feature", "id": "-621806889", "geometry": {"type": "LineString", "coordinates": [[-77.018097, -12.079867], [-77.017982, -12.079918], [-77.017782, -12.079986], [-77.017613, -12.080019], [-77.017007, -12.080087], [-77.016768, -12.080113], [-77.016731, -12.080118], [-77.01645, -12.080148], [-77.016002, -12.080198]]}, "properties": {"id": "-621806889", "nombre": "Calle Federico Barreto", "longitud": 232.1, "velocidad_max": 30.0, "num_lanes": 1}}, {"type": "Feature", "id": "-621806899#0", "geometry": {"type": "LineString", "coordinates": [[-77.017983, -12.082367], [-77.017737, -12.082481], [-77.017585, -12.082551]]}, "properties": {"id": "-621806899#0", "nombre": "Calle Luis Espejo", "longitud": 47.83, "velocidad_max": 40.0, "num_lanes": 1}}, {"type": "Feature", "id": "-621806899#2", "geometry": {"type": "LineString", "coordinates": [[-77.018553, -12.082149], [-77.018512, -12.082162], [-77.018242, -12.082252], [-77.018103, -12.082313]]}, "properties": {"id": "-621806899#2", "nombre": "Calle Luis Espejo", "longitud": 52.23, "velocidad_max": 40.0, "num_lanes": 1}}, {"type": "Feature", "id": "-621806899#4", "geometry": {"type": "LineString", "coordinates": [[-77.019622, -12.081905], [-77.019521, -12.081911], [-77.019219, -12.08198], [-77.018847, -12.082065], [-77.018676, -12.082112]]}, "properties": {"id": "-621806899#4", "nombre": "Calle Luis Espejo", "longitud": 105.65, "velocidad_max": 40.0, "num_lanes": 1}}, {"type": "Feature", "id": "-621806899#6", "geometry": {"type": "LineString", "coordinates": [[-77.020777, -12.081958], [-77.02037, -12.081904], [-77.019841, -12.081896], [-77.019752, -12.081898]]}, "properties": {"id": "-621806899#6", "nombre": "Calle Luis Espejo", "longitud": 112.06, "velocidad_max": 40.0, "num_lanes": 1}}, {"type": "Feature", "id": "-621842008#1", "geometry": {"type": "LineString", "coordinates": [[-77.012291, -12.094772], [-77.012258, -12.094926], [-77.012149, -12.095427]]}, "properties": {"id": "-621842008#1", "nombre": "Calle Carlos A. Ferreyra U.", "longitud": 74.14, "velocidad_max": 40.0, "num_lanes": 1}}, {"type": "Feature", "id": "-621842008#5", "geometry": {"type": "LineString", "coordinates": [[-77.012609, -12.093303], [-77.012574, -12.093465], [-77.012472, -12.093938], [-77.012436, -12.094103], [-77.012319, -12.094644]]}, "properties": {"id": "-621842008#5", "nombre": "Calle Carlos A. Ferreyra U.", "longitud": 151.73, "velocidad_max": 40.0, "num_lanes": 1}}, {"type": "Feature", "id": "-621842008#6", "geometry": {"type": "LineString", "coordinates": [[-77.012685, -12.092954], [-77.012637, -12.093176]]}, "properties": {"id": "-621842008#6", "nombre": "Calle Carlos A. Ferreyra U.", "longitud": 25.07, "velocidad_max": 40.0, "num_lanes": 1}}, {"type": "Feature", "id": "-621842008#8", "geometry": {"type": "LineString", "coordinates": [[-77.012856, -12.092163], [-77.012771, -12.092555]]}, "properties": {"id": "-621842008#8", "nombre": "Calle Carlos A. Ferreyra U.", "longitud": 44.39, "velocidad_max": 40.0, "num_lanes": 1}}, {"type": "Feature", "id": "-626513035#1", "geometry": {"type": "LineString", "coordinates": [[-77.048576, -12.085582], [-77.048516, -12.085998], [-77.048443, -12.086501]]}, "properties": {"id": "-626513035#1", "nombre": "Avenida Guillermo Prescott", "longitud": 102.78, "velocidad_max": 30.0, "num_lanes": 2}}, {"type": "Feature", "id": "-627264426#2", "geometry": {"type": "LineString", "coordinates": [[-77.020749, -12.05517], [-77.021309, -12.055085], [-77.021625, -12.055036], [-77.021908, -12.054993]]}, "properties": {"id": "-627264426#2", "nombre": "Quinta Carbone", "longitud": 127.75, "velocidad_max": 50.0, "num_lanes": 1}}, {"type": "Feature", "id": "-637237271", "geometry": {"type": "LineString", "coordinates": [[-77.013052, -12.053497], [-77.013031, -12.053213]]}, "properties": {"id": "-637237271", "nombre": "Avenida Sebastián Lorente", "longitud": 31.46, "velocidad_max": 40.0, "num_lanes": 2}}, {"type": "Feature", "id": "-642316757", "geometry": {"type": "LineString", "coordinates": [[-77.010323, -12.115627], [-77.010644, -12.115373]]}, "properties": {"id": "-642316757", "nombre": "República de El Salvador", "longitud": 44.86, "velocidad_max": 40.0, "num_lanes": 1}}, {"type": "Feature", "id": "-645073794#0", "geometry": {"type": "LineString", "coordinates": [[-77.018323, -12.118787], [-77.018312, -12.119261]]}, "properties": {"id": "-645073794#0", "nombre": "Avenida República de Panamá", "longitud": 52.53, "velocidad_max": 50.0, "num_lanes": 2}}, {"type": "Feature", "id": "-645073794#12", "geometry": {"type": "LineString", "coordinates": [[-77.0184, -12.114826], [-77.0184, -12.11483], [-77.018394, -12.11516], [-77.018393, -12.115413]]}, "properties": {"id": "-645073794#12", "nombre": "Avenida República de Panamá", "longitud": 64.92, "velocidad_max": 50.0, "num_lanes": 2}}, {"type": "Feature", "id": "-645073794#14", "geometry": {"type": "LineString", "coordinates": [[-77.018417, -12.114133], [-77.018409, -12.114293], [-77.018403, -12.114721]]}, "properties": {"id": "-645073794#14", "nombre": "Avenida República de Panamá", "longitud": 65.09, "velocidad_max": 50.0, "num_lanes": 2}}, {"type": "Feature", "id": "-645073794#15", "geometry": {"type": "LineString", "coordinates": [[-77.01845, -12.113162], [-77.018422, -12.114001]]}, "properties": {"id": "-645073794#15", "nombre": "Avenida República de Panamá", "longitud": 92.86, "velocidad_max": 50.0, "num_lanes": 2}}, {"type": "Feature", "id": "-645073794#3", "geometry": {"type": "LineString", "coordinates": [[-77.018338, -12.118036], [-77.018329, -12.118474]]}, "properties": {"id": "-645073794#3", "nombre": "Avenida República de Panamá", "longitud": 48.42, "velocidad_max": 50.0, "num_lanes": 2}}, {"type": "Feature", "id": "-645073794#4", "geometry": {"type": "LineString", "coordinates": [[-77.018361, -12.117113], [-77.01834, -12.11793]]}, "properties": {"id": "-645073794#4", "nombre": "Avenida República de Panamá", "longitud": 90.44, "velocidad_max": 50.0, "num_lanes": 2}}, {"type": "Feature", "id": "-645073794#5", "geometry": {"type": "LineString", "coordinates": [[-77.018379, -12.11627], [-77.018363, -12.117007]]}, "properties": {"id": "-645073794#5", "nombre": "Avenida República de Panamá", "longitud": 81.54, "velocidad_max": 50.0, "num_lanes": 2}}, {"type": "Feature", "id": "-645073794#9", "geometry": {"type": "LineString", "coordinates": [[-77.018392, -12.11552], [-77.018389, -12.11578], [-77.018386, -12.115928], [-77.018384, -12.116155], [-77.018383, -12.116167]]}, "properties": {"id": "-645073794#9", "nombre": "Avenida República de Panamá", "longitud": 71.61, "velocidad_max": 50.0, "num_lanes": 2}}, {"type": "Feature", "id": "-646992977#1", "geometry": {"type": "LineString", "coordinates": [[-77.058236, -12.085729], [-77.058661, -12.086251], [-77.058958, -12.086615]]}, "properties": {"id": "-646992977#1", "nombre": "Pasaje Paez", "longitud": 125.7, "velocidad_max": 30.0, "num_lanes": 1}}, {"type": "Feature", "id": "-654026685#2", "geometry": {"type": "LineString", "coordinates": [[-77.02425, -12.09767], [-77.024093, -12.09728], [-77.024028, -12.097098], [-77.024024, -12.097085]]}, "properties": {"id": "-654026685#2", "nombre": "Calle Manuel González Olaechea", "longitud": 69.28, "velocidad_max": 40.0, "num_lanes": 1}}, {"type": "Feature", "id": "-654030659", "geometry": {"type": "LineString", "coordinates": [[-77.010069, -12.086049], [-77.010042, -12.086046]]}, "properties": {"id": "-654030659", "nombre": "Del Lenguaje", "longitud": 3.02, "velocidad_max": 30.0, "num_lanes": 1}}, {"type": "Feature", "id": "-654051916#0", "geometry": {"type": "LineString", "coordinates": [[-77.025167, -12.082963], [-77.025422, -12.082372]]}, "properties": {"id": "-654051916#0", "nombre": "Jirón Alberto Barton", "longitud": 70.99, "velocidad_max": 50.0, "num_lanes": 1}}, {"type": "Feature", "id": "-654051916#11", "geometry": {"type": "LineString", "coordinates": [[-77.023935, -12.086028], [-77.024055, -12.085754]]}, "properties": {"id": "-654051916#11", "nombre": "Jirón Alberto Barton", "longitud": 33.0, "velocidad_max": 50.0, "num_lanes": 1}}, {"type": "Feature", "id": "-654051916#12", "geometry": {"type": "LineString", "coordinates": [[-77.023639, -12.086774], [-77.023896, -12.086122]]}, "properties": {"id": "-654051916#12", "nombre": "Jirón Alberto Barton", "longitud": 77.42, "velocidad_max": 50.0, "num_lanes": 1}}, {"type": "Feature", "id": "-654051916#2", "geometry": {"type": "LineString", "coordinates": [[-77.025023, -12.083306], [-77.025121, -12.083072]]}, "properties": {"id": "-654051916#2", "nombre": "Jirón Alberto Barton", "longitud": 28.02, "velocidad_max": 50.0, "num_lanes": 1}}, {"type": "Feature", "id": "-654051916#4", "geometry": {"type": "LineString", "coordinates": [[-77.024837, -12.083772], [-77.024957, -12.083469]]}, "properties": {"id": "-654051916#4", "nombre": "Jirón Alberto Barton", "longitud": 36.02, "velocidad_max": 50.0, "num_lanes": 1}}, {"type": "Feature", "id": "-654051916#5", "geometry": {"type": "LineString", "coordinates": [[-77.024585, -12.084384], [-77.024787, -12.083895]]}, "properties": {"id": "-654051916#5", "nombre": "Jirón Alberto Barton", "longitud": 58.36, "velocidad_max": 50.0, "num_lanes": 1}}, {"type": "Feature", "id": "-654051916#6", "geometry": {"type": "LineString", "coordinates": [[-77.024293, -12.085121], [-77.024531, -12.08452]]}, "properties": {"id": "-654051916#6", "nombre": "Jirón Alberto Barton", "longitud": 71.43, "velocidad_max": 50.0, "num_lanes": 1}}, {"type": "Feature", "id": "-654051916#8", "geometry": {"type": "LineString", "coordinates": [[-77.024138, -12.085536], [-77.024259, -12.085211], [-77.024262, -12.085202]]}, "properties": {"id": "-654051916#8", "nombre": "Jirón Alberto Barton", "longitud": 39.38, "velocidad_max": 50.0, "num_lanes": 1}}, {"type": "Feature", "id": "-654077537#4", "geometry": {"type": "LineString", "coordinates": [[-77.022795, -12.107385], [-77.022761, -12.10775], [-77.022747, -12.107925], [-77.022742, -12.107985], [-77.022689, -12.108619], [-77.022653, -12.109063]]}, "properties": {"id": "-654077537#4", "nombre": "Jirón Manuel Irribarren", "longitud": 186.27, "velocidad_max": 40.0, "num_lanes": 1}}, {"type": "Feature", "id": "-654299906#2", "geometry": {"type": "LineString", "coordinates": [[-77.057829, -12.093745], [-77.057812, -12.093701]]}, "properties": {"id": "-654299906#2", "nombre": "Calle Nicanor Rocca de Vergallo", "longitud": 5.2, "velocidad_max": 40.0, "num_lanes": 1}}, {"type": "Feature", "id": "-654339190", "geometry": {"type": "LineString", "coordinates": [[-77.056416, -12.103832], [-77.056705, -12.104509]]}, "properties": {"id": "-654339190", "nombre": "Calle Carlos Concha", "longitud": 81.17, "velocidad_max": 50.0, "num_lanes": 1}}, {"type": "Feature", "id": "-65498737#1", "geometry": {"type": "LineString", "coordinates": [[-77.054521, -12.067213], [-77.054476, -12.067094], [-77.054364, -12.066797]]}, "properties": {"id": "-65498737#1", "nombre": "Avenida del Río", "longitud": 49.01, "velocidad_max": 40.0, "num_lanes": 1}}, {"type": "Feature", "id": "-65498737#2", "geometry": {"type": "LineString", "coordinates": [[-77.05461, -12.067645], [-77.054542, -12.067296]]}, "properties": {"id": "-65498737#2", "nombre": "Avenida del Río", "longitud": 39.3, "velocidad_max": 40.0, "num_lanes": 1}}, {"type": "Feature", "id": "-65498737#4", "geometry": {"type": "LineString", "coordinates": [[-77.054733, -12.068312], [-77.054655, -12.067886], [-77.054651, -12.067868]]}, "properties": {"id": "-65498737#4", "nombre": "Avenida del Río", "longitud": 50.02, "velocidad_max": 40.0, "num_lanes": 1}}, {"type": "Feature", "id": "-65498740#0", "geometry": {"type": "LineString", "coordinates": [[-77.057249, -12.071276], [-77.057436, -12.071321], [-77.057685, -12.07138]]}, "properties": {"id": "-65498740#0", "nombre": "Calle Bahía", "longitud": 48.89, "velocidad_max": 20.0, "num_lanes": 1}}, {"type": "Feature", "id": "-65498740#2", "geometry": {"type": "LineString", "coordinates": [[-77.056626, -12.07114], [-77.057088, -12.071239]]}, "properties": {"id": "-65498740#2", "nombre": "Calle Bahía", "longitud": 51.53, "velocidad_max": 20.0, "num_lanes": 1}}, {"type": "Feature", "id": "-65498740#3", "geometry": {"type": "LineString", "coordinates": [[-77.056103, -12.071023], [-77.056494, -12.07111]]}, "properties": {"id": "-65498740#3", "nombre": "Calle Bahía", "longitud": 43.67, "velocidad_max": 20.0, "num_lanes": 1}}, {"type": "Feature", "id": "-65498740#4", "geometry": {"type": "LineString", "coordinates": [[-77.055733, -12.070929], [-77.055976, -12.070992]]}, "properties": {"id": "-65498740#4", "nombre": "Calle Bahía", "longitud": 27.3, "velocidad_max": 20.0, "num_lanes": 1}}, {"type": "Feature", "id": "-65498740#5", "geometry": {"type": "LineString", "coordinates": [[-77.055339, -12.070838], [-77.05538, -12.070844], [-77.055607, -12.070898]]}, "properties": {"id": "-65498740#5", "nombre": "Calle Bahía", "longitud": 29.93, "velocidad_max": 20.0, "num_lanes": 1}}, {"type": "Feature", "id": "-65498750#1", "geometry": {"type": "LineString", "coordinates": [[-77.056994, -12.068846], [-77.056511, -12.068737], [-77.056351, -12.068711], [-77.056248, -12.068706], [-77.056215, -12.068708]]}, "properties": {"id": "-65498750#1", "nombre": "El Gondal", "longitud": 86.4, "velocidad_max": 30.0, "num_lanes": 1}}, {"type": "Feature", "id": "-664395967", "geometry": {"type": "LineString", "coordinates": [[-77.010715, -12.115317], [-77.010973, -12.11511], [-77.0112, -12.11476]]}, "properties": {"id": "-664395967", "nombre": "República de El Salvador", "longitud": 82.23, "velocidad_max": 40.0, "num_lanes": 1}}, {"type": "Feature", "id": "-671967018#0", "geometry": {"type": "LineString", "coordinates": [[-77.060667, -12.076523], [-77.060351, -12.076446], [-77.060312, -12.076443], [-77.060276, -12.076448], [-77.060242, -12.076461], [-77.060212, -12.07648], [-77.060193, -12.076504], [-77.060167, -12.076527], [-77.060137, -12.076544], [-77.060101, -12.076556], [-77.060066, -12.076561], [-77.059667, -12.076599]]}, "properties": {"id": "-671967018#0", "nombre": "-671967018#0", "longitud": 114.19, "velocidad_max": 10.0, "num_lanes": 1}}, {"type": "Feature", "id": "-671967018#1", "geometry": {"type": "LineString", "coordinates": [[-77.06128, -12.076566], [-77.060739, -12.076595], [-77.060734, -12.076576]]}, "properties": {"id": "-671967018#1", "nombre": "-671967018#1", "longitud": 61.12, "velocidad_max": 10.0, "num_lanes": 1}}, {"type": "Feature", "id": "-671968330", "geometry": {"type": "LineString", "coordinates": [[-77.019994, -12.06999], [-77.019963, -12.070222]]}, "properties": {"id": "-671968330", "nombre": "-671968330", "longitud": 25.9, "velocidad_max": 20.0, "num_lanes": 1}}, {"type": "Feature", "id": "-671968331", "geometry": {"type": "LineString", "coordinates": [[-77.019607, -12.070375], [-77.019854, -12.070417]]}, "properties": {"id": "-671968331", "nombre": "-671968331", "longitud": 27.35, "velocidad_max": 20.0, "num_lanes": 1}}, {"type": "Feature", "id": "-672197670", "geometry": {"type": "LineString", "coordinates": [[-77.012003, -12.079427], [-77.012001, -12.079429]]}, "properties": {"id": "-672197670", "nombre": "-672197670", "longitud": 0.2, "velocidad_max": 80.0, "num_lanes": 1}}, {"type": "Feature", "id": "-673009585", "geometry": {"type": "LineString", "coordinates": [[-77.009276, -12.069371], [-77.009946, -12.069464]]}, "properties": {"id": "-673009585", "nombre": "-673009585", "longitud": 73.7, "velocidad_max": 50.0, "num_lanes": 1}}, {"type": "Feature", "id": "-673015256", "geometry": {"type": "LineString", "coordinates": [[-77.064621, -12.058973], [-77.064615, -12.058968], [-77.063724, -12.058809], [-77.063653, -12.058796]]}, "properties": {"id": "-673015256", "nombre": "Jirón Antenor Orrego", "longitud": 107.32, "velocidad_max": 40.0, "num_lanes": 1}}, {"type": "Feature", "id": "-673018071#1", "geometry": {"type": "LineString", "coordinates": [[-77.030298, -12.061978], [-77.030249, -12.062364], [-77.03015, -12.063156]]}, "properties": {"id": "-673018071#1", "nombre": "-673018071#1", "longitud": 131.31, "velocidad_max": 50.0, "num_lanes": 1}}, {"type": "Feature", "id": "-67709150#0", "geometry": {"type": "LineString", "coordinates": [[-77.051881, -12.057456], [-77.0518, -12.057215]]}, "properties": {"id": "-67709150#0", "nombre": "Jirón Aguarico", "longitud": 28.05, "velocidad_max": 50.0, "num_lanes": 1}}, {"type": "Feature", "id": "-67709150#1", "geometry": {"type": "LineString", "coordinates": [[-77.052236, -12.05846], [-77.052214, -12.058444], [-77.051923, -12.057579]]}, "properties": {"id": "-67709150#1", "nombre": "Jirón Aguarico", "longitud": 103.73, "velocidad_max": 50.0, "num_lanes": 1}}, {"type": "Feature", "id": "-677447506#0", "geometry": {"type": "LineString", "coordinates": [[-77.043103, -12.09467], [-77.043116, -12.094688], [-77.043147, -12.09471], [-77.043184, -12.094722], [-77.043223, -12.094722], [-77.04326, -12.09471], [-77.043282, -12.094693]]}, "properties": {"id": "-677447506#0", "nombre": "Pasaje Palmira", "longitud": 22.44, "velocidad_max": 10.0, "num_lanes": 1}}, {"type": "Feature", "id": "-677447506#1", "geometry": {"type": "LineString", "coordinates": [[-77.04329, -12.094638], [-77.043273, -12.094616], [-77.043241, -12.094595], [-77.043203, -12.094585], [-77.043164, -12.094587], [-77.043128, -12.0946], [-77.043111, -12.094614]]}, "properties": {"id": "-677447506#1", "nombre": "Pasaje Palmira", "longitud": 22.31, "velocidad_max": 10.0, "num_lanes": 1}}, {"type": "Feature", "id": "-67865014#0", "geometry": {"type": "LineString", "coordinates": [[-77.052159, -12.063162], [-77.05219, -12.063286]]}, "properties": {"id": "-67865014#0", "nombre": "Pasaje 2", "longitud": 14.06, "velocidad_max": 30.0, "num_lanes": 1}}, {"type": "Feature", "id": "-67865014#1", "geometry": {"type": "LineString", "coordinates": [[-77.052104, -12.062176], [-77.052122, -12.062763], [-77.052121, -12.062917], [-77.052136, -12.063039]]}, "properties": {"id": "-67865014#1", "nombre": "Pasaje 2", "longitud": 95.63, "velocidad_max": 30.0, "num_lanes": 1}}, {"type": "Feature", "id": "-67865014#2", "geometry": {"type": "LineString", "coordinates": [[-77.052091, -12.061786], [-77.052099, -12.062046]]}, "properties": {"id": "-67865014#2", "nombre": "Pasaje 2", "longitud": 28.79, "velocidad_max": 30.0, "num_lanes": 1}}, {"type": "Feature", "id": "-67865020#1", "geometry": {"type": "LineString", "coordinates": [[-77.052454, -12.062167], [-77.052465, -12.062798], [-77.052473, -12.062894], [-77.052481, -12.062929], [-77.052493, -12.062979], [-77.052556, -12.063217]]}, "properties": {"id": "-67865020#1", "nombre": "Pasaje 3", "longitud": 117.37, "velocidad_max": 50.0, "num_lanes": 1}}, {"type": "Feature", "id": "-67865021#0", "geometry": {"type": "LineString", "coordinates": [[-77.052373, -12.062118], [-77.052153, -12.062124]]}, "properties": {"id": "-67865021#0", "nombre": "Pasaje 4", "longitud": 23.86, "velocidad_max": 30.0, "num_lanes": 1}}, {"type": "Feature", "id": "-67865021#1", "geometry": {"type": "LineString", "coordinates": [[-77.05274, -12.062108], [-77.052505, -12.062115]]}, "properties": {"id": "-67865021#1", "nombre": "Pasaje 4", "longitud": 25.69, "velocidad_max": 30.0, "num_lanes": 1}}, {"type": "Feature", "id": "-681441374#2", "geometry": {"type": "LineString", "coordinates": [[-77.031361, -12.113902], [-77.031361, -12.113905], [-77.031361, -12.113922], [-77.031361, -12.114708], [-77.031361, -12.114765], [-77.031361, -12.114793]]}, "properties": {"id": "-681441374#2", "nombre": "Calle Coronel Inclán", "longitud": 98.59, "velocidad_max": 40.0, "num_lanes": 1}}, {"type": "Feature", "id": "-68170890#0", "geometry": {"type": "LineString", "coordinates": [[-77.012727, -12.087953], [-77.01318, -12.088008]]}, "properties": {"id": "-68170890#0", "nombre": "Calle Rodolfo Beltran", "longitud": 49.73, "velocidad_max": 50.0, "num_lanes": 1}}, {"type": "Feature", "id": "-68170890#1", "geometry": {"type": "LineString", "coordinates": [[-77.011338, -12.087787], [-77.012596, -12.087938]]}, "properties": {"id": "-68170890#1", "nombre": "Calle Rodolfo Beltran", "longitud": 138.03, "velocidad_max": 50.0, "num_lanes": 1}}, {"type": "Feature", "id": "-68170890#5", "geometry": {"type": "LineString", "coordinates": [[-77.010725, -12.08771], [-77.010832, -12.087724], [-77.010962, -12.08774], [-77.011122, -12.08776], [-77.011205, -12.087771]]}, "properties": {"id": "-68170890#5", "nombre": "Calle Rodolfo Beltran", "longitud": 52.73, "velocidad_max": 50.0, "num_lanes": 1}}, {"type": "Feature", "id": "-68170893#2", "geometry": {"type": "LineString", "coordinates": [[-77.011203, -12.088339], [-77.01115, -12.088695], [-77.011124, -12.088879]]}, "properties": {"id": "-68170893#2", "nombre": "Jirón Luis Sáenz", "longitud": 60.35, "velocidad_max": 50.0, "num_lanes": 1}}, {"type": "Feature", "id": "-68170893#3", "geometry": {"type": "LineString", "coordinates": [[-77.011274, -12.087861], [-77.011218, -12.08824]]}, "properties": {"id": "-68170893#3", "nombre": "Jirón Luis Sáenz", "longitud": 42.39, "velocidad_max": 50.0, "num_lanes": 1}}, {"type": "Feature", "id": "-68170894#0", "geometry": {"type": "LineString", "coordinates": [[-77.013206, -12.081735], [-77.013207, -12.081734]]}, "properties": {"id": "-68170894#0", "nombre": "Calle Francisco Graña", "longitud": 0.2, "velocidad_max": 30.0, "num_lanes": 1}}, {"type": "Feature", "id": "-68170894#3", "geometry": {"type": "LineString", "coordinates": [[-77.011864, -12.082326], [-77.012402, -12.082089], [-77.012781, -12.081922], [-77.012875, -12.081881], [-77.013136, -12.081766]]}, "properties": {"id": "-68170894#3", "nombre": "Calle Francisco Graña", "longitud": 151.72, "velocidad_max": 30.0, "num_lanes": 1}}, {"type": "Feature", "id": "-68170894#5", "geometry": {"type": "LineString", "coordinates": [[-77.011686, -12.082406], [-77.011744, -12.08238]]}, "properties": {"id": "-68170894#5", "nombre": "Calle Francisco Graña", "longitud": 6.95, "velocidad_max": 30.0, "num_lanes": 1}}, {"type": "Feature", "id": "-68170894#7", "geometry": {"type": "LineString", "coordinates": [[-77.011226, -12.082607], [-77.011566, -12.08246]]}, "properties": {"id": "-68170894#7", "nombre": "Calle Francisco Graña", "longitud": 40.45, "velocidad_max": 30.0, "num_lanes": 1}}, {"type": "Feature", "id": "-68170898#1", "geometry": {"type": "LineString", "coordinates": [[-77.010662, -12.087782], [-77.010552, -12.088505], [-77.010512, -12.088795]]}, "properties": {"id": "-68170898#1", "nombre": "Jirón Jorge Valdeavellano", "longitud": 113.32, "velocidad_max": 50.0, "num_lanes": 1}}, {"type": "Feature", "id": "-68170898#2", "geometry": {"type": "LineString", "coordinates": [[-77.010765, -12.087151], [-77.010758, -12.087189], [-77.010682, -12.087653]]}, "properties": {"id": "-68170898#2", "nombre": "Jirón Jorge Valdeavellano", "longitud": 56.25, "velocidad_max": 50.0, "num_lanes": 1}}, {"type": "Feature", "id": "-68170898#5", "geometry": {"type": "LineString", "coordinates": [[-77.010792, -12.086224], [-77.010806, -12.086346], [-77.01082, -12.086686], [-77.010788, -12.087021]]}, "properties": {"id": "-68170898#5", "nombre": "Jirón Jorge Valdeavellano", "longitud": 88.52, "velocidad_max": 50.0, "num_lanes": 1}}, {"type": "Feature", "id": "-68170898#6", "geometry": {"type": "LineString", "coordinates": [[-77.010703, -12.085702], [-77.010772, -12.086095]]}, "properties": {"id": "-68170898#6", "nombre": "Jirón Jorge Valdeavellano", "longitud": 44.17, "velocidad_max": 50.0, "num_lanes": 1}}, {"type": "Feature", "id": "-68170899#0", "geometry": {"type": "LineString", "coordinates": [[-77.011916, -12.085635], [-77.011865, -12.085508], [-77.011749, -12.085253]]}, "properties": {"id": "-68170899#0", "nombre": "Calle Carlos Krundieck", "longitud": 46.01, "velocidad_max": 40.0, "num_lanes": 1}}, {"type": "Feature", "id": "-68170901#1", "geometry": {"type": "LineString", "coordinates": [[-77.013003, -12.08652], [-77.013156, -12.086842], [-77.013193, -12.086924], [-77.013234, -12.087037], [-77.013266, -12.087153], [-77.013289, -12.087271], [-77.0133, -12.087364], [-77.013307, -12.087457], [-77.013307, -12.087509]]}, "properties": {"id": "-68170901#1", "nombre": "Calle Horacio Cachay Diaz", "longitud": 115.55, "velocidad_max": 40.0, "num_lanes": 1}}, {"type": "Feature", "id": "-68170901#4", "geometry": {"type": "LineString", "coordinates": [[-77.012303, -12.08498], [-77.012574, -12.085573], [-77.012898, -12.086297], [-77.012947, -12.086402]]}, "properties": {"id": "-68170901#4", "nombre": "Calle Horacio Cachay Diaz", "longitud": 172.2, "velocidad_max": 40.0, "num_lanes": 1}}, {"type": "Feature", "id": "-68170901#5", "geometry": {"type": "LineString", "coordinates": [[-77.012049, -12.084429], [-77.012249, -12.084861]]}, "properties": {"id": "-68170901#5", "nombre": "Calle Horacio Cachay Diaz", "longitud": 52.51, "velocidad_max": 40.0, "num_lanes": 1}}, {"type": "Feature", "id": "-682492734", "geometry": {"type": "LineString", "coordinates": [[-77.059289, -12.066482], [-77.059133, -12.06609]]}, "properties": {"id": "-682492734", "nombre": "-682492734", "longitud": 46.6, "velocidad_max": 50.0, "num_lanes": 1}}, {"type": "Feature", "id": "-684277834", "geometry": {"type": "LineString", "coordinates": [[-77.012502, -12.110369], [-77.012532, -12.110025]]}, "properties": {"id": "-684277834", "nombre": "Jirón Benito Juarez", "longitud": 38.27, "velocidad_max": 50.0, "num_lanes": 1}}, {"type": "Feature", "id": "-684280772#1", "geometry": {"type": "LineString", "coordinates": [[-77.032465, -12.118037], [-77.032465, -12.11806], [-77.032468, -12.11819], [-77.032492, -12.118884], [-77.032493, -12.118943]]}, "properties": {"id": "-684280772#1", "nombre": "Calle Independencia", "longitud": 100.35, "velocidad_max": 40.0, "num_lanes": 1}}, {"type": "Feature", "id": "-684287669#1", "geometry": {"type": "LineString", "coordinates": [[-77.021607, -12.087355], [-77.021564, -12.087675], [-77.021563, -12.087682]]}, "properties": {"id": "-684287669#1", "nombre": "Enrique León García", "longitud": 36.45, "velocidad_max": 40.0, "num_lanes": 1}}, {"type": "Feature", "id": "-684287669#3", "geometry": {"type": "LineString", "coordinates": [[-77.021711, -12.086623], [-77.021621, -12.087255]]}, "properties": {"id": "-684287669#3", "nombre": "Enrique León García", "longitud": 70.65, "velocidad_max": 40.0, "num_lanes": 1}}, {"type": "Feature", "id": "-684287669#4", "geometry": {"type": "LineString", "coordinates": [[-77.021824, -12.085863], [-77.02182, -12.085887], [-77.021726, -12.086523]]}, "properties": {"id": "-684287669#4", "nombre": "Enrique León García", "longitud": 73.74, "velocidad_max": 40.0, "num_lanes": 1}}, {"type": "Feature", "id": "-687382929", "geometry": {"type": "LineString", "coordinates": [[-77.056568, -12.106537], [-77.056582, -12.106555], [-77.0566, -12.106572]]}, "properties": {"id": "-687382929", "nombre": "Calle Cabo Blanco", "longitud": 5.28, "velocidad_max": 50.0, "num_lanes": 1}}, {"type": "Feature", "id": "-70134012#0", "geometry": {"type": "LineString", "coordinates": [[-77.045579, -12.113184], [-77.045093, -12.112741], [-77.045059, -12.11271]]}, "properties": {"id": "-70134012#0", "nombre": "Calle Ignacio Merino", "longitud": 77.25, "velocidad_max": 30.0, "num_lanes": 1}}, {"type": "Feature", "id": "-70134012#4", "geometry": {"type": "LineString", "coordinates": [[-77.046256, -12.113838], [-77.046249, -12.113832], [-77.045933, -12.113527], [-77.04573, -12.113332]]}, "properties": {"id": "-70134012#4", "nombre": "Calle Ignacio Merino", "longitud": 80.04, "velocidad_max": 30.0, "num_lanes": 1}}, {"type": "Feature", "id": "-70134012#6", "geometry": {"type": "LineString", "coordinates": [[-77.046986, -12.114552], [-77.046379, -12.113961], [-77.046349, -12.113932]]}, "properties": {"id": "-70134012#6", "nombre": "Calle Ignacio Merino", "longitud": 97.53, "velocidad_max": 30.0, "num_lanes": 1}}, {"type": "Feature", "id": "-704090290#2", "geometry": {"type": "LineString", "coordinates": [[-77.009617, -12.119231], [-77.009702, -12.119286], [-77.010075, -12.11953], [-77.010346, -12.119708], [-77.010522, -12.119825]]}, "properties": {"id": "-704090290#2", "nombre": "Calle Las Moras", "longitud": 118.44, "velocidad_max": 50.0, "num_lanes": 1}}, {"type": "Feature", "id": "-73952070", "geometry": {"type": "LineString", "coordinates": [[-77.062903, -12.067726], [-77.062973, -12.068368]]}, "properties": {"id": "-73952070", "nombre": "Talavera", "longitud": 71.39, "velocidad_max": 50.0, "num_lanes": 1}}, {"type": "Feature", "id": "-73952071#0", "geometry": {"type": "LineString", "coordinates": [[-77.067868, -12.07163], [-77.067925, -12.07163], [-77.0683, -12.071585], [-77.068614, -12.071541], [-77.068773, -12.071534]]}, "properties": {"id": "-73952071#0", "nombre": "Madrid", "longitud": 99.19, "velocidad_max": 50.0, "num_lanes": 1}}, {"type": "Feature", "id": "-73952071#1", "geometry": {"type": "LineString", "coordinates": [[-77.067329, -12.071705], [-77.067768, -12.071638]]}, "properties": {"id": "-73952071#1", "nombre": "Madrid", "longitud": 48.32, "velocidad_max": 50.0, "num_lanes": 1}}, {"type": "Feature", "id": "-73952079#0", "geometry": {"type": "LineString", "coordinates": [[-77.069312, -12.070786], [-77.0696, -12.071999]]}, "properties": {"id": "-73952079#0", "nombre": "Santander", "longitud": 137.77, "velocidad_max": 50.0, "num_lanes": 1}}, {"type": "Feature", "id": "-73952079#1", "geometry": {"type": "LineString", "coordinates": [[-77.069145, -12.069591], [-77.069135, -12.069885], [-77.06913, -12.070034], [-77.069148, -12.070143], [-77.069281, -12.070659]]}, "properties": {"id": "-73952079#1", "nombre": "Santander", "longitud": 120.18, "velocidad_max": 50.0, "num_lanes": 1}}, {"type": "Feature", "id": "-73952083", "geometry": {"type": "LineString", "coordinates": [[-77.068555, -12.068946], [-77.06965, -12.068959]]}, "properties": {"id": "-73952083", "nombre": "Toledo", "longitud": 119.22, "velocidad_max": 50.0, "num_lanes": 1}}, {"type": "Feature", "id": "-73952920", "geometry": {"type": "LineString", "coordinates": [[-77.064698, -12.072314], [-77.064782, -12.073239]]}, "properties": {"id": "-73952920", "nombre": "Calle Yauli", "longitud": 102.72, "velocidad_max": 50.0, "num_lanes": 1}}, {"type": "Feature", "id": "-73954258#0", "geometry": {"type": "LineString", "coordinates": [[-77.056507, -12.074899], [-77.056064, -12.074988]]}, "properties": {"id": "-73954258#0", "nombre": "Juan Antonio Arrieta", "longitud": 49.32, "velocidad_max": 30.0, "num_lanes": 1}}, {"type": "Feature", "id": "-73954258#1", "geometry": {"type": "LineString", "coordinates": [[-77.057042, -12.074791], [-77.056637, -12.074873]]}, "properties": {"id": "-73954258#1", "nombre": "Juan Antonio Arrieta", "longitud": 44.99, "velocidad_max": 30.0, "num_lanes": 1}}, {"type": "Feature", "id": "-73954259", "geometry": {"type": "LineString", "coordinates": [[-77.056597, -12.074932], [-77.056751, -12.075673], [-77.05625, -12.07575]]}, "properties": {"id": "-73954259", "nombre": "Nicolás Arriola", "longitud": 138.9, "velocidad_max": 50.0, "num_lanes": 1}}, {"type": "Feature", "id": "-73954260#0", "geometry": {"type": "LineString", "coordinates": [[-77.057486, -12.076128], [-77.058136, -12.075602], [-77.058157, -12.075579], [-77.058159, -12.075566]]}, "properties": {"id": "-73954260#0", "nombre": "29 de Diciembre", "longitud": 96.47, "velocidad_max": 50.0, "num_lanes": 1}}, {"type": "Feature", "id": "-73954260#1", "geometry": {"type": "LineString", "coordinates": [[-77.056741, -12.076748], [-77.057406, -12.076194]]}, "properties": {"id": "-73954260#1", "nombre": "29 de Diciembre", "longitud": 94.86, "velocidad_max": 50.0, "num_lanes": 1}}, {"type": "Feature", "id": "-73954263", "geometry": {"type": "LineString", "coordinates": [[-77.057717, -12.074881], [-77.057736, -12.074885], [-77.05802, -12.07497], [-77.058109, -12.074982], [-77.058199, -12.074991], [-77.058301, -12.074985], [-77.058389, -12.074975], [-77.058533, -12.074931]]}, "properties": {"id": "-73954263", "nombre": "Islas Canarias", "longitud": 91.26, "velocidad_max": 50.0, "num_lanes": 1}}, {"type": "Feature", "id": "-73954266#1", "geometry": {"type": "LineString", "coordinates": [[-77.058085, -12.073824], [-77.058237, -12.07379], [-77.058314, -12.073783], [-77.058372, -12.073792], [-77.058421, -12.07381], [-77.058512, -12.073851], [-77.05879, -12.073982]]}, "properties": {"id": "-73954266#1", "nombre": "San Lorenzo", "longitud": 81.98, "velocidad_max": 30.0, "num_lanes": 1}}, {"type": "Feature", "id": "-73954266#2", "geometry": {"type": "LineString", "coordinates": [[-77.057492, -12.073956], [-77.057956, -12.073853]]}, "properties": {"id": "-73954266#2", "nombre": "San Lorenzo", "longitud": 51.74, "velocidad_max": 30.0, "num_lanes": 1}}, {"type": "Feature", "id": "-73954266#3", "geometry": {"type": "LineString", "coordinates": [[-77.057025, -12.074059], [-77.057364, -12.073985]]}, "properties": {"id": "-73954266#3", "nombre": "San Lorenzo", "longitud": 37.81, "velocidad_max": 30.0, "num_lanes": 1}}, {"type": "Feature", "id": "-73954266#4", "geometry": {"type": "LineString", "coordinates": [[-77.055892, -12.074168], [-77.056172, -12.074134], [-77.056256, -12.074131], [-77.056334, -12.074131], [-77.056455, -12.074134], [-77.056589, -12.074129], [-77.05671, -12.074116], [-77.056893, -12.074085]]}, "properties": {"id": "-73954266#4", "nombre": "San Lorenzo", "longitud": 109.65, "velocidad_max": 30.0, "num_lanes": 1}}, {"type": "Feature", "id": "-73954267#0", "geometry": {"type": "LineString", "coordinates": [[-77.057666, -12.074956], [-77.057742, -12.075331], [-77.057742, -12.075336]]}, "properties": {"id": "-73954267#0", "nombre": "General Luna Iglesias", "longitud": 42.9, "velocidad_max": 40.0, "num_lanes": 1}}, {"type": "Feature", "id": "-73954267#2", "geometry": {"type": "LineString", "coordinates": [[-77.05746, -12.074045], [-77.057518, -12.0743], [-77.057522, -12.074317], [-77.057638, -12.074824]]}, "properties": {"id": "-73954267#2", "nombre": "General Luna Iglesias", "longitud": 88.35, "velocidad_max": 40.0, "num_lanes": 1}}, {"type": "Feature", "id": "-73954283#1", "geometry": {"type": "LineString", "coordinates": [[-77.060317, -12.06916], [-77.060278, -12.069187], [-77.060246, -12.069243], [-77.060247, -12.06969], [-77.060247, -12.06973], [-77.060248, -12.069807]]}, "properties": {"id": "-73954283#1", "nombre": "-73954283#1", "longitud": 74.79, "velocidad_max": 30.0, "num_lanes": 1}}, {"type": "Feature", "id": "-73954283#2", "geometry": {"type": "LineString", "coordinates": [[-77.060434, -12.069133], [-77.060417, -12.069133]]}, "properties": {"id": "-73954283#2", "nombre": "-73954283#2", "longitud": 1.83, "velocidad_max": 30.0, "num_lanes": 1}}, {"type": "Feature", "id": "-73954283#4", "geometry": {"type": "LineString", "coordinates": [[-77.060603, -12.0698], [-77.060595, -12.0694], [-77.060592, -12.069246], [-77.060558, -12.069184], [-77.060529, -12.069161]]}, "properties": {"id": "-73954283#4", "nombre": "-73954283#4", "longitud": 73.14, "velocidad_max": 30.0, "num_lanes": 1}}, {"type": "Feature", "id": "-747923905#1", "geometry": {"type": "LineString", "coordinates": [[-77.014051, -12.042451], [-77.013824, -12.042727], [-77.013676, -12.042888], [-77.013655, -12.042911], [-77.013654, -12.042912]]}, "properties": {"id": "-747923905#1", "nombre": "Avenida Sebastián Lorente", "longitud": 66.85, "velocidad_max": 40.0, "num_lanes": 1}}, {"type": "Feature", "id": "-75036006#10", "geometry": {"type": "LineString", "coordinates": [[-77.015615, -12.047821], [-77.015617, -12.048134], [-77.015618, -12.048239], [-77.015619, -12.048378]]}, "properties": {"id": "-75036006#10", "nombre": "Jirón Manuel Pardo", "longitud": 61.59, "velocidad_max": 40.0, "num_lanes": 1}}, {"type": "Feature", "id": "-75036006#2", "geometry": {"type": "LineString", "coordinates": [[-77.015652, -12.049899], [-77.015664, -12.050206], [-77.015665, -12.050234], [-77.015699, -12.050593]]}, "properties": {"id": "-75036006#2", "nombre": "Jirón Manuel Pardo", "longitud": 76.91, "velocidad_max": 40.0, "num_lanes": 1}}, {"type": "Feature", "id": "-75036006#4", "geometry": {"type": "LineString", "coordinates": [[-77.01563, -12.049155], [-77.015637, -12.04928], [-77.015648, -12.04977]]}, "properties": {"id": "-75036006#4", "nombre": "Jirón Manuel Pardo", "longitud": 68.09, "velocidad_max": 40.0, "num_lanes": 1}}, {"type": "Feature", "id": "-75036006#6", "geometry": {"type": "LineString", "coordinates": [[-77.015621, -12.048508], [-77.015621, -12.048516], [-77.015625, -12.049015]]}, "properties": {"id": "-75036006#6", "nombre": "Jirón Manuel Pardo", "longitud": 56.15, "velocidad_max": 40.0, "num_lanes": 1}}, {"type": "Feature", "id": "-75036007#0", "geometry": {"type": "LineString", "coordinates": [[-77.021361, -12.056759], [-77.021854, -12.056812]]}, "properties": {"id": "-75036007#0", "nombre": "Jirón Tarata", "longitud": 54.0, "velocidad_max": 30.0, "num_lanes": 1}}, {"type": "Feature", "id": "-75036007#2", "geometry": {"type": "LineString", "coordinates": [[-77.020591, -12.056665], [-77.020885, -12.056702], [-77.021257, -12.056747]]}, "properties": {"id": "-75036007#2", "nombre": "Jirón Tarata", "longitud": 72.99, "velocidad_max": 30.0, "num_lanes": 1}}, {"type": "Feature", "id": "-75036007#4", "geometry": {"type": "LineString", "coordinates": [[-77.019626, -12.056573], [-77.019793, -12.056589], [-77.020488, -12.056654]]}, "properties": {"id": "-75036007#4", "nombre": "Jirón Tarata", "longitud": 94.27, "velocidad_max": 30.0, "num_lanes": 1}}, {"type": "Feature", "id": "-75036007#5", "geometry": {"type": "LineString", "coordinates": [[-77.018628, -12.056467], [-77.019523, -12.056563]]}, "properties": {"id": "-75036007#5", "nombre": "Jirón Tarata", "longitud": 98.03, "velocidad_max": 30.0, "num_lanes": 1}}, {"type": "Feature", "id": "-75036008", "geometry": {"type": "LineString", "coordinates": [[-77.014735, -12.04661], [-77.01552, -12.046735]]}, "properties": {"id": "-75036008", "nombre": "Jirón Capitan Ruiz Diaz", "longitud": 86.65, "velocidad_max": 30.0, "num_lanes": 1}}, {"type": "Feature", "id": "-75036013#0", "geometry": {"type": "LineString", "coordinates": [[-77.025458, -12.047422], [-77.025462, -12.047421], [-77.025819, -12.047246], [-77.025827, -12.047242], [-77.026132, -12.047093]]}, "properties": {"id": "-75036013#0", "nombre": "Jirón Simón Rodríguez", "longitud": 81.89, "velocidad_max": 30.0, "num_lanes": 1}}, {"type": "Feature", "id": "-75036014#3", "geometry": {"type": "LineString", "coordinates": [[-77.021248, -12.04852], [-77.021319, -12.04926], [-77.021349, -12.049565], [-77.021383, -12.049918], [-77.021421, -12.050301], [-77.021464, -12.050749]]}, "properties": {"id": "-75036014#3", "nombre": "Jirón Cangallo", "longitud": 247.73, "velocidad_max": 30.0, "num_lanes": 1}}, {"type": "Feature", "id": "-75036017", "geometry": {"type": "LineString", "coordinates": [[-77.021172, -12.048478], [-77.020899, -12.04845], [-77.020724, -12.048429], [-77.020616, -12.048414], [-77.020554, -12.048403], [-77.020474, -12.04839], [-77.020467, -12.048388], [-77.020461, -12.048384], [-77.020455, -12.048379], [-77.020386, -12.04831], [-77.020266, -12.048187], [-77.020216, -12.048131], [-77.020205, -12.048116], [-77.020179, -12.048081], [-77.020172, -12.048068], [-77.020168, -12.048058], [-77.020162, -12.048044], [-77.020158, -12.048033], [-77.020148, -12.048009], [-77.020141, -12.047977], [-77.020139, -12.047959]]}, "properties": {"id": "-75036017", "nombre": "Jirón Jauja", "longitud": 138.15, "velocidad_max": 30.0, "num_lanes": 1}}, {"type": "Feature", "id": "-75036019#1", "geometry": {"type": "LineString", "coordinates": [[-77.013966, -12.052296], [-77.013923, -12.052283], [-77.013843, -12.052265], [-77.013663, -12.05225], [-77.013423, -12.05223], [-77.0131, -12.052209]]}, "properties": {"id": "-75036019#1", "nombre": "Jirón Santa Rosa", "longitud": 95.0, "velocidad_max": 40.0, "num_lanes": 1}}, {"type": "Feature", "id": "-75036024#2", "geometry": {"type": "LineString", "coordinates": [[-77.015628, -12.050683], [-77.015507, -12.050699], [-77.015389, -12.050711], [-77.015265, -12.050717], [-77.015203, -12.050718], [-77.015142, -12.050718], [-77.015126, -12.050718], [-77.014978, -12.050713], [-77.014859, -12.050698], [-77.01485, -12.050695], [-77.014842, -12.05069], [-77.014836, -12.050685], [-77.014832, -12.050681], [-77.014807, -12.050655], [-77.014802, -12.050644], [-77.0148, -12.050637]]}, "properties": {"id": "-75036024#2", "nombre": "Jirón Huamalies", "longitud": 93.77, "velocidad_max": 30.0, "num_lanes": 1}}, {"type": "Feature", "id": "-75036025#1", "geometry": {"type": "LineString", "coordinates": [[-77.015544, -12.049095], [-77.015074, -12.049084], [-77.014885, -12.049076], [-77.014689, -12.049069]]}, "properties": {"id": "-75036025#1", "nombre": "Jirón Teniente Felipe Arancibia", "longitud": 93.09, "velocidad_max": 40.0, "num_lanes": 1}}, {"type": "Feature", "id": "-75036025#7", "geometry": {"type": "LineString", "coordinates": [[-77.016898, -12.049386], [-77.016728, -12.049349], [-77.016678, -12.049338], [-77.016493, -12.049297], [-77.016327, -12.049261], [-77.01604, -12.049192], [-77.015681, -12.049112]]}, "properties": {"id": "-75036025#7", "nombre": "Jirón Teniente Felipe Arancibia", "longitud": 135.94, "velocidad_max": 40.0, "num_lanes": 1}}, {"type": "Feature", "id": "-75036026#3", "geometry": {"type": "LineString", "coordinates": [[-77.014795, -12.049845], [-77.014929, -12.049841], [-77.015165, -12.049834], [-77.015348, -12.049829], [-77.015569, -12.049823]]}, "properties": {"id": "-75036026#3", "nombre": "Desaguadero", "longitud": 84.32, "velocidad_max": 40.0, "num_lanes": 1}}, {"type": "Feature", "id": "-75036028#1", "geometry": {"type": "LineString", "coordinates": [[-77.014657, -12.046549], [-77.014664, -12.046485], [-77.014671, -12.046415]]}, "properties": {"id": "-75036028#1", "nombre": "Jirón Coronel Zubiaga", "longitud": 14.87, "velocidad_max": 40.0, "num_lanes": 1}}, {"type": "Feature", "id": "-75036028#13", "geometry": {"type": "LineString", "coordinates": [[-77.014519, -12.048371], [-77.014514, -12.048308], [-77.014496, -12.048109], [-77.014498, -12.04809], [-77.0145, -12.048069], [-77.014508, -12.047985], [-77.01454, -12.047633]]}, "properties": {"id": "-75036028#13", "nombre": "Jirón Coronel Zubiaga", "longitud": 82.02, "velocidad_max": 40.0, "num_lanes": 1}}, {"type": "Feature", "id": "-75036028#16", "geometry": {"type": "LineString", "coordinates": [[-77.014595, -12.048985], [-77.01458, -12.048868], [-77.014556, -12.048688], [-77.014533, -12.048503]]}, "properties": {"id": "-75036028#16", "nombre": "Jirón Coronel Zubiaga", "longitud": 53.78, "velocidad_max": 40.0, "num_lanes": 1}}, {"type": "Feature", "id": "-75036028#17", "geometry": {"type": "LineString", "coordinates": [[-77.014678, -12.049617], [-77.014613, -12.049123]]}, "properties": {"id": "-75036028#17", "nombre": "Jirón Coronel Zubiaga", "longitud": 55.06, "velocidad_max": 40.0, "num_lanes": 1}}, {"type": "Feature", "id": "-75036028#19", "geometry": {"type": "LineString", "coordinates": [[-77.014704, -12.049802], [-77.014692, -12.049718]]}, "properties": {"id": "-75036028#19", "nombre": "Jirón Coronel Zubiaga", "longitud": 9.38, "velocidad_max": 40.0, "num_lanes": 1}}, {"type": "Feature", "id": "-75036028#25", "geometry": {"type": "LineString", "coordinates": [[-77.014799, -12.050631], [-77.014783, -12.050498], [-77.01477, -12.050396], [-77.014759, -12.050284], [-77.014753, -12.050217], [-77.014731, -12.050029], [-77.01472, -12.04993]]}, "properties": {"id": "-75036028#25", "nombre": "Jirón Coronel Zubiaga", "longitud": 78.0, "velocidad_max": 40.0, "num_lanes": 1}}, {"type": "Feature", "id": "-75036028#8", "geometry": {"type": "LineString", "coordinates": [[-77.01455, -12.047528], [-77.014598, -12.04709], [-77.014603, -12.047048], [-77.014611, -12.04697], [-77.014618, -12.046906], [-77.014627, -12.046827], [-77.014641, -12.046698], [-77.014644, -12.046678]]}, "properties": {"id": "-75036028#8", "nombre": "Jirón Coronel Zubiaga", "longitud": 94.53, "velocidad_max": 40.0, "num_lanes": 1}}, {"type": "Feature", "id": "-75036030#1", "geometry": {"type": "LineString", "coordinates": [[-77.026779, -12.053824], [-77.026894, -12.053755], [-77.027077, -12.053645], [-77.02712, -12.053593], [-77.027129, -12.053539], [-77.02709, -12.053412], [-77.026959, -12.052986], [-77.02693, -12.052874]]}, "properties": {"id": "-75036030#1", "nombre": "Jirón Mesa Redonda", "longitud": 128.19, "velocidad_max": 50.0, "num_lanes": 1}}, {"type": "Feature", "id": "-75037348", "geometry": {"type": "LineString", "coordinates": [[-77.030692, -12.040818], [-77.030755, -12.041395]]}, "properties": {"id": "-75037348", "nombre": "-75037348", "longitud": 64.13, "velocidad_max": 50.0, "num_lanes": 1}}, {"type": "Feature", "id": "-75223322#4", "geometry": {"type": "LineString", "coordinates": [[-77.027701, -12.047091], [-77.02741, -12.047277], [-77.027181, -12.047423], [-77.02708, -12.047489], [-77.026815, -12.047647], [-77.026814, -12.047647]]}, "properties": {"id": "-75223322#4", "nombre": "Jirón Junín", "longitud": 114.53, "velocidad_max": 30.0, "num_lanes": 1}}, {"type": "Feature", "id": "-75223322#5", "geometry": {"type": "LineString", "coordinates": [[-77.028709, -12.046445], [-77.028699, -12.046451], [-77.027812, -12.04702]]}, "properties": {"id": "-75223322#5", "nombre": "Jirón Junín", "longitud": 116.61, "velocidad_max": 30.0, "num_lanes": 1}}, {"type": "Feature", "id": "-75223330#2", "geometry": {"type": "LineString", "coordinates": [[-77.03357, -12.052204], [-77.033546, -12.052169], [-77.033269, -12.051766], [-77.033113, -12.05154]]}, "properties": {"id": "-75223330#2", "nombre": "Jirón Contumazá", "longitud": 88.79, "velocidad_max": 30.0, "num_lanes": 1}}, {"type": "Feature", "id": "-75226952#1", "geometry": {"type": "LineString", "coordinates": [[-77.038294, -12.041704], [-77.03818, -12.041544], [-77.038149, -12.041504], [-77.038106, -12.041437]]}, "properties": {"id": "-75226952#1", "nombre": "Jirón Angaraes", "longitud": 36.01, "velocidad_max": 50.0, "num_lanes": 1}}, {"type": "Feature", "id": "-75226954#0", "geometry": {"type": "LineString", "coordinates": [[-77.038858, -12.050643], [-77.038857, -12.050644]]}, "properties": {"id": "-75226954#0", "nombre": "Jirón Zepita", "longitud": 0.2, "velocidad_max": 40.0, "num_lanes": 1}}, {"type": "Feature", "id": "-75226954#2", "geometry": {"type": "LineString", "coordinates": [[-77.039758, -12.050057], [-77.038979, -12.050566]]}, "properties": {"id": "-75226954#2", "nombre": "Jirón Zepita", "longitud": 101.82, "velocidad_max": 40.0, "num_lanes": 1}}, {"type": "Feature", "id": "-761576538", "geometry": {"type": "LineString", "coordinates": [[-77.038943, -12.060108], [-77.039003, -12.060112]]}, "properties": {"id": "-761576538", "nombre": "Avenida 9 de Diciembre", "longitud": 6.52, "velocidad_max": 50.0, "num_lanes": 2}}, {"type": "Feature", "id": "-761576539", "geometry": {"type": "LineString", "coordinates": [[-77.038051, -12.060034], [-77.038052, -12.060034]]}, "properties": {"id": "-761576539", "nombre": "Avenida 9 de Diciembre", "longitud": 0.2, "velocidad_max": 50.0, "num_lanes": 2}}, {"type": "Feature", "id": "-762930177#1", "geometry": {"type": "LineString", "coordinates": [[-77.069214, -12.086499], [-77.06933, -12.086456], [-77.069584, -12.086361]]}, "properties": {"id": "-762930177#1", "nombre": "Jirón 28 de Julio", "longitud": 43.1, "velocidad_max": 50.0, "num_lanes": 1}}, {"type": "Feature", "id": "-765229460#1", "geometry": {"type": "LineString", "coordinates": [[-77.025292, -12.110275], [-77.025651, -12.110295]]}, "properties": {"id": "-765229460#1", "nombre": "Jirón Leonardo Barbieri", "longitud": 39.14, "velocidad_max": 50.0, "num_lanes": 1}}, {"type": "Feature", "id": "-765229460#2", "geometry": {"type": "LineString", "coordinates": [[-77.024978, -12.110258], [-77.025189, -12.110269]]}, "properties": {"id": "-765229460#2", "nombre": "Jirón Leonardo Barbieri", "longitud": 22.98, "velocidad_max": 50.0, "num_lanes": 1}}, {"type": "Feature", "id": "-772271108", "geometry": {"type": "LineString", "coordinates": [[-77.019689, -12.053896], [-77.019294, -12.053926], [-77.019295, -12.053925], [-77.019319, -12.054424]]}, "properties": {"id": "-772271108", "nombre": "Jirón Fabri", "longitud": 98.59, "velocidad_max": 20.0, "num_lanes": 1}}, {"type": "Feature", "id": "-77228678#1", "geometry": {"type": "LineString", "coordinates": [[-77.043172, -12.057208], [-77.043202, -12.056825], [-77.043235, -12.05642]]}, "properties": {"id": "-77228678#1", "nombre": "Jirón Iquique", "longitud": 87.49, "velocidad_max": 30.0, "num_lanes": 1}}, {"type": "Feature", "id": "-77526820", "geometry": {"type": "LineString", "coordinates": [[-77.050248, -12.056078], [-77.050179, -12.056856]]}, "properties": {"id": "-77526820", "nombre": "Pasaje Bernardo Monteagudo", "longitud": 86.41, "velocidad_max": 30.0, "num_lanes": 1}}, {"type": "Feature", "id": "-77526821", "geometry": {"type": "LineString", "coordinates": [[-77.050584, -12.056105], [-77.050514, -12.056884]]}, "properties": {"id": "-77526821", "nombre": "Pasaje Manuel Belgrano", "longitud": 86.51, "velocidad_max": 20.0, "num_lanes": 1}}, {"type": "Feature", "id": "-77526835#1", "geometry": {"type": "LineString", "coordinates": [[-77.049917, -12.056051], [-77.049881, -12.056435], [-77.049836, -12.056827]]}, "properties": {"id": "-77526835#1", "nombre": "Pasaje Primera Junta", "longitud": 86.26, "velocidad_max": 30.0, "num_lanes": 1}}, {"type": "Feature", "id": "-776618611#0", "geometry": {"type": "LineString", "coordinates": [[-77.057132, -12.074824], [-77.057277, -12.075459]]}, "properties": {"id": "-776618611#0", "nombre": "José Santiago Wagner", "longitud": 72.03, "velocidad_max": 40.0, "num_lanes": 1}}, {"type": "Feature", "id": "-776618611#2", "geometry": {"type": "LineString", "coordinates": [[-77.056991, -12.074148], [-77.057055, -12.074456], [-77.057105, -12.074697]]}, "properties": {"id": "-776618611#2", "nombre": "José Santiago Wagner", "longitud": 62.08, "velocidad_max": 40.0, "num_lanes": 1}}, {"type": "Feature", "id": "-776618611#3", "geometry": {"type": "LineString", "coordinates": [[-77.056848, -12.073632], [-77.056959, -12.074018]]}, "properties": {"id": "-776618611#3", "nombre": "José Santiago Wagner", "longitud": 44.3, "velocidad_max": 40.0, "num_lanes": 1}}, {"type": "Feature", "id": "-776622440", "geometry": {"type": "LineString", "coordinates": [[-77.062446, -12.081482], [-77.062716, -12.081806]]}, "properties": {"id": "-776622440", "nombre": "Zoila Amoretti", "longitud": 46.32, "velocidad_max": 50.0, "num_lanes": 1}}, {"type": "Feature", "id": "-77861279#1", "geometry": {"type": "LineString", "coordinates": [[-77.061486, -12.042922], [-77.061774, -12.042948], [-77.062159, -12.042979]]}, "properties": {"id": "-77861279#1", "nombre": "Pasaje Anacleto Alarcón", "longitud": 73.61, "velocidad_max": 50.0, "num_lanes": 1}}, {"type": "Feature", "id": "-77861280#0", "geometry": {"type": "LineString", "coordinates": [[-77.048359, -12.044267], [-77.048213, -12.045437]]}, "properties": {"id": "-77861280#0", "nombre": "Jirón Acomayo", "longitud": 130.46, "velocidad_max": 50.0, "num_lanes": 1}}, {"type": "Feature", "id": "-77861280#1", "geometry": {"type": "LineString", "coordinates": [[-77.048371, -12.044171], [-77.048371, -12.044172]]}, "properties": {"id": "-77861280#1", "nombre": "Jirón Acomayo", "longitud": 0.2, "velocidad_max": 50.0, "num_lanes": 1}}, {"type": "Feature", "id": "-77861281", "geometry": {"type": "LineString", "coordinates": [[-77.062337, -12.039734], [-77.06229, -12.040164]]}, "properties": {"id": "-77861281", "nombre": "Cahuide", "longitud": 47.92, "velocidad_max": 50.0, "num_lanes": 1}}, {"type": "Feature", "id": "-77861283#0", "geometry": {"type": "LineString", "coordinates": [[-77.045827, -12.04341], [-77.045827, -12.043412]]}, "properties": {"id": "-77861283#0", "nombre": "Jirón Ascope", "longitud": 0.2, "velocidad_max": 30.0, "num_lanes": 1}}, {"type": "Feature", "id": "-77861283#1", "geometry": {"type": "LineString", "coordinates": [[-77.04594, -12.042158], [-77.045836, -12.043316]]}, "properties": {"id": "-77861283#1", "nombre": "Jirón Ascope", "longitud": 128.55, "velocidad_max": 30.0, "num_lanes": 1}}, {"type": "Feature", "id": "-77861283#12", "geometry": {"type": "LineString", "coordinates": [[-77.04633, -12.039085], [-77.046298, -12.039519], [-77.04626, -12.039902], [-77.046247, -12.040035], [-77.04623, -12.040186], [-77.0462, -12.040383]]}, "properties": {"id": "-77861283#12", "nombre": "Jirón Ascope", "longitud": 144.33, "velocidad_max": 30.0, "num_lanes": 1}}, {"type": "Feature", "id": "-77861283#5", "geometry": {"type": "LineString", "coordinates": [[-77.046049, -12.041188], [-77.046023, -12.041413], [-77.045986, -12.041732], [-77.04595, -12.042057]]}, "properties": {"id": "-77861283#5", "nombre": "Jirón Ascope", "longitud": 96.74, "velocidad_max": 30.0, "num_lanes": 1}}, {"type": "Feature", "id": "-77861283#8", "geometry": {"type": "LineString", "coordinates": [[-77.046167, -12.040506], [-77.046142, -12.040564], [-77.046124, -12.04061], [-77.046111, -12.040659], [-77.046107, -12.040701], [-77.046065, -12.041058]]}, "properties": {"id": "-77861283#8", "nombre": "Jirón Ascope", "longitud": 62.45, "velocidad_max": 30.0, "num_lanes": 1}}, {"type": "Feature", "id": "-77861286", "geometry": {"type": "LineString", "coordinates": [[-77.042787, -12.059944], [-77.043, -12.060509], [-77.043007, -12.060559]]}, "properties": {"id": "-77861286", "nombre": "Jirón Breña", "longitud": 72.23, "velocidad_max": 50.0, "num_lanes": 1}}, {"type": "Feature", "id": "-77861288#0", "geometry": {"type": "LineString", "coordinates": [[-77.061298, -12.040809], [-77.061205, -12.041865]]}, "properties": {"id": "-77861288#0", "nombre": "Jirón José Olaya", "longitud": 117.24, "velocidad_max": 50.0, "num_lanes": 1}}, {"type": "Feature", "id": "-77861288#1", "geometry": {"type": "LineString", "coordinates": [[-77.061381, -12.039882], [-77.06131, -12.04068]]}, "properties": {"id": "-77861288#1", "nombre": "Jirón José Olaya", "longitud": 88.64, "velocidad_max": 50.0, "num_lanes": 1}}, {"type": "Feature", "id": "-77861290#0", "geometry": {"type": "LineString", "coordinates": [[-77.062919, -12.039517], [-77.06294, -12.039301], [-77.062964, -12.039057], [-77.062953, -12.039011], [-77.062926, -12.038976], [-77.062869, -12.038965], [-77.062795, -12.038967]]}, "properties": {"id": "-77861290#0", "nombre": "Jirón José Galdeano y Mendoza", "longitud": 75.64, "velocidad_max": 50.0, "num_lanes": 1}}, {"type": "Feature", "id": "-77861290#1", "geometry": {"type": "LineString", "coordinates": [[-77.062797, -12.040811], [-77.062907, -12.039648]]}, "properties": {"id": "-77861290#1", "nombre": "Jirón José Galdeano y Mendoza", "longitud": 129.22, "velocidad_max": 50.0, "num_lanes": 1}}, {"type": "Feature", "id": "-77861290#2", "geometry": {"type": "LineString", "coordinates": [[-77.062729, -12.041529], [-77.062785, -12.040941]]}, "properties": {"id": "-77861290#2", "nombre": "Jirón José Galdeano y Mendoza", "longitud": 65.32, "velocidad_max": 50.0, "num_lanes": 1}}, {"type": "Feature", "id": "-77861290#3", "geometry": {"type": "LineString", "coordinates": [[-77.062715, -12.04168], [-77.062717, -12.041659]]}, "properties": {"id": "-77861290#3", "nombre": "Jirón José Galdeano y Mendoza", "longitud": 2.3, "velocidad_max": 50.0, "num_lanes": 1}}, {"type": "Feature", "id": "-77861290#4", "geometry": {"type": "LineString", "coordinates": [[-77.062697, -12.041875], [-77.062703, -12.041809]]}, "properties": {"id": "-77861290#4", "nombre": "Jirón José Galdeano y Mendoza", "longitud": 7.32, "velocidad_max": 50.0, "num_lanes": 1}}, {"type": "Feature", "id": "-77861290#6", "geometry": {"type": "LineString", "coordinates": [[-77.062653, -12.042347], [-77.062674, -12.042119]]}, "properties": {"id": "-77861290#6", "nombre": "Jirón José Galdeano y Mendoza", "longitud": 25.38, "velocidad_max": 50.0, "num_lanes": 1}}, {"type": "Feature", "id": "-77861290#8", "geometry": {"type": "LineString", "coordinates": [[-77.062538, -12.04356], [-77.062596, -12.042951], [-77.06264, -12.042477]]}, "properties": {"id": "-77861290#8", "nombre": "Jirón José Galdeano y Mendoza", "longitud": 120.31, "velocidad_max": 50.0, "num_lanes": 1}}, {"type": "Feature", "id": "-77861290#9", "geometry": {"type": "LineString", "coordinates": [[-77.062389, -12.045144], [-77.062526, -12.043689]]}, "properties": {"id": "-77861290#9", "nombre": "Jirón José Galdeano y Mendoza", "longitud": 161.62, "velocidad_max": 50.0, "num_lanes": 1}}, {"type": "Feature", "id": "-77861292#3", "geometry": {"type": "LineString", "coordinates": [[-77.051985, -12.047425], [-77.051883, -12.048431], [-77.051858, -12.048679], [-77.051856, -12.048825], [-77.051891, -12.048959], [-77.051959, -12.049087], [-77.052059, -12.049203], [-77.052063, -12.049208]]}, "properties": {"id": "-77861292#3", "nombre": "Jirón Rodolfo Beltran", "longitud": 204.39, "velocidad_max": 50.0, "num_lanes": 1}}, {"type": "Feature", "id": "-77861300#0", "geometry": {"type": "LineString", "coordinates": [[-77.062269, -12.041166], [-77.062362, -12.041175]]}, "properties": {"id": "-77861300#0", "nombre": "Pasaje José A. Pratts", "longitud": 10.08, "velocidad_max": 50.0, "num_lanes": 1}}, {"type": "Feature", "id": "-77861300#1", "geometry": {"type": "LineString", "coordinates": [[-77.061949, -12.041133], [-77.062138, -12.041153]]}, "properties": {"id": "-77861300#1", "nombre": "Pasaje José A. Pratts", "longitud": 20.73, "velocidad_max": 50.0, "num_lanes": 1}}, {"type": "Feature", "id": "-77861300#2", "geometry": {"type": "LineString", "coordinates": [[-77.061651, -12.041099], [-77.061818, -12.041119]]}, "properties": {"id": "-77861300#2", "nombre": "Pasaje José A. Pratts", "longitud": 18.34, "velocidad_max": 50.0, "num_lanes": 1}}, {"type": "Feature", "id": "-77861304#0", "geometry": {"type": "LineString", "coordinates": [[-77.060719, -12.040756], [-77.060607, -12.041817]]}, "properties": {"id": "-77861304#0", "nombre": "Calle César Vallejo", "longitud": 118.05, "velocidad_max": 50.0, "num_lanes": 1}}, {"type": "Feature", "id": "-77861304#1", "geometry": {"type": "LineString", "coordinates": [[-77.060811, -12.039965], [-77.060734, -12.040625]]}, "properties": {"id": "-77861304#1", "nombre": "Calle César Vallejo", "longitud": 73.54, "velocidad_max": 50.0, "num_lanes": 1}}, {"type": "Feature", "id": "-77861308#1", "geometry": {"type": "LineString", "coordinates": [[-77.060261, -12.041919], [-77.06016, -12.042988], [-77.060128, -12.043358], [-77.059994, -12.044913]]}, "properties": {"id": "-77861308#1", "nombre": "Jirón Ricardo Herrera", "longitud": 332.49, "velocidad_max": 50.0, "num_lanes": 1}}, {"type": "Feature", "id": "-77861308#3", "geometry": {"type": "LineString", "coordinates": [[-77.060392, -12.040727], [-77.060358, -12.041037], [-77.060274, -12.04179]]}, "properties": {"id": "-77861308#3", "nombre": "Jirón Ricardo Herrera", "longitud": 118.26, "velocidad_max": 50.0, "num_lanes": 1}}, {"type": "Feature", "id": "-77861308#4", "geometry": {"type": "LineString", "coordinates": [[-77.060451, -12.040008], [-77.060405, -12.040596]]}, "properties": {"id": "-77861308#4", "nombre": "Jirón Ricardo Herrera", "longitud": 65.31, "velocidad_max": 50.0, "num_lanes": 1}}, {"type": "Feature", "id": "-77861308#5", "geometry": {"type": "LineString", "coordinates": [[-77.06036, -12.039324], [-77.060413, -12.039659], [-77.060446, -12.039868]]}, "properties": {"id": "-77861308#5", "nombre": "Jirón Ricardo Herrera", "longitud": 60.9, "velocidad_max": 50.0, "num_lanes": 1}}, {"type": "Feature", "id": "-77861310#0", "geometry": {"type": "LineString", "coordinates": [[-77.062343, -12.042373], [-77.062595, -12.042392], [-77.062596, -12.042392]]}, "properties": {"id": "-77861310#0", "nombre": "Calle Aparicio Robles", "longitud": 27.63, "velocidad_max": 50.0, "num_lanes": 1}}, {"type": "Feature", "id": "-77861310#2", "geometry": {"type": "LineString", "coordinates": [[-77.061541, -12.042306], [-77.061824, -12.042331], [-77.062212, -12.042363]]}, "properties": {"id": "-77861310#2", "nombre": "Calle Aparicio Robles", "longitud": 73.33, "velocidad_max": 50.0, "num_lanes": 1}}, {"type": "Feature", "id": "-77861317#0", "geometry": {"type": "LineString", "coordinates": [[-77.061573, -12.041949], [-77.06263, -12.042035]]}, "properties": {"id": "-77861317#0", "nombre": "José M.Rodriguez", "longitud": 115.52, "velocidad_max": 50.0, "num_lanes": 1}}, {"type": "Feature", "id": "-77861317#1", "geometry": {"type": "LineString", "coordinates": [[-77.061251, -12.04192], [-77.061441, -12.041938]]}, "properties": {"id": "-77861317#1", "nombre": "José M.Rodriguez", "longitud": 20.77, "velocidad_max": 50.0, "num_lanes": 1}}, {"type": "Feature", "id": "-77861317#2", "geometry": {"type": "LineString", "coordinates": [[-77.060962, -12.041896], [-77.06112, -12.041909]]}, "properties": {"id": "-77861317#2", "nombre": "José M.Rodriguez", "longitud": 17.31, "velocidad_max": 50.0, "num_lanes": 1}}, {"type": "Feature", "id": "-77861317#3", "geometry": {"type": "LineString", "coordinates": [[-77.060653, -12.041872], [-77.06083, -12.041886]]}, "properties": {"id": "-77861317#3", "nombre": "José M.Rodriguez", "longitud": 19.37, "velocidad_max": 50.0, "num_lanes": 1}}, {"type": "Feature", "id": "-77861317#4", "geometry": {"type": "LineString", "coordinates": [[-77.06032, -12.041845], [-77.060521, -12.041861]]}, "properties": {"id": "-77861317#4", "nombre": "José M.Rodriguez", "longitud": 21.97, "velocidad_max": 50.0, "num_lanes": 1}}, {"type": "Feature", "id": "-77861318", "geometry": {"type": "LineString", "coordinates": [[-77.060142, -12.040053], [-77.0601, -12.040569]]}, "properties": {"id": "-77861318", "nombre": "-77861318", "longitud": 57.3, "velocidad_max": 50.0, "num_lanes": 1}}, {"type": "Feature", "id": "-77861320#0", "geometry": {"type": "LineString", "coordinates": [[-77.062233, -12.043065], [-77.062193, -12.043532]]}, "properties": {"id": "-77861320#0", "nombre": "Calle Francisco Gutiérrez", "longitud": 51.83, "velocidad_max": 50.0, "num_lanes": 1}}, {"type": "Feature", "id": "-77861320#1", "geometry": {"type": "LineString", "coordinates": [[-77.062286, -12.042449], [-77.062244, -12.042935]]}, "properties": {"id": "-77861320#1", "nombre": "Calle Francisco Gutiérrez", "longitud": 54.03, "velocidad_max": 50.0, "num_lanes": 1}}, {"type": "Feature", "id": "-77861321#0", "geometry": {"type": "LineString", "coordinates": [[-77.062106, -12.043605], [-77.061429, -12.043549]]}, "properties": {"id": "-77861321#0", "nombre": "Eduardo Terry", "longitud": 73.98, "velocidad_max": 50.0, "num_lanes": 1}}, {"type": "Feature", "id": "-77861321#1", "geometry": {"type": "LineString", "coordinates": [[-77.062479, -12.043634], [-77.062238, -12.043615]]}, "properties": {"id": "-77861321#1", "nombre": "Eduardo Terry", "longitud": 26.35, "velocidad_max": 50.0, "num_lanes": 1}}, {"type": "Feature", "id": "-77861325#2", "geometry": {"type": "LineString", "coordinates": [[-77.050214, -12.058708], [-77.050093, -12.058569], [-77.049561, -12.057959], [-77.0495, -12.057889]]}, "properties": {"id": "-77861325#2", "nombre": "Jirón Caravelí", "longitud": 119.37, "velocidad_max": 40.0, "num_lanes": 1}}, {"type": "Feature", "id": "-77861325#8", "geometry": {"type": "LineString", "coordinates": [[-77.050929, -12.059529], [-77.050819, -12.059402], [-77.050713, -12.059281], [-77.050646, -12.059204], [-77.050612, -12.059165], [-77.050506, -12.059043], [-77.0503, -12.058807]]}, "properties": {"id": "-77861325#8", "nombre": "Jirón Caravelí", "longitud": 105.2, "velocidad_max": 40.0, "num_lanes": 1}}, {"type": "Feature", "id": "-77861328#0", "geometry": {"type": "LineString", "coordinates": [[-77.059697, -12.040613], [-77.059191, -12.040569]]}, "properties": {"id": "-77861328#0", "nombre": "Jr. Teniente Pedro Garezon", "longitud": 55.22, "velocidad_max": 40.0, "num_lanes": 1}}, {"type": "Feature", "id": "-77861328#1", "geometry": {"type": "LineString", "coordinates": [[-77.060013, -12.040642], [-77.059828, -12.040625]]}, "properties": {"id": "-77861328#1", "nombre": "Jr. Teniente Pedro Garezon", "longitud": 20.23, "velocidad_max": 40.0, "num_lanes": 1}}, {"type": "Feature", "id": "-77861328#10", "geometry": {"type": "LineString", "coordinates": [[-77.065578, -12.04114], [-77.06409, -12.041005]]}, "properties": {"id": "-77861328#10", "nombre": "Jr. Teniente Pedro Garezon", "longitud": 162.73, "velocidad_max": 40.0, "num_lanes": 1}}, {"type": "Feature", "id": "-77861328#2", "geometry": {"type": "LineString", "coordinates": [[-77.060317, -12.040669], [-77.060145, -12.040654]]}, "properties": {"id": "-77861328#2", "nombre": "Jr. Teniente Pedro Garezon", "longitud": 18.89, "velocidad_max": 40.0, "num_lanes": 1}}, {"type": "Feature", "id": "-77861328#3", "geometry": {"type": "LineString", "coordinates": [[-77.060644, -12.040698], [-77.060449, -12.040681]]}, "properties": {"id": "-77861328#3", "nombre": "Jr. Teniente Pedro Garezon", "longitud": 21.25, "velocidad_max": 40.0, "num_lanes": 1}}, {"type": "Feature", "id": "-77861328#4", "geometry": {"type": "LineString", "coordinates": [[-77.060923, -12.040723], [-77.060776, -12.040709]]}, "properties": {"id": "-77861328#4", "nombre": "Jr. Teniente Pedro Garezon", "longitud": 16.04, "velocidad_max": 40.0, "num_lanes": 1}}, {"type": "Feature", "id": "-77861328#5", "geometry": {"type": "LineString", "coordinates": [[-77.061222, -12.040751], [-77.061055, -12.040735]]}, "properties": {"id": "-77861328#5", "nombre": "Jr. Teniente Pedro Garezon", "longitud": 18.29, "velocidad_max": 40.0, "num_lanes": 1}}, {"type": "Feature", "id": "-77861328#6", "geometry": {"type": "LineString", "coordinates": [[-77.061545, -12.040779], [-77.061354, -12.040763]]}, "properties": {"id": "-77861328#6", "nombre": "Jr. Teniente Pedro Garezon", "longitud": 20.91, "velocidad_max": 40.0, "num_lanes": 1}}, {"type": "Feature", "id": "-77861328#7", "geometry": {"type": "LineString", "coordinates": [[-77.062399, -12.040856], [-77.061677, -12.040791]]}, "properties": {"id": "-77861328#7", "nombre": "Jr. Teniente Pedro Garezon", "longitud": 78.99, "velocidad_max": 40.0, "num_lanes": 1}}, {"type": "Feature", "id": "-77861328#8", "geometry": {"type": "LineString", "coordinates": [[-77.062739, -12.040886], [-77.062532, -12.040868]]}, "properties": {"id": "-77861328#8", "nombre": "Jr. Teniente Pedro Garezon", "longitud": 22.55, "velocidad_max": 40.0, "num_lanes": 1}}, {"type": "Feature", "id": "-77861328#9", "geometry": {"type": "LineString", "coordinates": [[-77.063958, -12.040993], [-77.06287, -12.040898]]}, "properties": {"id": "-77861328#9", "nombre": "Jr. Teniente Pedro Garezon", "longitud": 118.95, "velocidad_max": 40.0, "num_lanes": 1}}, {"type": "Feature", "id": "-77861331#10", "geometry": {"type": "LineString", "coordinates": [[-77.063732, -12.047409], [-77.063344, -12.04737], [-77.062704, -12.047305]]}, "properties": {"id": "-77861331#10", "nombre": "Avenida Guillermo Dansey", "longitud": 112.48, "velocidad_max": 30.0, "num_lanes": 1}}, {"type": "Feature", "id": "-77861331#11", "geometry": {"type": "LineString", "coordinates": [[-77.064897, -12.047528], [-77.063863, -12.047423]]}, "properties": {"id": "-77861331#11", "nombre": "Avenida Guillermo Dansey", "longitud": 113.26, "velocidad_max": 30.0, "num_lanes": 1}}, {"type": "Feature", "id": "-77861331#3", "geometry": {"type": "LineString", "coordinates": [[-77.059749, -12.047003], [-77.058815, -12.046908], [-77.058542, -12.04688], [-77.058479, -12.046874], [-77.057282, -12.046752]]}, "properties": {"id": "-77861331#3", "nombre": "Avenida Guillermo Dansey", "longitud": 270.07, "velocidad_max": 30.0, "num_lanes": 1}}, {"type": "Feature", "id": "-77861331#6", "geometry": {"type": "LineString", "coordinates": [[-77.06099, -12.04713], [-77.060733, -12.047104], [-77.060423, -12.047072], [-77.059852, -12.047014]]}, "properties": {"id": "-77861331#6", "nombre": "Avenida Guillermo Dansey", "longitud": 124.65, "velocidad_max": 30.0, "num_lanes": 1}}, {"type": "Feature", "id": "-77861331#7", "geometry": {"type": "LineString", "coordinates": [[-77.062572, -12.047291], [-77.061093, -12.04714]]}, "properties": {"id": "-77861331#7", "nombre": "Avenida Guillermo Dansey", "longitud": 161.91, "velocidad_max": 30.0, "num_lanes": 1}}, {"type": "Feature", "id": "-77861332", "geometry": {"type": "LineString", "coordinates": [[-77.062211, -12.04124], [-77.062179, -12.041635]]}, "properties": {"id": "-77861332", "nombre": "-77861332", "longitud": 43.77, "velocidad_max": 50.0, "num_lanes": 1}}, {"type": "Feature", "id": "-77861333", "geometry": {"type": "LineString", "coordinates": [[-77.062058, -12.03978], [-77.062014, -12.040139]]}, "properties": {"id": "-77861333", "nombre": "-77861333", "longitud": 39.97, "velocidad_max": 50.0, "num_lanes": 1}}, {"type": "Feature", "id": "-77861340", "geometry": {"type": "LineString", "coordinates": [[-77.049818, -12.0499], [-77.05001, -12.050828]]}, "properties": {"id": "-77861340", "nombre": "Jirón Aguarico", "longitud": 104.8, "velocidad_max": 50.0, "num_lanes": 1}}, {"type": "Feature", "id": "-77861341#0", "geometry": {"type": "LineString", "coordinates": [[-77.062439, -12.041707], [-77.062659, -12.041726]]}, "properties": {"id": "-77861341#0", "nombre": "Pasaje 15 de Abril", "longitud": 24.1, "velocidad_max": 50.0, "num_lanes": 1}}, {"type": "Feature", "id": "-77861341#1", "geometry": {"type": "LineString", "coordinates": [[-77.062226, -12.041689], [-77.062307, -12.041696]]}, "properties": {"id": "-77861341#1", "nombre": "Pasaje 15 de Abril", "longitud": 8.83, "velocidad_max": 50.0, "num_lanes": 1}}, {"type": "Feature", "id": "-77861341#2", "geometry": {"type": "LineString", "coordinates": [[-77.061898, -12.041665], [-77.062095, -12.041679]]}, "properties": {"id": "-77861341#2", "nombre": "Pasaje 15 de Abril", "longitud": 21.58, "velocidad_max": 50.0, "num_lanes": 1}}, {"type": "Feature", "id": "-77861341#3", "geometry": {"type": "LineString", "coordinates": [[-77.061601, -12.041639], [-77.061765, -12.041654]]}, "properties": {"id": "-77861341#3", "nombre": "Pasaje 15 de Abril", "longitud": 17.97, "velocidad_max": 50.0, "num_lanes": 1}}, {"type": "Feature", "id": "-77861342#2", "geometry": {"type": "LineString", "coordinates": [[-77.062632, -12.047217], [-77.062687, -12.046674], [-77.062742, -12.046087], [-77.062809, -12.045399]]}, "properties": {"id": "-77861342#2", "nombre": "Jirón José Galdeano y Mendoza", "longitud": 202.11, "velocidad_max": 30.0, "num_lanes": 1}}, {"type": "Feature", "id": "-77861342#3", "geometry": {"type": "LineString", "coordinates": [[-77.062567, -12.047956], [-77.062619, -12.047348]]}, "properties": {"id": "-77861342#3", "nombre": "Jirón José Galdeano y Mendoza", "longitud": 67.57, "velocidad_max": 30.0, "num_lanes": 1}}, {"type": "Feature", "id": "-77861343#1", "geometry": {"type": "LineString", "coordinates": [[-77.059834, -12.040103], [-77.059813, -12.040288], [-77.059785, -12.040541]]}, "properties": {"id": "-77861343#1", "nombre": "-77861343#1", "longitud": 48.79, "velocidad_max": 50.0, "num_lanes": 1}}, {"type": "Feature", "id": "-77861350#3", "geometry": {"type": "LineString", "coordinates": [[-77.06394, -12.042119], [-77.063839, -12.043257], [-77.063831, -12.043356], [-77.06382, -12.04348], [-77.063663, -12.04526]]}, "properties": {"id": "-77861350#3", "nombre": "Condestable José Celendón", "longitud": 348.88, "velocidad_max": 50.0, "num_lanes": 1}}, {"type": "Feature", "id": "-77861350#4", "geometry": {"type": "LineString", "coordinates": [[-77.064034, -12.041051], [-77.063952, -12.041989]]}, "properties": {"id": "-77861350#4", "nombre": "Condestable José Celendón", "longitud": 104.22, "velocidad_max": 50.0, "num_lanes": 1}}, {"type": "Feature", "id": "-77861350#6", "geometry": {"type": "LineString", "coordinates": [[-77.064241, -12.038712], [-77.064165, -12.039577], [-77.064159, -12.039638], [-77.064063, -12.040733], [-77.064046, -12.040921]]}, "properties": {"id": "-77861350#6", "nombre": "Condestable José Celendón", "longitud": 245.34, "velocidad_max": 50.0, "num_lanes": 1}}, {"type": "Feature", "id": "-77861357#1", "geometry": {"type": "LineString", "coordinates": [[-77.061373, -12.043596], [-77.061241, -12.045038]]}, "properties": {"id": "-77861357#1", "nombre": "Jirón Monsefú", "longitud": 160.25, "velocidad_max": 50.0, "num_lanes": 1}}, {"type": "Feature", "id": "-77861357#10", "geometry": {"type": "LineString", "coordinates": [[-77.061675, -12.040237], [-77.061661, -12.040393]]}, "properties": {"id": "-77861357#10", "nombre": "Jirón Monsefú", "longitud": 17.26, "velocidad_max": 50.0, "num_lanes": 1}}, {"type": "Feature", "id": "-77861357#11", "geometry": {"type": "LineString", "coordinates": [[-77.061702, -12.039837], [-77.061685, -12.040108]]}, "properties": {"id": "-77861357#11", "nombre": "Jirón Monsefú", "longitud": 29.98, "velocidad_max": 50.0, "num_lanes": 1}}, {"type": "Feature", "id": "-77861357#12", "geometry": {"type": "LineString", "coordinates": [[-77.06164, -12.039144], [-77.06168, -12.03947], [-77.061701, -12.039697]]}, "properties": {"id": "-77861357#12", "nombre": "Jirón Monsefú", "longitud": 61.56, "velocidad_max": 50.0, "num_lanes": 1}}, {"type": "Feature", "id": "-77861357#2", "geometry": {"type": "LineString", "coordinates": [[-77.061427, -12.042998], [-77.061385, -12.043466]]}, "properties": {"id": "-77861357#2", "nombre": "Jirón Monsefú", "longitud": 52.0, "velocidad_max": 50.0, "num_lanes": 1}}, {"type": "Feature", "id": "-77861357#3", "geometry": {"type": "LineString", "coordinates": [[-77.061482, -12.042382], [-77.061438, -12.042868]]}, "properties": {"id": "-77861357#3", "nombre": "Jirón Monsefú", "longitud": 54.0, "velocidad_max": 50.0, "num_lanes": 1}}, {"type": "Feature", "id": "-77861357#5", "geometry": {"type": "LineString", "coordinates": [[-77.061514, -12.042024], [-77.061513, -12.042036], [-77.061494, -12.042252]]}, "properties": {"id": "-77861357#5", "nombre": "Jirón Monsefú", "longitud": 25.36, "velocidad_max": 50.0, "num_lanes": 1}}, {"type": "Feature", "id": "-77861357#6", "geometry": {"type": "LineString", "coordinates": [[-77.061542, -12.041713], [-77.061526, -12.041894]]}, "properties": {"id": "-77861357#6", "nombre": "Jirón Monsefú", "longitud": 20.12, "velocidad_max": 50.0, "num_lanes": 1}}, {"type": "Feature", "id": "-77861357#7", "geometry": {"type": "LineString", "coordinates": [[-77.061591, -12.041172], [-77.061554, -12.041584]]}, "properties": {"id": "-77861357#7", "nombre": "Jirón Monsefú", "longitud": 45.74, "velocidad_max": 50.0, "num_lanes": 1}}, {"type": "Feature", "id": "-77861357#8", "geometry": {"type": "LineString", "coordinates": [[-77.061621, -12.040837], [-77.061603, -12.041042]]}, "properties": {"id": "-77861357#8", "nombre": "Jirón Monsefú", "longitud": 22.83, "velocidad_max": 50.0, "num_lanes": 1}}, {"type": "Feature", "id": "-77861357#9", "geometry": {"type": "LineString", "coordinates": [[-77.06165, -12.040522], [-77.061633, -12.040707]]}, "properties": {"id": "-77861357#9", "nombre": "Jirón Monsefú", "longitud": 20.51, "velocidad_max": 50.0, "num_lanes": 1}}, {"type": "Feature", "id": "-77861361#0", "geometry": {"type": "LineString", "coordinates": [[-77.062627, -12.039605], [-77.062853, -12.039573]]}, "properties": {"id": "-77861361#0", "nombre": "Daniel Alcides Carrion", "longitud": 24.86, "velocidad_max": 50.0, "num_lanes": 1}}, {"type": "Feature", "id": "-77861361#1", "geometry": {"type": "LineString", "coordinates": [[-77.062388, -12.039636], [-77.062495, -12.039623]]}, "properties": {"id": "-77861361#1", "nombre": "Daniel Alcides Carrion", "longitud": 11.85, "velocidad_max": 50.0, "num_lanes": 1}}, {"type": "Feature", "id": "-77861361#10", "geometry": {"type": "LineString", "coordinates": [[-77.05924, -12.040104], [-77.059752, -12.040025]]}, "properties": {"id": "-77861361#10", "nombre": "Daniel Alcides Carrion", "longitud": 56.36, "velocidad_max": 50.0, "num_lanes": 1}}, {"type": "Feature", "id": "-77861361#2", "geometry": {"type": "LineString", "coordinates": [[-77.062108, -12.03968], [-77.062253, -12.039656]]}, "properties": {"id": "-77861361#2", "nombre": "Daniel Alcides Carrion", "longitud": 16.04, "velocidad_max": 50.0, "num_lanes": 1}}, {"type": "Feature", "id": "-77861361#3", "geometry": {"type": "LineString", "coordinates": [[-77.061757, -12.03974], [-77.061975, -12.039702]]}, "properties": {"id": "-77861361#3", "nombre": "Daniel Alcides Carrion", "longitud": 24.05, "velocidad_max": 50.0, "num_lanes": 1}}, {"type": "Feature", "id": "-77861361#4", "geometry": {"type": "LineString", "coordinates": [[-77.061431, -12.039786], [-77.061618, -12.039761]]}, "properties": {"id": "-77861361#4", "nombre": "Daniel Alcides Carrion", "longitud": 20.62, "velocidad_max": 50.0, "num_lanes": 1}}, {"type": "Feature", "id": "-77861361#5", "geometry": {"type": "LineString", "coordinates": [[-77.061148, -12.039825], [-77.061298, -12.039804]]}, "properties": {"id": "-77861361#5", "nombre": "Daniel Alcides Carrion", "longitud": 16.53, "velocidad_max": 50.0, "num_lanes": 1}}, {"type": "Feature", "id": "-77861361#6", "geometry": {"type": "LineString", "coordinates": [[-77.060861, -12.039868], [-77.061014, -12.039845]]}, "properties": {"id": "-77861361#6", "nombre": "Daniel Alcides Carrion", "longitud": 16.86, "velocidad_max": 50.0, "num_lanes": 1}}, {"type": "Feature", "id": "-77861361#7", "geometry": {"type": "LineString", "coordinates": [[-77.060505, -12.039913], [-77.06073, -12.039886]]}, "properties": {"id": "-77861361#7", "nombre": "Daniel Alcides Carrion", "longitud": 24.66, "velocidad_max": 50.0, "num_lanes": 1}}, {"type": "Feature", "id": "-77861361#8", "geometry": {"type": "LineString", "coordinates": [[-77.060191, -12.039956], [-77.060367, -12.039931]]}, "properties": {"id": "-77861361#8", "nombre": "Daniel Alcides Carrion", "longitud": 19.45, "velocidad_max": 50.0, "num_lanes": 1}}, {"type": "Feature", "id": "-77861361#9", "geometry": {"type": "LineString", "coordinates": [[-77.059884, -12.040004], [-77.060058, -12.039976]]}, "properties": {"id": "-77861361#9", "nombre": "Daniel Alcides Carrion", "longitud": 19.17, "velocidad_max": 50.0, "num_lanes": 1}}, {"type": "Feature", "id": "-77861362", "geometry": {"type": "LineString", "coordinates": [[-77.061708, -12.040448], [-77.062437, -12.040511]]}, "properties": {"id": "-77861362", "nombre": "-77861362", "longitud": 79.72, "velocidad_max": 50.0, "num_lanes": 1}}, {"type": "Feature", "id": "-77861367#0", "geometry": {"type": "LineString", "coordinates": [[-77.060999, -12.040781], [-77.060915, -12.041842]]}, "properties": {"id": "-77861367#0", "nombre": "Tupac Amaru", "longitud": 117.7, "velocidad_max": 50.0, "num_lanes": 1}}, {"type": "Feature", "id": "-77861367#1", "geometry": {"type": "LineString", "coordinates": [[-77.061097, -12.039923], [-77.061012, -12.040651]]}, "properties": {"id": "-77861367#1", "nombre": "Tupac Amaru", "longitud": 81.08, "velocidad_max": 50.0, "num_lanes": 1}}, {"type": "Feature", "id": "-77861368#1", "geometry": {"type": "LineString", "coordinates": [[-77.051099, -12.049658], [-77.051286, -12.050475], [-77.051303, -12.050558]]}, "properties": {"id": "-77861368#1", "nombre": "F. Valdez", "longitud": 102.02, "velocidad_max": 50.0, "num_lanes": 1}}, {"type": "Feature", "id": "-77861371#0", "geometry": {"type": "LineString", "coordinates": [[-77.062337, -12.040218], [-77.062462, -12.040225]]}, "properties": {"id": "-77861371#0", "nombre": "Micaela Bastidas", "longitud": 13.59, "velocidad_max": 50.0, "num_lanes": 1}}, {"type": "Feature", "id": "-77861371#1", "geometry": {"type": "LineString", "coordinates": [[-77.062059, -12.040194], [-77.062204, -12.040208]]}, "properties": {"id": "-77861371#1", "nombre": "Micaela Bastidas", "longitud": 15.93, "velocidad_max": 50.0, "num_lanes": 1}}, {"type": "Feature", "id": "-77861371#2", "geometry": {"type": "LineString", "coordinates": [[-77.061734, -12.040163], [-77.061927, -12.040182]]}, "properties": {"id": "-77861371#2", "nombre": "Micaela Bastidas", "longitud": 21.15, "velocidad_max": 50.0, "num_lanes": 1}}, {"type": "Feature", "id": "-77861372#0", "geometry": {"type": "LineString", "coordinates": [[-77.04405, -12.048336], [-77.044006, -12.048857]]}, "properties": {"id": "-77861372#0", "nombre": "Jirón Huarochirí", "longitud": 57.87, "velocidad_max": 30.0, "num_lanes": 1}}, {"type": "Feature", "id": "-77861372#1", "geometry": {"type": "LineString", "coordinates": [[-77.044095, -12.047832], [-77.044062, -12.048206]]}, "properties": {"id": "-77861372#1", "nombre": "Jirón Huarochirí", "longitud": 41.53, "velocidad_max": 30.0, "num_lanes": 1}}, {"type": "Feature", "id": "-77861374#0", "geometry": {"type": "LineString", "coordinates": [[-77.062434, -12.041263], [-77.062392, -12.041653]]}, "properties": {"id": "-77861374#0", "nombre": "Calle José Carlos Mariátegui", "longitud": 43.38, "velocidad_max": 50.0, "num_lanes": 1}}, {"type": "Feature", "id": "-77861374#1", "geometry": {"type": "LineString", "coordinates": [[-77.062474, -12.040914], [-77.062448, -12.041134]]}, "properties": {"id": "-77861374#1", "nombre": "Calle José Carlos Mariátegui", "longitud": 24.43, "velocidad_max": 50.0, "num_lanes": 1}}, {"type": "Feature", "id": "-77861374#2", "geometry": {"type": "LineString", "coordinates": [[-77.06251, -12.040598], [-77.062489, -12.040784]]}, "properties": {"id": "-77861374#2", "nombre": "Calle José Carlos Mariátegui", "longitud": 20.71, "velocidad_max": 50.0, "num_lanes": 1}}, {"type": "Feature", "id": "-77861374#3", "geometry": {"type": "LineString", "coordinates": [[-77.062537, -12.04031], [-77.062523, -12.040467]]}, "properties": {"id": "-77861374#3", "nombre": "Calle José Carlos Mariátegui", "longitud": 17.51, "velocidad_max": 50.0, "num_lanes": 1}}, {"type": "Feature", "id": "-77861374#4", "geometry": {"type": "LineString", "coordinates": [[-77.062579, -12.0397], [-77.062547, -12.040179]]}, "properties": {"id": "-77861374#4", "nombre": "Calle José Carlos Mariátegui", "longitud": 53.1, "velocidad_max": 50.0, "num_lanes": 1}}, {"type": "Feature", "id": "-77861382", "geometry": {"type": "LineString", "coordinates": [[-77.061889, -12.041207], [-77.061851, -12.041611]]}, "properties": {"id": "-77861382", "nombre": "Pasaje 200 Millas", "longitud": 44.85, "velocidad_max": 50.0, "num_lanes": 1}}, {"type": "Feature", "id": "-77861384#1", "geometry": {"type": "LineString", "coordinates": [[-77.052709, -12.049387], [-77.053821, -12.051568], [-77.053894, -12.051713]]}, "properties": {"id": "-77861384#1", "nombre": "Jirón Manoa", "longitud": 287.92, "velocidad_max": 30.0, "num_lanes": 1}}, {"type": "Feature", "id": "-77861386#0", "geometry": {"type": "LineString", "coordinates": [[-77.051167, -12.055365], [-77.051395, -12.056078]]}, "properties": {"id": "-77861386#0", "nombre": "Jirón Aguarico", "longitud": 82.7, "velocidad_max": 40.0, "num_lanes": 1}}, {"type": "Feature", "id": "-782827661#1", "geometry": {"type": "LineString", "coordinates": [[-77.033105, -12.098203], [-77.032643, -12.098125], [-77.032637, -12.098123]]}, "properties": {"id": "-782827661#1", "nombre": "Calle General Guillermo García y García", "longitud": 51.76, "velocidad_max": 40.0, "num_lanes": 1}}, {"type": "Feature", "id": "-803149596", "geometry": {"type": "LineString", "coordinates": [[-77.010341, -12.112549], [-77.010314, -12.112767]]}, "properties": {"id": "-803149596", "nombre": "Pasaje Grau", "longitud": 24.34, "velocidad_max": 50.0, "num_lanes": 1}}, {"type": "Feature", "id": "-824273897", "geometry": {"type": "LineString", "coordinates": [[-77.06726, -12.041008], [-77.06724, -12.041255]]}, "properties": {"id": "-824273897", "nombre": "Pasaje 12", "longitud": 27.4, "velocidad_max": 50.0, "num_lanes": 1}}, {"type": "Feature", "id": "-824273898", "geometry": {"type": "LineString", "coordinates": [[-77.06645, -12.041183], [-77.066475, -12.040926]]}, "properties": {"id": "-824273898", "nombre": "Pasaje Santa Rosa", "longitud": 28.5, "velocidad_max": 50.0, "num_lanes": 1}}, {"type": "Feature", "id": "-824273899#1", "geometry": {"type": "LineString", "coordinates": [[-77.069994, -12.041909], [-77.070007, -12.041788], [-77.070057, -12.041296]]}, "properties": {"id": "-824273899#1", "nombre": "Victor Reynel", "longitud": 68.16, "velocidad_max": 50.0, "num_lanes": 1}}, {"type": "Feature", "id": "-824273899#3", "geometry": {"type": "LineString", "coordinates": [[-77.069782, -12.042338], [-77.069857, -12.042342], [-77.069911, -12.042316], [-77.069951, -12.042266], [-77.069965, -12.042199], [-77.069975, -12.042101], [-77.069981, -12.042039]]}, "properties": {"id": "-824273899#3", "nombre": "Victor Reynel", "longitud": 47.2, "velocidad_max": 50.0, "num_lanes": 1}}, {"type": "Feature", "id": "-835533919", "geometry": {"type": "LineString", "coordinates": [[-77.048918, -12.04014], [-77.048872, -12.040641]]}, "properties": {"id": "-835533919", "nombre": "-835533919", "longitud": 55.58, "velocidad_max": 50.0, "num_lanes": 1}}, {"type": "Feature", "id": "-835533923", "geometry": {"type": "LineString", "coordinates": [[-77.049875, -12.040164], [-77.049594, -12.040225]]}, "properties": {"id": "-835533923", "nombre": "Pasaje Ayaviri", "longitud": 31.36, "velocidad_max": 10.0, "num_lanes": 1}}, {"type": "Feature", "id": "-835533924#0", "geometry": {"type": "LineString", "coordinates": [[-77.049969, -12.040193], [-77.050052, -12.04049], [-77.05003, -12.040541]]}, "properties": {"id": "-835533924#0", "nombre": "Pasaje Juliaca", "longitud": 40.25, "velocidad_max": 10.0, "num_lanes": 1}}, {"type": "Feature", "id": "-835533924#1", "geometry": {"type": "LineString", "coordinates": [[-77.049905, -12.039948], [-77.049935, -12.040068]]}, "properties": {"id": "-835533924#1", "nombre": "Pasaje Juliaca", "longitud": 13.71, "velocidad_max": 10.0, "num_lanes": 1}}, {"type": "Feature", "id": "-838852764", "geometry": {"type": "LineString", "coordinates": [[-77.021172, -12.06293], [-77.021883, -12.063021]]}, "properties": {"id": "-838852764", "nombre": "-838852764", "longitud": 78.16, "velocidad_max": 50.0, "num_lanes": 1}}, {"type": "Feature", "id": "-838852765", "geometry": {"type": "LineString", "coordinates": [[-77.021923, -12.062725], [-77.021206, -12.062633]]}, "properties": {"id": "-838852765", "nombre": "-838852765", "longitud": 78.79, "velocidad_max": 50.0, "num_lanes": 1}}, {"type": "Feature", "id": "-874934215#1", "geometry": {"type": "LineString", "coordinates": [[-77.015055, -12.075893], [-77.015143, -12.075859], [-77.015598, -12.075685]]}, "properties": {"id": "-874934215#1", "nombre": "Jirón Héctor Arellano", "longitud": 63.44, "velocidad_max": 40.0, "num_lanes": 1}}, {"type": "Feature", "id": "-877885387#0", "geometry": {"type": "LineString", "coordinates": [[-77.011771, -12.041863], [-77.011175, -12.042511]]}, "properties": {"id": "-877885387#0", "nombre": "José Rivera y Dávalos", "longitud": 96.75, "velocidad_max": 50.0, "num_lanes": 1}}, {"type": "Feature", "id": "-877885387#1", "geometry": {"type": "LineString", "coordinates": [[-77.011892, -12.041732], [-77.011861, -12.041767]]}, "properties": {"id": "-877885387#1", "nombre": "José Rivera y Dávalos", "longitud": 5.11, "velocidad_max": 50.0, "num_lanes": 1}}, {"type": "Feature", "id": "-892417535", "geometry": {"type": "LineString", "coordinates": [[-77.038283, -12.068522], [-77.038248, -12.068517], [-77.038138, -12.068503]]}, "properties": {"id": "-892417535", "nombre": "Jirón Coronel Pascual Saco Oliveros", "longitud": 15.97, "velocidad_max": 30.0, "num_lanes": 1}}, {"type": "Feature", "id": "-892629815", "geometry": {"type": "LineString", "coordinates": [[-77.050176, -12.098875], [-77.050564, -12.098908]]}, "properties": {"id": "-892629815", "nombre": "Avenida Aurelio Miró Quesada", "longitud": 42.4, "velocidad_max": 60.0, "num_lanes": 1}}, {"type": "Feature", "id": "-892629816", "geometry": {"type": "LineString", "coordinates": [[-77.050693, -12.09892], [-77.050826, -12.098934]]}, "properties": {"id": "-892629816", "nombre": "Avenida Aurelio Miró Quesada", "longitud": 14.52, "velocidad_max": 60.0, "num_lanes": 1}}, {"type": "Feature", "id": "-892977494#2", "geometry": {"type": "LineString", "coordinates": [[-77.03999, -12.114207], [-77.040008, -12.114229], [-77.040126, -12.114387], [-77.040348, -12.114661]]}, "properties": {"id": "-892977494#2", "nombre": "Avenida Santa Cruz", "longitud": 63.61, "velocidad_max": 60.0, "num_lanes": 1}}, {"type": "Feature", "id": "-892977495", "geometry": {"type": "LineString", "coordinates": [[-77.040408, -12.114738], [-77.040668, -12.115076]]}, "properties": {"id": "-892977495", "nombre": "Avenida Santa Cruz", "longitud": 46.8, "velocidad_max": 60.0, "num_lanes": 1}}, {"type": "Feature", "id": "-893123266", "geometry": {"type": "LineString", "coordinates": [[-77.014347, -12.108716], [-77.014608, -12.10889]]}, "properties": {"id": "-893123266", "nombre": "Calle Alejandro Peralta", "longitud": 34.37, "velocidad_max": 50.0, "num_lanes": 1}}, {"type": "Feature", "id": "-893168371#2", "geometry": {"type": "LineString", "coordinates": [[-77.029053, -12.048971], [-77.028977, -12.049012], [-77.027915, -12.049676], [-77.027892, -12.049691]]}, "properties": {"id": "-893168371#2", "nombre": "Jirón Ucayali", "longitud": 149.48, "velocidad_max": 50.0, "num_lanes": 1}}, {"type": "Feature", "id": "-893216178#3", "geometry": {"type": "LineString", "coordinates": [[-77.053396, -12.092193], [-77.05331, -12.092252], [-77.053292, -12.09225], [-77.053276, -12.092243], [-77.053207, -12.092111], [-77.053132, -12.091966], [-77.053008, -12.091728], [-77.052993, -12.091697], [-77.05299, -12.091698]]}, "properties": {"id": "-893216178#3", "nombre": "-893216178#3", "longitud": 83.42, "velocidad_max": 10.0, "num_lanes": 1}}, {"type": "Feature", "id": "-89558391", "geometry": {"type": "LineString", "coordinates": [[-77.053071, -12.039664], [-77.053128, -12.040062]]}, "properties": {"id": "-89558391", "nombre": "Por la Conquista", "longitud": 44.42, "velocidad_max": 50.0, "num_lanes": 1}}, {"type": "Feature", "id": "-89558397", "geometry": {"type": "LineString", "coordinates": [[-77.051524, -12.0399], [-77.051589, -12.040333]]}, "properties": {"id": "-89558397", "nombre": "Pasaje Real", "longitud": 48.37, "velocidad_max": 50.0, "num_lanes": 1}}, {"type": "Feature", "id": "-89558427#0", "geometry": {"type": "LineString", "coordinates": [[-77.051174, -12.03743], [-77.051167, -12.037362]]}, "properties": {"id": "-89558427#0", "nombre": "Jirón Ramón Cárcamo", "longitud": 7.6, "velocidad_max": 80.0, "num_lanes": 2}}, {"type": "Feature", "id": "-89558427#1", "geometry": {"type": "LineString", "coordinates": [[-77.051322, -12.040414], [-77.051334, -12.040361], [-77.051344, -12.040304], [-77.051383, -12.039904], [-77.051392, -12.039693], [-77.051387, -12.039551], [-77.051333, -12.039091], [-77.051261, -12.038345], [-77.051221, -12.037925], [-77.051214, -12.037854], [-77.051191, -12.037582], [-77.051174, -12.037433]]}, "properties": {"id": "-89558427#1", "nombre": "Jirón Ramón Cárcamo", "longitud": 331.39, "velocidad_max": 80.0, "num_lanes": 2}}, {"type": "Feature", "id": "-89558427#13", "geometry": {"type": "LineString", "coordinates": [[-77.051088, -12.042518], [-77.051105, -12.042341], [-77.051125, -12.042118], [-77.051164, -12.041716], [-77.051179, -12.041563], [-77.051185, -12.04149], [-77.051195, -12.041388]]}, "properties": {"id": "-89558427#13", "nombre": "Jirón Ramón Cárcamo", "longitud": 125.64, "velocidad_max": 80.0, "num_lanes": 2}}, {"type": "Feature", "id": "-89558427#20", "geometry": {"type": "LineString", "coordinates": [[-77.05097, -12.043784], [-77.050989, -12.043584], [-77.050991, -12.043567], [-77.051011, -12.043353], [-77.051025, -12.043196], [-77.051054, -12.042884], [-77.051056, -12.042867], [-77.051073, -12.042678]]}, "properties": {"id": "-89558427#20", "nombre": "Jirón Ramón Cárcamo", "longitud": 122.81, "velocidad_max": 80.0, "num_lanes": 2}}, {"type": "Feature", "id": "-89558427#7", "geometry": {"type": "LineString", "coordinates": [[-77.051207, -12.041258], [-77.051222, -12.041094], [-77.051242, -12.040892], [-77.051264, -12.04069], [-77.051268, -12.040657], [-77.051274, -12.040598], [-77.051284, -12.040546]]}, "properties": {"id": "-89558427#7", "nombre": "Jirón Ramón Cárcamo", "longitud": 79.28, "velocidad_max": 80.0, "num_lanes": 2}}, {"type": "Feature", "id": "-89558440#1", "geometry": {"type": "LineString", "coordinates": [[-77.048832, -12.039327], [-77.048797, -12.039667], [-77.048766, -12.039995], [-77.048736, -12.040373], [-77.048709, -12.040642]]}, "properties": {"id": "-89558440#1", "nombre": "Jirón Acomayo", "longitud": 146.17, "velocidad_max": 30.0, "num_lanes": 1}}, {"type": "Feature", "id": "-90289124#0", "geometry": {"type": "LineString", "coordinates": [[-77.011848, -12.082927], [-77.011647, -12.082512]]}, "properties": {"id": "-90289124#0", "nombre": "Pasaje Víctor Alzamora", "longitud": 50.82, "velocidad_max": 50.0, "num_lanes": 1}}, {"type": "Feature", "id": "-90289124#2", "geometry": {"type": "LineString", "coordinates": [[-77.012067, -12.083412], [-77.01197, -12.083195], [-77.011903, -12.083045]]}, "properties": {"id": "-90289124#2", "nombre": "Pasaje Víctor Alzamora", "longitud": 44.27, "velocidad_max": 50.0, "num_lanes": 1}}, {"type": "Feature", "id": "-90289124#6", "geometry": {"type": "LineString", "coordinates": [[-77.012313, -12.083957], [-77.012298, -12.083925], [-77.012173, -12.083647], [-77.01212, -12.083531]]}, "properties": {"id": "-90289124#6", "nombre": "Pasaje Víctor Alzamora", "longitud": 51.6, "velocidad_max": 50.0, "num_lanes": 1}}, {"type": "Feature", "id": "-90289126#1", "geometry": {"type": "LineString", "coordinates": [[-77.011362, -12.083716], [-77.011209, -12.083362]]}, "properties": {"id": "-90289126#1", "nombre": "Calle César Armestar", "longitud": 42.48, "velocidad_max": 50.0, "num_lanes": 1}}, {"type": "Feature", "id": "-90289127#2", "geometry": {"type": "LineString", "coordinates": [[-77.011457, -12.083731], [-77.011822, -12.083573], [-77.01204, -12.083479]]}, "properties": {"id": "-90289127#2", "nombre": "Calle Juvenal Denegri", "longitud": 69.41, "velocidad_max": 50.0, "num_lanes": 1}}, {"type": "Feature", "id": "-90289127#3", "geometry": {"type": "LineString", "coordinates": [[-77.010774, -12.084034], [-77.011336, -12.083783]]}, "properties": {"id": "-90289127#3", "nombre": "Calle Juvenal Denegri", "longitud": 67.2, "velocidad_max": 50.0, "num_lanes": 1}}, {"type": "Feature", "id": "-90289127#4", "geometry": {"type": "LineString", "coordinates": [[-77.008918, -12.084038], [-77.009353, -12.084102], [-77.009724, -12.084151], [-77.0098, -12.084164], [-77.010035, -12.084196], [-77.010282, -12.084199], [-77.010499, -12.084159], [-77.010653, -12.084089]]}, "properties": {"id": "-90289127#4", "nombre": "Calle Juvenal Denegri", "longitud": 192.35, "velocidad_max": 50.0, "num_lanes": 1}}, {"type": "Feature", "id": "-90289128#1", "geometry": {"type": "LineString", "coordinates": [[-77.01125, -12.083258], [-77.011599, -12.083098], [-77.011823, -12.082994]]}, "properties": {"id": "-90289128#1", "nombre": "Calle Prieto Victorelli", "longitud": 68.94, "velocidad_max": 50.0, "num_lanes": 1}}, {"type": "Feature", "id": "-90289128#3", "geometry": {"type": "LineString", "coordinates": [[-77.009861, -12.083638], [-77.010121, -12.083671], [-77.010232, -12.083671], [-77.010337, -12.083657], [-77.011102, -12.08332], [-77.011132, -12.083308]]}, "properties": {"id": "-90289128#3", "nombre": "Calle Prieto Victorelli", "longitud": 146.97, "velocidad_max": 50.0, "num_lanes": 1}}, {"type": "Feature", "id": "-90289130#0", "geometry": {"type": "LineString", "coordinates": [[-77.012641, -12.080723], [-77.012053, -12.080982], [-77.01133, -12.081291], [-77.011543, -12.081751], [-77.011553, -12.081774], [-77.011796, -12.082301]]}, "properties": {"id": "-90289130#0", "nombre": "Calle Fermín Tangüis", "longitud": 278.61, "velocidad_max": 50.0, "num_lanes": 1}}, {"type": "Feature", "id": "-90289130#1", "geometry": {"type": "LineString", "coordinates": [[-77.012712, -12.08069], [-77.012711, -12.080691]]}, "properties": {"id": "-90289130#1", "nombre": "Calle Fermín Tangüis", "longitud": 0.2, "velocidad_max": 50.0, "num_lanes": 1}}, {"type": "Feature", "id": "-90289132", "geometry": {"type": "LineString", "coordinates": [[-77.010914, -12.084574], [-77.010882, -12.084496], [-77.010733, -12.084141]]}, "properties": {"id": "-90289132", "nombre": "-90289132", "longitud": 51.86, "velocidad_max": 50.0, "num_lanes": 1}}, {"type": "Feature", "id": "-90289133#1", "geometry": {"type": "LineString", "coordinates": [[-77.010432, -12.080978], [-77.010683, -12.08153], [-77.010922, -12.082054], [-77.011159, -12.082574]]}, "properties": {"id": "-90289133#1", "nombre": "Calle Juan José Mostajo", "longitud": 193.53, "velocidad_max": 50.0, "num_lanes": 1}}, {"type": "Feature", "id": "-90289133#2", "geometry": {"type": "LineString", "coordinates": [[-77.010227, -12.080538], [-77.010377, -12.080859]]}, "properties": {"id": "-90289133#2", "nombre": "Calle Juan José Mostajo", "longitud": 39.07, "velocidad_max": 50.0, "num_lanes": 1}}, {"type": "Feature", "id": "-90289133#3", "geometry": {"type": "LineString", "coordinates": [[-77.00977, -12.079563], [-77.010171, -12.08042]]}, "properties": {"id": "-90289133#3", "nombre": "Calle Juan José Mostajo", "longitud": 104.43, "velocidad_max": 50.0, "num_lanes": 1}}, {"type": "Feature", "id": "-90289135#0", "geometry": {"type": "LineString", "coordinates": [[-77.010338, -12.080964], [-77.009919, -12.081154]]}, "properties": {"id": "-90289135#0", "nombre": "Calle Jorge Salazar Aráoz", "longitud": 50.13, "velocidad_max": 50.0, "num_lanes": 1}}, {"type": "Feature", "id": "-90289135#3", "geometry": {"type": "LineString", "coordinates": [[-77.012301, -12.080075], [-77.011902, -12.080256], [-77.010984, -12.080672], [-77.010458, -12.08091]]}, "properties": {"id": "-90289135#3", "nombre": "Calle Jorge Salazar Aráoz", "longitud": 220.97, "velocidad_max": 50.0, "num_lanes": 1}}, {"type": "Feature", "id": "-90289135#4", "geometry": {"type": "LineString", "coordinates": [[-77.012369, -12.080043], [-77.012368, -12.080044]]}, "properties": {"id": "-90289135#4", "nombre": "Calle Jorge Salazar Aráoz", "longitud": 0.2, "velocidad_max": 50.0, "num_lanes": 1}}, {"type": "Feature", "id": "-90289138#4", "geometry": {"type": "LineString", "coordinates": [[-77.009894, -12.081221], [-77.010025, -12.081496], [-77.010041, -12.081531], [-77.01019, -12.081843], [-77.010221, -12.081907], [-77.010391, -12.082265], [-77.010554, -12.082605]]}, "properties": {"id": "-90289138#4", "nombre": "Calle Los Alisos", "longitud": 169.2, "velocidad_max": 50.0, "num_lanes": 1}}, {"type": "Feature", "id": "-90289138#5", "geometry": {"type": "LineString", "coordinates": [[-77.009294, -12.079896], [-77.009316, -12.079939], [-77.009365, -12.080061], [-77.009498, -12.080343], [-77.00952, -12.080392], [-77.009667, -12.080719], [-77.009697, -12.080786], [-77.009837, -12.081101], [-77.009839, -12.081103]]}, "properties": {"id": "-90289138#5", "nombre": "Calle Los Alisos", "longitud": 146.11, "velocidad_max": 50.0, "num_lanes": 1}}, {"type": "Feature", "id": "-905294396", "geometry": {"type": "LineString", "coordinates": [[-77.055256, -12.105064], [-77.055244, -12.105056], [-77.055212, -12.105044], [-77.055177, -12.105039], [-77.055143, -12.105041]]}, "properties": {"id": "-905294396", "nombre": "Calle Yapeyú", "longitud": 12.93, "velocidad_max": 50.0, "num_lanes": 1}}, {"type": "Feature", "id": "-905925506#2", "geometry": {"type": "LineString", "coordinates": [[-77.062326, -12.075489], [-77.062346, -12.075491], [-77.062889, -12.07552], [-77.063447, -12.07554]]}, "properties": {"id": "-905925506#2", "nombre": "Avenida José Leguía y Meléndez", "longitud": 122.16, "velocidad_max": 40.0, "num_lanes": 1}}, {"type": "Feature", "id": "-905925506#3", "geometry": {"type": "LineString", "coordinates": [[-77.061369, -12.075638], [-77.06217, -12.075484], [-77.062206, -12.075484]]}, "properties": {"id": "-905925506#3", "nombre": "Avenida José Leguía y Meléndez", "longitud": 92.81, "velocidad_max": 40.0, "num_lanes": 1}}, {"type": "Feature", "id": "-905925506#4", "geometry": {"type": "LineString", "coordinates": [[-77.060466, -12.075701], [-77.060701, -12.075764], [-77.060772, -12.075769], [-77.061269, -12.075659]]}, "properties": {"id": "-905925506#4", "nombre": "Avenida José Leguía y Meléndez", "longitud": 89.78, "velocidad_max": 40.0, "num_lanes": 1}}, {"type": "Feature", "id": "-905925506#5", "geometry": {"type": "LineString", "coordinates": [[-77.05987, -12.075548], [-77.060391, -12.075681]]}, "properties": {"id": "-905925506#5", "nombre": "Avenida José Leguía y Meléndez", "longitud": 58.57, "velocidad_max": 40.0, "num_lanes": 1}}, {"type": "Feature", "id": "-905925506#6", "geometry": {"type": "LineString", "coordinates": [[-77.059435, -12.075437], [-77.059771, -12.075523]]}, "properties": {"id": "-905925506#6", "nombre": "Avenida José Leguía y Meléndez", "longitud": 37.81, "velocidad_max": 40.0, "num_lanes": 1}}, {"type": "Feature", "id": "-91568601#1", "geometry": {"type": "LineString", "coordinates": [[-77.068564, -12.045692], [-77.068709, -12.044211], [-77.068792, -12.043367]]}, "properties": {"id": "-91568601#1", "nombre": "Luis Castro Ronceros", "longitud": 258.5, "velocidad_max": 50.0, "num_lanes": 1}}, {"type": "Feature", "id": "-91568608#0", "geometry": {"type": "LineString", "coordinates": [[-77.067123, -12.041767], [-77.067108, -12.042057]]}, "properties": {"id": "-91568608#0", "nombre": "Bastidas", "longitud": 32.2, "velocidad_max": 50.0, "num_lanes": 1}}, {"type": "Feature", "id": "-91568608#1", "geometry": {"type": "LineString", "coordinates": [[-77.067149, -12.041381], [-77.067131, -12.041638]]}, "properties": {"id": "-91568608#1", "nombre": "Bastidas", "longitud": 28.5, "velocidad_max": 50.0, "num_lanes": 1}}, {"type": "Feature", "id": "-91568609#4", "geometry": {"type": "LineString", "coordinates": [[-77.067674, -12.043215], [-77.066858, -12.043143], [-77.066548, -12.043115], [-77.066124, -12.043078], [-77.065828, -12.043052], [-77.065593, -12.043031]]}, "properties": {"id": "-91568609#4", "nombre": "Calle Maquinarias", "longitud": 227.59, "velocidad_max": 80.0, "num_lanes": 1}}, {"type": "Feature", "id": "-91568609#5", "geometry": {"type": "LineString", "coordinates": [[-77.068746, -12.043312], [-77.067806, -12.043227]]}, "properties": {"id": "-91568609#5", "nombre": "Calle Maquinarias", "longitud": 102.78, "velocidad_max": 80.0, "num_lanes": 1}}, {"type": "Feature", "id": "-91568609#6", "geometry": {"type": "LineString", "coordinates": [[-77.069804, -12.043402], [-77.068878, -12.043323]]}, "properties": {"id": "-91568609#6", "nombre": "Calle Maquinarias", "longitud": 101.31, "velocidad_max": 80.0, "num_lanes": 1}}, {"type": "Feature", "id": "-91568609#7", "geometry": {"type": "LineString", "coordinates": [[-77.072574, -12.043636], [-77.070919, -12.043502], [-77.069936, -12.043414]]}, "properties": {"id": "-91568609#7", "nombre": "Calle Maquinarias", "longitud": 288.31, "velocidad_max": 80.0, "num_lanes": 1}}, {"type": "Feature", "id": "-91568617#0", "geometry": {"type": "LineString", "coordinates": [[-77.06924, -12.041982], [-77.069217, -12.042239]]}, "properties": {"id": "-91568617#0", "nombre": "Los Proceres", "longitud": 28.52, "velocidad_max": 50.0, "num_lanes": 1}}, {"type": "Feature", "id": "-91568617#1", "geometry": {"type": "LineString", "coordinates": [[-77.069317, -12.041221], [-77.069253, -12.041852]]}, "properties": {"id": "-91568617#1", "nombre": "Los Proceres", "longitud": 70.18, "velocidad_max": 50.0, "num_lanes": 1}}, {"type": "Feature", "id": "-91568622#0", "geometry": {"type": "LineString", "coordinates": [[-77.067893, -12.041321], [-77.067914, -12.041076]]}, "properties": {"id": "-91568622#0", "nombre": "Calle Las Fabricas", "longitud": 27.2, "velocidad_max": 50.0, "num_lanes": 1}}, {"type": "Feature", "id": "-91568622#2", "geometry": {"type": "LineString", "coordinates": [[-77.067856, -12.041744], [-77.067875, -12.04153], [-77.067882, -12.041451]]}, "properties": {"id": "-91568622#2", "nombre": "Calle Las Fabricas", "longitud": 32.6, "velocidad_max": 50.0, "num_lanes": 1}}, {"type": "Feature", "id": "-91568622#3", "geometry": {"type": "LineString", "coordinates": [[-77.067823, -12.04212], [-77.067845, -12.041874]]}, "properties": {"id": "-91568622#3", "nombre": "Calle Las Fabricas", "longitud": 27.38, "velocidad_max": 50.0, "num_lanes": 1}}, {"type": "Feature", "id": "-91568624#2", "geometry": {"type": "LineString", "coordinates": [[-77.067932, -12.038218], [-77.067838, -12.039199], [-77.067805, -12.039543], [-77.067772, -12.039888], [-77.067708, -12.040547], [-77.067678, -12.040864]]}, "properties": {"id": "-91568624#2", "nombre": "12 de Diciembre", "longitud": 294.1, "velocidad_max": 50.0, "num_lanes": 1}}, {"type": "Feature", "id": "-91568625#0", "geometry": {"type": "LineString", "coordinates": [[-77.067562, -12.04134], [-77.067837, -12.041367]]}, "properties": {"id": "-91568625#0", "nombre": "Cahuide", "longitud": 30.11, "velocidad_max": 50.0, "num_lanes": 1}}, {"type": "Feature", "id": "-91568625#1", "geometry": {"type": "LineString", "coordinates": [[-77.067281, -12.041313], [-77.06743, -12.041328]]}, "properties": {"id": "-91568625#1", "nombre": "Cahuide", "longitud": 16.31, "velocidad_max": 50.0, "num_lanes": 1}}, {"type": "Feature", "id": "-91568625#4", "geometry": {"type": "LineString", "coordinates": [[-77.066523, -12.041241], [-77.066674, -12.041255], [-77.067075, -12.041291]]}, "properties": {"id": "-91568625#4", "nombre": "Cahuide", "longitud": 60.45, "velocidad_max": 50.0, "num_lanes": 1}}, {"type": "Feature", "id": "-91568625#5", "geometry": {"type": "LineString", "coordinates": [[-77.066206, -12.04121], [-77.066391, -12.041228]]}, "properties": {"id": "-91568625#5", "nombre": "Cahuide", "longitud": 20.29, "velocidad_max": 50.0, "num_lanes": 1}}, {"type": "Feature", "id": "-91568625#6", "geometry": {"type": "LineString", "coordinates": [[-77.065799, -12.041171], [-77.066074, -12.041198]]}, "properties": {"id": "-91568625#6", "nombre": "Cahuide", "longitud": 30.12, "velocidad_max": 50.0, "num_lanes": 1}}, {"type": "Feature", "id": "-91568630#1", "geometry": {"type": "LineString", "coordinates": [[-77.066489, -12.041643], [-77.06664, -12.041655], [-77.067047, -12.041683]]}, "properties": {"id": "-91568630#1", "nombre": "-91568630#1", "longitud": 60.93, "velocidad_max": 50.0, "num_lanes": 1}}, {"type": "Feature", "id": "-91568633#3", "geometry": {"type": "LineString", "coordinates": [[-77.069031, -12.038098], [-77.069085, -12.038185], [-77.068969, -12.039308], [-77.068934, -12.039645], [-77.068898, -12.039997], [-77.06886, -12.040371], [-77.06883, -12.040656], [-77.068797, -12.040978]]}, "properties": {"id": "-91568633#3", "nombre": "Juan Velasco Alvarado", "longitud": 321.94, "velocidad_max": 50.0, "num_lanes": 1}}, {"type": "Feature", "id": "-91568635", "geometry": {"type": "LineString", "coordinates": [[-77.067503, -12.041415], [-77.067443, -12.042088]]}, "properties": {"id": "-91568635", "nombre": "Mariátegui", "longitud": 74.8, "velocidad_max": 50.0, "num_lanes": 1}}, {"type": "Feature", "id": "-91568647", "geometry": {"type": "LineString", "coordinates": [[-77.068949, -12.041183], [-77.068893, -12.041824]]}, "properties": {"id": "-91568647", "nombre": "Pasaje Ramon Castilla", "longitud": 71.15, "velocidad_max": 50.0, "num_lanes": 1}}, {"type": "Feature", "id": "-91568650#1", "geometry": {"type": "LineString", "coordinates": [[-77.069497, -12.047986], [-77.069689, -12.048006], [-77.070161, -12.048054], [-77.070521, -12.04809], [-77.07107, -12.048146], [-77.071438, -12.048182], [-77.072188, -12.048256], [-77.072314, -12.048269]]}, "properties": {"id": "-91568650#1", "nombre": "Avenida Guillermo Dansey", "longitud": 308.38, "velocidad_max": 30.0, "num_lanes": 1}}, {"type": "Feature", "id": "-91568650#3", "geometry": {"type": "LineString", "coordinates": [[-77.069299, -12.047965], [-77.069365, -12.047972]]}, "properties": {"id": "-91568650#3", "nombre": "Avenida Guillermo Dansey", "longitud": 7.26, "velocidad_max": 30.0, "num_lanes": 1}}, {"type": "Feature", "id": "-91568650#5", "geometry": {"type": "LineString", "coordinates": [[-77.068218, -12.047852], [-77.068393, -12.04787], [-77.069167, -12.047951]]}, "properties": {"id": "-91568650#5", "nombre": "Avenida Guillermo Dansey", "longitud": 103.98, "velocidad_max": 30.0, "num_lanes": 1}}, {"type": "Feature", "id": "-91568650#9", "geometry": {"type": "LineString", "coordinates": [[-77.065117, -12.047523], [-77.065369, -12.047555], [-77.065997, -12.04762], [-77.066673, -12.047691], [-77.068086, -12.047838]]}, "properties": {"id": "-91568650#9", "nombre": "Avenida Guillermo Dansey", "longitud": 325.26, "velocidad_max": 30.0, "num_lanes": 1}}, {"type": "Feature", "id": "-91568652", "geometry": {"type": "LineString", "coordinates": [[-77.069633, -12.045785], [-77.069851, -12.043457]]}, "properties": {"id": "-91568652", "nombre": "Victor Reynel", "longitud": 258.65, "velocidad_max": 50.0, "num_lanes": 1}}, {"type": "Feature", "id": "-91568653#0", "geometry": {"type": "LineString", "coordinates": [[-77.068548, -12.041929], [-77.068526, -12.04218]]}, "properties": {"id": "-91568653#0", "nombre": "Señor de los Milagros", "longitud": 27.94, "velocidad_max": 50.0, "num_lanes": 1}}, {"type": "Feature", "id": "-91568653#2", "geometry": {"type": "LineString", "coordinates": [[-77.068618, -12.041148], [-77.068579, -12.041582], [-77.06856, -12.041799]]}, "properties": {"id": "-91568653#2", "nombre": "Señor de los Milagros", "longitud": 72.22, "velocidad_max": 50.0, "num_lanes": 1}}, {"type": "Feature", "id": "-91568654", "geometry": {"type": "LineString", "coordinates": [[-77.066147, -12.041285], [-77.066078, -12.041972]]}, "properties": {"id": "-91568654", "nombre": "-91568654", "longitud": 76.47, "velocidad_max": 50.0, "num_lanes": 1}}, {"type": "Feature", "id": "-91568670#1", "geometry": {"type": "LineString", "coordinates": [[-77.069299, -12.041906], [-77.069641, -12.041933], [-77.069937, -12.041955]]}, "properties": {"id": "-91568670#1", "nombre": "Pasaje 10", "longitud": 69.63, "velocidad_max": 50.0, "num_lanes": 1}}, {"type": "Feature", "id": "-91568670#2", "geometry": {"type": "LineString", "coordinates": [[-77.06894, -12.041878], [-77.069166, -12.041896]]}, "properties": {"id": "-91568670#2", "nombre": "Pasaje 10", "longitud": 24.76, "velocidad_max": 50.0, "num_lanes": 1}}, {"type": "Feature", "id": "-91568670#3", "geometry": {"type": "LineString", "coordinates": [[-77.068607, -12.041853], [-77.068808, -12.041868]]}, "properties": {"id": "-91568670#3", "nombre": "Pasaje 10", "longitud": 21.98, "velocidad_max": 50.0, "num_lanes": 1}}, {"type": "Feature", "id": "-91568670#6", "geometry": {"type": "LineString", "coordinates": [[-77.067932, -12.041801], [-77.068369, -12.041835], [-77.068475, -12.041843]]}, "properties": {"id": "-91568670#6", "nombre": "Pasaje 10", "longitud": 59.27, "velocidad_max": 50.0, "num_lanes": 1}}, {"type": "Feature", "id": "-91568671#0", "geometry": {"type": "LineString", "coordinates": [[-77.066431, -12.041717], [-77.066405, -12.042]]}, "properties": {"id": "-91568671#0", "nombre": "Pasaje Santa Rosa", "longitud": 31.35, "velocidad_max": 50.0, "num_lanes": 1}}, {"type": "Feature", "id": "-91568671#2", "geometry": {"type": "LineString", "coordinates": [[-77.066464, -12.041315], [-77.066443, -12.04158], [-77.066442, -12.041588]]}, "properties": {"id": "-91568671#2", "nombre": "Pasaje Santa Rosa", "longitud": 30.26, "velocidad_max": 50.0, "num_lanes": 1}}, {"type": "Feature", "id": "-91568672#1", "geometry": {"type": "LineString", "coordinates": [[-77.069584, -12.046994], [-77.069906, -12.047022], [-77.070111, -12.04704], [-77.070174, -12.047045], [-77.071194, -12.047132]]}, "properties": {"id": "-91568672#1", "nombre": "Luis Carranza", "longitud": 175.95, "velocidad_max": 30.0, "num_lanes": 1}}, {"type": "Feature", "id": "-91568672#4", "geometry": {"type": "LineString", "coordinates": [[-77.068307, -12.046885], [-77.06902, -12.046946], [-77.069314, -12.046971], [-77.069453, -12.046983]]}, "properties": {"id": "-91568672#4", "nombre": "Luis Carranza", "longitud": 125.26, "velocidad_max": 30.0, "num_lanes": 1}}, {"type": "Feature", "id": "-91568672#6", "geometry": {"type": "LineString", "coordinates": [[-77.065214, -12.046621], [-77.067214, -12.046792], [-77.068175, -12.046874]]}, "properties": {"id": "-91568672#6", "nombre": "Luis Carranza", "longitud": 323.65, "velocidad_max": 30.0, "num_lanes": 1}}, {"type": "Feature", "id": "-91568681#2", "geometry": {"type": "LineString", "coordinates": [[-77.06599, -12.042044], [-77.065959, -12.042041], [-77.065734, -12.042022], [-77.065702, -12.042019]]}, "properties": {"id": "-91568681#2", "nombre": "Las Herramientas", "longitud": 31.47, "velocidad_max": 50.0, "num_lanes": 1}}, {"type": "Feature", "id": "-91568681#3", "geometry": {"type": "LineString", "coordinates": [[-77.066318, -12.042072], [-77.066122, -12.042056]]}, "properties": {"id": "-91568681#3", "nombre": "Las Herramientas", "longitud": 21.45, "velocidad_max": 50.0, "num_lanes": 1}}, {"type": "Feature", "id": "-91568681#5", "geometry": {"type": "LineString", "coordinates": [[-77.067022, -12.042131], [-77.066623, -12.042098], [-77.066586, -12.042095], [-77.06645, -12.042083]]}, "properties": {"id": "-91568681#5", "nombre": "Las Herramientas", "longitud": 62.58, "velocidad_max": 50.0, "num_lanes": 1}}, {"type": "Feature", "id": "-91568681#7", "geometry": {"type": "LineString", "coordinates": [[-77.067356, -12.04216], [-77.067154, -12.042143]]}, "properties": {"id": "-91568681#7", "nombre": "Las Herramientas", "longitud": 22.08, "velocidad_max": 50.0, "num_lanes": 1}}, {"type": "Feature", "id": "-91568681#8", "geometry": {"type": "LineString", "coordinates": [[-77.067765, -12.042195], [-77.067488, -12.042172]]}, "properties": {"id": "-91568681#8", "nombre": "Las Herramientas", "longitud": 30.37, "velocidad_max": 50.0, "num_lanes": 1}}, {"type": "Feature", "id": "-91568690", "geometry": {"type": "LineString", "coordinates": [[-77.069239, -12.048038], [-77.069162, -12.048834]]}, "properties": {"id": "-91568690", "nombre": "Victor Reynel", "longitud": 88.39, "velocidad_max": 50.0, "num_lanes": 1}}, {"type": "Feature", "id": "-91568692", "geometry": {"type": "LineString", "coordinates": [[-77.068248, -12.04696], [-77.068172, -12.047795]]}, "properties": {"id": "-91568692", "nombre": "Pasaje V. Reynel", "longitud": 92.75, "velocidad_max": 50.0, "num_lanes": 1}}, {"type": "Feature", "id": "-949987056", "geometry": {"type": "LineString", "coordinates": [[-77.022179, -12.086605], [-77.022187, -12.086535], [-77.022267, -12.085966], [-77.022271, -12.085927]]}, "properties": {"id": "-949987056", "nombre": "Pasaje Pedro Dávalos", "longitud": 75.74, "velocidad_max": 50.0, "num_lanes": 1}}, {"type": "Feature", "id": "-952040072#0", "geometry": {"type": "LineString", "coordinates": [[-77.009507, -12.107109], [-77.00885, -12.106995], [-77.00851, -12.10695], [-77.008392, -12.106942], [-77.008219, -12.106947], [-77.007774, -12.106964], [-77.007597, -12.10697], [-77.007501, -12.106974], [-77.00708, -12.107]]}, "properties": {"id": "-952040072#0", "nombre": "Calle 32", "longitud": 265.88, "velocidad_max": 40.0, "num_lanes": 1}}, {"type": "Feature", "id": "-952040072#3", "geometry": {"type": "LineString", "coordinates": [[-77.010328, -12.107252], [-77.010311, -12.107249], [-77.010071, -12.107207], [-77.009637, -12.107132]]}, "properties": {"id": "-952040072#3", "nombre": "Calle 32", "longitud": 76.4, "velocidad_max": 40.0, "num_lanes": 1}}, {"type": "Feature", "id": "-956449388", "geometry": {"type": "LineString", "coordinates": [[-77.043845, -12.094559], [-77.044862, -12.094676]]}, "properties": {"id": "-956449388", "nombre": "Calle Parque Dammert Muelle", "longitud": 111.54, "velocidad_max": 50.0, "num_lanes": 1}}, {"type": "Feature", "id": "-956449389", "geometry": {"type": "LineString", "coordinates": [[-77.043767, -12.09504], [-77.044794, -12.095187]]}, "properties": {"id": "-956449389", "nombre": "-956449389", "longitud": 112.96, "velocidad_max": 50.0, "num_lanes": 1}}, {"type": "Feature", "id": "-958786659", "geometry": {"type": "LineString", "coordinates": [[-77.039035, -12.040744], [-77.03907, -12.040717], [-77.039109, -12.040701], [-77.039188, -12.040685], [-77.039578, -12.040635], [-77.040012, -12.040595]]}, "properties": {"id": "-958786659", "nombre": "Jirón Sancho de Rivera", "longitud": 108.56, "velocidad_max": 20.0, "num_lanes": 1}}, {"type": "Feature", "id": "-962786336#4", "geometry": {"type": "LineString", "coordinates": [[-77.030779, -12.08086], [-77.030732, -12.08119], [-77.030707, -12.081364], [-77.030683, -12.081538], [-77.030646, -12.081797], [-77.030643, -12.081816]]}, "properties": {"id": "-962786336#4", "nombre": "Avenida Francisco Lazo", "longitud": 106.79, "velocidad_max": 30.0, "num_lanes": 1}}, {"type": "Feature", "id": "-971819231", "geometry": {"type": "LineString", "coordinates": [[-77.055199, -12.04055], [-77.055131, -12.041359], [-77.054846, -12.044425]]}, "properties": {"id": "-971819231", "nombre": "Jirón Ricardo Treneman", "longitud": 430.5, "velocidad_max": 50.0, "num_lanes": 1}}, {"type": "Feature", "id": "-971834159", "geometry": {"type": "LineString", "coordinates": [[-77.055225, -12.040123], [-77.055268, -12.040449]]}, "properties": {"id": "-971834159", "nombre": "-971834159", "longitud": 36.41, "velocidad_max": 50.0, "num_lanes": 1}}, {"type": "Feature", "id": "-971834160", "geometry": {"type": "LineString", "coordinates": [[-77.053905, -12.040315], [-77.053965, -12.040694], [-77.053917, -12.041457], [-77.053807, -12.042642], [-77.053783, -12.042889], [-77.05378, -12.042907], [-77.053745, -12.043266], [-77.053671, -12.044012], [-77.053633, -12.044284], [-77.053629, -12.044309]]}, "properties": {"id": "-971834160", "nombre": "Jirón Antonio de Elizaide", "longitud": 444.23, "velocidad_max": 50.0, "num_lanes": 1}}, {"type": "Feature", "id": "-971834161#0", "geometry": {"type": "LineString", "coordinates": [[-77.055264, -12.040036], [-77.056501, -12.039851]]}, "properties": {"id": "-971834161#0", "nombre": "-971834161#0", "longitud": 136.24, "velocidad_max": 50.0, "num_lanes": 1}}, {"type": "Feature", "id": "-971834161#1", "geometry": {"type": "LineString", "coordinates": [[-77.053944, -12.040229], [-77.055133, -12.040055]]}, "properties": {"id": "-971834161#1", "nombre": "-971834161#1", "longitud": 130.94, "velocidad_max": 50.0, "num_lanes": 1}}, {"type": "Feature", "id": "-971834161#2", "geometry": {"type": "LineString", "coordinates": [[-77.052709, -12.040409], [-77.053813, -12.040248]]}, "properties": {"id": "-971834161#2", "nombre": "-971834161#2", "longitud": 121.56, "velocidad_max": 50.0, "num_lanes": 1}}, {"type": "Feature", "id": "-987869420", "geometry": {"type": "LineString", "coordinates": [[-77.051884, -12.063732], [-77.051959, -12.06366], [-77.051862, -12.06354]]}, "properties": {"id": "-987869420", "nombre": "Pasaje 1-A", "longitud": 28.39, "velocidad_max": 50.0, "num_lanes": 1}}, {"type": "Feature", "id": "-996190414", "geometry": {"type": "LineString", "coordinates": [[-77.021515, -12.088906], [-77.021514, -12.088879], [-77.021626, -12.088214], [-77.02163, -12.088191]]}, "properties": {"id": "-996190414", "nombre": "-996190414", "longitud": 80.14, "velocidad_max": 50.0, "num_lanes": 1}}, {"type": "Feature", "id": "-998623182", "geometry": {"type": "LineString", "coordinates": [[-77.032723, -12.10077], [-77.032816, -12.100325], [-77.03282, -12.10031], [-77.032825, -12.100299], [-77.032836, -12.100285], [-77.032851, -12.100274], [-77.032865, -12.100267], [-77.032881, -12.100264], [-77.032897, -12.100262], [-77.032914, -12.100263], [-77.032931, -12.100267], [-77.033181, -12.100326]]}, "properties": {"id": "-998623182", "nombre": "-998623182", "longitud": 94.29, "velocidad_max": 50.0, "num_lanes": 1}}, {"type": "Feature", "id": "1003215120", "geometry": {"type": "LineString", "coordinates": [[-77.059534, -12.076614], [-77.058765, -12.076711], [-77.058736, -12.076706], [-77.05871, -12.076694], [-77.058687, -12.076676], [-77.05867, -12.076653], [-77.05866, -12.076626], [-77.058658, -12.076595], [-77.058665, -12.076565], [-77.05868, -12.076538], [-77.058702, -12.076516], [-77.05873, -12.076501], [-77.059497, -12.076364]]}, "properties": {"id": "1003215120", "nombre": "1003215120", "longitud": 202.31, "velocidad_max": 10.0, "num_lanes": 1}}, {"type": "Feature", "id": "1005240503#0", "geometry": {"type": "LineString", "coordinates": [[-77.011972, -12.041714], [-77.01197, -12.041714]]}, "properties": {"id": "1005240503#0", "nombre": "1005240503#0", "longitud": 0.2, "velocidad_max": 50.0, "num_lanes": 1}}, {"type": "Feature", "id": "1008689218", "geometry": {"type": "LineString", "coordinates": [[-77.020022, -12.097547], [-77.019417, -12.09762], [-77.018515, -12.097757]]}, "properties": {"id": "1008689218", "nombre": "Avenida Enrique Canaval y Moreyra", "longitud": 165.74, "velocidad_max": 50.0, "num_lanes": 3}}, {"type": "Feature", "id": "1008689219#0", "geometry": {"type": "LineString", "coordinates": [[-77.017278, -12.097953], [-77.017228, -12.098007], [-77.017196, -12.09804], [-77.017139, -12.098155], [-77.017116, -12.098238], [-77.01704, -12.098512], [-77.016989, -12.098617], [-77.016941, -12.098707]]}, "properties": {"id": "1008689219#0", "nombre": "Calle Cuarentiuno", "longitud": 92.41, "velocidad_max": 30.0, "num_lanes": 2}}, {"type": "Feature", "id": "1008689220#0", "geometry": {"type": "LineString", "coordinates": [[-77.013964, -12.099413], [-77.014278, -12.100045]]}, "properties": {"id": "1008689220#0", "nombre": "Calle Doctor Ricardo J. Angulo R.", "longitud": 77.85, "velocidad_max": 30.0, "num_lanes": 1}}, {"type": "Feature", "id": "1008689220#1", "geometry": {"type": "LineString", "coordinates": [[-77.014331, -12.100153], [-77.014462, -12.100424], [-77.014593, -12.100664], [-77.014973, -12.101392]]}, "properties": {"id": "1008689220#1", "nombre": "Calle Doctor Ricardo J. Angulo R.", "longitud": 153.92, "velocidad_max": 30.0, "num_lanes": 1}}, {"type": "Feature", "id": "1008689220#4", "geometry": {"type": "LineString", "coordinates": [[-77.015033, -12.101507], [-77.015196, -12.101809]]}, "properties": {"id": "1008689220#4", "nombre": "Calle Doctor Ricardo J. Angulo R.", "longitud": 37.75, "velocidad_max": 30.0, "num_lanes": 1}}, {"type": "Feature", "id": "1008689220#5", "geometry": {"type": "LineString", "coordinates": [[-77.015258, -12.101924], [-77.015542, -12.102439]]}, "properties": {"id": "1008689220#5", "nombre": "Calle Doctor Ricardo J. Angulo R.", "longitud": 64.8, "velocidad_max": 30.0, "num_lanes": 1}}, {"type": "Feature", "id": "1008689220#6", "geometry": {"type": "LineString", "coordinates": [[-77.015603, -12.102551], [-77.015675, -12.102682]]}, "properties": {"id": "1008689220#6", "nombre": "Calle Doctor Ricardo J. Angulo R.", "longitud": 16.43, "velocidad_max": 30.0, "num_lanes": 1}}, {"type": "Feature", "id": "1008689220#7", "geometry": {"type": "LineString", "coordinates": [[-77.015743, -12.102807], [-77.016116, -12.103486]]}, "properties": {"id": "1008689220#7", "nombre": "Calle Doctor Ricardo J. Angulo R.", "longitud": 85.39, "velocidad_max": 30.0, "num_lanes": 1}}, {"type": "Feature", "id": "1008689220#8", "geometry": {"type": "LineString", "coordinates": [[-77.016179, -12.103601], [-77.01635, -12.103917], [-77.016405, -12.104046], [-77.016481, -12.104369], [-77.016588, -12.105264], [-77.016593, -12.105394], [-77.01651, -12.105606], [-77.016445, -12.105719]]}, "properties": {"id": "1008689220#8", "nombre": "Calle Doctor Ricardo J. Angulo R.", "longitud": 245.45, "velocidad_max": 30.0, "num_lanes": 1}}, {"type": "Feature", "id": "1008689221", "geometry": {"type": "LineString", "coordinates": [[-77.013861, -12.099385], [-77.013221, -12.09967]]}, "properties": {"id": "1008689221", "nombre": "Calle Cuarentiuno", "longitud": 76.52, "velocidad_max": 40.0, "num_lanes": 2}}, {"type": "Feature", "id": "1008690312#0", "geometry": {"type": "LineString", "coordinates": [[-77.012869, -12.097179], [-77.013209, -12.097234], [-77.013423, -12.097268], [-77.013537, -12.097287]]}, "properties": {"id": "1008690312#0", "nombre": "Calle 21", "longitud": 73.76, "velocidad_max": 40.0, "num_lanes": 2}}, {"type": "Feature", "id": "1008690313#1", "geometry": {"type": "LineString", "coordinates": [[-77.02028, -12.097355], [-77.020342, -12.097348]]}, "properties": {"id": "1008690313#1", "nombre": "Avenida Enrique Canaval y Moreyra", "longitud": 6.83, "velocidad_max": 50.0, "num_lanes": 3}}, {"type": "Feature", "id": "1008690314#1", "geometry": {"type": "LineString", "coordinates": [[-77.020746, -12.0973], [-77.020748, -12.0973]]}, "properties": {"id": "1008690314#1", "nombre": "Avenida Enrique Canaval y Moreyra", "longitud": 0.2, "velocidad_max": 50.0, "num_lanes": 3}}, {"type": "Feature", "id": "1008690316#1", "geometry": {"type": "LineString", "coordinates": [[-77.025252, -12.096821], [-77.02525, -12.096821]]}, "properties": {"id": "1008690316#1", "nombre": "Avenida Enrique Canaval y Moreyra", "longitud": 0.2, "velocidad_max": 50.0, "num_lanes": 3}}, {"type": "Feature", "id": "1008690317", "geometry": {"type": "LineString", "coordinates": [[-77.025427, -12.096662], [-77.025434, -12.09666], [-77.025904, -12.096491]]}, "properties": {"id": "1008690317", "nombre": "Avenida Enrique Canaval y Moreyra", "longitud": 55.27, "velocidad_max": 50.0, "num_lanes": 3}}, {"type": "Feature", "id": "1008694889#0", "geometry": {"type": "LineString", "coordinates": [[-77.014129, -12.052224], [-77.014172, -12.052195], [-77.014203, -12.052174], [-77.014368, -12.0521], [-77.014613, -12.052018], [-77.014726, -12.05198], [-77.014759, -12.051969], [-77.014776, -12.051963], [-77.014793, -12.051957], [-77.015302, -12.051788], [-77.015439, -12.051742], [-77.01559, -12.051688], [-77.015644, -12.051669], [-77.015772, -12.051626]]}, "properties": {"id": "1008694889#0", "nombre": "Jirón Junín", "longitud": 191.21, "velocidad_max": 40.0, "num_lanes": 2}}, {"type": "Feature", "id": "1008694889#7", "geometry": {"type": "LineString", "coordinates": [[-77.015899, -12.051584], [-77.015997, -12.051551], [-77.016118, -12.051511], [-77.016243, -12.051469], [-77.016317, -12.051457], [-77.016457, -12.051435], [-77.016498, -12.051428], [-77.016565, -12.051418]]}, "properties": {"id": "1008694889#7", "nombre": "Jirón Junín", "longitud": 75.16, "velocidad_max": 40.0, "num_lanes": 2}}, {"type": "Feature", "id": "1008694890#0", "geometry": {"type": "LineString", "coordinates": [[-77.016667, -12.051402], [-77.016774, -12.051386], [-77.016987, -12.051367], [-77.017214, -12.05134], [-77.017311, -12.051328], [-77.017468, -12.05131], [-77.0176, -12.051294], [-77.017608, -12.051293]]}, "properties": {"id": "1008694890#0", "nombre": "Jirón Junín", "longitud": 103.2, "velocidad_max": 30.0, "num_lanes": 2}}, {"type": "Feature", "id": "1008734386#0", "geometry": {"type": "LineString", "coordinates": [[-77.033277, -12.064942], [-77.033355, -12.064712], [-77.033404, -12.064582], [-77.033666, -12.06389]]}, "properties": {"id": "1008734386#0", "nombre": "Avenida Paseo de la República", "longitud": 123.94, "velocidad_max": 40.0, "num_lanes": 3}}, {"type": "Feature", "id": "1008734387", "geometry": {"type": "LineString", "coordinates": [[-77.03332, -12.065021], [-77.033321, -12.065022]]}, "properties": {"id": "1008734387", "nombre": "Avenida Jaime Bausate y Meza", "longitud": 0.2, "velocidad_max": 30.0, "num_lanes": 2}}, {"type": "Feature", "id": "1008734389", "geometry": {"type": "LineString", "coordinates": [[-77.033536, -12.065165], [-77.033535, -12.065165]]}, "properties": {"id": "1008734389", "nombre": "Avenida Jaime Bausate y Meza", "longitud": 0.2, "velocidad_max": 30.0, "num_lanes": 2}}, {"type": "Feature", "id": "1008734401#0", "geometry": {"type": "LineString", "coordinates": [[-77.014647, -12.088074], [-77.014726, -12.087821], [-77.014731, -12.087804]]}, "properties": {"id": "1008734401#0", "nombre": "Avenida José Gálvez Barrenechea", "longitud": 31.24, "velocidad_max": 45.0, "num_lanes": 3}}, {"type": "Feature", "id": "1008734402", "geometry": {"type": "LineString", "coordinates": [[-77.015024, -12.086882], [-77.015031, -12.086874], [-77.015048, -12.086862], [-77.015067, -12.086854], [-77.015088, -12.086849], [-77.015109, -12.086847], [-77.01513, -12.08685], [-77.015149, -12.086856], [-77.015168, -12.086866], [-77.015185, -12.086879]]}, "properties": {"id": "1008734402", "nombre": "1008734402", "longitud": 19.52, "velocidad_max": 80.0, "num_lanes": 1}}, {"type": "Feature", "id": "1008734403#0", "geometry": {"type": "LineString", "coordinates": [[-77.014758, -12.087718], [-77.014766, -12.08769], [-77.014867, -12.087362]]}, "properties": {"id": "1008734403#0", "nombre": "Avenida José Gálvez Barrenechea", "longitud": 41.24, "velocidad_max": 45.0, "num_lanes": 4}}, {"type": "Feature", "id": "1009000064#0", "geometry": {"type": "LineString", "coordinates": [[-77.026061, -12.075896], [-77.025952, -12.075855], [-77.025796, -12.075797], [-77.025788, -12.075794]]}, "properties": {"id": "1009000064#0", "nombre": "Avenida México", "longitud": 31.83, "velocidad_max": 50.0, "num_lanes": 3}}, {"type": "Feature", "id": "1009000064#3", "geometry": {"type": "LineString", "coordinates": [[-77.025785, -12.075793], [-77.025728, -12.075772]]}, "properties": {"id": "1009000064#3", "nombre": "Avenida México", "longitud": 6.66, "velocidad_max": 50.0, "num_lanes": 3}}, {"type": "Feature", "id": "1009013111", "geometry": {"type": "LineString", "coordinates": [[-77.04318, -12.040573], [-77.04318, -12.040572]]}, "properties": {"id": "1009013111", "nombre": "1009013111", "longitud": 0.2, "velocidad_max": 80.0, "num_lanes": 1}}, {"type": "Feature", "id": "1011544038#0", "geometry": {"type": "LineString", "coordinates": [[-77.031005, -12.0436], [-77.031013, -12.043617], [-77.031026, -12.043638], [-77.0311, -12.043741], [-77.031278, -12.043986], [-77.031657, -12.044517]]}, "properties": {"id": "1011544038#0", "nombre": "Jirón Camaná", "longitud": 123.92, "velocidad_max": 30.0, "num_lanes": 1}}, {"type": "Feature", "id": "1011544038#3", "geometry": {"type": "LineString", "coordinates": [[-77.031715, -12.044598], [-77.031716, -12.0446], [-77.031772, -12.044679], [-77.031807, -12.044727], [-77.032058, -12.045079], [-77.032323, -12.04545], [-77.03233, -12.04546]]}, "properties": {"id": "1011544038#3", "nombre": "Jirón Camaná", "longitud": 116.52, "velocidad_max": 30.0, "num_lanes": 1}}, {"type": "Feature", "id": "1011544039#0", "geometry": {"type": "LineString", "coordinates": [[-77.032304, -12.045537], [-77.032273, -12.045557], [-77.0322, -12.045602], [-77.031816, -12.045842], [-77.031399, -12.046102]]}, "properties": {"id": "1011544039#0", "nombre": "Jirón Callao", "longitud": 116.72, "velocidad_max": 20.0, "num_lanes": 1}}, {"type": "Feature", "id": "1011544040", "geometry": {"type": "LineString", "coordinates": [[-77.028705, -12.046353], [-77.028453, -12.046013], [-77.028104, -12.045541]]}, "properties": {"id": "1011544040", "nombre": "Jirón Lampa", "longitud": 111.14, "velocidad_max": 20.0, "num_lanes": 1}}, {"type": "Feature", "id": "1011544041#0", "geometry": {"type": "LineString", "coordinates": [[-77.028781, -12.046365], [-77.029285, -12.046068], [-77.029676, -12.045816], [-77.0297, -12.0458]]}, "properties": {"id": "1011544041#0", "nombre": "Jirón Junín", "longitud": 118.0, "velocidad_max": 30.0, "num_lanes": 1}}, {"type": "Feature", "id": "1011544043#0", "geometry": {"type": "LineString", "coordinates": [[-77.034883, -12.042581], [-77.034884, -12.04258]]}, "properties": {"id": "1011544043#0", "nombre": "Jirón Conde de Superunda", "longitud": 0.2, "velocidad_max": 30.0, "num_lanes": 2}}, {"type": "Feature", "id": "1011544045", "geometry": {"type": "LineString", "coordinates": [[-77.027357, -12.044744], [-77.027355, -12.044741], [-77.02735, -12.044732], [-77.027346, -12.044718]]}, "properties": {"id": "1011544045", "nombre": "1011544045", "longitud": 3.16, "velocidad_max": 20.0, "num_lanes": 1}}, {"type": "Feature", "id": "1011546425", "geometry": {"type": "LineString", "coordinates": [[-77.025319, -12.045027], [-77.025361, -12.045103]]}, "properties": {"id": "1011546425", "nombre": "Avenida Abancay", "longitud": 9.56, "velocidad_max": 50.0, "num_lanes": 4}}, {"type": "Feature", "id": "1011546426#0", "geometry": {"type": "LineString", "coordinates": [[-77.024954, -12.044812], [-77.024323, -12.044735]]}, "properties": {"id": "1011546426#0", "nombre": "Jirón Amazonas", "longitud": 69.27, "velocidad_max": 40.0, "num_lanes": 2}}, {"type": "Feature", "id": "1011546427", "geometry": {"type": "LineString", "coordinates": [[-77.025019, -12.044737], [-77.024992, -12.044677], [-77.024194, -12.043123]]}, "properties": {"id": "1011546427", "nombre": "Avenida Abancay", "longitud": 199.86, "velocidad_max": 50.0, "num_lanes": 3}}, {"type": "Feature", "id": "1011546428", "geometry": {"type": "LineString", "coordinates": [[-77.035442, -12.051862], [-77.035588, -12.052081], [-77.035664, -12.052282], [-77.035725, -12.052468], [-77.035909, -12.053069], [-77.035965, -12.053249], [-77.036007, -12.053383], [-77.036094, -12.053671], [-77.036137, -12.053792], [-77.036143, -12.053807]]}, "properties": {"id": "1011546428", "nombre": "Jirón de la Unión", "longitud": 229.35, "velocidad_max": 20.0, "num_lanes": 1}}, {"type": "Feature", "id": "1011546429#0", "geometry": {"type": "LineString", "coordinates": [[-77.02656, -12.047698], [-77.026522, -12.04763], [-77.026255, -12.04712]]}, "properties": {"id": "1011546429#0", "nombre": "Avenida Abancay", "longitud": 72.01, "velocidad_max": 50.0, "num_lanes": 4}}, {"type": "Feature", "id": "1011546429#2", "geometry": {"type": "LineString", "coordinates": [[-77.026192, -12.047004], [-77.02606, -12.046764]]}, "properties": {"id": "1011546429#2", "nombre": "Avenida Abancay", "longitud": 30.16, "velocidad_max": 50.0, "num_lanes": 4}}, {"type": "Feature", "id": "1011546431#0", "geometry": {"type": "LineString", "coordinates": [[-77.026758, -12.047746], [-77.02677, -12.04777], [-77.027139, -12.04847], [-77.027217, -12.048617]]}, "properties": {"id": "1011546431#0", "nombre": "Avenida Abancay", "longitud": 108.54, "velocidad_max": 50.0, "num_lanes": 4}}, {"type": "Feature", "id": "1011546432#0", "geometry": {"type": "LineString", "coordinates": [[-77.027044, -12.048849], [-77.026372, -12.049277]]}, "properties": {"id": "1011546432#0", "nombre": "Jirón Huallaga", "longitud": 87.15, "velocidad_max": 40.0, "num_lanes": 2}}, {"type": "Feature", "id": "1011546433#1", "geometry": {"type": "LineString", "coordinates": [[-77.02707, -12.04869], [-77.026702, -12.047978], [-77.026664, -12.047903]]}, "properties": {"id": "1011546433#1", "nombre": "Avenida Abancay", "longitud": 97.73, "velocidad_max": 50.0, "num_lanes": 4}}, {"type": "Feature", "id": "1011546433#2", "geometry": {"type": "LineString", "coordinates": [[-77.026662, -12.047901], [-77.026632, -12.047841], [-77.026619, -12.047815]]}, "properties": {"id": "1011546433#2", "nombre": "Avenida Abancay", "longitud": 10.52, "velocidad_max": 50.0, "num_lanes": 4}}, {"type": "Feature", "id": "1011546434#0", "geometry": {"type": "LineString", "coordinates": [[-77.027637, -12.049748], [-77.027636, -12.049746], [-77.027248, -12.049024], [-77.027194, -12.048925], [-77.027172, -12.048883]]}, "properties": {"id": "1011546434#0", "nombre": "Avenida Abancay", "longitud": 108.26, "velocidad_max": 50.0, "num_lanes": 4}}, {"type": "Feature", "id": "1011546436#0", "geometry": {"type": "LineString", "coordinates": [[-77.028671, -12.05173], [-77.028649, -12.051688], [-77.028602, -12.051599], [-77.02833, -12.051087]]}, "properties": {"id": "1011546436#0", "nombre": "Avenida Abancay", "longitud": 80.17, "velocidad_max": 50.0, "num_lanes": 4}}, {"type": "Feature", "id": "1011546436#3", "geometry": {"type": "LineString", "coordinates": [[-77.028309, -12.051043], [-77.028251, -12.05093]]}, "properties": {"id": "1011546436#3", "nombre": "Avenida Abancay", "longitud": 14.1, "velocidad_max": 50.0, "num_lanes": 4}}, {"type": "Feature", "id": "1011546436#4", "geometry": {"type": "LineString", "coordinates": [[-77.028171, -12.050771], [-77.02817, -12.050769], [-77.02777, -12.049997], [-77.027725, -12.049906], [-77.027721, -12.0499]]}, "properties": {"id": "1011546436#4", "nombre": "Avenida Abancay", "longitud": 108.15, "velocidad_max": 50.0, "num_lanes": 4}}, {"type": "Feature", "id": "1011577692#0", "geometry": {"type": "LineString", "coordinates": [[-77.040123, -12.063065], [-77.039848, -12.063589]]}, "properties": {"id": "1011577692#0", "nombre": "Avenida Guzmán Blanco", "longitud": 65.19, "velocidad_max": 50.0, "num_lanes": 4}}, {"type": "Feature", "id": "1011577692#1", "geometry": {"type": "LineString", "coordinates": [[-77.03977, -12.063736], [-77.039469, -12.064305], [-77.03941, -12.064385]]}, "properties": {"id": "1011577692#1", "nombre": "Avenida Guzmán Blanco", "longitud": 81.91, "velocidad_max": 50.0, "num_lanes": 4}}, {"type": "Feature", "id": "1011577693", "geometry": {"type": "LineString", "coordinates": [[-77.038229, -12.057933], [-77.038228, -12.057932]]}, "properties": {"id": "1011577693", "nombre": "Avenida España", "longitud": 0.2, "velocidad_max": 80.0, "num_lanes": 1}}, {"type": "Feature", "id": "1011577694", "geometry": {"type": "LineString", "coordinates": [[-77.038226, -12.057957], [-77.03822, -12.057951]]}, "properties": {"id": "1011577694", "nombre": "Avenida España", "longitud": 0.95, "velocidad_max": 40.0, "num_lanes": 1}}, {"type": "Feature", "id": "1011577696#0", "geometry": {"type": "LineString", "coordinates": [[-77.038049, -12.057816], [-77.038048, -12.057815]]}, "properties": {"id": "1011577696#0", "nombre": "Avenida España", "longitud": 0.2, "velocidad_max": 80.0, "num_lanes": 1}}, {"type": "Feature", "id": "1011577697", "geometry": {"type": "LineString", "coordinates": [[-77.038086, -12.057845], [-77.038088, -12.057845]]}, "properties": {"id": "1011577697", "nombre": "Avenida España", "longitud": 0.2, "velocidad_max": 80.0, "num_lanes": 1}}, {"type": "Feature", "id": "1011577698#0", "geometry": {"type": "LineString", "coordinates": [[-77.038085, -12.056826], [-77.038091, -12.056749], [-77.038107, -12.056529], [-77.038109, -12.056508], [-77.038111, -12.056481], [-77.038133, -12.056205], [-77.038145, -12.056035]]}, "properties": {"id": "1011577698#0", "nombre": "Avenida Garcilaso de la Vega", "longitud": 87.7, "velocidad_max": 50.0, "num_lanes": 3}}, {"type": "Feature", "id": "1011577698#0-AddedOnRampEdge", "geometry": {"type": "LineString", "coordinates": [[-77.038, -12.057727], [-77.038052, -12.057065], [-77.038065, -12.056897]]}, "properties": {"id": "1011577698#0-AddedOnRampEdge", "nombre": "Avenida Garcilaso de la Vega", "longitud": 92.12, "velocidad_max": 50.0, "num_lanes": 4}}, {"type": "Feature", "id": "1011577699", "geometry": {"type": "LineString", "coordinates": [[-77.038085, -12.057856], [-77.038084, -12.057855]]}, "properties": {"id": "1011577699", "nombre": "Avenida España", "longitud": 0.2, "velocidad_max": 80.0, "num_lanes": 1}}, {"type": "Feature", "id": "1011577700", "geometry": {"type": "LineString", "coordinates": [[-77.038101, -12.057937], [-77.038101, -12.057939]]}, "properties": {"id": "1011577700", "nombre": "Avenida Garcilaso de la Vega", "longitud": 0.2, "velocidad_max": 50.0, "num_lanes": 2}}, {"type": "Feature", "id": "1011577701", "geometry": {"type": "LineString", "coordinates": [[-77.038107, -12.057874], [-77.038105, -12.057873]]}, "properties": {"id": "1011577701", "nombre": "Avenida España", "longitud": 0.29, "velocidad_max": 80.0, "num_lanes": 1}}, {"type": "Feature", "id": "1011577702", "geometry": {"type": "LineString", "coordinates": [[-77.038168, -12.057934], [-77.038168, -12.057935]]}, "properties": {"id": "1011577702", "nombre": "Avenida Garcilaso de la Vega", "longitud": 0.2, "velocidad_max": 50.0, "num_lanes": 2}}, {"type": "Feature", "id": "1011577703#0", "geometry": {"type": "LineString", "coordinates": [[-77.035401, -12.05564], [-77.035686, -12.055665], [-77.035701, -12.055668]]}, "properties": {"id": "1011577703#0", "nombre": "Avenida Franklin D. Roosevelt", "longitud": 32.82, "velocidad_max": 40.0, "num_lanes": 5}}, {"type": "Feature", "id": "1011577705#0", "geometry": {"type": "LineString", "coordinates": [[-77.037594, -12.052971], [-77.037434, -12.053486], [-77.037431, -12.053525], [-77.037429, -12.053692], [-77.037434, -12.053879], [-77.037436, -12.053945], [-77.037437, -12.053962], [-77.037437, -12.053984]]}, "properties": {"id": "1011577705#0", "nombre": "Jirón Rufino Torrico", "longitud": 114.72, "velocidad_max": 30.0, "num_lanes": 2}}, {"type": "Feature", "id": "1011577706#0", "geometry": {"type": "LineString", "coordinates": [[-77.025015, -12.095997], [-77.025185, -12.096364], [-77.025281, -12.096572], [-77.02529, -12.096593]]}, "properties": {"id": "1011577706#0", "nombre": "Avenida Paseo de la República", "longitud": 72.47, "velocidad_max": 60.0, "num_lanes": 4}}, {"type": "Feature", "id": "1013225435#0", "geometry": {"type": "LineString", "coordinates": [[-77.04434, -12.04527], [-77.044255, -12.046109], [-77.044229, -12.046308], [-77.044226, -12.046378]]}, "properties": {"id": "1013225435#0", "nombre": "Jirón Huarochirí", "longitud": 123.22, "velocidad_max": 30.0, "num_lanes": 2}}, {"type": "Feature", "id": "1013225436#0", "geometry": {"type": "LineString", "coordinates": [[-77.044186, -12.045147], [-77.044116, -12.045139], [-77.043692, -12.045095], [-77.043115, -12.045033]]}, "properties": {"id": "1013225436#0", "nombre": "Avenida Guillermo Dansey", "longitud": 117.39, "velocidad_max": 30.0, "num_lanes": 2}}, {"type": "Feature", "id": "1013422273#0", "geometry": {"type": "LineString", "coordinates": [[-77.046656, -12.05046], [-77.046351, -12.050527]]}, "properties": {"id": "1013422273#0", "nombre": "Jirón Zorritos", "longitud": 34.02, "velocidad_max": 40.0, "num_lanes": 3}}, {"type": "Feature", "id": "1013422273#1", "geometry": {"type": "LineString", "coordinates": [[-77.046252, -12.050547], [-77.046023, -12.05059], [-77.045791, -12.050621]]}, "properties": {"id": "1013422273#1", "nombre": "Jirón Zorritos", "longitud": 50.89, "velocidad_max": 40.0, "num_lanes": 3}}, {"type": "Feature", "id": "1013422273#2", "geometry": {"type": "LineString", "coordinates": [[-77.04568, -12.050633], [-77.04556, -12.050643], [-77.045405, -12.050653]]}, "properties": {"id": "1013422273#2", "nombre": "Jirón Zorritos", "longitud": 30.0, "velocidad_max": 40.0, "num_lanes": 3}}, {"type": "Feature", "id": "1013422273#4", "geometry": {"type": "LineString", "coordinates": [[-77.045302, -12.05066], [-77.044775, -12.050695]]}, "properties": {"id": "1013422273#4", "nombre": "Jirón Zorritos", "longitud": 57.58, "velocidad_max": 40.0, "num_lanes": 3}}, {"type": "Feature", "id": "1013422273#5", "geometry": {"type": "LineString", "coordinates": [[-77.044682, -12.050701], [-77.04419, -12.050733]]}, "properties": {"id": "1013422273#5", "nombre": "Jirón Zorritos", "longitud": 53.65, "velocidad_max": 40.0, "num_lanes": 3}}, {"type": "Feature", "id": "1013422273#6", "geometry": {"type": "LineString", "coordinates": [[-77.044068, -12.05074], [-77.04359, -12.050769]]}, "properties": {"id": "1013422273#6", "nombre": "Jirón Zorritos", "longitud": 52.16, "velocidad_max": 40.0, "num_lanes": 3}}, {"type": "Feature", "id": "1013422273#7", "geometry": {"type": "LineString", "coordinates": [[-77.043486, -12.050776], [-77.04347, -12.050777], [-77.043107, -12.0508], [-77.042643, -12.050831]]}, "properties": {"id": "1013422273#7", "nombre": "Jirón Zorritos", "longitud": 92.07, "velocidad_max": 40.0, "num_lanes": 3}}, {"type": "Feature", "id": "1013422274#1", "geometry": {"type": "LineString", "coordinates": [[-77.042484, -12.050946], [-77.042409, -12.051893]]}, "properties": {"id": "1013422274#1", "nombre": "Avenida Alfonso Ugarte", "longitud": 105.16, "velocidad_max": 50.0, "num_lanes": 3}}, {"type": "Feature", "id": "1013422274#2", "geometry": {"type": "LineString", "coordinates": [[-77.042401, -12.051995], [-77.042334, -12.052843]]}, "properties": {"id": "1013422274#2", "nombre": "Avenida Alfonso Ugarte", "longitud": 94.13, "velocidad_max": 50.0, "num_lanes": 3}}, {"type": "Feature", "id": "1013422274#3", "geometry": {"type": "LineString", "coordinates": [[-77.042334, -12.052845], [-77.042332, -12.052872], [-77.042291, -12.05339]]}, "properties": {"id": "1013422274#3", "nombre": "Avenida Alfonso Ugarte", "longitud": 60.38, "velocidad_max": 50.0, "num_lanes": 3}}, {"type": "Feature", "id": "1013422274#5", "geometry": {"type": "LineString", "coordinates": [[-77.042283, -12.05349], [-77.042228, -12.054179], [-77.042219, -12.054297]]}, "properties": {"id": "1013422274#5", "nombre": "Avenida Alfonso Ugarte", "longitud": 89.52, "velocidad_max": 50.0, "num_lanes": 3}}, {"type": "Feature", "id": "1013422274#7", "geometry": {"type": "LineString", "coordinates": [[-77.042219, -12.0543], [-77.04221, -12.05441]]}, "properties": {"id": "1013422274#7", "nombre": "Avenida Alfonso Ugarte", "longitud": 12.26, "velocidad_max": 50.0, "num_lanes": 3}}, {"type": "Feature", "id": "1013422279", "geometry": {"type": "LineString", "coordinates": [[-77.038824, -12.051008], [-77.038822, -12.051008]]}, "properties": {"id": "1013422279", "nombre": "Jirón Quilca", "longitud": 0.2, "velocidad_max": 30.0, "num_lanes": 2}}, {"type": "Feature", "id": "1013422280#0", "geometry": {"type": "LineString", "coordinates": [[-77.038836, -12.051072], [-77.038831, -12.051114], [-77.038827, -12.051153], [-77.038793, -12.051457]]}, "properties": {"id": "1013422280#0", "nombre": "Avenida Garcilaso de la Vega", "longitud": 42.8, "velocidad_max": 50.0, "num_lanes": 2}}, {"type": "Feature", "id": "1013422281#0", "geometry": {"type": "LineString", "coordinates": [[-77.041941, -12.054388], [-77.042042, -12.053291], [-77.042054, -12.053159], [-77.042077, -12.052906]]}, "properties": {"id": "1013422281#0", "nombre": "Avenida Alfonso Ugarte", "longitud": 164.63, "velocidad_max": 50.0, "num_lanes": 3}}, {"type": "Feature", "id": "1013422281#3", "geometry": {"type": "LineString", "coordinates": [[-77.042077, -12.052903], [-77.042079, -12.052878], [-77.042118, -12.052461]]}, "properties": {"id": "1013422281#3", "nombre": "Avenida Alfonso Ugarte", "longitud": 49.08, "velocidad_max": 50.0, "num_lanes": 3}}, {"type": "Feature", "id": "1013422281#5", "geometry": {"type": "LineString", "coordinates": [[-77.042127, -12.052361], [-77.042139, -12.052229], [-77.042171, -12.051884]]}, "properties": {"id": "1013422281#5", "nombre": "Avenida Alfonso Ugarte", "longitud": 52.92, "velocidad_max": 50.0, "num_lanes": 3}}, {"type": "Feature", "id": "1013422281#6", "geometry": {"type": "LineString", "coordinates": [[-77.042183, -12.051755], [-77.042228, -12.051257], [-77.04225, -12.05102]]}, "properties": {"id": "1013422281#6", "nombre": "Avenida Alfonso Ugarte", "longitud": 81.64, "velocidad_max": 50.0, "num_lanes": 3}}, {"type": "Feature", "id": "1013422283#0", "geometry": {"type": "LineString", "coordinates": [[-77.042193, -12.054598], [-77.042188, -12.054649], [-77.042125, -12.055353]]}, "properties": {"id": "1013422283#0", "nombre": "Avenida Alfonso Ugarte", "longitud": 83.9, "velocidad_max": 50.0, "num_lanes": 3}}, {"type": "Feature", "id": "1013422283#2", "geometry": {"type": "LineString", "coordinates": [[-77.042116, -12.055454], [-77.042081, -12.05582], [-77.042055, -12.056098]]}, "properties": {"id": "1013422283#2", "nombre": "Avenida Alfonso Ugarte", "longitud": 71.59, "velocidad_max": 50.0, "num_lanes": 3}}, {"type": "Feature", "id": "1013422287", "geometry": {"type": "LineString", "coordinates": [[-77.042013, -12.054488], [-77.042115, -12.054497]]}, "properties": {"id": "1013422287", "nombre": "Avenida Uruguay", "longitud": 11.14, "velocidad_max": 40.0, "num_lanes": 4}}, {"type": "Feature", "id": "1013422298", "geometry": {"type": "LineString", "coordinates": [[-77.041879, -12.058138], [-77.04187, -12.058247], [-77.041863, -12.058325], [-77.041837, -12.058638]]}, "properties": {"id": "1013422298", "nombre": "Avenida Alfonso Ugarte", "longitud": 55.48, "velocidad_max": 50.0, "num_lanes": 3}}, {"type": "Feature", "id": "1013422764", "geometry": {"type": "LineString", "coordinates": [[-77.011428, -12.072], [-77.011416, -12.071992]]}, "properties": {"id": "1013422764", "nombre": "Avenida México", "longitud": 1.59, "velocidad_max": 60.0, "num_lanes": 4}}, {"type": "Feature", "id": "1013422765", "geometry": {"type": "LineString", "coordinates": [[-77.011538, -12.071969], [-77.011544, -12.071964]]}, "properties": {"id": "1013422765", "nombre": "1013422765", "longitud": 0.92, "velocidad_max": 30.0, "num_lanes": 2}}, {"type": "Feature", "id": "1013800907#0", "geometry": {"type": "LineString", "coordinates": [[-77.037858, -12.061326], [-77.037857, -12.061343], [-77.037843, -12.06154], [-77.03783, -12.061694], [-77.037819, -12.061828], [-77.037814, -12.061885]]}, "properties": {"id": "1013800907#0", "nombre": "Avenida Garcilaso de la Vega", "longitud": 62.06, "velocidad_max": 50.0, "num_lanes": 4}}, {"type": "Feature", "id": "1013826677#0", "geometry": {"type": "LineString", "coordinates": [[-77.032494, -12.090419], [-77.032578, -12.089827], [-77.032596, -12.089695]]}, "properties": {"id": "1013826677#0", "nombre": "Avenida Petit Thouars", "longitud": 80.94, "velocidad_max": 50.0, "num_lanes": 4}}, {"type": "Feature", "id": "1013826677#2", "geometry": {"type": "LineString", "coordinates": [[-77.032611, -12.089594], [-77.03264, -12.089397], [-77.032688, -12.089078]]}, "properties": {"id": "1013826677#2", "nombre": "Avenida Petit Thouars", "longitud": 57.73, "velocidad_max": 50.0, "num_lanes": 4}}, {"type": "Feature", "id": "1013826678#0", "geometry": {"type": "LineString", "coordinates": [[-77.033491, -12.083277], [-77.033615, -12.082445], [-77.033627, -12.082363]]}, "properties": {"id": "1013826678#0", "nombre": "Avenida Petit Thouars", "longitud": 102.29, "velocidad_max": 50.0, "num_lanes": 4}}, {"type": "Feature", "id": "1013826678#1", "geometry": {"type": "LineString", "coordinates": [[-77.033646, -12.082234], [-77.03379, -12.081273]]}, "properties": {"id": "1013826678#1", "nombre": "Avenida Petit Thouars", "longitud": 107.48, "velocidad_max": 50.0, "num_lanes": 4}}, {"type": "Feature", "id": "1013826678#2", "geometry": {"type": "LineString", "coordinates": [[-77.033809, -12.081143], [-77.03388, -12.080667]]}, "properties": {"id": "1013826678#2", "nombre": "Avenida Petit Thouars", "longitud": 53.34, "velocidad_max": 50.0, "num_lanes": 4}}, {"type": "Feature", "id": "1013826678#4", "geometry": {"type": "LineString", "coordinates": [[-77.033903, -12.080509], [-77.033942, -12.080248], [-77.033957, -12.080151], [-77.034024, -12.079702], [-77.034039, -12.079598], [-77.034043, -12.079575]]}, "properties": {"id": "1013826678#4", "nombre": "Avenida Petit Thouars", "longitud": 104.48, "velocidad_max": 50.0, "num_lanes": 4}}, {"type": "Feature", "id": "1013826679", "geometry": {"type": "LineString", "coordinates": [[-77.032688, -12.089075], [-77.032696, -12.089019]]}, "properties": {"id": "1013826679", "nombre": "Avenida Petit Thouars", "longitud": 6.27, "velocidad_max": 60.0, "num_lanes": 4}}, {"type": "Feature", "id": "1014180604#0", "geometry": {"type": "LineString", "coordinates": [[-77.034003, -12.088381], [-77.033957, -12.088684]]}, "properties": {"id": "1014180604#0", "nombre": "Avenida Arequipa", "longitud": 33.82, "velocidad_max": 50.0, "num_lanes": 2}}, {"type": "Feature", "id": "1014180604#2", "geometry": {"type": "LineString", "coordinates": [[-77.033879, -12.089163], [-77.033791, -12.089735]]}, "properties": {"id": "1014180604#2", "nombre": "Avenida Arequipa", "longitud": 64.02, "velocidad_max": 50.0, "num_lanes": 2}}, {"type": "Feature", "id": "1014180605#2", "geometry": {"type": "LineString", "coordinates": [[-77.034993, -12.088826], [-77.034936, -12.089197]]}, "properties": {"id": "1014180605#2", "nombre": "Avenida Álvarez de Arenales", "longitud": 41.58, "velocidad_max": 40.0, "num_lanes": 4}}, {"type": "Feature", "id": "1014180606#0", "geometry": {"type": "LineString", "coordinates": [[-77.034066, -12.088373], [-77.034072, -12.088384], [-77.03412, -12.088445], [-77.034157, -12.088473], [-77.034197, -12.088489], [-77.034274, -12.088516], [-77.034583, -12.08856], [-77.034932, -12.08861]]}, "properties": {"id": "1014180606#0", "nombre": "Avenida César Vallejo", "longitud": 101.03, "velocidad_max": 50.0, "num_lanes": 2}}, {"type": "Feature", "id": "1014180607#0", "geometry": {"type": "LineString", "coordinates": [[-77.034612, -12.090784], [-77.033732, -12.09065]]}, "properties": {"id": "1014180607#0", "nombre": "Avenida Dos de Mayo", "longitud": 96.95, "velocidad_max": 40.0, "num_lanes": 2}}, {"type": "Feature", "id": "1014180608#0", "geometry": {"type": "LineString", "coordinates": [[-77.034917, -12.089327], [-77.034839, -12.089888]]}, "properties": {"id": "1014180608#0", "nombre": "Avenida Álvarez de Arenales", "longitud": 62.64, "velocidad_max": 40.0, "num_lanes": 4}}, {"type": "Feature", "id": "1014180608#1", "geometry": {"type": "LineString", "coordinates": [[-77.034825, -12.089988], [-77.034824, -12.089991], [-77.034811, -12.09008], [-77.034802, -12.090145], [-77.034755, -12.09047], [-77.034722, -12.090697]]}, "properties": {"id": "1014180608#1", "nombre": "Avenida Álvarez de Arenales", "longitud": 79.27, "velocidad_max": 40.0, "num_lanes": 4}}, {"type": "Feature", "id": "1014474905#0", "geometry": {"type": "LineString", "coordinates": [[-77.019614, -12.041022], [-77.019657, -12.041018], [-77.01973, -12.041015], [-77.019809, -12.041034], [-77.019818, -12.041038]]}, "properties": {"id": "1014474905#0", "nombre": "1014474905#0", "longitud": 22.61, "velocidad_max": 40.0, "num_lanes": 1}}, {"type": "Feature", "id": "1014474905#1", "geometry": {"type": "LineString", "coordinates": [[-77.019888, -12.041073], [-77.020249, -12.041253]]}, "properties": {"id": "1014474905#1", "nombre": "1014474905#1", "longitud": 43.97, "velocidad_max": 40.0, "num_lanes": 1}}, {"type": "Feature", "id": "1014474906", "geometry": {"type": "LineString", "coordinates": [[-77.019272, -12.040911], [-77.019011, -12.040791], [-77.018801, -12.0407]]}, "properties": {"id": "1014474906", "nombre": "Avenida 9 de Octubre", "longitud": 56.35, "velocidad_max": 50.0, "num_lanes": 3}}, {"type": "Feature", "id": "1014474907", "geometry": {"type": "LineString", "coordinates": [[-77.022018, -12.041861], [-77.022041, -12.041852], [-77.022071, -12.041843], [-77.022095, -12.04184]]}, "properties": {"id": "1014474907", "nombre": "1014474907", "longitud": 8.77, "velocidad_max": 40.0, "num_lanes": 2}}, {"type": "Feature", "id": "1014474909#0", "geometry": {"type": "LineString", "coordinates": [[-77.025754, -12.042251], [-77.025777, -12.042242], [-77.025877, -12.042207]]}, "properties": {"id": "1014474909#0", "nombre": "Jirón Loreto", "longitud": 14.19, "velocidad_max": 30.0, "num_lanes": 3}}, {"type": "Feature", "id": "1014474910", "geometry": {"type": "LineString", "coordinates": [[-77.025665, -12.042346], [-77.025647, -12.042367], [-77.025605, -12.042398], [-77.025564, -12.042415], [-77.02555, -12.04242], [-77.025537, -12.042422], [-77.025496, -12.042425]]}, "properties": {"id": "1014474910", "nombre": "1014474910", "longitud": 21.15, "velocidad_max": 30.0, "num_lanes": 2}}, {"type": "Feature", "id": "1014474911#0", "geometry": {"type": "LineString", "coordinates": [[-77.035544, -12.043514], [-77.035542, -12.043515]]}, "properties": {"id": "1014474911#0", "nombre": "Jirón Callao", "longitud": 0.2, "velocidad_max": 30.0, "num_lanes": 2}}, {"type": "Feature", "id": "1014474912", "geometry": {"type": "LineString", "coordinates": [[-77.035622, -12.043541], [-77.035625, -12.043545], [-77.03616, -12.044327]]}, "properties": {"id": "1014474912", "nombre": "Avenida Tacna", "longitud": 104.74, "velocidad_max": 50.0, "num_lanes": 2}}, {"type": "Feature", "id": "1014474913", "geometry": {"type": "LineString", "coordinates": [[-77.035612, -12.04347], [-77.035611, -12.043471]]}, "properties": {"id": "1014474913", "nombre": "Jirón Callao", "longitud": 0.2, "velocidad_max": 30.0, "num_lanes": 2}}, {"type": "Feature", "id": "1014474914", "geometry": {"type": "LineString", "coordinates": [[-77.035674, -12.043508], [-77.035675, -12.043509], [-77.036039, -12.044038], [-77.036223, -12.044306]]}, "properties": {"id": "1014474914", "nombre": "Avenida Tacna", "longitud": 106.55, "velocidad_max": 50.0, "num_lanes": 2}}, {"type": "Feature", "id": "1014474916", "geometry": {"type": "LineString", "coordinates": [[-77.033311, -12.065818], [-77.033285, -12.065868], [-77.033122, -12.066342], [-77.03294, -12.066868], [-77.032802, -12.067196], [-77.032773, -12.067298]]}, "properties": {"id": "1014474916", "nombre": "1014474916", "longitud": 174.06, "velocidad_max": 50.0, "num_lanes": 1}}, {"type": "Feature", "id": "1014648888#0", "geometry": {"type": "LineString", "coordinates": [[-77.040767, -12.070966], [-77.040817, -12.071076], [-77.04093, -12.071326]]}, "properties": {"id": "1014648888#0", "nombre": "Avenida General Salaverry", "longitud": 43.63, "velocidad_max": 45.0, "num_lanes": 2}}, {"type": "Feature", "id": "1014648888#2", "geometry": {"type": "LineString", "coordinates": [[-77.040985, -12.071445], [-77.041244, -12.072]]}, "properties": {"id": "1014648888#2", "nombre": "Avenida General Salaverry", "longitud": 67.56, "velocidad_max": 45.0, "num_lanes": 2}}, {"type": "Feature", "id": "1014648888#3", "geometry": {"type": "LineString", "coordinates": [[-77.041324, -12.072174], [-77.041572, -12.072727]]}, "properties": {"id": "1014648888#3", "nombre": "Avenida General Salaverry", "longitud": 66.85, "velocidad_max": 45.0, "num_lanes": 2}}, {"type": "Feature", "id": "1014648888#4", "geometry": {"type": "LineString", "coordinates": [[-77.041632, -12.072849], [-77.041907, -12.073372], [-77.041937, -12.073455], [-77.041981, -12.073576], [-77.042005, -12.073663], [-77.042016, -12.073717]]}, "properties": {"id": "1014648888#4", "nombre": "Avenida General Salaverry", "longitud": 105.24, "velocidad_max": 45.0, "num_lanes": 2}}, {"type": "Feature", "id": "1014964569#0", "geometry": {"type": "LineString", "coordinates": [[-77.019288, -12.041153], [-77.019451, -12.041092]]}, "properties": {"id": "1014964569#0", "nombre": "1014964569#0", "longitud": 19.02, "velocidad_max": 40.0, "num_lanes": 2}}, {"type": "Feature", "id": "1014964573", "geometry": {"type": "LineString", "coordinates": [[-77.02173, -12.042879], [-77.021346, -12.04284], [-77.021173, -12.042799], [-77.021046, -12.042771], [-77.020947, -12.042758], [-77.02086, -12.042763], [-77.020764, -12.042784], [-77.020695, -12.042809], [-77.020589, -12.042857], [-77.020432, -12.042951], [-77.020396, -12.042972], [-77.020355, -12.042987], [-77.020326, -12.042993], [-77.020296, -12.042996], [-77.020255, -12.042991], [-77.020215, -12.042981], [-77.020176, -12.042968], [-77.02014, -12.042951], [-77.019754, -12.042769]]}, "properties": {"id": "1014964573", "nombre": "1014964573", "longitud": 227.56, "velocidad_max": 40.0, "num_lanes": 2}}, {"type": "Feature", "id": "1014964583", "geometry": {"type": "LineString", "coordinates": [[-77.051012, -12.043875], [-77.051013, -12.043877]]}, "properties": {"id": "1014964583", "nombre": "Jirón Ramón Cárcamo", "longitud": 0.2, "velocidad_max": 80.0, "num_lanes": 1}}, {"type": "Feature", "id": "1014964584", "geometry": {"type": "LineString", "coordinates": [[-77.050947, -12.04389], [-77.050947, -12.043888]]}, "properties": {"id": "1014964584", "nombre": "Jirón Ramón Cárcamo", "longitud": 0.2, "velocidad_max": 80.0, "num_lanes": 4}}, {"type": "Feature", "id": "1015601200", "geometry": {"type": "LineString", "coordinates": [[-77.027575, -12.103379], [-77.027574, -12.103481], [-77.027577, -12.103528], [-77.02759, -12.103743], [-77.027592, -12.104123], [-77.027585, -12.104786]]}, "properties": {"id": "1015601200", "nombre": "1015601200", "longitud": 155.72, "velocidad_max": 50.0, "num_lanes": 1}}, {"type": "Feature", "id": "1015601201", "geometry": {"type": "LineString", "coordinates": [[-77.027585, -12.104786], [-77.02761, -12.105214], [-77.027618, -12.105514], [-77.027637, -12.10573]]}, "properties": {"id": "1015601201", "nombre": "1015601201", "longitud": 104.65, "velocidad_max": 80.0, "num_lanes": 1}}, {"type": "Feature", "id": "1015929409#0", "geometry": {"type": "LineString", "coordinates": [[-77.025459, -12.093904], [-77.025453, -12.093891], [-77.025091, -12.09316], [-77.025072, -12.093123]]}, "properties": {"id": "1015929409#0", "nombre": "Calle El Parque", "longitud": 96.11, "velocidad_max": 40.0, "num_lanes": 1}}, {"type": "Feature", "id": "1015929410#0", "geometry": {"type": "LineString", "coordinates": [[-77.026581, -12.093974], [-77.026573, -12.093973], [-77.026263, -12.093939], [-77.026219, -12.093931], [-77.025956, -12.093904], [-77.025798, -12.093909], [-77.025581, -12.093931], [-77.025567, -12.093935]]}, "properties": {"id": "1015929410#0", "nombre": "Calle Coronel Andrés Reyes", "longitud": 111.06, "velocidad_max": 50.0, "num_lanes": 2}}, {"type": "Feature", "id": "1015929419", "geometry": {"type": "LineString", "coordinates": [[-77.030364, -12.072726], [-77.03037, -12.072667]]}, "properties": {"id": "1015929419", "nombre": "Jirón Canta", "longitud": 6.49, "velocidad_max": 30.0, "num_lanes": 1}}, {"type": "Feature", "id": "1015929426#0", "geometry": {"type": "LineString", "coordinates": [[-77.030846, -12.073116], [-77.030737, -12.073612]]}, "properties": {"id": "1015929426#0", "nombre": "Avenida José Gálvez", "longitud": 56.2, "velocidad_max": 40.0, "num_lanes": 3}}, {"type": "Feature", "id": "1018156614#0", "geometry": {"type": "LineString", "coordinates": [[-77.050537, -12.08794], [-77.050018, -12.08694], [-77.049815, -12.08659], [-77.049793, -12.086552], [-77.049668, -12.086352]]}, "properties": {"id": "1018156614#0", "nombre": "Avenida General Salaverry", "longitud": 199.67, "velocidad_max": 45.0, "num_lanes": 2}}, {"type": "Feature", "id": "1018156622#0", "geometry": {"type": "LineString", "coordinates": [[-77.068926, -12.072164], [-77.069361, -12.072111], [-77.069534, -12.072091]]}, "properties": {"id": "1018156622#0", "nombre": "Avenida Simón Bolivar", "longitud": 66.63, "velocidad_max": 50.0, "num_lanes": 3}}, {"type": "Feature", "id": "1018156622#1", "geometry": {"type": "LineString", "coordinates": [[-77.069666, -12.072075], [-77.070064, -12.072027]]}, "properties": {"id": "1018156622#1", "nombre": "Avenida Simón Bolivar", "longitud": 43.68, "velocidad_max": 50.0, "num_lanes": 3}}, {"type": "Feature", "id": "1018156622#2", "geometry": {"type": "LineString", "coordinates": [[-77.070168, -12.072012], [-77.070176, -12.07201], [-77.070538, -12.071947], [-77.070827, -12.071892], [-77.07107, -12.071846], [-77.071931, -12.071649], [-77.072224, -12.071582], [-77.072398, -12.071543], [-77.072483, -12.071524], [-77.07296, -12.071418], [-77.072999, -12.07141], [-77.073058, -12.071398], [-77.073516, -12.071301], [-77.073613, -12.071281], [-77.073681, -12.071267], [-77.073842, -12.071233], [-77.073983, -12.071203], [-77.07421, -12.071155], [-77.07427, -12.071142], [-77.074807, -12.071023], [-77.075334, -12.070903], [-77.075534, -12.070863]]}, "properties": {"id": "1018156622#2", "nombre": "Avenida Simón Bolivar", "longitud": 598.15, "velocidad_max": 50.0, "num_lanes": 3}}, {"type": "Feature", "id": "1018156622#3", "geometry": {"type": "LineString", "coordinates": [[-77.075537, -12.070863], [-77.075563, -12.070857], [-77.07571, -12.070827]]}, "properties": {"id": "1018156622#3", "nombre": "Avenida Simón Bolivar", "longitud": 19.27, "velocidad_max": 50.0, "num_lanes": 3}}, {"type": "Feature", "id": "1018156624#2", "geometry": {"type": "LineString", "coordinates": [[-77.064269, -12.07188], [-77.064525, -12.0716], [-77.065116, -12.070999]]}, "properties": {"id": "1018156624#2", "nombre": "1018156624#2", "longitud": 134.24, "velocidad_max": 40.0, "num_lanes": 1}}, {"type": "Feature", "id": "1018156625#0", "geometry": {"type": "LineString", "coordinates": [[-77.064176, -12.071906], [-77.064094, -12.071002]]}, "properties": {"id": "1018156625#0", "nombre": "Avenida Bernardo O&apos;Higgins", "longitud": 100.39, "velocidad_max": 40.0, "num_lanes": 1}}, {"type": "Feature", "id": "1018156625#1", "geometry": {"type": "LineString", "coordinates": [[-77.064084, -12.070901], [-77.064044, -12.070514]]}, "properties": {"id": "1018156625#1", "nombre": "Avenida Bernardo O&apos;Higgins", "longitud": 43.12, "velocidad_max": 40.0, "num_lanes": 1}}, {"type": "Feature", "id": "1018156627#0", "geometry": {"type": "LineString", "coordinates": [[-77.063876, -12.072111], [-77.063566, -12.072053], [-77.063238, -12.071988], [-77.062595, -12.071828]]}, "properties": {"id": "1018156627#0", "nombre": "Avenida Simón Bolivar", "longitud": 143.01, "velocidad_max": 50.0, "num_lanes": 3}}, {"type": "Feature", "id": "1018156627#2", "geometry": {"type": "LineString", "coordinates": [[-77.062422, -12.071787], [-77.061799, -12.071644]]}, "properties": {"id": "1018156627#2", "nombre": "Avenida Simón Bolivar", "longitud": 69.7, "velocidad_max": 50.0, "num_lanes": 3}}, {"type": "Feature", "id": "1018156629#0", "geometry": {"type": "LineString", "coordinates": [[-77.064011, -12.072283], [-77.064002, -12.072295], [-77.063882, -12.07243], [-77.063766, -12.07256]]}, "properties": {"id": "1018156629#0", "nombre": "Avenida General José María Egusquiza", "longitud": 40.55, "velocidad_max": 40.0, "num_lanes": 2}}, {"type": "Feature", "id": "1018156629#3", "geometry": {"type": "LineString", "coordinates": [[-77.063719, -12.07261], [-77.063495, -12.072849], [-77.063162, -12.073202]]}, "properties": {"id": "1018156629#3", "nombre": "Avenida General José María Egusquiza", "longitud": 89.19, "velocidad_max": 40.0, "num_lanes": 2}}, {"type": "Feature", "id": "1018156629#6", "geometry": {"type": "LineString", "coordinates": [[-77.063066, -12.073301], [-77.062942, -12.073423], [-77.062686, -12.073695]]}, "properties": {"id": "1018156629#6", "nombre": "Avenida General José María Egusquiza", "longitud": 60.12, "velocidad_max": 40.0, "num_lanes": 2}}, {"type": "Feature", "id": "1020155918", "geometry": {"type": "LineString", "coordinates": [[-77.010549, -12.089191], [-77.010306, -12.089143], [-77.010145, -12.089141], [-77.009989, -12.089131]]}, "properties": {"id": "1020155918", "nombre": "1020155918", "longitud": 61.47, "velocidad_max": 80.0, "num_lanes": 1}}, {"type": "Feature", "id": "1020155919", "geometry": {"type": "LineString", "coordinates": [[-77.01056, -12.089135], [-77.010257, -12.089089], [-77.010095, -12.089065], [-77.00761, -12.088716], [-77.007363, -12.088684]]}, "properties": {"id": "1020155919", "nombre": "Avenida Javier Prado Este", "longitud": 351.7, "velocidad_max": 80.0, "num_lanes": 3}}, {"type": "Feature", "id": "1020681225#0", "geometry": {"type": "LineString", "coordinates": [[-77.01877, -12.040555], [-77.018923, -12.040605], [-77.018933, -12.040608]]}, "properties": {"id": "1020681225#0", "nombre": "Avenida 9 de Octubre", "longitud": 18.64, "velocidad_max": 50.0, "num_lanes": 3}}, {"type": "Feature", "id": "1020681225#0-AddedOffRampEdge", "geometry": {"type": "LineString", "coordinates": [[-77.019007, -12.040616], [-77.019098, -12.040646], [-77.019303, -12.040713], [-77.019432, -12.040765], [-77.019822, -12.040949]]}, "properties": {"id": "1020681225#0-AddedOffRampEdge", "nombre": "Avenida 9 de Octubre", "longitud": 96.21, "velocidad_max": 50.0, "num_lanes": 4}}, {"type": "Feature", "id": "1020681225#1", "geometry": {"type": "LineString", "coordinates": [[-77.019884, -12.040965], [-77.020405, -12.041235], [-77.020802, -12.041418], [-77.020854, -12.041439]]}, "properties": {"id": "1020681225#1", "nombre": "Avenida 9 de Octubre", "longitud": 117.98, "velocidad_max": 50.0, "num_lanes": 3}}, {"type": "Feature", "id": "1020681226", "geometry": {"type": "LineString", "coordinates": [[-77.018734, -12.040672], [-77.018591, -12.040618], [-77.018543, -12.040601], [-77.018536, -12.040599], [-77.018464, -12.040577], [-77.018311, -12.040535], [-77.018101, -12.040477], [-77.017984, -12.040448], [-77.017894, -12.04042], [-77.017853, -12.040403], [-77.017849, -12.040401]]}, "properties": {"id": "1020681226", "nombre": "Avenida 9 de Octubre", "longitud": 101.07, "velocidad_max": 50.0, "num_lanes": 2}}, {"type": "Feature", "id": "1021325945#0", "geometry": {"type": "LineString", "coordinates": [[-77.040996, -12.060225], [-77.040996, -12.060206]]}, "properties": {"id": "1021325945#0", "nombre": "Plaza Francisco Bolognesi", "longitud": 2.11, "velocidad_max": 40.0, "num_lanes": 2}}, {"type": "Feature", "id": "1021325945#1", "geometry": {"type": "LineString", "coordinates": [[-77.0411, -12.05992], [-77.041107, -12.059911], [-77.041158, -12.059853], [-77.041218, -12.059803], [-77.04128, -12.059763], [-77.041347, -12.059732], [-77.041371, -12.059725]]}, "properties": {"id": "1021325945#1", "nombre": "Plaza Francisco Bolognesi", "longitud": 37.15, "velocidad_max": 40.0, "num_lanes": 2}}, {"type": "Feature", "id": "1021325945#3", "geometry": {"type": "LineString", "coordinates": [[-77.041508, -12.059696], [-77.041512, -12.059696], [-77.041584, -12.059696], [-77.041656, -12.059704], [-77.041724, -12.059722]]}, "properties": {"id": "1021325945#3", "nombre": "Plaza Francisco Bolognesi", "longitud": 23.89, "velocidad_max": 40.0, "num_lanes": 2}}, {"type": "Feature", "id": "1021325945#5", "geometry": {"type": "LineString", "coordinates": [[-77.041724, -12.059721], [-77.041725, -12.059722]]}, "properties": {"id": "1021325945#5", "nombre": "Plaza Francisco Bolognesi", "longitud": 0.2, "velocidad_max": 40.0, "num_lanes": 2}}, {"type": "Feature", "id": "1021325945#6", "geometry": {"type": "LineString", "coordinates": [[-77.041848, -12.059781], [-77.041883, -12.059803], [-77.04195, -12.059861], [-77.041985, -12.059902], [-77.042007, -12.059928], [-77.042025, -12.059959]]}, "properties": {"id": "1021325945#6", "nombre": "Plaza Francisco Bolognesi", "longitud": 27.78, "velocidad_max": 40.0, "num_lanes": 2}}, {"type": "Feature", "id": "1021326658#1", "geometry": {"type": "LineString", "coordinates": [[-77.045773, -12.065516], [-77.045747, -12.065485], [-77.045636, -12.065354]]}, "properties": {"id": "1021326658#1", "nombre": "Avenida Brasil", "longitud": 23.28, "velocidad_max": 40.0, "num_lanes": 2}}, {"type": "Feature", "id": "1021528285#1", "geometry": {"type": "LineString", "coordinates": [[-77.031433, -12.05903], [-77.031482, -12.058607], [-77.031492, -12.058522], [-77.03151, -12.058368], [-77.031543, -12.058081]]}, "properties": {"id": "1021528285#1", "nombre": "Avenida Carlos Zavala", "longitud": 105.76, "velocidad_max": 60.0, "num_lanes": 2}}, {"type": "Feature", "id": "1021528286#0", "geometry": {"type": "LineString", "coordinates": [[-77.031487, -12.057994], [-77.030854, -12.057921], [-77.030841, -12.05792]]}, "properties": {"id": "1021528286#0", "nombre": "Jirón Montevideo", "longitud": 70.82, "velocidad_max": 30.0, "num_lanes": 3}}, {"type": "Feature", "id": "1021528286#3", "geometry": {"type": "LineString", "coordinates": [[-77.030816, -12.057902], [-77.030356, -12.057845], [-77.030179, -12.057824], [-77.030169, -12.057822]]}, "properties": {"id": "1021528286#3", "nombre": "Jirón Montevideo", "longitud": 70.96, "velocidad_max": 30.0, "num_lanes": 2}}, {"type": "Feature", "id": "1021528287#0", "geometry": {"type": "LineString", "coordinates": [[-77.029961, -12.057729], [-77.029964, -12.057701], [-77.030075, -12.056947], [-77.030103, -12.056755]]}, "properties": {"id": "1021528287#0", "nombre": "Avenida Abancay", "longitud": 108.94, "velocidad_max": 50.0, "num_lanes": 3}}, {"type": "Feature", "id": "1021805526", "geometry": {"type": "LineString", "coordinates": [[-77.030103, -12.091196], [-77.030147, -12.091331]]}, "properties": {"id": "1021805526", "nombre": "Avenida Prolongación Iquitos", "longitud": 15.76, "velocidad_max": 50.0, "num_lanes": 4}}, {"type": "Feature", "id": "1022102682#0", "geometry": {"type": "LineString", "coordinates": [[-77.030439, -12.05082], [-77.031043, -12.051728], [-77.031046, -12.051731]]}, "properties": {"id": "1022102682#0", "nombre": "Jirón Azángaro", "longitud": 120.58, "velocidad_max": 30.0, "num_lanes": 2}}, {"type": "Feature", "id": "1022102682#1", "geometry": {"type": "LineString", "coordinates": [[-77.031119, -12.051839], [-77.031441, -12.052306], [-77.031541, -12.052448], [-77.031716, -12.052687]]}, "properties": {"id": "1022102682#1", "nombre": "Jirón Azángaro", "longitud": 114.2, "velocidad_max": 30.0, "num_lanes": 2}}, {"type": "Feature", "id": "1022102682#3", "geometry": {"type": "LineString", "coordinates": [[-77.031792, -12.052793], [-77.03185, -12.052874], [-77.031982, -12.053059], [-77.032058, -12.053165]]}, "properties": {"id": "1022102682#3", "nombre": "Jirón Azángaro", "longitud": 50.51, "velocidad_max": 30.0, "num_lanes": 2}}, {"type": "Feature", "id": "1022441257#1", "geometry": {"type": "LineString", "coordinates": [[-77.036224, -12.044308], [-77.036236, -12.044326], [-77.036265, -12.044369]]}, "properties": {"id": "1022441257#1", "nombre": "Avenida Tacna", "longitud": 8.12, "velocidad_max": 50.0, "num_lanes": 2}}, {"type": "Feature", "id": "1022441258", "geometry": {"type": "LineString", "coordinates": [[-77.036267, -12.044428], [-77.036269, -12.044427]]}, "properties": {"id": "1022441258", "nombre": "Jirón Ica", "longitud": 0.2, "velocidad_max": 50.0, "num_lanes": 1}}, {"type": "Feature", "id": "1022441259#0", "geometry": {"type": "LineString", "coordinates": [[-77.03709, -12.044007], [-77.037448, -12.044489], [-77.037724, -12.044861], [-77.037733, -12.044873]]}, "properties": {"id": "1022441259#0", "nombre": "Jirón Chancay", "longitud": 118.72, "velocidad_max": 30.0, "num_lanes": 2}}, {"type": "Feature", "id": "1022441260#0", "geometry": {"type": "LineString", "coordinates": [[-77.036873, -12.045449], [-77.036872, -12.04545]]}, "properties": {"id": "1022441260#0", "nombre": "Jirón Huancavelica", "longitud": 0.2, "velocidad_max": 30.0, "num_lanes": 2}}, {"type": "Feature", "id": "1022441261#0", "geometry": {"type": "LineString", "coordinates": [[-77.036772, -12.045435], [-77.036765, -12.045425], [-77.036309, -12.044757], [-77.036196, -12.044591]]}, "properties": {"id": "1022441261#0", "nombre": "Avenida Tacna", "longitud": 112.38, "velocidad_max": 50.0, "num_lanes": 3}}, {"type": "Feature", "id": "1023395810#0", "geometry": {"type": "LineString", "coordinates": [[-77.029198, -12.118051], [-77.029193, -12.118084], [-77.029149, -12.118367], [-77.02914, -12.118509], [-77.029133, -12.118808], [-77.029144, -12.118894]]}, "properties": {"id": "1023395810#0", "nombre": "Avenida Arequipa", "longitud": 93.83, "velocidad_max": 50.0, "num_lanes": 2}}, {"type": "Feature", "id": "1023395811#1", "geometry": {"type": "LineString", "coordinates": [[-77.029412, -12.115832], [-77.029628, -12.114538]]}, "properties": {"id": "1023395811#1", "nombre": "Avenida Arequipa", "longitud": 145.11, "velocidad_max": 50.0, "num_lanes": 2}}, {"type": "Feature", "id": "1023395811#2", "geometry": {"type": "LineString", "coordinates": [[-77.02965, -12.114409], [-77.029721, -12.11402], [-77.029749, -12.113864], [-77.029753, -12.113844]]}, "properties": {"id": "1023395811#2", "nombre": "Avenida Arequipa", "longitud": 63.54, "velocidad_max": 50.0, "num_lanes": 2}}, {"type": "Feature", "id": "1023447484#0", "geometry": {"type": "LineString", "coordinates": [[-77.021995, -12.041954], [-77.022172, -12.042086], [-77.022295, -12.042179], [-77.022326, -12.0422], [-77.022511, -12.042324], [-77.022682, -12.042416], [-77.022736, -12.042445], [-77.022851, -12.042502], [-77.022957, -12.04254], [-77.022976, -12.042546], [-77.023028, -12.042554], [-77.023134, -12.042563], [-77.023293, -12.042571], [-77.023326, -12.042572], [-77.023402, -12.042569]]}, "properties": {"id": "1023447484#0", "nombre": "Avenida 9 de Octubre", "longitud": 172.48, "velocidad_max": 50.0, "num_lanes": 4}}, {"type": "Feature", "id": "1023690558", "geometry": {"type": "LineString", "coordinates": [[-77.019698, -12.090456], [-77.018037, -12.090217], [-77.01715, -12.09008], [-77.015761, -12.08987], [-77.015703, -12.089861], [-77.015334, -12.089805]]}, "properties": {"id": "1023690558", "nombre": "Avenida Javier Prado Este", "longitud": 480.62, "velocidad_max": 80.0, "num_lanes": 4}}, {"type": "Feature", "id": "1024007215#0", "geometry": {"type": "LineString", "coordinates": [[-77.04331, -12.043016], [-77.043373, -12.043058], [-77.043401, -12.043077], [-77.043472, -12.043142]]}, "properties": {"id": "1024007215#0", "nombre": "Plaza Ramón Castilla", "longitud": 22.63, "velocidad_max": 50.0, "num_lanes": 4}}, {"type": "Feature", "id": "1024007215#1", "geometry": {"type": "LineString", "coordinates": [[-77.04352, -12.043264], [-77.043534, -12.043366], [-77.043521, -12.04349], [-77.043478, -12.043607], [-77.043472, -12.043615]]}, "properties": {"id": "1024007215#1", "nombre": "Plaza Ramón Castilla", "longitud": 40.07, "velocidad_max": 50.0, "num_lanes": 4}}, {"type": "Feature", "id": "1024007215#2", "geometry": {"type": "LineString", "coordinates": [[-77.043364, -12.043735], [-77.043309, -12.043766]]}, "properties": {"id": "1024007215#2", "nombre": "Plaza Ramón Castilla", "longitud": 6.91, "velocidad_max": 50.0, "num_lanes": 4}}, {"type": "Feature", "id": "1024287686", "geometry": {"type": "LineString", "coordinates": [[-77.036184, -12.044363], [-77.036212, -12.044401]]}, "properties": {"id": "1024287686", "nombre": "Avenida Tacna", "longitud": 5.24, "velocidad_max": 45.0, "num_lanes": 2}}, {"type": "Feature", "id": "1024287689#3", "geometry": {"type": "LineString", "coordinates": [[-77.037512, -12.046162], [-77.037534, -12.046195]]}, "properties": {"id": "1024287689#3", "nombre": "Avenida Tacna", "longitud": 4.4, "velocidad_max": 50.0, "num_lanes": 2}}, {"type": "Feature", "id": "1024287689#4", "geometry": {"type": "LineString", "coordinates": [[-77.037535, -12.046197], [-77.037538, -12.046201]]}, "properties": {"id": "1024287689#4", "nombre": "Avenida Tacna", "longitud": 0.62, "velocidad_max": 50.0, "num_lanes": 2}}, {"type": "Feature", "id": "1024287690", "geometry": {"type": "LineString", "coordinates": [[-77.037015, -12.045443], [-77.037032, -12.045469], [-77.037289, -12.045841], [-77.03742, -12.046029], [-77.037426, -12.046038], [-77.03751, -12.04616]]}, "properties": {"id": "1024287690", "nombre": "Avenida Tacna", "longitud": 95.91, "velocidad_max": 50.0, "num_lanes": 2}}, {"type": "Feature", "id": "1024287691", "geometry": {"type": "LineString", "coordinates": [[-77.036958, -12.045413], [-77.036956, -12.045414]]}, "properties": {"id": "1024287691", "nombre": "Jirón Huancavelica", "longitud": 0.2, "velocidad_max": 50.0, "num_lanes": 1}}, {"type": "Feature", "id": "1024287692", "geometry": {"type": "LineString", "coordinates": [[-77.036951, -12.045453], [-77.036952, -12.045455]]}, "properties": {"id": "1024287692", "nombre": "Avenida Tacna", "longitud": 0.2, "velocidad_max": 50.0, "num_lanes": 2}}, {"type": "Feature", "id": "1024287693", "geometry": {"type": "LineString", "coordinates": [[-77.03694, -12.045439], [-77.036976, -12.045486]]}, "properties": {"id": "1024287693", "nombre": "Avenida Tacna", "longitud": 6.56, "velocidad_max": 45.0, "num_lanes": 2}}, {"type": "Feature", "id": "1024287695#0", "geometry": {"type": "LineString", "coordinates": [[-77.037471, -12.046319], [-77.037473, -12.046318]]}, "properties": {"id": "1024287695#0", "nombre": "Avenida Emancipación", "longitud": 0.2, "velocidad_max": 30.0, "num_lanes": 2}}, {"type": "Feature", "id": "1024287696#0", "geometry": {"type": "LineString", "coordinates": [[-77.037381, -12.046295], [-77.03738, -12.046293]]}, "properties": {"id": "1024287696#0", "nombre": "Avenida Tacna", "longitud": 0.2, "velocidad_max": 50.0, "num_lanes": 3}}, {"type": "Feature", "id": "1024287696#1", "geometry": {"type": "LineString", "coordinates": [[-77.037379, -12.046292], [-77.036896, -12.04561]]}, "properties": {"id": "1024287696#1", "nombre": "Avenida Tacna", "longitud": 92.04, "velocidad_max": 50.0, "num_lanes": 3}}, {"type": "Feature", "id": "1024287696#2", "geometry": {"type": "LineString", "coordinates": [[-77.036894, -12.045606], [-77.036872, -12.045573], [-77.036848, -12.04554]]}, "properties": {"id": "1024287696#2", "nombre": "Avenida Tacna", "longitud": 8.91, "velocidad_max": 50.0, "num_lanes": 3}}, {"type": "Feature", "id": "1024287697", "geometry": {"type": "LineString", "coordinates": [[-77.037642, -12.04644], [-77.03767, -12.046481]]}, "properties": {"id": "1024287697", "nombre": "Avenida Tacna", "longitud": 5.5, "velocidad_max": 45.0, "num_lanes": 2}}, {"type": "Feature", "id": "1024287698#1", "geometry": {"type": "LineString", "coordinates": [[-77.0382, -12.047172], [-77.038222, -12.047206], [-77.038227, -12.047213]]}, "properties": {"id": "1024287698#1", "nombre": "Avenida Tacna", "longitud": 5.42, "velocidad_max": 50.0, "num_lanes": 2}}, {"type": "Feature", "id": "1024287700#0", "geometry": {"type": "LineString", "coordinates": [[-77.0376, -12.046287], [-77.037637, -12.046339], [-77.037659, -12.046372], [-77.037671, -12.046391]]}, "properties": {"id": "1024287700#0", "nombre": "Avenida Tacna", "longitud": 13.9, "velocidad_max": 50.0, "num_lanes": 2}}, {"type": "Feature", "id": "1024287700#2", "geometry": {"type": "LineString", "coordinates": [[-77.037673, -12.046394], [-77.037694, -12.046425], [-77.038113, -12.047042], [-77.038198, -12.04717]]}, "properties": {"id": "1024287700#2", "nombre": "Avenida Tacna", "longitud": 103.22, "velocidad_max": 50.0, "num_lanes": 2}}, {"type": "Feature", "id": "1024287701#0", "geometry": {"type": "LineString", "coordinates": [[-77.037627, -12.046223], [-77.037628, -12.046222]]}, "properties": {"id": "1024287701#0", "nombre": "Avenida Emancipación", "longitud": 0.2, "velocidad_max": 100.0, "num_lanes": 2}}, {"type": "Feature", "id": "1024287701#1", "geometry": {"type": "LineString", "coordinates": [[-77.037625, -12.046224], [-77.038336, -12.045788]]}, "properties": {"id": "1024287701#1", "nombre": "Avenida Emancipación", "longitud": 91.27, "velocidad_max": 100.0, "num_lanes": 2}}, {"type": "Feature", "id": "1024287702", "geometry": {"type": "LineString", "coordinates": [[-77.037607, -12.046296], [-77.037608, -12.046297]]}, "properties": {"id": "1024287702", "nombre": "Avenida Tacna", "longitud": 0.2, "velocidad_max": 50.0, "num_lanes": 2}}, {"type": "Feature", "id": "1024287705", "geometry": {"type": "LineString", "coordinates": [[-77.038256, -12.047289], [-77.038254, -12.04729]]}, "properties": {"id": "1024287705", "nombre": "Jirón Moquegua", "longitud": 0.2, "velocidad_max": 30.0, "num_lanes": 1}}, {"type": "Feature", "id": "1024287706#0", "geometry": {"type": "LineString", "coordinates": [[-77.038301, -12.047322], [-77.038312, -12.047337], [-77.038462, -12.047553], [-77.039005, -12.048333], [-77.039111, -12.048505]]}, "properties": {"id": "1024287706#0", "nombre": "Avenida Tacna", "longitud": 157.86, "velocidad_max": 50.0, "num_lanes": 2}}, {"type": "Feature", "id": "1024287706#2", "geometry": {"type": "LineString", "coordinates": [[-77.039112, -12.048507], [-77.039143, -12.048558]]}, "properties": {"id": "1024287706#2", "nombre": "Avenida Tacna", "longitud": 7.03, "velocidad_max": 50.0, "num_lanes": 2}}, {"type": "Feature", "id": "1024287707#0", "geometry": {"type": "LineString", "coordinates": [[-77.038049, -12.0474], [-77.037814, -12.047548], [-77.037764, -12.04758], [-77.037683, -12.047631], [-77.037372, -12.047823], [-77.037208, -12.047924]]}, "properties": {"id": "1024287707#0", "nombre": "Jirón Moquegua", "longitud": 108.38, "velocidad_max": 30.0, "num_lanes": 2}}, {"type": "Feature", "id": "1024287708", "geometry": {"type": "LineString", "coordinates": [[-77.038081, -12.047305], [-77.038078, -12.047301], [-77.03764, -12.04666], [-77.037547, -12.046529]]}, "properties": {"id": "1024287708", "nombre": "Avenida Tacna", "longitud": 103.74, "velocidad_max": 50.0, "num_lanes": 3}}, {"type": "Feature", "id": "1024287711#1", "geometry": {"type": "LineString", "coordinates": [[-77.038827, -12.050693], [-77.038805, -12.050926]]}, "properties": {"id": "1024287711#1", "nombre": "Avenida Garcilaso de la Vega", "longitud": 25.87, "velocidad_max": 50.0, "num_lanes": 2}}, {"type": "Feature", "id": "1024287711#2", "geometry": {"type": "LineString", "coordinates": [[-77.038806, -12.050915], [-77.038806, -12.050916]]}, "properties": {"id": "1024287711#2", "nombre": "Avenida Garcilaso de la Vega", "longitud": 0.2, "velocidad_max": 50.0, "num_lanes": 2}}, {"type": "Feature", "id": "1024287715#0", "geometry": {"type": "LineString", "coordinates": [[-77.038572, -12.05418], [-77.038983, -12.054225]]}, "properties": {"id": "1024287715#0", "nombre": "Avenida Uruguay", "longitud": 45.01, "velocidad_max": 40.0, "num_lanes": 4}}, {"type": "Feature", "id": "1024287715#2", "geometry": {"type": "LineString", "coordinates": [[-77.039085, -12.054235], [-77.039495, -12.054277]]}, "properties": {"id": "1024287715#2", "nombre": "Avenida Uruguay", "longitud": 44.95, "velocidad_max": 40.0, "num_lanes": 4}}]}