{"type": "FeatureCollection", "features": [{"type": "Feature", "id": "-1008108801", "geometry": {"type": "LineString", "coordinates": [[-77.045584, -12.041461], [-77.045041, -12.041386], [-77.045029, -12.041394], [-77.045021, -12.041415], [-77.045009, -12.041529], [-77.044969, -12.041724], [-77.044948, -12.041779], [-77.04493, -12.041806], [-77.044912, -12.04183], [-77.044882, -12.041855], [-77.044793, -12.041904], [-77.04475, -12.041929], [-77.044726, -12.041944], [-77.044692, -12.041953], [-77.044688, -12.041953]]}, "properties": {"id": "-1008108801", "nombre": "-1008108801", "longitud": 139.99, "velocidad_max": 50.0, "num_lanes": 1}}, {"type": "Feature", "id": "-1011904678", "geometry": {"type": "LineString", "coordinates": [[-77.034723, -12.042586], [-77.03468, -12.042566], [-77.034662, -12.042547]]}, "properties": {"id": "-1011904678", "nombre": "-1011904678", "longitud": 8.11, "velocidad_max": 40.0, "num_lanes": 1}}, {"type": "Feature", "id": "-1013225435#3", "geometry": {"type": "LineString", "coordinates": [[-77.044168, -12.046372], [-77.04417, -12.046303], [-77.044196, -12.046103], [-77.044281, -12.045264]]}, "properties": {"id": "-1013225435#3", "nombre": "-1013225435#3", "longitud": 123.21, "velocidad_max": 30.0, "num_lanes": 2}}, {"type": "Feature", "id": "-1013225436#2", "geometry": {"type": "LineString", "coordinates": [[-77.043121, -12.044976], [-77.043698, -12.045037], [-77.044122, -12.045082], [-77.044193, -12.045089]]}, "properties": {"id": "-1013225436#2", "nombre": "-1013225436#2", "longitud": 117.4, "velocidad_max": 30.0, "num_lanes": 2}}, {"type": "Feature", "id": "-1013422279", "geometry": {"type": "LineString", "coordinates": [[-77.038822, -12.050964], [-77.038824, -12.050964]]}, "properties": {"id": "-1013422279", "nombre": "-1013422279", "longitud": 0.2, "velocidad_max": 30.0, "num_lanes": 1}}, {"type": "Feature", "id": "-1022441258", "geometry": {"type": "LineString", "coordinates": [[-77.036284, -12.044451], [-77.036283, -12.044452]]}, "properties": {"id": "-1022441258", "nombre": "-1022441258", "longitud": 0.2, "velocidad_max": 50.0, "num_lanes": 1}}, {"type": "Feature", "id": "-1024287691", "geometry": {"type": "LineString", "coordinates": [[-77.036941, -12.045389], [-77.036943, -12.045389]]}, "properties": {"id": "-1024287691", "nombre": "-1024287691", "longitud": 0.2, "velocidad_max": 50.0, "num_lanes": 1}}, {"type": "Feature", "id": "-1024287705", "geometry": {"type": "LineString", "coordinates": [[-77.038238, -12.047266], [-77.03824, -12.047265]]}, "properties": {"id": "-1024287705", "nombre": "-1024287705", "longitud": 0.2, "velocidad_max": 30.0, "num_lanes": 1}}, {"type": "Feature", "id": "-1024289640#0", "geometry": {"type": "LineString", "coordinates": [[-77.034683, -12.042527], [-77.034697, -12.042542], [-77.034731, -12.042558]]}, "properties": {"id": "-1024289640#0", "nombre": "-1024289640#0", "longitud": 6.33, "velocidad_max": 40.0, "num_lanes": 1}}, {"type": "Feature", "id": "-1024289640#1", "geometry": {"type": "LineString", "coordinates": [[-77.03434, -12.042178], [-77.034373, -12.042206], [-77.034418, -12.042245], [-77.034457, -12.042284], [-77.034681, -12.042526]]}, "properties": {"id": "-1024289640#1", "nombre": "-1024289640#1", "longitud": 53.62, "velocidad_max": 40.0, "num_lanes": 1}}, {"type": "Feature", "id": "-1092992398", "geometry": {"type": "LineString", "coordinates": [[-77.041244, -12.039756], [-77.041995, -12.039848], [-77.042014, -12.039851]]}, "properties": {"id": "-1092992398", "nombre": "-1092992398", "longitud": 84.52, "velocidad_max": 30.0, "num_lanes": 1}}, {"type": "Feature", "id": "-1092995420#0", "geometry": {"type": "LineString", "coordinates": [[-77.044628, -12.041968], [-77.044628, -12.04197]]}, "properties": {"id": "-1092995420#0", "nombre": "-1092995420#0", "longitud": 0.2, "velocidad_max": 50.0, "num_lanes": 1}}, {"type": "Feature", "id": "-1095196781#1", "geometry": {"type": "LineString", "coordinates": [[-77.03622, -12.038598], [-77.036242, -12.03862], [-77.036604, -12.039]]}, "properties": {"id": "-1095196781#1", "nombre": "-1095196781#1", "longitud": 61.03, "velocidad_max": 50.0, "num_lanes": 1}}, {"type": "Feature", "id": "-1095249272", "geometry": {"type": "LineString", "coordinates": [[-77.054393, -12.058084], [-77.054973, -12.057605]]}, "properties": {"id": "-1095249272", "nombre": "-1095249272", "longitud": 82.44, "velocidad_max": 30.0, "num_lanes": 1}}, {"type": "Feature", "id": "-111882716#1", "geometry": {"type": "LineString", "coordinates": [[-77.036332, -12.037247], [-77.036264, -12.037165], [-77.036158, -12.036999], [-77.03609, -12.03687], [-77.035946, -12.036618], [-77.035782, -12.036176]]}, "properties": {"id": "-111882716#1", "nombre": "-111882716#1", "longitud": 133.52, "velocidad_max": 30.0, "num_lanes": 1}}, {"type": "Feature", "id": "-111882716#3", "geometry": {"type": "LineString", "coordinates": [[-77.036608, -12.038], [-77.036562, -12.037705], [-77.036528, -12.037482], [-77.036436, -12.037373]]}, "properties": {"id": "-111882716#3", "nombre": "-111882716#3", "longitud": 73.6, "velocidad_max": 30.0, "num_lanes": 1}}, {"type": "Feature", "id": "-111882716#4", "geometry": {"type": "LineString", "coordinates": [[-77.037036, -12.038666], [-77.036666, -12.038155]]}, "properties": {"id": "-111882716#4", "nombre": "-111882716#4", "longitud": 69.41, "velocidad_max": 30.0, "num_lanes": 1}}, {"type": "Feature", "id": "-111887573#3", "geometry": {"type": "LineString", "coordinates": [[-77.04976, -12.038553], [-77.049599, -12.038565], [-77.049379, -12.038585], [-77.049163, -12.038599], [-77.049147, -12.038601]]}, "properties": {"id": "-111887573#3", "nombre": "-111887573#3", "longitud": 67.02, "velocidad_max": 50.0, "num_lanes": 1}}, {"type": "Feature", "id": "-111887847#0", "geometry": {"type": "LineString", "coordinates": [[-77.03705, -12.038767], [-77.036923, -12.038878], [-77.036699, -12.039088], [-77.036438, -12.039329], [-77.036265, -12.039483], [-77.036158, -12.039565], [-77.036124, -12.039566], [-77.036099, -12.039557], [-77.035692, -12.039109]]}, "properties": {"id": "-111887847#0", "nombre": "-111887847#0", "longitud": 204.49, "velocidad_max": 50.0, "num_lanes": 1}}, {"type": "Feature", "id": "-111887847#5", "geometry": {"type": "LineString", "coordinates": [[-77.038341, -12.037867], [-77.03814, -12.038027], [-77.03777, -12.038254], [-77.037686, -12.038305], [-77.037503, -12.038418], [-77.037452, -12.038455], [-77.037157, -12.038671], [-77.03715, -12.038677]]}, "properties": {"id": "-111887847#5", "nombre": "-111887847#5", "longitud": 157.85, "velocidad_max": 50.0, "num_lanes": 1}}, {"type": "Feature", "id": "-111888821#2", "geometry": {"type": "LineString", "coordinates": [[-77.049869, -12.042511], [-77.049907, -12.042515], [-77.050048, -12.042525], [-77.050256, -12.042542], [-77.051004, -12.042598]]}, "properties": {"id": "-111888821#2", "nombre": "-111888821#2", "longitud": 124.03, "velocidad_max": 30.0, "num_lanes": 1}}, {"type": "Feature", "id": "-111901707#1", "geometry": {"type": "LineString", "coordinates": [[-77.054058, -12.059687], [-77.054011, -12.059709], [-77.052804, -12.060031]]}, "properties": {"id": "-111901707#1", "nombre": "-111901707#1", "longitud": 141.87, "velocidad_max": 50.0, "num_lanes": 1}}, {"type": "Feature", "id": "-111914379#3", "geometry": {"type": "LineString", "coordinates": [[-77.046715, -12.03832], [-77.046588, -12.03848], [-77.046575, -12.038495], [-77.046546, -12.038528], [-77.0465, -12.038565], [-77.046483, -12.038574], [-77.046351, -12.038649], [-77.04607, -12.038802], [-77.045888, -12.038902], [-77.045662, -12.039029], [-77.045478, -12.039133], [-77.045469, -12.03914], [-77.045465, -12.039149], [-77.045462, -12.039185]]}, "properties": {"id": "-111914379#3", "nombre": "-111914379#3", "longitud": 170.1, "velocidad_max": 50.0, "num_lanes": 1}}, {"type": "Feature", "id": "-111914379#5", "geometry": {"type": "LineString", "coordinates": [[-77.047041, -12.037907], [-77.047038, -12.03791], [-77.046906, -12.038077], [-77.046778, -12.038241]]}, "properties": {"id": "-111914379#5", "nombre": "-111914379#5", "longitud": 46.71, "velocidad_max": 50.0, "num_lanes": 1}}, {"type": "Feature", "id": "-111914379#6", "geometry": {"type": "LineString", "coordinates": [[-77.048902, -12.036229], [-77.048878, -12.036267], [-77.048472, -12.03661], [-77.048086, -12.036945], [-77.047596, -12.037371], [-77.047113, -12.037834]]}, "properties": {"id": "-111914379#6", "nombre": "-111914379#6", "longitud": 263.94, "velocidad_max": 50.0, "num_lanes": 1}}, {"type": "Feature", "id": "-111916549", "geometry": {"type": "LineString", "coordinates": [[-77.053217, -12.056785], [-77.053625, -12.05726]]}, "properties": {"id": "-111916549", "nombre": "-111916549", "longitud": 68.91, "velocidad_max": 40.0, "num_lanes": 1}}, {"type": "Feature", "id": "-111921456#2", "geometry": {"type": "LineString", "coordinates": [[-77.04852, -12.042304], [-77.048614, -12.041317], [-77.048665, -12.040783], [-77.048666, -12.040772]]}, "properties": {"id": "-111921456#2", "nombre": "-111921456#2", "longitud": 170.25, "velocidad_max": 30.0, "num_lanes": 1}}, {"type": "Feature", "id": "-111921456#6", "geometry": {"type": "LineString", "coordinates": [[-77.048399, -12.04356], [-77.048427, -12.043274], [-77.048452, -12.043007], [-77.048478, -12.042737], [-77.04851, -12.042406]]}, "properties": {"id": "-111921456#6", "nombre": "-111921456#6", "longitud": 128.26, "velocidad_max": 30.0, "num_lanes": 1}}, {"type": "Feature", "id": "-111932840#0", "geometry": {"type": "LineString", "coordinates": [[-77.039427, -12.038036], [-77.039549, -12.03796], [-77.039588, -12.037937]]}, "properties": {"id": "-111932840#0", "nombre": "-111932840#0", "longitud": 20.63, "velocidad_max": 50.0, "num_lanes": 1}}, {"type": "Feature", "id": "-111932840#1", "geometry": {"type": "LineString", "coordinates": [[-77.039151, -12.038207], [-77.039315, -12.038105]]}, "properties": {"id": "-111932840#1", "nombre": "-111932840#1", "longitud": 21.11, "velocidad_max": 50.0, "num_lanes": 1}}, {"type": "Feature", "id": "-111933555#1", "geometry": {"type": "LineString", "coordinates": [[-77.03964, -12.039231], [-77.039455, -12.039284], [-77.039393, -12.039312], [-77.039075, -12.03947], [-77.038786, -12.039617], [-77.038613, -12.0397], [-77.038216, -12.039849]]}, "properties": {"id": "-111933555#1", "nombre": "-111933555#1", "longitud": 169.86, "velocidad_max": 30.0, "num_lanes": 1}}, {"type": "Feature", "id": "-111933555#2", "geometry": {"type": "LineString", "coordinates": [[-77.040813, -12.039178], [-77.040552, -12.03919], [-77.039986, -12.03921], [-77.039743, -12.039221]]}, "properties": {"id": "-111933555#2", "nombre": "-111933555#2", "longitud": 116.67, "velocidad_max": 30.0, "num_lanes": 1}}, {"type": "Feature", "id": "-111933555#6", "geometry": {"type": "LineString", "coordinates": [[-77.042088, -12.039526], [-77.042074, -12.039487], [-77.042049, -12.039443], [-77.042004, -12.039399], [-77.041884, -12.039324], [-77.04163, -12.039214], [-77.041555, -12.039195], [-77.041495, -12.03918], [-77.041297, -12.039156], [-77.040946, -12.039172]]}, "properties": {"id": "-111933555#6", "nombre": "-111933555#6", "longitud": 137.93, "velocidad_max": 30.0, "num_lanes": 1}}, {"type": "Feature", "id": "-111933555#7", "geometry": {"type": "LineString", "coordinates": [[-77.04207, -12.039807], [-77.042083, -12.039656]]}, "properties": {"id": "-111933555#7", "nombre": "-111933555#7", "longitud": 16.8, "velocidad_max": 30.0, "num_lanes": 1}}, {"type": "Feature", "id": "-111937371#0", "geometry": {"type": "LineString", "coordinates": [[-77.049901, -12.041142], [-77.04993, -12.040831]]}, "properties": {"id": "-111937371#0", "nombre": "-111937371#0", "longitud": 34.54, "velocidad_max": 50.0, "num_lanes": 1}}, {"type": "Feature", "id": "-111937371#3", "geometry": {"type": "LineString", "coordinates": [[-77.049767, -12.042414], [-77.049846, -12.041666], [-77.049873, -12.041455], [-77.049889, -12.041272]]}, "properties": {"id": "-111937371#3", "nombre": "-111937371#3", "longitud": 127.09, "velocidad_max": 50.0, "num_lanes": 1}}, {"type": "Feature", "id": "-111943263#0", "geometry": {"type": "LineString", "coordinates": [[-77.048787, -12.040723], [-77.048756, -12.040723]]}, "properties": {"id": "-111943263#0", "nombre": "-111943263#0", "longitud": 3.35, "velocidad_max": 30.0, "num_lanes": 1}}, {"type": "Feature", "id": "-111943263#2", "geometry": {"type": "LineString", "coordinates": [[-77.049931, -12.040625], [-77.049852, -12.040628], [-77.049753, -12.040643], [-77.049638, -12.040673], [-77.049537, -12.040686], [-77.049153, -12.040709], [-77.048976, -12.040718], [-77.048922, -12.04072]]}, "properties": {"id": "-111943263#2", "nombre": "-111943263#2", "longitud": 110.66, "velocidad_max": 30.0, "num_lanes": 1}}, {"type": "Feature", "id": "-111943263#3", "geometry": {"type": "LineString", "coordinates": [[-77.051226, -12.040494], [-77.050442, -12.040618], [-77.050291, -12.040633], [-77.050125, -12.040625], [-77.050066, -12.040624]]}, "properties": {"id": "-111943263#3", "nombre": "-111943263#3", "longitud": 127.63, "velocidad_max": 30.0, "num_lanes": 1}}, {"type": "Feature", "id": "-111945303", "geometry": {"type": "LineString", "coordinates": [[-77.041406, -12.040995], [-77.041342, -12.041165], [-77.041164, -12.04145]]}, "properties": {"id": "-111945303", "nombre": "-111945303", "longitud": 57.08, "velocidad_max": 30.0, "num_lanes": 1}}, {"type": "Feature", "id": "-111945652#0", "geometry": {"type": "LineString", "coordinates": [[-77.052424, -12.038162], [-77.052396, -12.037871]]}, "properties": {"id": "-111945652#0", "nombre": "-111945652#0", "longitud": 32.28, "velocidad_max": 50.0, "num_lanes": 1}}, {"type": "Feature", "id": "-111945652#1", "geometry": {"type": "LineString", "coordinates": [[-77.05248, -12.038818], [-77.052436, -12.038293]]}, "properties": {"id": "-111945652#1", "nombre": "-111945652#1", "longitud": 58.27, "velocidad_max": 50.0, "num_lanes": 1}}, {"type": "Feature", "id": "-111945652#4", "geometry": {"type": "LineString", "coordinates": [[-77.052541, -12.039457], [-77.052535, -12.039299], [-77.052514, -12.03912], [-77.052494, -12.038956]]}, "properties": {"id": "-111945652#4", "nombre": "-111945652#4", "longitud": 55.72, "velocidad_max": 50.0, "num_lanes": 1}}, {"type": "Feature", "id": "-1150784569", "geometry": {"type": "LineString", "coordinates": [[-77.04635, -12.039509], [-77.046409, -12.039515], [-77.046633, -12.039537], [-77.046756, -12.039549], [-77.046909, -12.039565], [-77.047183, -12.039592], [-77.04743, -12.039616], [-77.047445, -12.039617]]}, "properties": {"id": "-1150784569", "nombre": "-1150784569", "longitud": 119.83, "velocidad_max": 50.0, "num_lanes": 1}}, {"type": "Feature", "id": "-1152469888#1", "geometry": {"type": "LineString", "coordinates": [[-77.052918, -12.057867], [-77.052631, -12.057542], [-77.052233, -12.057091]]}, "properties": {"id": "-1152469888#1", "nombre": "-1152469888#1", "longitud": 113.7, "velocidad_max": 40.0, "num_lanes": 1}}, {"type": "Feature", "id": "-1152479654", "geometry": {"type": "LineString", "coordinates": [[-77.048275, -12.058147], [-77.048308, -12.057777]]}, "properties": {"id": "-1152479654", "nombre": "-1152479654", "longitud": 41.06, "velocidad_max": 30.0, "num_lanes": 1}}, {"type": "Feature", "id": "-1152521576", "geometry": {"type": "LineString", "coordinates": [[-77.050492, -12.047961], [-77.05042, -12.047955], [-77.050133, -12.047929], [-77.049471, -12.0479], [-77.04942, -12.047901]]}, "properties": {"id": "-1152521576", "nombre": "-1152521576", "longitud": 116.97, "velocidad_max": 30.0, "num_lanes": 1}}, {"type": "Feature", "id": "-1156806211#1", "geometry": {"type": "LineString", "coordinates": [[-77.041349, -12.049086], [-77.041598, -12.049437], [-77.042266, -12.04949]]}, "properties": {"id": "-1156806211#1", "nombre": "-1156806211#1", "longitud": 120.37, "velocidad_max": 30.0, "num_lanes": 1}}, {"type": "Feature", "id": "-1156816127#1", "geometry": {"type": "LineString", "coordinates": [[-77.0362, -12.038504], [-77.036334, -12.038373], [-77.036426, -12.038275], [-77.036576, -12.038129]]}, "properties": {"id": "-1156816127#1", "nombre": "-1156816127#1", "longitud": 58.34, "velocidad_max": 50.0, "num_lanes": 1}}, {"type": "Feature", "id": "-1156816127#2", "geometry": {"type": "LineString", "coordinates": [[-77.035693, -12.038995], [-77.035917, -12.038777], [-77.036106, -12.038595]]}, "properties": {"id": "-1156816127#2", "nombre": "-1156816127#2", "longitud": 63.03, "velocidad_max": 50.0, "num_lanes": 1}}, {"type": "Feature", "id": "-1156816127#4", "geometry": {"type": "LineString", "coordinates": [[-77.034691, -12.039962], [-77.035511, -12.039171], [-77.035599, -12.039086]]}, "properties": {"id": "-1156816127#4", "nombre": "-1156816127#4", "longitud": 138.47, "velocidad_max": 50.0, "num_lanes": 1}}, {"type": "Feature", "id": "-1159477011", "geometry": {"type": "LineString", "coordinates": [[-77.051212, -12.042579], [-77.051654, -12.042612]]}, "properties": {"id": "-1159477011", "nombre": "-1159477011", "longitud": 48.31, "velocidad_max": 30.0, "num_lanes": 1}}, {"type": "Feature", "id": "-1164183337#0", "geometry": {"type": "LineString", "coordinates": [[-77.048339, -12.040321], [-77.048622, -12.040348]]}, "properties": {"id": "-1164183337#0", "nombre": "-1164183337#0", "longitud": 30.95, "velocidad_max": 50.0, "num_lanes": 1}}, {"type": "Feature", "id": "-1164183337#1", "geometry": {"type": "LineString", "coordinates": [[-77.047935, -12.040284], [-77.048207, -12.040309]]}, "properties": {"id": "-1164183337#1", "nombre": "-1164183337#1", "longitud": 29.83, "velocidad_max": 50.0, "num_lanes": 1}}, {"type": "Feature", "id": "-1164183337#2", "geometry": {"type": "LineString", "coordinates": [[-77.047513, -12.040244], [-77.047803, -12.040271]]}, "properties": {"id": "-1164183337#2", "nombre": "-1164183337#2", "longitud": 31.78, "velocidad_max": 50.0, "num_lanes": 1}}, {"type": "Feature", "id": "-1164183338#0", "geometry": {"type": "LineString", "coordinates": [[-77.04834, -12.039782], [-77.048293, -12.040266]]}, "properties": {"id": "-1164183338#0", "nombre": "-1164183338#0", "longitud": 53.87, "velocidad_max": 50.0, "num_lanes": 1}}, {"type": "Feature", "id": "-1164183338#1", "geometry": {"type": "LineString", "coordinates": [[-77.048381, -12.039367], [-77.048353, -12.039652]]}, "properties": {"id": "-1164183338#1", "nombre": "-1164183338#1", "longitud": 31.66, "velocidad_max": 50.0, "num_lanes": 1}}, {"type": "Feature", "id": "-1164183338#2", "geometry": {"type": "LineString", "coordinates": [[-77.048494, -12.038209], [-77.048393, -12.039238]]}, "properties": {"id": "-1164183338#2", "nombre": "-1164183338#2", "longitud": 114.31, "velocidad_max": 50.0, "num_lanes": 1}}, {"type": "Feature", "id": "-1164183340", "geometry": {"type": "LineString", "coordinates": [[-77.048748, -12.039341], [-77.048728, -12.039341], [-77.048632, -12.03934], [-77.048437, -12.039322]]}, "properties": {"id": "-1164183340", "nombre": "-1164183340", "longitud": 33.95, "velocidad_max": 50.0, "num_lanes": 1}}, {"type": "Feature", "id": "-1164183341#0", "geometry": {"type": "LineString", "coordinates": [[-77.047936, -12.039744], [-77.047888, -12.040229]]}, "properties": {"id": "-1164183341#0", "nombre": "-1164183341#0", "longitud": 53.88, "velocidad_max": 50.0, "num_lanes": 1}}, {"type": "Feature", "id": "-1164183342", "geometry": {"type": "LineString", "coordinates": [[-77.047859, -12.040226], [-77.047906, -12.039741]]}, "properties": {"id": "-1164183342", "nombre": "-1164183342", "longitud": 53.88, "velocidad_max": 50.0, "num_lanes": 1}}, {"type": "Feature", "id": "-1166007546", "geometry": {"type": "LineString", "coordinates": [[-77.050214, -12.054611], [-77.050765, -12.054655], [-77.050812, -12.054656]]}, "properties": {"id": "-1166007546", "nombre": "-1166007546", "longitud": 65.25, "velocidad_max": 10.0, "num_lanes": 1}}, {"type": "Feature", "id": "-1178038818", "geometry": {"type": "LineString", "coordinates": [[-77.048448, -12.046361], [-77.048478, -12.045889], [-77.048465, -12.045832], [-77.048432, -12.045753], [-77.048366, -12.045624], [-77.048357, -12.045607]]}, "properties": {"id": "-1178038818", "nombre": "-1178038818", "longitud": 86.44, "velocidad_max": 50.0, "num_lanes": 1}}, {"type": "Feature", "id": "-1183326961", "geometry": {"type": "LineString", "coordinates": [[-77.047073, -12.043533], [-77.047073, -12.043531]]}, "properties": {"id": "-1183326961", "nombre": "-1183326961", "longitud": 0.2, "velocidad_max": 40.0, "num_lanes": 2}}, {"type": "Feature", "id": "-1227520147#1", "geometry": {"type": "LineString", "coordinates": [[-77.049838, -12.059073], [-77.049997, -12.05895], [-77.050195, -12.058796], [-77.050208, -12.058783]]}, "properties": {"id": "-1227520147#1", "nombre": "-1227520147#1", "longitud": 51.51, "velocidad_max": 50.0, "num_lanes": 1}}, {"type": "Feature", "id": "-1253103144#0", "geometry": {"type": "LineString", "coordinates": [[-77.038133, -12.041425], [-77.038173, -12.041488], [-77.038204, -12.041527], [-77.038318, -12.041687]]}, "properties": {"id": "-1253103144#0", "nombre": "-1253103144#0", "longitud": 35.39, "velocidad_max": 50.0, "num_lanes": 1}}, {"type": "Feature", "id": "-1253103144#1", "geometry": {"type": "LineString", "coordinates": [[-77.038069, -12.041301], [-77.038073, -12.041311]]}, "properties": {"id": "-1253103144#1", "nombre": "-1253103144#1", "longitud": 1.13, "velocidad_max": 50.0, "num_lanes": 1}}, {"type": "Feature", "id": "-1253103145#0", "geometry": {"type": "LineString", "coordinates": [[-77.038098, -12.041215], [-77.038274, -12.041191], [-77.038293, -12.041193], [-77.038319, -12.041242], [-77.038312, -12.041262], [-77.038152, -12.041356]]}, "properties": {"id": "-1253103145#0", "nombre": "-1253103145#0", "longitud": 50.06, "velocidad_max": 50.0, "num_lanes": 1}}, {"type": "Feature", "id": "-1253103145#1", "geometry": {"type": "LineString", "coordinates": [[-77.03784, -12.041249], [-77.037965, -12.041232]]}, "properties": {"id": "-1253103145#1", "nombre": "-1253103145#1", "longitud": 13.76, "velocidad_max": 50.0, "num_lanes": 1}}, {"type": "Feature", "id": "-1263940392#1", "geometry": {"type": "LineString", "coordinates": [[-77.051431, -12.056199], [-77.05155, -12.056629], [-77.051582, -12.056733]]}, "properties": {"id": "-1263940392#1", "nombre": "-1263940392#1", "longitud": 61.43, "velocidad_max": 40.0, "num_lanes": 1}}, {"type": "Feature", "id": "-126587258#3", "geometry": {"type": "LineString", "coordinates": [[-77.035815, -12.046065], [-77.036012, -12.045948], [-77.036159, -12.045859], [-77.03673, -12.045519], [-77.036743, -12.045511]]}, "properties": {"id": "-126587258#3", "nombre": "-126587258#3", "longitud": 118.23, "velocidad_max": 30.0, "num_lanes": 1}}, {"type": "Feature", "id": "-126587258#5", "geometry": {"type": "LineString", "coordinates": [[-77.034802, -12.046698], [-77.035503, -12.046259], [-77.035689, -12.046143], [-77.035702, -12.046134]]}, "properties": {"id": "-126587258#5", "nombre": "-126587258#5", "longitud": 116.22, "velocidad_max": 30.0, "num_lanes": 1}}, {"type": "Feature", "id": "-1271946317", "geometry": {"type": "LineString", "coordinates": [[-77.052197, -12.058625], [-77.052201, -12.058636]]}, "properties": {"id": "-1271946317", "nombre": "-1271946317", "longitud": 1.32, "velocidad_max": 50.0, "num_lanes": 1}}, {"type": "Feature", "id": "-1333795647", "geometry": {"type": "LineString", "coordinates": [[-77.047995, -12.039669], [-77.048267, -12.039695]]}, "properties": {"id": "-1333795647", "nombre": "-1333795647", "longitud": 29.82, "velocidad_max": 50.0, "num_lanes": 1}}, {"type": "Feature", "id": "-1334357004#2", "geometry": {"type": "LineString", "coordinates": [[-77.048944, -12.038164], [-77.048901, -12.038604], [-77.048861, -12.039014], [-77.048838, -12.039255]]}, "properties": {"id": "-1334357004#2", "nombre": "-1334357004#2", "longitud": 121.26, "velocidad_max": 30.0, "num_lanes": 1}}, {"type": "Feature", "id": "-1334357004#3", "geometry": {"type": "LineString", "coordinates": [[-77.048976, -12.037827], [-77.048956, -12.038033]]}, "properties": {"id": "-1334357004#3", "nombre": "-1334357004#3", "longitud": 22.88, "velocidad_max": 30.0, "num_lanes": 1}}, {"type": "Feature", "id": "-1334357005#2", "geometry": {"type": "LineString", "coordinates": [[-77.049624, -12.03925], [-77.049316, -12.039282], [-77.04924, -12.03929], [-77.048891, -12.039331]]}, "properties": {"id": "-1334357005#2", "nombre": "-1334357005#2", "longitud": 80.29, "velocidad_max": 80.0, "num_lanes": 1}}, {"type": "Feature", "id": "-1336563010", "geometry": {"type": "LineString", "coordinates": [[-77.052765, -12.056318], [-77.053059, -12.056622]]}, "properties": {"id": "-1336563010", "nombre": "-1336563010", "longitud": 46.33, "velocidad_max": 40.0, "num_lanes": 1}}, {"type": "Feature", "id": "-1337729114", "geometry": {"type": "LineString", "coordinates": [[-77.055012, -12.056156], [-77.055869, -12.05591]]}, "properties": {"id": "-1337729114", "nombre": "-1337729114", "longitud": 97.24, "velocidad_max": 55.0, "num_lanes": 1}}, {"type": "Feature", "id": "-1338326236", "geometry": {"type": "LineString", "coordinates": [[-77.051874, -12.057541], [-77.051872, -12.057542]]}, "properties": {"id": "-1338326236", "nombre": "-1338326236", "longitud": 0.2, "velocidad_max": 80.0, "num_lanes": 1}}, {"type": "Feature", "id": "-1338385757#2", "geometry": {"type": "LineString", "coordinates": [[-77.053691, -12.057337], [-77.05406, -12.057772], [-77.054168, -12.057899], [-77.05432, -12.058078]]}, "properties": {"id": "-1338385757#2", "nombre": "-1338385757#2", "longitud": 106.91, "velocidad_max": 50.0, "num_lanes": 1}}, {"type": "Feature", "id": "-1339672752#1", "geometry": {"type": "LineString", "coordinates": [[-77.046669, -12.047655], [-77.046673, -12.047577], [-77.046708, -12.047277], [-77.046724, -12.047151]]}, "properties": {"id": "-1339672752#1", "nombre": "-1339672752#1", "longitud": 56.19, "velocidad_max": 40.0, "num_lanes": 1}}, {"type": "Feature", "id": "-1339672757", "geometry": {"type": "LineString", "coordinates": [[-77.046923, -12.045451], [-77.046827, -12.046408]]}, "properties": {"id": "-1339672757", "nombre": "-1339672757", "longitud": 106.41, "velocidad_max": 40.0, "num_lanes": 1}}, {"type": "Feature", "id": "-1341315085", "geometry": {"type": "LineString", "coordinates": [[-77.051227, -12.056995], [-77.051444, -12.057013]]}, "properties": {"id": "-1341315085", "nombre": "-1341315085", "longitud": 23.75, "velocidad_max": 50.0, "num_lanes": 1}}, {"type": "Feature", "id": "-1341315086#0", "geometry": {"type": "LineString", "coordinates": [[-77.05056, -12.056939], [-77.050637, -12.056945], [-77.050774, -12.056957]]}, "properties": {"id": "-1341315086#0", "nombre": "-1341315086#0", "longitud": 23.38, "velocidad_max": 50.0, "num_lanes": 1}}, {"type": "Feature", "id": "-1341315086#1", "geometry": {"type": "LineString", "coordinates": [[-77.050226, -12.056911], [-77.050429, -12.056928]]}, "properties": {"id": "-1341315086#1", "nombre": "-1341315086#1", "longitud": 22.14, "velocidad_max": 50.0, "num_lanes": 1}}, {"type": "Feature", "id": "-1341315086#2", "geometry": {"type": "LineString", "coordinates": [[-77.049882, -12.056882], [-77.050094, -12.0569]]}, "properties": {"id": "-1341315086#2", "nombre": "-1341315086#2", "longitud": 23.22, "velocidad_max": 50.0, "num_lanes": 1}}, {"type": "Feature", "id": "-1341315086#3", "geometry": {"type": "LineString", "coordinates": [[-77.049261, -12.056831], [-77.04975, -12.056871]]}, "properties": {"id": "-1341315086#3", "nombre": "-1341315086#3", "longitud": 53.44, "velocidad_max": 50.0, "num_lanes": 1}}, {"type": "Feature", "id": "-1343411235", "geometry": {"type": "LineString", "coordinates": [[-77.050969, -12.043793], [-77.05097, -12.043786]]}, "properties": {"id": "-1343411235", "nombre": "-1343411235", "longitud": 0.73, "velocidad_max": 80.0, "num_lanes": 2}}, {"type": "Feature", "id": "-1347480484", "geometry": {"type": "LineString", "coordinates": [[-77.031434, -12.041437], [-77.031499, -12.041873]]}, "properties": {"id": "-1347480484", "nombre": "-1347480484", "longitud": 48.68, "velocidad_max": 50.0, "num_lanes": 1}}, {"type": "Feature", "id": "-1364061733", "geometry": {"type": "LineString", "coordinates": [[-77.038685, -12.052089], [-77.038687, -12.05209]]}, "properties": {"id": "-1364061733", "nombre": "-1364061733", "longitud": 0.2, "velocidad_max": 30.0, "num_lanes": 1}}, {"type": "Feature", "id": "-1364061734", "geometry": {"type": "LineString", "coordinates": [[-77.038595, -12.052779], [-77.038593, -12.052779]]}, "properties": {"id": "-1364061734", "nombre": "-1364061734", "longitud": 0.2, "velocidad_max": 30.0, "num_lanes": 1}}, {"type": "Feature", "id": "-1364061735", "geometry": {"type": "LineString", "coordinates": [[-77.03853, -12.053292], [-77.038532, -12.053292]]}, "properties": {"id": "-1364061735", "nombre": "-1364061735", "longitud": 0.2, "velocidad_max": 50.0, "num_lanes": 1}}, {"type": "Feature", "id": "-1364061736", "geometry": {"type": "LineString", "coordinates": [[-77.038757, -12.051533], [-77.038756, -12.051533]]}, "properties": {"id": "-1364061736", "nombre": "-1364061736", "longitud": 0.2, "velocidad_max": 50.0, "num_lanes": 1}}, {"type": "Feature", "id": "-1384242794#2", "geometry": {"type": "LineString", "coordinates": [[-77.044685, -12.041924], [-77.044686, -12.041924], [-77.044714, -12.041917], [-77.044735, -12.041904], [-77.044778, -12.041879], [-77.044865, -12.041831], [-77.04489, -12.041811], [-77.044906, -12.041789], [-77.044922, -12.041765], [-77.04494, -12.041716], [-77.04498, -12.041525], [-77.044992, -12.041408], [-77.045005, -12.041375], [-77.045034, -12.041356], [-77.045588, -12.041432]]}, "properties": {"id": "-1384242794#2", "nombre": "-1384242794#2", "longitud": 140.95, "velocidad_max": 50.0, "num_lanes": 1}}, {"type": "Feature", "id": "-1384899333", "geometry": {"type": "LineString", "coordinates": [[-77.049269, -12.047769], [-77.049338, -12.047194], [-77.049343, -12.047157]]}, "properties": {"id": "-1384899333", "nombre": "-1384899333", "longitud": 68.18, "velocidad_max": 30.0, "num_lanes": 1}}, {"type": "Feature", "id": "-1386537087", "geometry": {"type": "LineString", "coordinates": [[-77.044973, -12.058918], [-77.044519, -12.058877]]}, "properties": {"id": "-1386537087", "nombre": "-1386537087", "longitud": 49.59, "velocidad_max": 50.0, "num_lanes": 1}}, {"type": "Feature", "id": "-1386905614", "geometry": {"type": "LineString", "coordinates": [[-77.04563, -12.045949], [-77.046095, -12.045996], [-77.046268, -12.046014]]}, "properties": {"id": "-1386905614", "nombre": "-1386905614", "longitud": 69.86, "velocidad_max": 10.0, "num_lanes": 1}}, {"type": "Feature", "id": "-1388704928#1", "geometry": {"type": "LineString", "coordinates": [[-77.037317, -12.038902], [-77.037328, -12.038915], [-77.037589, -12.039238]]}, "properties": {"id": "-1388704928#1", "nombre": "-1388704928#1", "longitud": 47.53, "velocidad_max": 50.0, "num_lanes": 1}}, {"type": "Feature", "id": "-144954715#0", "geometry": {"type": "LineString", "coordinates": [[-77.05475, -12.039863], [-77.055436, -12.039765], [-77.055765, -12.039719], [-77.056094, -12.039675], [-77.056614, -12.039601]]}, "properties": {"id": "-144954715#0", "nombre": "-144954715#0", "longitud": 205.15, "velocidad_max": 40.0, "num_lanes": 1}}, {"type": "Feature", "id": "-144954715#1", "geometry": {"type": "LineString", "coordinates": [[-77.053186, -12.040105], [-77.054618, -12.039883]]}, "properties": {"id": "-144954715#1", "nombre": "-144954715#1", "longitud": 157.92, "velocidad_max": 40.0, "num_lanes": 1}}, {"type": "Feature", "id": "-144954715#2", "geometry": {"type": "LineString", "coordinates": [[-77.051606, -12.040345], [-77.052606, -12.0402], [-77.053056, -12.040125]]}, "properties": {"id": "-144954715#2", "nombre": "-144954715#2", "longitud": 159.75, "velocidad_max": 40.0, "num_lanes": 1}}, {"type": "Feature", "id": "-148630285#1", "geometry": {"type": "LineString", "coordinates": [[-77.043424, -12.041707], [-77.044348, -12.041988], [-77.04449, -12.041987], [-77.044538, -12.041982]]}, "properties": {"id": "-148630285#1", "nombre": "-148630285#1", "longitud": 126.07, "velocidad_max": 50.0, "num_lanes": 1}}, {"type": "Feature", "id": "-1521214179", "geometry": {"type": "LineString", "coordinates": [[-77.042796, -12.059967], [-77.042796, -12.059969]]}, "properties": {"id": "-1521214179", "nombre": "-1521214179", "longitud": 0.2, "velocidad_max": 50.0, "num_lanes": 1}}, {"type": "Feature", "id": "-172098497", "geometry": {"type": "LineString", "coordinates": [[-77.030053, -12.048342], [-77.029484, -12.048708], [-77.029256, -12.048855], [-77.029243, -12.048864], [-77.02919, -12.048897], [-77.0291, -12.048946]]}, "properties": {"id": "-172098497", "nombre": "-172098497", "longitud": 123.46, "velocidad_max": 50.0, "num_lanes": 1}}, {"type": "Feature", "id": "-172242987#2", "geometry": {"type": "LineString", "coordinates": [[-77.030771, -12.053317], [-77.030777, -12.053334], [-77.030782, -12.05335], [-77.030967, -12.05387]]}, "properties": {"id": "-172242987#2", "nombre": "-172242987#2", "longitud": 64.87, "velocidad_max": 40.0, "num_lanes": 1}}, {"type": "Feature", "id": "-172243963", "geometry": {"type": "LineString", "coordinates": [[-77.03442, -12.057169], [-77.034412, -12.057256], [-77.034395, -12.057427], [-77.034353, -12.058009]]}, "properties": {"id": "-172243963", "nombre": "-172243963", "longitud": 93.28, "velocidad_max": 30.0, "num_lanes": 1}}, {"type": "Feature", "id": "-172742936#3", "geometry": {"type": "LineString", "coordinates": [[-77.048261, -12.057722], [-77.048, -12.0577], [-77.047686, -12.057673], [-77.047598, -12.057666], [-77.047262, -12.057637]]}, "properties": {"id": "-172742936#3", "nombre": "-172742936#3", "longitud": 109.15, "velocidad_max": 30.0, "num_lanes": 1}}, {"type": "Feature", "id": "-172742936#5", "geometry": {"type": "LineString", "coordinates": [[-77.049423, -12.057821], [-77.048977, -12.057783], [-77.048393, -12.057733]]}, "properties": {"id": "-172742936#5", "nombre": "-172742936#5", "longitud": 112.65, "velocidad_max": 30.0, "num_lanes": 1}}, {"type": "Feature", "id": "-173514479#2", "geometry": {"type": "LineString", "coordinates": [[-77.038055, -12.038433], [-77.038291, -12.038328], [-77.0385, -12.038237], [-77.038616, -12.038186], [-77.038908, -12.038083], [-77.03895, -12.038073], [-77.038988, -12.038077], [-77.039018, -12.038092], [-77.03908, -12.038191]]}, "properties": {"id": "-173514479#2", "nombre": "-173514479#2", "longitud": 126.11, "velocidad_max": 50.0, "num_lanes": 1}}, {"type": "Feature", "id": "-173514479#3", "geometry": {"type": "LineString", "coordinates": [[-77.037668, -12.038647], [-77.03774, -12.038595], [-77.037928, -12.038494]]}, "properties": {"id": "-173514479#3", "nombre": "-173514479#3", "longitud": 33.01, "velocidad_max": 50.0, "num_lanes": 1}}, {"type": "Feature", "id": "-173514479#4", "geometry": {"type": "LineString", "coordinates": [[-77.037434, -12.038805], [-77.037562, -12.03872]]}, "properties": {"id": "-173514479#4", "nombre": "-173514479#4", "longitud": 16.88, "velocidad_max": 50.0, "num_lanes": 1}}, {"type": "Feature", "id": "-174393396#3", "geometry": {"type": "LineString", "coordinates": [[-77.044716, -12.041172], [-77.044703, -12.041289], [-77.044695, -12.041338], [-77.044678, -12.0415], [-77.04467, -12.041574], [-77.044656, -12.041698], [-77.044653, -12.041725], [-77.044635, -12.041877]]}, "properties": {"id": "-174393396#3", "nombre": "-174393396#3", "longitud": 78.44, "velocidad_max": 50.0, "num_lanes": 1}}, {"type": "Feature", "id": "-191714863", "geometry": {"type": "LineString", "coordinates": [[-77.033119, -12.051509], [-77.033517, -12.051254]]}, "properties": {"id": "-191714863", "nombre": "-191714863", "longitud": 51.72, "velocidad_max": 40.0, "num_lanes": 1}}, {"type": "Feature", "id": "-194875158", "geometry": {"type": "LineString", "coordinates": [[-77.04208, -12.056737], [-77.042786, -12.0568], [-77.042755, -12.057173]]}, "properties": {"id": "-194875158", "nombre": "-194875158", "longitud": 118.46, "velocidad_max": 10.0, "num_lanes": 1}}, {"type": "Feature", "id": "-231331578", "geometry": {"type": "LineString", "coordinates": [[-77.040324, -12.038437], [-77.039915, -12.037839]]}, "properties": {"id": "-231331578", "nombre": "-231331578", "longitud": 79.75, "velocidad_max": 50.0, "num_lanes": 1}}, {"type": "Feature", "id": "-231355748#3", "geometry": {"type": "LineString", "coordinates": [[-77.032588, -12.040603], [-77.032447, -12.040612], [-77.032281, -12.040624], [-77.031734, -12.04066], [-77.031558, -12.040672]]}, "properties": {"id": "-231355748#3", "nombre": "-231355748#3", "longitud": 112.42, "velocidad_max": 20.0, "num_lanes": 1}}, {"type": "Feature", "id": "-231711246#1", "geometry": {"type": "LineString", "coordinates": [[-77.039046, -12.040798], [-77.03905, -12.040821], [-77.039074, -12.040864], [-77.039129, -12.040944], [-77.039231, -12.041089], [-77.039244, -12.041107]]}, "properties": {"id": "-231711246#1", "nombre": "-231711246#1", "longitud": 40.68, "velocidad_max": 20.0, "num_lanes": 1}}, {"type": "Feature", "id": "-238678796", "geometry": {"type": "LineString", "coordinates": [[-77.038466, -12.052075], [-77.038002, -12.052013]]}, "properties": {"id": "-238678796", "nombre": "-238678796", "longitud": 50.92, "velocidad_max": 50.0, "num_lanes": 1}}, {"type": "Feature", "id": "-254905887#1", "geometry": {"type": "LineString", "coordinates": [[-77.052094, -12.059569], [-77.052106, -12.05983], [-77.052117, -12.060147]]}, "properties": {"id": "-254905887#1", "nombre": "-254905887#1", "longitud": 64.04, "velocidad_max": 30.0, "num_lanes": 1}}, {"type": "Feature", "id": "-254905888#1", "geometry": {"type": "LineString", "coordinates": [[-77.051724, -12.059001], [-77.051921, -12.059231], [-77.052042, -12.059372], [-77.052067, -12.059412], [-77.052083, -12.059469]]}, "properties": {"id": "-254905888#1", "nombre": "-254905888#1", "longitud": 65.43, "velocidad_max": 30.0, "num_lanes": 1}}, {"type": "Feature", "id": "-254905888#6", "geometry": {"type": "LineString", "coordinates": [[-77.050502, -12.057593], [-77.051123, -12.058308], [-77.051273, -12.058481], [-77.051284, -12.058494], [-77.051406, -12.058634], [-77.051657, -12.058923]]}, "properties": {"id": "-254905888#6", "nombre": "-254905888#6", "longitud": 193.6, "velocidad_max": 30.0, "num_lanes": 1}}, {"type": "Feature", "id": "-27898380", "geometry": {"type": "LineString", "coordinates": [[-77.042649, -12.044959], [-77.042099, -12.044921], [-77.04205, -12.04492], [-77.042032, -12.044925]]}, "properties": {"id": "-27898380", "nombre": "-27898380", "longitud": 67.42, "velocidad_max": 30.0, "num_lanes": 1}}, {"type": "Feature", "id": "-279665624#0", "geometry": {"type": "LineString", "coordinates": [[-77.044439, -12.043801], [-77.044439, -12.0438]]}, "properties": {"id": "-279665624#0", "nombre": "-279665624#0", "longitud": 0.2, "velocidad_max": 30.0, "num_lanes": 2}}, {"type": "Feature", "id": "-279665624#2", "geometry": {"type": "LineString", "coordinates": [[-77.044304, -12.045036], [-77.044387, -12.044214], [-77.044428, -12.043901], [-77.044428, -12.043896]]}, "properties": {"id": "-279665624#2", "nombre": "-279665624#2", "longitud": 126.88, "velocidad_max": 30.0, "num_lanes": 2}}, {"type": "Feature", "id": "-279843604", "geometry": {"type": "LineString", "coordinates": [[-77.037576, -12.046272], [-77.037575, -12.046273]]}, "properties": {"id": "-279843604", "nombre": "-279843604", "longitud": 0.2, "velocidad_max": 100.0, "num_lanes": 1}}, {"type": "Feature", "id": "-28316972#0", "geometry": {"type": "LineString", "coordinates": [[-77.045742, -12.043926], [-77.045742, -12.043925]]}, "properties": {"id": "-28316972#0", "nombre": "-28316972#0", "longitud": 0.2, "velocidad_max": 30.0, "num_lanes": 1}}, {"type": "Feature", "id": "-28316972#1", "geometry": {"type": "LineString", "coordinates": [[-77.045622, -12.045168], [-77.045732, -12.044025]]}, "properties": {"id": "-28316972#1", "nombre": "-28316972#1", "longitud": 127.01, "velocidad_max": 30.0, "num_lanes": 1}}, {"type": "Feature", "id": "-314142889#1", "geometry": {"type": "LineString", "coordinates": [[-77.04706, -12.044153], [-77.047007, -12.044656], [-77.046946, -12.045229], [-77.046939, -12.045293]]}, "properties": {"id": "-314142889#1", "nombre": "-314142889#1", "longitud": 126.77, "velocidad_max": 30.0, "num_lanes": 1}}, {"type": "Feature", "id": "-314142889#2", "geometry": {"type": "LineString", "coordinates": [[-77.047061, -12.044144], [-77.04706, -12.044153]]}, "properties": {"id": "-314142889#2", "nombre": "-314142889#2", "longitud": 1.02, "velocidad_max": 30.0, "num_lanes": 1}}, {"type": "Feature", "id": "-320884187#3", "geometry": {"type": "LineString", "coordinates": [[-77.045424, -12.047231], [-77.045466, -12.046777], [-77.045468, -12.046756], [-77.045468, -12.046753]]}, "properties": {"id": "-320884187#3", "nombre": "-320884187#3", "longitud": 53.06, "velocidad_max": 30.0, "num_lanes": 1}}, {"type": "Feature", "id": "-320884187#5", "geometry": {"type": "LineString", "coordinates": [[-77.045388, -12.047636], [-77.045408, -12.047414], [-77.045415, -12.04733]]}, "properties": {"id": "-320884187#5", "nombre": "-320884187#5", "longitud": 33.98, "velocidad_max": 30.0, "num_lanes": 1}}, {"type": "Feature", "id": "-320884187#7", "geometry": {"type": "LineString", "coordinates": [[-77.045331, -12.048307], [-77.045364, -12.047904]]}, "properties": {"id": "-320884187#7", "nombre": "-320884187#7", "longitud": 44.72, "velocidad_max": 30.0, "num_lanes": 1}}, {"type": "Feature", "id": "-320884187#8", "geometry": {"type": "LineString", "coordinates": [[-77.045287, -12.048753], [-77.045319, -12.048437]]}, "properties": {"id": "-320884187#8", "nombre": "-320884187#8", "longitud": 35.18, "velocidad_max": 30.0, "num_lanes": 1}}, {"type": "Feature", "id": "-322013810", "geometry": {"type": "LineString", "coordinates": [[-77.040067, -12.050329], [-77.039929, -12.050144]]}, "properties": {"id": "-322013810", "nombre": "-322013810", "longitud": 25.34, "velocidad_max": 30.0, "num_lanes": 1}}, {"type": "Feature", "id": "-326467017", "geometry": {"type": "LineString", "coordinates": [[-77.030543, -12.04167], [-77.030453, -12.041678]]}, "properties": {"id": "-326467017", "nombre": "-326467017", "longitud": 9.85, "velocidad_max": 40.0, "num_lanes": 1}}, {"type": "Feature", "id": "-327651363#0", "geometry": {"type": "LineString", "coordinates": [[-77.030594, -12.041587], [-77.030591, -12.041516]]}, "properties": {"id": "-327651363#0", "nombre": "-327651363#0", "longitud": 7.86, "velocidad_max": 50.0, "num_lanes": 1}}, {"type": "Feature", "id": "-327651363#1", "geometry": {"type": "LineString", "coordinates": [[-77.030595, -12.042093], [-77.030596, -12.041717]]}, "properties": {"id": "-327651363#1", "nombre": "-327651363#1", "longitud": 41.59, "velocidad_max": 50.0, "num_lanes": 1}}, {"type": "Feature", "id": "-338408648#1", "geometry": {"type": "LineString", "coordinates": [[-77.045554, -12.045891], [-77.045565, -12.045773], [-77.045607, -12.045326]]}, "properties": {"id": "-338408648#1", "nombre": "-338408648#1", "longitud": 62.74, "velocidad_max": 30.0, "num_lanes": 1}}, {"type": "Feature", "id": "-338408648#6", "geometry": {"type": "LineString", "coordinates": [[-77.045491, -12.046504], [-77.045493, -12.046478], [-77.045527, -12.046155], [-77.045541, -12.04602]]}, "properties": {"id": "-338408648#6", "nombre": "-338408648#6", "longitud": 53.81, "velocidad_max": 30.0, "num_lanes": 1}}, {"type": "Feature", "id": "-339500328", "geometry": {"type": "LineString", "coordinates": [[-77.046532, -12.048363], [-77.046532, -12.04836], [-77.046527, -12.048318], [-77.046489, -12.048188], [-77.046481, -12.048144], [-77.046475, -12.048095], [-77.046472, -12.047981], [-77.046474, -12.047942], [-77.046479, -12.047904], [-77.046487, -12.047858]]}, "properties": {"id": "-339500328", "nombre": "-339500328", "longitud": 56.69, "velocidad_max": 20.0, "num_lanes": 1}}, {"type": "Feature", "id": "-369935077", "geometry": {"type": "LineString", "coordinates": [[-77.05412, -12.037135], [-77.054137, -12.037426], [-77.054129, -12.037764], [-77.054128, -12.037783], [-77.054129, -12.038111], [-77.054137, -12.038132], [-77.054155, -12.038136], [-77.055306, -12.037961], [-77.056526, -12.037828], [-77.057924, -12.037652]]}, "properties": {"id": "-369935077", "nombre": "-369935077", "longitud": 526.6, "velocidad_max": 50.0, "num_lanes": 1}}, {"type": "Feature", "id": "-400443781", "geometry": {"type": "LineString", "coordinates": [[-77.036694, -12.038014], [-77.036985, -12.037727], [-77.037195, -12.037519], [-77.037636, -12.03708], [-77.038003, -12.036757], [-77.038374, -12.036431], [-77.039179, -12.035738], [-77.039445, -12.035492], [-77.039925, -12.03505], [-77.040276, -12.034734], [-77.040685, -12.034368]]}, "properties": {"id": "-400443781", "nombre": "-400443781", "longitud": 593.19, "velocidad_max": 50.0, "num_lanes": 1}}, {"type": "Feature", "id": "-400447718#1", "geometry": {"type": "LineString", "coordinates": [[-77.041035, -12.037499], [-77.041173, -12.037865], [-77.041307, -12.038158], [-77.041432, -12.038428]]}, "properties": {"id": "-400447718#1", "nombre": "-400447718#1", "longitud": 111.51, "velocidad_max": 50.0, "num_lanes": 1}}, {"type": "Feature", "id": "-427041932#1", "geometry": {"type": "LineString", "coordinates": [[-77.054741, -12.03916], [-77.055359, -12.039081]]}, "properties": {"id": "-427041932#1", "nombre": "-427041932#1", "longitud": 67.9, "velocidad_max": 50.0, "num_lanes": 1}}, {"type": "Feature", "id": "-427041932#3", "geometry": {"type": "LineString", "coordinates": [[-77.053829, -12.03929], [-77.054371, -12.039206], [-77.054426, -12.039198], [-77.054609, -12.039178]]}, "properties": {"id": "-427041932#3", "nombre": "-427041932#3", "longitud": 85.81, "velocidad_max": 50.0, "num_lanes": 1}}, {"type": "Feature", "id": "-427052742#0", "geometry": {"type": "LineString", "coordinates": [[-77.054773, -12.038737], [-77.054781, -12.038745], [-77.054839, -12.03878], [-77.05491, -12.038801], [-77.055217, -12.038896], [-77.055341, -12.038921], [-77.05536, -12.03893]]}, "properties": {"id": "-427052742#0", "nombre": "-427052742#0", "longitud": 67.79, "velocidad_max": 50.0, "num_lanes": 1}}, {"type": "Feature", "id": "-427052742#2", "geometry": {"type": "LineString", "coordinates": [[-77.054515, -12.038487], [-77.054593, -12.038551], [-77.054697, -12.038639]]}, "properties": {"id": "-427052742#2", "nombre": "-427052742#2", "longitud": 25.94, "velocidad_max": 50.0, "num_lanes": 1}}, {"type": "Feature", "id": "-427052782#0", "geometry": {"type": "LineString", "coordinates": [[-77.042797, -12.037762], [-77.043067, -12.037829], [-77.043095, -12.037835], [-77.04312, -12.037849], [-77.043222, -12.037933], [-77.043253, -12.037992], [-77.043288, -12.038069], [-77.043297, -12.038237], [-77.043273, -12.03841], [-77.043257, -12.038428]]}, "properties": {"id": "-427052782#0", "nombre": "-427052782#0", "longitud": 108.35, "velocidad_max": 10.0, "num_lanes": 1}}, {"type": "Feature", "id": "-427052782#1", "geometry": {"type": "LineString", "coordinates": [[-77.042605, -12.037711], [-77.04267, -12.037729]]}, "properties": {"id": "-427052782#1", "nombre": "-427052782#1", "longitud": 7.26, "velocidad_max": 10.0, "num_lanes": 1}}, {"type": "Feature", "id": "-428004496#0", "geometry": {"type": "LineString", "coordinates": [[-77.044532, -12.043281], [-77.044532, -12.043282]]}, "properties": {"id": "-428004496#0", "nombre": "-428004496#0", "longitud": 0.2, "velocidad_max": 30.0, "num_lanes": 1}}, {"type": "Feature", "id": "-428004496#2", "geometry": {"type": "LineString", "coordinates": [[-77.044621, -12.04206], [-77.044616, -12.042131], [-77.044539, -12.043189]]}, "properties": {"id": "-428004496#2", "nombre": "-428004496#2", "longitud": 125.22, "velocidad_max": 30.0, "num_lanes": 1}}, {"type": "Feature", "id": "-428006003", "geometry": {"type": "LineString", "coordinates": [[-77.04414, -12.040471], [-77.044177, -12.040471], [-77.045915, -12.041069], [-77.045977, -12.04109]]}, "properties": {"id": "-428006003", "nombre": "-428006003", "longitud": 211.76, "velocidad_max": 50.0, "num_lanes": 1}}, {"type": "Feature", "id": "-428006005#1", "geometry": {"type": "LineString", "coordinates": [[-77.047325, -12.04059], [-77.046966, -12.040552], [-77.04624, -12.040468]]}, "properties": {"id": "-428006005#1", "nombre": "-428006005#1", "longitud": 119.01, "velocidad_max": 30.0, "num_lanes": 1}}, {"type": "Feature", "id": "-428006005#3", "geometry": {"type": "LineString", "coordinates": [[-77.04862, -12.040717], [-77.048371, -12.040693], [-77.047457, -12.040604]]}, "properties": {"id": "-428006005#3", "nombre": "-428006005#3", "longitud": 127.25, "velocidad_max": 30.0, "num_lanes": 1}}, {"type": "Feature", "id": "-428014805#0", "geometry": {"type": "LineString", "coordinates": [[-77.052618, -12.049118], [-77.052682, -12.047658]]}, "properties": {"id": "-428014805#0", "nombre": "-428014805#0", "longitud": 161.7, "velocidad_max": 30.0, "num_lanes": 1}}, {"type": "Feature", "id": "-434577530", "geometry": {"type": "LineString", "coordinates": [[-77.048269, -12.058255], [-77.048275, -12.058149]]}, "properties": {"id": "-434577530", "nombre": "-434577530", "longitud": 11.68, "velocidad_max": 30.0, "num_lanes": 1}}, {"type": "Feature", "id": "-435343301#1", "geometry": {"type": "LineString", "coordinates": [[-77.031197, -12.050263], [-77.031136, -12.050302], [-77.031126, -12.050308], [-77.030483, -12.050714]]}, "properties": {"id": "-435343301#1", "nombre": "-435343301#1", "longitud": 92.38, "velocidad_max": 40.0, "num_lanes": 2}}, {"type": "Feature", "id": "-435353209", "geometry": {"type": "LineString", "coordinates": [[-77.052469, -12.0596], [-77.05227, -12.05894], [-77.052185, -12.058719]]}, "properties": {"id": "-435353209", "nombre": "-435353209", "longitud": 102.38, "velocidad_max": 50.0, "num_lanes": 2}}, {"type": "Feature", "id": "-435353211#3", "geometry": {"type": "LineString", "coordinates": [[-77.051857, -12.0576], [-77.05194, -12.057848], [-77.051993, -12.058005], [-77.052086, -12.058281], [-77.052164, -12.058529]]}, "properties": {"id": "-435353211#3", "nombre": "-435353211#3", "longitud": 108.1, "velocidad_max": 50.0, "num_lanes": 1}}, {"type": "Feature", "id": "-435353211#4", "geometry": {"type": "LineString", "coordinates": [[-77.051775, -12.057356], [-77.051815, -12.057476]]}, "properties": {"id": "-435353211#4", "nombre": "-435353211#4", "longitud": 14.04, "velocidad_max": 50.0, "num_lanes": 1}}, {"type": "Feature", "id": "-435353211#5", "geometry": {"type": "LineString", "coordinates": [[-77.051735, -12.057234], [-77.051774, -12.057353]]}, "properties": {"id": "-435353211#5", "nombre": "-435353211#5", "longitud": 13.85, "velocidad_max": 50.0, "num_lanes": 1}}, {"type": "Feature", "id": "-436430279#10", "geometry": {"type": "LineString", "coordinates": [[-77.052617, -12.040938], [-77.052483, -12.042426], [-77.052463, -12.042635]]}, "properties": {"id": "-436430279#10", "nombre": "-436430279#10", "longitud": 188.49, "velocidad_max": 50.0, "num_lanes": 1}}, {"type": "Feature", "id": "-436430279#2", "geometry": {"type": "LineString", "coordinates": [[-77.052147, -12.045953], [-77.052052, -12.04682], [-77.052024, -12.047172]]}, "properties": {"id": "-436430279#2", "nombre": "-436430279#2", "longitud": 135.61, "velocidad_max": 50.0, "num_lanes": 1}}, {"type": "Feature", "id": "-436430279#4", "geometry": {"type": "LineString", "coordinates": [[-77.052303, -12.044394], [-77.052218, -12.045244], [-77.052163, -12.045794]]}, "properties": {"id": "-436430279#4", "nombre": "-436430279#4", "longitud": 155.62, "velocidad_max": 50.0, "num_lanes": 1}}, {"type": "Feature", "id": "-436430279#8", "geometry": {"type": "LineString", "coordinates": [[-77.052451, -12.042764], [-77.052377, -12.043527], [-77.052317, -12.044137], [-77.052316, -12.044182]]}, "properties": {"id": "-436430279#8", "nombre": "-436430279#8", "longitud": 157.53, "velocidad_max": 50.0, "num_lanes": 1}}, {"type": "Feature", "id": "-440695562#2", "geometry": {"type": "LineString", "coordinates": [[-77.030718, -12.038624], [-77.030826, -12.038878], [-77.030835, -12.038899], [-77.030874, -12.038987], [-77.031131, -12.039557]]}, "properties": {"id": "-440695562#2", "nombre": "-440695562#2", "longitud": 112.49, "velocidad_max": 50.0, "num_lanes": 1}}, {"type": "Feature", "id": "-440974614#2", "geometry": {"type": "LineString", "coordinates": [[-77.041926, -12.042404], [-77.042131, -12.04266], [-77.042143, -12.042675], [-77.042306, -12.042876]]}, "properties": {"id": "-440974614#2", "nombre": "-440974614#2", "longitud": 66.68, "velocidad_max": 40.0, "num_lanes": 1}}, {"type": "Feature", "id": "-440974624#0", "geometry": {"type": "LineString", "coordinates": [[-77.04634, -12.046101], [-77.046309, -12.046398], [-77.046398, -12.046406]]}, "properties": {"id": "-440974624#0", "nombre": "-440974624#0", "longitud": 42.74, "velocidad_max": 10.0, "num_lanes": 1}}, {"type": "Feature", "id": "-440974624#1", "geometry": {"type": "LineString", "coordinates": [[-77.046406, -12.045447], [-77.046353, -12.045972]]}, "properties": {"id": "-440974624#1", "nombre": "-440974624#1", "longitud": 58.36, "velocidad_max": 10.0, "num_lanes": 1}}, {"type": "Feature", "id": "-441014163#0", "geometry": {"type": "LineString", "coordinates": [[-77.047035, -12.043948], [-77.047047, -12.043786], [-77.047063, -12.043627]]}, "properties": {"id": "-441014163#0", "nombre": "-441014163#0", "longitud": 35.71, "velocidad_max": 40.0, "num_lanes": 2}}, {"type": "Feature", "id": "-441014163#1", "geometry": {"type": "LineString", "coordinates": [[-77.047027, -12.044045], [-77.047027, -12.044043]]}, "properties": {"id": "-441014163#1", "nombre": "-441014163#1", "longitud": 0.2, "velocidad_max": 40.0, "num_lanes": 2}}, {"type": "Feature", "id": "-441104750#12", "geometry": {"type": "LineString", "coordinates": [[-77.054036, -12.037093], [-77.053369, -12.037185], [-77.053255, -12.037201], [-77.05313, -12.037214], [-77.052621, -12.03723], [-77.052208, -12.037271], [-77.052085, -12.037283], [-77.051882, -12.037304], [-77.051664, -12.037326], [-77.051499, -12.037343], [-77.051399, -12.037353], [-77.051335, -12.037359], [-77.051292, -12.037364]]}, "properties": {"id": "-441104750#12", "nombre": "-441104750#12", "longitud": 300.5, "velocidad_max": 40.0, "num_lanes": 1}}, {"type": "Feature", "id": "-441104750#13", "geometry": {"type": "LineString", "coordinates": [[-77.062931, -12.03574], [-77.062066, -12.035831], [-77.06173, -12.035873], [-77.061395, -12.035924], [-77.061088, -12.035976], [-77.060783, -12.036036], [-77.060513, -12.036096], [-77.060232, -12.036163], [-77.059515, -12.036341], [-77.059145, -12.036432], [-77.057897, -12.036751], [-77.057643, -12.036807], [-77.057367, -12.036857], [-77.057111, -12.03689], [-77.05686, -12.03691], [-77.056509, -12.03691], [-77.056099, -12.036887], [-77.055951, -12.036884], [-77.055805, -12.036892], [-77.055316, -12.036948], [-77.055239, -12.036956], [-77.05515, -12.036966], [-77.054167, -12.037076]]}, "properties": {"id": "-441104750#13", "nombre": "-441104750#13", "longitud": 969.53, "velocidad_max": 40.0, "num_lanes": 1}}, {"type": "Feature", "id": "-441104750#5", "geometry": {"type": "LineString", "coordinates": [[-77.047527, -12.038659], [-77.047503, -12.038676], [-77.047405, -12.038735], [-77.047333, -12.038775], [-77.04727, -12.038809], [-77.046983, -12.038904], [-77.046694, -12.038996], [-77.046422, -12.039072], [-77.046375, -12.039084]]}, "properties": {"id": "-441104750#5", "nombre": "-441104750#5", "longitud": 134.67, "velocidad_max": 40.0, "num_lanes": 1}}, {"type": "Feature", "id": "-441104750#6", "geometry": {"type": "LineString", "coordinates": [[-77.047712, -12.038525], [-77.047616, -12.038596]]}, "properties": {"id": "-441104750#6", "nombre": "-441104750#6", "longitud": 13.01, "velocidad_max": 40.0, "num_lanes": 1}}, {"type": "Feature", "id": "-441104750#7", "geometry": {"type": "LineString", "coordinates": [[-77.048896, -12.037789], [-77.048719, -12.03787], [-77.048612, -12.037924], [-77.048495, -12.037996], [-77.047794, -12.038467]]}, "properties": {"id": "-441104750#7", "nombre": "-441104750#7", "longitud": 141.79, "velocidad_max": 40.0, "num_lanes": 1}}, {"type": "Feature", "id": "-441104750#8", "geometry": {"type": "LineString", "coordinates": [[-77.049885, -12.037507], [-77.049781, -12.037518], [-77.049654, -12.037535], [-77.049512, -12.037567], [-77.049353, -12.037614], [-77.049198, -12.037666], [-77.049086, -12.037707], [-77.049025, -12.037732]]}, "properties": {"id": "-441104750#8", "nombre": "-441104750#8", "longitud": 97.33, "velocidad_max": 40.0, "num_lanes": 1}}, {"type": "Feature", "id": "-441104750#9", "geometry": {"type": "LineString", "coordinates": [[-77.051081, -12.037385], [-77.050788, -12.037415], [-77.050376, -12.037457], [-77.05002, -12.037493]]}, "properties": {"id": "-441104750#9", "nombre": "-441104750#9", "longitud": 116.16, "velocidad_max": 40.0, "num_lanes": 1}}, {"type": "Feature", "id": "-441104751#1", "geometry": {"type": "LineString", "coordinates": [[-77.042144, -12.03987], [-77.043017, -12.040005], [-77.043042, -12.040012]]}, "properties": {"id": "-441104751#1", "nombre": "-441104751#1", "longitud": 99.02, "velocidad_max": 30.0, "num_lanes": 1}}, {"type": "Feature", "id": "-463349372", "geometry": {"type": "LineString", "coordinates": [[-77.035165, -12.037964], [-77.035346, -12.038162]]}, "properties": {"id": "-463349372", "nombre": "-463349372", "longitud": 29.54, "velocidad_max": 10.0, "num_lanes": 1}}, {"type": "Feature", "id": "-463349912#0", "geometry": {"type": "LineString", "coordinates": [[-77.03805, -12.038525], [-77.03816, -12.03867], [-77.038351, -12.038911], [-77.038396, -12.038922], [-77.038437, -12.038904], [-77.038646, -12.038651], [-77.03883, -12.038454], [-77.038839, -12.038444], [-77.038944, -12.038336], [-77.039039, -12.038276]]}, "properties": {"id": "-463349912#0", "nombre": "-463349912#0", "longitud": 159.85, "velocidad_max": 50.0, "num_lanes": 1}}, {"type": "Feature", "id": "-463349912#1", "geometry": {"type": "LineString", "coordinates": [[-77.037983, -12.038427], [-77.037984, -12.038428]]}, "properties": {"id": "-463349912#1", "nombre": "-463349912#1", "longitud": 0.2, "velocidad_max": 50.0, "num_lanes": 1}}, {"type": "Feature", "id": "-463349915#0", "geometry": {"type": "LineString", "coordinates": [[-77.040303, -12.038523], [-77.040126, -12.038548], [-77.040094, -12.038551], [-77.040068, -12.038535], [-77.039622, -12.037966]]}, "properties": {"id": "-463349915#0", "nombre": "-463349915#0", "longitud": 105.77, "velocidad_max": 50.0, "num_lanes": 1}}, {"type": "Feature", "id": "-463349915#1", "geometry": {"type": "LineString", "coordinates": [[-77.040587, -12.038471], [-77.040441, -12.0385]]}, "properties": {"id": "-463349915#1", "nombre": "-463349915#1", "longitud": 16.18, "velocidad_max": 50.0, "num_lanes": 1}}, {"type": "Feature", "id": "-463349915#2", "geometry": {"type": "LineString", "coordinates": [[-77.040912, -12.038501], [-77.040871, -12.038482], [-77.040826, -12.038468], [-77.040773, -12.038457], [-77.040729, -12.038454], [-77.040713, -12.038455]]}, "properties": {"id": "-463349915#2", "nombre": "-463349915#2", "longitud": 22.51, "velocidad_max": 50.0, "num_lanes": 1}}, {"type": "Feature", "id": "-463349915#3", "geometry": {"type": "LineString", "coordinates": [[-77.041374, -12.038525], [-77.041148, -12.038547], [-77.041074, -12.038547]]}, "properties": {"id": "-463349915#3", "nombre": "-463349915#3", "longitud": 32.78, "velocidad_max": 50.0, "num_lanes": 1}}, {"type": "Feature", "id": "-463349915#4", "geometry": {"type": "LineString", "coordinates": [[-77.042052, -12.038416], [-77.04177, -12.038459], [-77.041512, -12.038507]]}, "properties": {"id": "-463349915#4", "nombre": "-463349915#4", "longitud": 59.74, "velocidad_max": 50.0, "num_lanes": 1}}, {"type": "Feature", "id": "-463349915#5", "geometry": {"type": "LineString", "coordinates": [[-77.042597, -12.038408], [-77.042492, -12.038405], [-77.042178, -12.038406]]}, "properties": {"id": "-463349915#5", "nombre": "-463349915#5", "longitud": 45.6, "velocidad_max": 50.0, "num_lanes": 1}}, {"type": "Feature", "id": "-463349915#7", "geometry": {"type": "LineString", "coordinates": [[-77.043233, -12.038442], [-77.043195, -12.03845], [-77.042727, -12.038415]]}, "properties": {"id": "-463349915#7", "nombre": "-463349915#7", "longitud": 55.44, "velocidad_max": 50.0, "num_lanes": 1}}, {"type": "Feature", "id": "-46490673", "geometry": {"type": "LineString", "coordinates": [[-77.048319, -12.057647], [-77.048392, -12.056852]]}, "properties": {"id": "-46490673", "nombre": "-46490673", "longitud": 88.34, "velocidad_max": 30.0, "num_lanes": 1}}, {"type": "Feature", "id": "-529237042", "geometry": {"type": "LineString", "coordinates": [[-77.05323, -12.042779], [-77.053176, -12.042779], [-77.052507, -12.042719]]}, "properties": {"id": "-529237042", "nombre": "-529237042", "longitud": 79.04, "velocidad_max": 50.0, "num_lanes": 1}}, {"type": "Feature", "id": "-559773336#3", "geometry": {"type": "LineString", "coordinates": [[-77.049977, -12.041199], [-77.049983, -12.0412], [-77.050204, -12.041219], [-77.050519, -12.041247], [-77.051136, -12.041303]]}, "properties": {"id": "-559773336#3", "nombre": "-559773336#3", "longitud": 126.75, "velocidad_max": 50.0, "num_lanes": 1}}, {"type": "Feature", "id": "-564126001#2", "geometry": {"type": "LineString", "coordinates": [[-77.047119, -12.037899], [-77.047388, -12.038143], [-77.047476, -12.038223], [-77.047703, -12.038428]]}, "properties": {"id": "-564126001#2", "nombre": "-564126001#2", "longitud": 86.42, "velocidad_max": 50.0, "num_lanes": 1}}, {"type": "Feature", "id": "-564126003#2", "geometry": {"type": "LineString", "coordinates": [[-77.049888, -12.037967], [-77.049425, -12.038042], [-77.049186, -12.038082], [-77.04901, -12.038108]]}, "properties": {"id": "-564126003#2", "nombre": "-564126003#2", "longitud": 96.83, "velocidad_max": 50.0, "num_lanes": 1}}, {"type": "Feature", "id": "-564126009", "geometry": {"type": "LineString", "coordinates": [[-77.039548, -12.038336], [-77.039406, -12.038146]]}, "properties": {"id": "-564126009", "nombre": "-564126009", "longitud": 26.03, "velocidad_max": 50.0, "num_lanes": 1}}, {"type": "Feature", "id": "-564126011", "geometry": {"type": "LineString", "coordinates": [[-77.037674, -12.038741], [-77.037916, -12.039086]]}, "properties": {"id": "-564126011", "nombre": "-564126011", "longitud": 46.36, "velocidad_max": 50.0, "num_lanes": 1}}, {"type": "Feature", "id": "-571071270#1", "geometry": {"type": "LineString", "coordinates": [[-77.05234, -12.058494], [-77.052348, -12.058499], [-77.0526, -12.058799], [-77.052998, -12.059231]]}, "properties": {"id": "-571071270#1", "nombre": "-571071270#1", "longitud": 108.61, "velocidad_max": 50.0, "num_lanes": 1}}, {"type": "Feature", "id": "-571086386#1", "geometry": {"type": "LineString", "coordinates": [[-77.042733, -12.03783], [-77.042711, -12.038099], [-77.042683, -12.038331]]}, "properties": {"id": "-571086386#1", "nombre": "-571086386#1", "longitud": 55.68, "velocidad_max": 50.0, "num_lanes": 1}}, {"type": "Feature", "id": "-571086389#2", "geometry": {"type": "LineString", "coordinates": [[-77.04214, -12.037588], [-77.042119, -12.037926], [-77.042113, -12.037989], [-77.042093, -12.038205], [-77.042118, -12.038324]]}, "properties": {"id": "-571086389#2", "nombre": "-571086389#2", "longitud": 81.91, "velocidad_max": 50.0, "num_lanes": 1}}, {"type": "Feature", "id": "-571086390", "geometry": {"type": "LineString", "coordinates": [[-77.040337, -12.037702], [-77.04064, -12.03837]]}, "properties": {"id": "-571086390", "nombre": "-571086390", "longitud": 80.95, "velocidad_max": 50.0, "num_lanes": 1}}, {"type": "Feature", "id": "-571086391", "geometry": {"type": "LineString", "coordinates": [[-77.040667, -12.037608], [-77.040992, -12.038427]]}, "properties": {"id": "-571086391", "nombre": "-571086391", "longitud": 97.23, "velocidad_max": 50.0, "num_lanes": 1}}, {"type": "Feature", "id": "-571358448", "geometry": {"type": "LineString", "coordinates": [[-77.02955, -12.04225], [-77.030397, -12.042065], [-77.030376, -12.041736]]}, "properties": {"id": "-571358448", "nombre": "-571358448", "longitud": 130.93, "velocidad_max": 10.0, "num_lanes": 1}}, {"type": "Feature", "id": "-642250639#1", "geometry": {"type": "LineString", "coordinates": [[-77.046245, -12.03911], [-77.045556, -12.039218], [-77.045484, -12.039229]]}, "properties": {"id": "-642250639#1", "nombre": "-642250639#1", "longitud": 83.98, "velocidad_max": 40.0, "num_lanes": 1}}, {"type": "Feature", "id": "-67709150#0", "geometry": {"type": "LineString", "coordinates": [[-77.051881, -12.057456], [-77.0518, -12.057215]]}, "properties": {"id": "-67709150#0", "nombre": "-67709150#0", "longitud": 28.05, "velocidad_max": 50.0, "num_lanes": 1}}, {"type": "Feature", "id": "-67709150#1", "geometry": {"type": "LineString", "coordinates": [[-77.052236, -12.05846], [-77.052214, -12.058444], [-77.051923, -12.057579]]}, "properties": {"id": "-67709150#1", "nombre": "-67709150#1", "longitud": 103.73, "velocidad_max": 50.0, "num_lanes": 1}}, {"type": "Feature", "id": "-746192569#1", "geometry": {"type": "LineString", "coordinates": [[-77.046791, -12.038308], [-77.046979, -12.038464], [-77.047237, -12.038679]]}, "properties": {"id": "-746192569#1", "nombre": "-746192569#1", "longitud": 63.61, "velocidad_max": 50.0, "num_lanes": 1}}, {"type": "Feature", "id": "-747150022", "geometry": {"type": "LineString", "coordinates": [[-77.040808, -12.039684], [-77.040861, -12.039228]]}, "properties": {"id": "-747150022", "nombre": "-747150022", "longitud": 50.77, "velocidad_max": 16.1, "num_lanes": 1}}, {"type": "Feature", "id": "-747150024#1", "geometry": {"type": "LineString", "coordinates": [[-77.039829, -12.039656], [-77.039698, -12.039279]]}, "properties": {"id": "-747150024#1", "nombre": "-747150024#1", "longitud": 44.09, "velocidad_max": 50.0, "num_lanes": 1}}, {"type": "Feature", "id": "-75037348", "geometry": {"type": "LineString", "coordinates": [[-77.030692, -12.040818], [-77.030755, -12.041395]]}, "properties": {"id": "-75037348", "nombre": "-75037348", "longitud": 64.13, "velocidad_max": 50.0, "num_lanes": 1}}, {"type": "Feature", "id": "-75223330#2", "geometry": {"type": "LineString", "coordinates": [[-77.03357, -12.052204], [-77.033546, -12.052169], [-77.033269, -12.051766], [-77.033113, -12.05154]]}, "properties": {"id": "-75223330#2", "nombre": "-75223330#2", "longitud": 88.79, "velocidad_max": 30.0, "num_lanes": 1}}, {"type": "Feature", "id": "-75226952#1", "geometry": {"type": "LineString", "coordinates": [[-77.038294, -12.041704], [-77.03818, -12.041544], [-77.038149, -12.041504], [-77.038105, -12.041437]]}, "properties": {"id": "-75226952#1", "nombre": "-75226952#1", "longitud": 36.02, "velocidad_max": 50.0, "num_lanes": 1}}, {"type": "Feature", "id": "-75226954#0", "geometry": {"type": "LineString", "coordinates": [[-77.038858, -12.050643], [-77.038857, -12.050644]]}, "properties": {"id": "-75226954#0", "nombre": "-75226954#0", "longitud": 0.2, "velocidad_max": 40.0, "num_lanes": 1}}, {"type": "Feature", "id": "-75226954#2", "geometry": {"type": "LineString", "coordinates": [[-77.039758, -12.050057], [-77.038979, -12.050565]]}, "properties": {"id": "-75226954#2", "nombre": "-75226954#2", "longitud": 101.81, "velocidad_max": 40.0, "num_lanes": 1}}, {"type": "Feature", "id": "-77228678#1", "geometry": {"type": "LineString", "coordinates": [[-77.043172, -12.057208], [-77.043202, -12.056825], [-77.043235, -12.05642]]}, "properties": {"id": "-77228678#1", "nombre": "-77228678#1", "longitud": 87.49, "velocidad_max": 30.0, "num_lanes": 1}}, {"type": "Feature", "id": "-77526820", "geometry": {"type": "LineString", "coordinates": [[-77.050248, -12.056078], [-77.050179, -12.056856]]}, "properties": {"id": "-77526820", "nombre": "-77526820", "longitud": 86.42, "velocidad_max": 30.0, "num_lanes": 1}}, {"type": "Feature", "id": "-77526821", "geometry": {"type": "LineString", "coordinates": [[-77.050584, -12.056105], [-77.050514, -12.056884]]}, "properties": {"id": "-77526821", "nombre": "-77526821", "longitud": 86.52, "velocidad_max": 20.0, "num_lanes": 1}}, {"type": "Feature", "id": "-77526835#1", "geometry": {"type": "LineString", "coordinates": [[-77.049917, -12.056051], [-77.049881, -12.056435], [-77.049836, -12.056827]]}, "properties": {"id": "-77526835#1", "nombre": "-77526835#1", "longitud": 86.26, "velocidad_max": 30.0, "num_lanes": 1}}, {"type": "Feature", "id": "-77861280#0", "geometry": {"type": "LineString", "coordinates": [[-77.048359, -12.044267], [-77.048213, -12.045437]]}, "properties": {"id": "-77861280#0", "nombre": "-77861280#0", "longitud": 130.45, "velocidad_max": 50.0, "num_lanes": 1}}, {"type": "Feature", "id": "-77861280#1", "geometry": {"type": "LineString", "coordinates": [[-77.048371, -12.044171], [-77.048371, -12.044172]]}, "properties": {"id": "-77861280#1", "nombre": "-77861280#1", "longitud": 0.2, "velocidad_max": 50.0, "num_lanes": 1}}, {"type": "Feature", "id": "-77861283#0", "geometry": {"type": "LineString", "coordinates": [[-77.045827, -12.04341], [-77.045827, -12.043412]]}, "properties": {"id": "-77861283#0", "nombre": "-77861283#0", "longitud": 0.2, "velocidad_max": 30.0, "num_lanes": 1}}, {"type": "Feature", "id": "-77861283#1", "geometry": {"type": "LineString", "coordinates": [[-77.04594, -12.042158], [-77.045836, -12.043316]]}, "properties": {"id": "-77861283#1", "nombre": "-77861283#1", "longitud": 128.55, "velocidad_max": 30.0, "num_lanes": 1}}, {"type": "Feature", "id": "-77861283#13", "geometry": {"type": "LineString", "coordinates": [[-77.046291, -12.039584], [-77.04626, -12.039902], [-77.046247, -12.040035], [-77.04623, -12.040186], [-77.0462, -12.040383]]}, "properties": {"id": "-77861283#13", "nombre": "-77861283#13", "longitud": 88.98, "velocidad_max": 30.0, "num_lanes": 1}}, {"type": "Feature", "id": "-77861283#14", "geometry": {"type": "LineString", "coordinates": [[-77.046325, -12.039157], [-77.046303, -12.039454]]}, "properties": {"id": "-77861283#14", "nombre": "-77861283#14", "longitud": 32.94, "velocidad_max": 30.0, "num_lanes": 1}}, {"type": "Feature", "id": "-77861283#5", "geometry": {"type": "LineString", "coordinates": [[-77.046049, -12.041188], [-77.046023, -12.041413], [-77.045986, -12.041732], [-77.04595, -12.042057]]}, "properties": {"id": "-77861283#5", "nombre": "-77861283#5", "longitud": 96.74, "velocidad_max": 30.0, "num_lanes": 1}}, {"type": "Feature", "id": "-77861283#8", "geometry": {"type": "LineString", "coordinates": [[-77.046166, -12.040506], [-77.046142, -12.040564], [-77.046124, -12.04061], [-77.046111, -12.040659], [-77.046107, -12.040701], [-77.046065, -12.041058]]}, "properties": {"id": "-77861283#8", "nombre": "-77861283#8", "longitud": 62.45, "velocidad_max": 30.0, "num_lanes": 1}}, {"type": "Feature", "id": "-77861286", "geometry": {"type": "LineString", "coordinates": [[-77.042787, -12.059944], [-77.042999, -12.060509], [-77.043007, -12.060564]]}, "properties": {"id": "-77861286", "nombre": "-77861286", "longitud": 72.84, "velocidad_max": 50.0, "num_lanes": 1}}, {"type": "Feature", "id": "-77861292#3", "geometry": {"type": "LineString", "coordinates": [[-77.051985, -12.047425], [-77.051883, -12.048431], [-77.051858, -12.048679], [-77.051856, -12.048825], [-77.051891, -12.048959], [-77.051959, -12.049087], [-77.052058, -12.049203], [-77.052063, -12.049208]]}, "properties": {"id": "-77861292#3", "nombre": "-77861292#3", "longitud": 204.39, "velocidad_max": 50.0, "num_lanes": 1}}, {"type": "Feature", "id": "-77861325#2", "geometry": {"type": "LineString", "coordinates": [[-77.050214, -12.058708], [-77.050092, -12.058569], [-77.049561, -12.057959], [-77.0495, -12.057889]]}, "properties": {"id": "-77861325#2", "nombre": "-77861325#2", "longitud": 119.37, "velocidad_max": 40.0, "num_lanes": 1}}, {"type": "Feature", "id": "-77861325#8", "geometry": {"type": "LineString", "coordinates": [[-77.050929, -12.059529], [-77.050819, -12.059402], [-77.050713, -12.059281], [-77.050646, -12.059204], [-77.050612, -12.059165], [-77.050506, -12.059043], [-77.0503, -12.058807]]}, "properties": {"id": "-77861325#8", "nombre": "-77861325#8", "longitud": 105.2, "velocidad_max": 40.0, "num_lanes": 1}}, {"type": "Feature", "id": "-77861340", "geometry": {"type": "LineString", "coordinates": [[-77.049818, -12.0499], [-77.05001, -12.050828]]}, "properties": {"id": "-77861340", "nombre": "-77861340", "longitud": 104.81, "velocidad_max": 50.0, "num_lanes": 1}}, {"type": "Feature", "id": "-77861368#1", "geometry": {"type": "LineString", "coordinates": [[-77.051099, -12.049658], [-77.051286, -12.050475], [-77.051303, -12.050558]]}, "properties": {"id": "-77861368#1", "nombre": "-77861368#1", "longitud": 102.03, "velocidad_max": 50.0, "num_lanes": 1}}, {"type": "Feature", "id": "-77861372#0", "geometry": {"type": "LineString", "coordinates": [[-77.04405, -12.048336], [-77.044005, -12.048857]]}, "properties": {"id": "-77861372#0", "nombre": "-77861372#0", "longitud": 57.86, "velocidad_max": 30.0, "num_lanes": 1}}, {"type": "Feature", "id": "-77861372#1", "geometry": {"type": "LineString", "coordinates": [[-77.044095, -12.047832], [-77.044062, -12.048206]]}, "properties": {"id": "-77861372#1", "nombre": "-77861372#1", "longitud": 41.54, "velocidad_max": 30.0, "num_lanes": 1}}, {"type": "Feature", "id": "-77861384#1", "geometry": {"type": "LineString", "coordinates": [[-77.052709, -12.049387], [-77.053821, -12.051568], [-77.053894, -12.051713]]}, "properties": {"id": "-77861384#1", "nombre": "-77861384#1", "longitud": 287.92, "velocidad_max": 30.0, "num_lanes": 1}}, {"type": "Feature", "id": "-77861386#0", "geometry": {"type": "LineString", "coordinates": [[-77.051167, -12.055365], [-77.051395, -12.056078]]}, "properties": {"id": "-77861386#0", "nombre": "-77861386#0", "longitud": 82.71, "velocidad_max": 40.0, "num_lanes": 1}}, {"type": "Feature", "id": "-835533919", "geometry": {"type": "LineString", "coordinates": [[-77.048918, -12.04014], [-77.048872, -12.040641]]}, "properties": {"id": "-835533919", "nombre": "-835533919", "longitud": 55.59, "velocidad_max": 50.0, "num_lanes": 1}}, {"type": "Feature", "id": "-835533923", "geometry": {"type": "LineString", "coordinates": [[-77.049875, -12.040164], [-77.049594, -12.040225]]}, "properties": {"id": "-835533923", "nombre": "-835533923", "longitud": 31.36, "velocidad_max": 10.0, "num_lanes": 1}}, {"type": "Feature", "id": "-835533924#0", "geometry": {"type": "LineString", "coordinates": [[-77.049969, -12.040193], [-77.050052, -12.04049], [-77.05003, -12.040541]]}, "properties": {"id": "-835533924#0", "nombre": "-835533924#0", "longitud": 40.25, "velocidad_max": 10.0, "num_lanes": 1}}, {"type": "Feature", "id": "-835533924#1", "geometry": {"type": "LineString", "coordinates": [[-77.049905, -12.039948], [-77.049935, -12.040068]]}, "properties": {"id": "-835533924#1", "nombre": "-835533924#1", "longitud": 13.71, "velocidad_max": 10.0, "num_lanes": 1}}, {"type": "Feature", "id": "-89558387#1", "geometry": {"type": "LineString", "coordinates": [[-77.053678, -12.038708], [-77.053704, -12.038856], [-77.053735, -12.038988]]}, "properties": {"id": "-89558387#1", "nombre": "-89558387#1", "longitud": 31.57, "velocidad_max": 50.0, "num_lanes": 1}}, {"type": "Feature", "id": "-89558387#2", "geometry": {"type": "LineString", "coordinates": [[-77.05362, -12.038184], [-77.053689, -12.038563]]}, "properties": {"id": "-89558387#2", "nombre": "-89558387#2", "longitud": 42.57, "velocidad_max": 50.0, "num_lanes": 1}}, {"type": "Feature", "id": "-89558387#3", "geometry": {"type": "LineString", "coordinates": [[-77.053518, -12.037801], [-77.053541, -12.037826], [-77.053553, -12.037863], [-77.053594, -12.038054]]}, "properties": {"id": "-89558387#3", "nombre": "-89558387#3", "longitud": 29.67, "velocidad_max": 50.0, "num_lanes": 1}}, {"type": "Feature", "id": "-89558389#3", "geometry": {"type": "LineString", "coordinates": [[-77.05251, -12.038202], [-77.05268, -12.038177], [-77.052898, -12.038158], [-77.052988, -12.038152], [-77.053499, -12.038117], [-77.053523, -12.038116]]}, "properties": {"id": "-89558389#3", "nombre": "-89558389#3", "longitud": 110.8, "velocidad_max": 50.0, "num_lanes": 1}}, {"type": "Feature", "id": "-89558389#8", "geometry": {"type": "LineString", "coordinates": [[-77.051384, -12.038318], [-77.051577, -12.038298], [-77.051845, -12.038272], [-77.05188, -12.038268], [-77.052093, -12.038247], [-77.052378, -12.038219]]}, "properties": {"id": "-89558389#8", "nombre": "-89558389#8", "longitud": 108.77, "velocidad_max": 50.0, "num_lanes": 1}}, {"type": "Feature", "id": "-89558391", "geometry": {"type": "LineString", "coordinates": [[-77.05308, -12.039729], [-77.053128, -12.040062]]}, "properties": {"id": "-89558391", "nombre": "-89558391", "longitud": 37.21, "velocidad_max": 50.0, "num_lanes": 1}}, {"type": "Feature", "id": "-89558392", "geometry": {"type": "LineString", "coordinates": [[-77.054795, -12.038659], [-77.055331, -12.038594], [-77.055851, -12.038538], [-77.056255, -12.038501], [-77.05661, -12.038473], [-77.057933, -12.038274], [-77.058259, -12.038237]]}, "properties": {"id": "-89558392", "nombre": "-89558392", "longitud": 380.23, "velocidad_max": 50.0, "num_lanes": 1}}, {"type": "Feature", "id": "-89558395#13", "geometry": {"type": "LineString", "coordinates": [[-77.054388, -12.038468], [-77.054276, -12.038506], [-77.054212, -12.038525], [-77.054146, -12.038542], [-77.054019, -12.038575], [-77.053858, -12.038612], [-77.05375, -12.038637]]}, "properties": {"id": "-89558395#13", "nombre": "-89558395#13", "longitud": 71.97, "velocidad_max": 50.0, "num_lanes": 1}}, {"type": "Feature", "id": "-89558395#14", "geometry": {"type": "LineString", "coordinates": [[-77.057937, -12.037996], [-77.056571, -12.038188], [-77.055317, -12.038325], [-77.054881, -12.038384], [-77.05453, -12.038433]]}, "properties": {"id": "-89558395#14", "nombre": "-89558395#14", "longitud": 374.28, "velocidad_max": 50.0, "num_lanes": 1}}, {"type": "Feature", "id": "-89558395#2", "geometry": {"type": "LineString", "coordinates": [[-77.050649, -12.039167], [-77.05003, -12.039216], [-77.049963, -12.039222], [-77.049772, -12.039237]]}, "properties": {"id": "-89558395#2", "nombre": "-89558395#2", "longitud": 95.76, "velocidad_max": 50.0, "num_lanes": 1}}, {"type": "Feature", "id": "-89558395#4", "geometry": {"type": "LineString", "coordinates": [[-77.051269, -12.039111], [-77.05099, -12.039137], [-77.050781, -12.039156]]}, "properties": {"id": "-89558395#4", "nombre": "-89558395#4", "longitud": 53.32, "velocidad_max": 50.0, "num_lanes": 1}}, {"type": "Feature", "id": "-89558395#5", "geometry": {"type": "LineString", "coordinates": [[-77.052436, -12.038915], [-77.051892, -12.03903], [-77.05146, -12.039089]]}, "properties": {"id": "-89558395#5", "nombre": "-89558395#5", "longitud": 108.08, "velocidad_max": 50.0, "num_lanes": 1}}, {"type": "Feature", "id": "-89558395#8", "geometry": {"type": "LineString", "coordinates": [[-77.05359, -12.038673], [-77.053234, -12.038744], [-77.052868, -12.038817], [-77.052844, -12.038822], [-77.052573, -12.038885]]}, "properties": {"id": "-89558395#8", "nombre": "-89558395#8", "longitud": 113.25, "velocidad_max": 50.0, "num_lanes": 1}}, {"type": "Feature", "id": "-89558396", "geometry": {"type": "LineString", "coordinates": [[-77.055399, -12.039457], [-77.054757, -12.039534]]}, "properties": {"id": "-89558396", "nombre": "-89558396", "longitud": 70.42, "velocidad_max": 50.0, "num_lanes": 1}}, {"type": "Feature", "id": "-89558397", "geometry": {"type": "LineString", "coordinates": [[-77.051534, -12.039964], [-77.051589, -12.040333]]}, "properties": {"id": "-89558397", "nombre": "-89558397", "longitud": 41.25, "velocidad_max": 50.0, "num_lanes": 1}}, {"type": "Feature", "id": "-89558409#0", "geometry": {"type": "LineString", "coordinates": [[-77.054701, -12.03959], [-77.054697, -12.039818]]}, "properties": {"id": "-89558409#0", "nombre": "-89558409#0", "longitud": 25.21, "velocidad_max": 30.0, "num_lanes": 1}}, {"type": "Feature", "id": "-89558409#2", "geometry": {"type": "LineString", "coordinates": [[-77.054696, -12.039252], [-77.054698, -12.039362]]}, "properties": {"id": "-89558409#2", "nombre": "-89558409#2", "longitud": 12.2, "velocidad_max": 30.0, "num_lanes": 1}}, {"type": "Feature", "id": "-89558423#0", "geometry": {"type": "LineString", "coordinates": [[-77.053119, -12.039642], [-77.054616, -12.039419]]}, "properties": {"id": "-89558423#0", "nombre": "-89558423#0", "longitud": 164.81, "velocidad_max": 40.0, "num_lanes": 1}}, {"type": "Feature", "id": "-89558423#3", "geometry": {"type": "LineString", "coordinates": [[-77.051572, -12.039877], [-77.052012, -12.039803], [-77.052604, -12.039717], [-77.052989, -12.039662]]}, "properties": {"id": "-89558423#3", "nombre": "-89558423#3", "longitud": 156.17, "velocidad_max": 40.0, "num_lanes": 1}}, {"type": "Feature", "id": "-89558426#1", "geometry": {"type": "LineString", "coordinates": [[-77.050694, -12.039084], [-77.050664, -12.038709], [-77.050643, -12.03844]]}, "properties": {"id": "-89558426#1", "nombre": "-89558426#1", "longitud": 71.47, "velocidad_max": 50.0, "num_lanes": 1}}, {"type": "Feature", "id": "-89558426#2", "geometry": {"type": "LineString", "coordinates": [[-77.050731, -12.039582], [-77.050704, -12.039214]]}, "properties": {"id": "-89558426#2", "nombre": "-89558426#2", "longitud": 40.84, "velocidad_max": 50.0, "num_lanes": 1}}, {"type": "Feature", "id": "-89558427#1", "geometry": {"type": "LineString", "coordinates": [[-77.051255, -12.03828], [-77.051221, -12.037925], [-77.051214, -12.037854], [-77.05119, -12.037582], [-77.051174, -12.037432]]}, "properties": {"id": "-89558427#1", "nombre": "-89558427#1", "longitud": 94.19, "velocidad_max": 80.0, "num_lanes": 2}}, {"type": "Feature", "id": "-89558427#11", "geometry": {"type": "LineString", "coordinates": [[-77.051207, -12.041258], [-77.051222, -12.041094], [-77.051242, -12.040892], [-77.051264, -12.04069], [-77.051268, -12.040657], [-77.051274, -12.040598], [-77.051284, -12.040546]]}, "properties": {"id": "-89558427#11", "nombre": "-89558427#11", "longitud": 79.28, "velocidad_max": 80.0, "num_lanes": 2}}, {"type": "Feature", "id": "-89558427#17", "geometry": {"type": "LineString", "coordinates": [[-77.051088, -12.042518], [-77.051105, -12.042341], [-77.051125, -12.042118], [-77.051164, -12.041716], [-77.051179, -12.041563], [-77.051185, -12.04149], [-77.051195, -12.041388]]}, "properties": {"id": "-89558427#17", "nombre": "-89558427#17", "longitud": 125.64, "velocidad_max": 80.0, "num_lanes": 2}}, {"type": "Feature", "id": "-89558427#2", "geometry": {"type": "LineString", "coordinates": [[-77.051327, -12.039023], [-77.051267, -12.038409]]}, "properties": {"id": "-89558427#2", "nombre": "-89558427#2", "longitud": 68.26, "velocidad_max": 80.0, "num_lanes": 2}}, {"type": "Feature", "id": "-89558427#24", "geometry": {"type": "LineString", "coordinates": [[-77.05097, -12.043783], [-77.050989, -12.043584], [-77.05099, -12.043567], [-77.051011, -12.043353], [-77.051025, -12.043196], [-77.051054, -12.042884], [-77.051055, -12.042867], [-77.051073, -12.042678]]}, "properties": {"id": "-89558427#24", "nombre": "-89558427#24", "longitud": 122.8, "velocidad_max": 80.0, "num_lanes": 2}}, {"type": "Feature", "id": "-89558427#3", "geometry": {"type": "LineString", "coordinates": [[-77.051379, -12.039484], [-77.051341, -12.039155]]}, "properties": {"id": "-89558427#3", "nombre": "-89558427#3", "longitud": 36.65, "velocidad_max": 80.0, "num_lanes": 2}}, {"type": "Feature", "id": "-89558427#4", "geometry": {"type": "LineString", "coordinates": [[-77.051386, -12.03984], [-77.051392, -12.039693], [-77.05139, -12.039622]]}, "properties": {"id": "-89558427#4", "nombre": "-89558427#4", "longitud": 24.12, "velocidad_max": 80.0, "num_lanes": 2}}, {"type": "Feature", "id": "-89558427#5", "geometry": {"type": "LineString", "coordinates": [[-77.051322, -12.040414], [-77.051334, -12.040361], [-77.051344, -12.040304], [-77.051379, -12.03994]]}, "properties": {"id": "-89558427#5", "nombre": "-89558427#5", "longitud": 52.78, "velocidad_max": 80.0, "num_lanes": 2}}, {"type": "Feature", "id": "-89558440#1", "geometry": {"type": "LineString", "coordinates": [[-77.048761, -12.040057], [-77.048736, -12.040373], [-77.048709, -12.040642]]}, "properties": {"id": "-89558440#1", "nombre": "-89558440#1", "longitud": 65.02, "velocidad_max": 30.0, "num_lanes": 1}}, {"type": "Feature", "id": "-89558440#3", "geometry": {"type": "LineString", "coordinates": [[-77.048825, -12.039395], [-77.048797, -12.039667], [-77.048773, -12.039927]]}, "properties": {"id": "-89558440#3", "nombre": "-89558440#3", "longitud": 59.1, "velocidad_max": 30.0, "num_lanes": 1}}, {"type": "Feature", "id": "-89558445#1", "geometry": {"type": "LineString", "coordinates": [[-77.049572, -12.039885], [-77.049373, -12.039933], [-77.049148, -12.039988], [-77.049019, -12.040003], [-77.048915, -12.040003], [-77.048822, -12.040006]]}, "properties": {"id": "-89558445#1", "nombre": "-89558445#1", "longitud": 83.18, "velocidad_max": 50.0, "num_lanes": 1}}, {"type": "Feature", "id": "-89558445#4", "geometry": {"type": "LineString", "coordinates": [[-77.050692, -12.039674], [-77.050366, -12.039738], [-77.050356, -12.039741], [-77.050191, -12.039776], [-77.05008, -12.039799], [-77.049866, -12.039832], [-77.049701, -12.039859]]}, "properties": {"id": "-89558445#4", "nombre": "-89558445#4", "longitud": 109.91, "velocidad_max": 50.0, "num_lanes": 1}}, {"type": "Feature", "id": "-89558445#5", "geometry": {"type": "LineString", "coordinates": [[-77.051321, -12.039578], [-77.050821, -12.039652]]}, "properties": {"id": "-89558445#5", "nombre": "-89558445#5", "longitud": 55.06, "velocidad_max": 50.0, "num_lanes": 1}}, {"type": "Feature", "id": "-89558445#6", "geometry": {"type": "LineString", "coordinates": [[-77.052479, -12.039523], [-77.052187, -12.039425], [-77.051978, -12.039463], [-77.051515, -12.039546]]}, "properties": {"id": "-89558445#6", "nombre": "-89558445#6", "longitud": 108.02, "velocidad_max": 50.0, "num_lanes": 1}}, {"type": "Feature", "id": "-958786659", "geometry": {"type": "LineString", "coordinates": [[-77.039035, -12.040745], [-77.03907, -12.040717], [-77.039109, -12.040701], [-77.039188, -12.040685], [-77.039578, -12.040635], [-77.040012, -12.040595]]}, "properties": {"id": "-958786659", "nombre": "-958786659", "longitud": 108.56, "velocidad_max": 20.0, "num_lanes": 1}}, {"type": "Feature", "id": "-966845930#1", "geometry": {"type": "LineString", "coordinates": [[-77.053793, -12.039026], [-77.053964, -12.038998], [-77.054041, -12.039011], [-77.054176, -12.039049], [-77.054341, -12.039094]]}, "properties": {"id": "-966845930#1", "nombre": "-966845930#1", "longitud": 61.25, "velocidad_max": 50.0, "num_lanes": 1}}, {"type": "Feature", "id": "-971819231", "geometry": {"type": "LineString", "coordinates": [[-77.055199, -12.04055], [-77.055131, -12.041359], [-77.054846, -12.044425]]}, "properties": {"id": "-971819231", "nombre": "-971819231", "longitud": 430.5, "velocidad_max": 50.0, "num_lanes": 1}}, {"type": "Feature", "id": "-971834160", "geometry": {"type": "LineString", "coordinates": [[-77.053905, -12.040315], [-77.053965, -12.040694], [-77.053917, -12.041457], [-77.053807, -12.042642], [-77.053783, -12.042889], [-77.053779, -12.042907], [-77.053745, -12.043266], [-77.053671, -12.044012], [-77.053632, -12.044284], [-77.053629, -12.044309]]}, "properties": {"id": "-971834160", "nombre": "-971834160", "longitud": 444.23, "velocidad_max": 50.0, "num_lanes": 1}}, {"type": "Feature", "id": "-971834161#0", "geometry": {"type": "LineString", "coordinates": [[-77.053944, -12.040229], [-77.055199, -12.040046], [-77.056501, -12.039851]]}, "properties": {"id": "-971834161#0", "nombre": "-971834161#0", "longitud": 281.57, "velocidad_max": 50.0, "num_lanes": 1}}, {"type": "Feature", "id": "-971834161#1", "geometry": {"type": "LineString", "coordinates": [[-77.052709, -12.040409], [-77.053813, -12.040248]]}, "properties": {"id": "-971834161#1", "nombre": "-971834161#1", "longitud": 121.56, "velocidad_max": 50.0, "num_lanes": 1}}, {"type": "Feature", "id": "1009013111", "geometry": {"type": "LineString", "coordinates": [[-77.04318, -12.040573], [-77.043179, -12.040572]]}, "properties": {"id": "1009013111", "nombre": "1009013111", "longitud": 0.2, "velocidad_max": 80.0, "num_lanes": 1}}, {"type": "Feature", "id": "1011544038#0", "geometry": {"type": "LineString", "coordinates": [[-77.031005, -12.0436], [-77.031013, -12.043617], [-77.031026, -12.043639], [-77.0311, -12.043741], [-77.031278, -12.043986], [-77.031657, -12.044517]]}, "properties": {"id": "1011544038#0", "nombre": "1011544038#0", "longitud": 123.91, "velocidad_max": 30.0, "num_lanes": 1}}, {"type": "Feature", "id": "1011544038#3", "geometry": {"type": "LineString", "coordinates": [[-77.031715, -12.044598], [-77.031716, -12.0446], [-77.031772, -12.044679], [-77.031807, -12.044727], [-77.032058, -12.045079], [-77.032322, -12.04545], [-77.032329, -12.04546]]}, "properties": {"id": "1011544038#3", "nombre": "1011544038#3", "longitud": 116.52, "velocidad_max": 30.0, "num_lanes": 1}}, {"type": "Feature", "id": "1011544039#0", "geometry": {"type": "LineString", "coordinates": [[-77.032304, -12.045537], [-77.032273, -12.045557], [-77.0322, -12.045602], [-77.031816, -12.045842], [-77.031399, -12.046102]]}, "properties": {"id": "1011544039#0", "nombre": "1011544039#0", "longitud": 116.72, "velocidad_max": 20.0, "num_lanes": 1}}, {"type": "Feature", "id": "1011544043#0", "geometry": {"type": "LineString", "coordinates": [[-77.034882, -12.042581], [-77.034884, -12.04258]]}, "properties": {"id": "1011544043#0", "nombre": "1011544043#0", "longitud": 0.2, "velocidad_max": 30.0, "num_lanes": 2}}, {"type": "Feature", "id": "1011546428", "geometry": {"type": "LineString", "coordinates": [[-77.035442, -12.051862], [-77.035588, -12.052081], [-77.035664, -12.052282], [-77.035725, -12.052468], [-77.035909, -12.053069], [-77.035965, -12.053249], [-77.036007, -12.053383], [-77.036094, -12.053671], [-77.036137, -12.053792], [-77.036143, -12.053807]]}, "properties": {"id": "1011546428", "nombre": "1011546428", "longitud": 229.36, "velocidad_max": 20.0, "num_lanes": 1}}, {"type": "Feature", "id": "1011577693", "geometry": {"type": "LineString", "coordinates": [[-77.038229, -12.057933], [-77.038227, -12.057932]]}, "properties": {"id": "1011577693", "nombre": "1011577693", "longitud": 0.2, "velocidad_max": 80.0, "num_lanes": 1}}, {"type": "Feature", "id": "1011577694", "geometry": {"type": "LineString", "coordinates": [[-77.038226, -12.057957], [-77.03822, -12.057951]]}, "properties": {"id": "1011577694", "nombre": "1011577694", "longitud": 0.95, "velocidad_max": 40.0, "num_lanes": 1}}, {"type": "Feature", "id": "1011577696#0", "geometry": {"type": "LineString", "coordinates": [[-77.038049, -12.057816], [-77.038048, -12.057815]]}, "properties": {"id": "1011577696#0", "nombre": "1011577696#0", "longitud": 0.2, "velocidad_max": 80.0, "num_lanes": 1}}, {"type": "Feature", "id": "1011577697", "geometry": {"type": "LineString", "coordinates": [[-77.038086, -12.057845], [-77.038087, -12.057845]]}, "properties": {"id": "1011577697", "nombre": "1011577697", "longitud": 0.2, "velocidad_max": 80.0, "num_lanes": 1}}, {"type": "Feature", "id": "1011577698#0", "geometry": {"type": "LineString", "coordinates": [[-77.038085, -12.056826], [-77.038091, -12.056749], [-77.038107, -12.056529], [-77.038109, -12.056508], [-77.038111, -12.056481], [-77.038133, -12.056205], [-77.038145, -12.056035]]}, "properties": {"id": "1011577698#0", "nombre": "1011577698#0", "longitud": 87.72, "velocidad_max": 50.0, "num_lanes": 3}}, {"type": "Feature", "id": "1011577698#0-AddedOnRampEdge", "geometry": {"type": "LineString", "coordinates": [[-77.038, -12.057727], [-77.038052, -12.057065], [-77.038065, -12.056897]]}, "properties": {"id": "1011577698#0-AddedOnRampEdge", "nombre": "1011577698#0-AddedOnRampEdge", "longitud": 92.12, "velocidad_max": 50.0, "num_lanes": 4}}, {"type": "Feature", "id": "1011577699", "geometry": {"type": "LineString", "coordinates": [[-77.038085, -12.057856], [-77.038083, -12.057855]]}, "properties": {"id": "1011577699", "nombre": "1011577699", "longitud": 0.2, "velocidad_max": 80.0, "num_lanes": 1}}, {"type": "Feature", "id": "1011577700", "geometry": {"type": "LineString", "coordinates": [[-77.038101, -12.057937], [-77.038101, -12.057939]]}, "properties": {"id": "1011577700", "nombre": "1011577700", "longitud": 0.2, "velocidad_max": 50.0, "num_lanes": 2}}, {"type": "Feature", "id": "1011577701", "geometry": {"type": "LineString", "coordinates": [[-77.038107, -12.057874], [-77.038105, -12.057873]]}, "properties": {"id": "1011577701", "nombre": "1011577701", "longitud": 0.29, "velocidad_max": 80.0, "num_lanes": 1}}, {"type": "Feature", "id": "1011577702", "geometry": {"type": "LineString", "coordinates": [[-77.038168, -12.057934], [-77.038168, -12.057936]]}, "properties": {"id": "1011577702", "nombre": "1011577702", "longitud": 0.2, "velocidad_max": 50.0, "num_lanes": 2}}, {"type": "Feature", "id": "1011577703#0", "geometry": {"type": "LineString", "coordinates": [[-77.0354, -12.05564], [-77.035686, -12.055665], [-77.0357, -12.055668]]}, "properties": {"id": "1011577703#0", "nombre": "1011577703#0", "longitud": 32.82, "velocidad_max": 40.0, "num_lanes": 5}}, {"type": "Feature", "id": "1011577705#0", "geometry": {"type": "LineString", "coordinates": [[-77.037594, -12.052971], [-77.037434, -12.053486], [-77.037431, -12.053525], [-77.037429, -12.053692], [-77.037434, -12.053879], [-77.037436, -12.053945], [-77.037437, -12.053963], [-77.037437, -12.053984]]}, "properties": {"id": "1011577705#0", "nombre": "1011577705#0", "longitud": 114.71, "velocidad_max": 30.0, "num_lanes": 2}}, {"type": "Feature", "id": "1013225435#0", "geometry": {"type": "LineString", "coordinates": [[-77.04434, -12.04527], [-77.044255, -12.046109], [-77.044229, -12.046308], [-77.044226, -12.046378]]}, "properties": {"id": "1013225435#0", "nombre": "1013225435#0", "longitud": 123.22, "velocidad_max": 30.0, "num_lanes": 2}}, {"type": "Feature", "id": "1013225436#0", "geometry": {"type": "LineString", "coordinates": [[-77.044186, -12.045147], [-77.044116, -12.045139], [-77.043692, -12.045095], [-77.043115, -12.045033]]}, "properties": {"id": "1013225436#0", "nombre": "1013225436#0", "longitud": 117.39, "velocidad_max": 30.0, "num_lanes": 2}}, {"type": "Feature", "id": "1013422273#0", "geometry": {"type": "LineString", "coordinates": [[-77.046656, -12.05046], [-77.046351, -12.050527]]}, "properties": {"id": "1013422273#0", "nombre": "1013422273#0", "longitud": 34.03, "velocidad_max": 40.0, "num_lanes": 3}}, {"type": "Feature", "id": "1013422273#1", "geometry": {"type": "LineString", "coordinates": [[-77.046252, -12.050547], [-77.046023, -12.05059], [-77.045791, -12.050621]]}, "properties": {"id": "1013422273#1", "nombre": "1013422273#1", "longitud": 50.89, "velocidad_max": 40.0, "num_lanes": 3}}, {"type": "Feature", "id": "1013422273#2", "geometry": {"type": "LineString", "coordinates": [[-77.04568, -12.050633], [-77.04556, -12.050643], [-77.045405, -12.050653]]}, "properties": {"id": "1013422273#2", "nombre": "1013422273#2", "longitud": 30.0, "velocidad_max": 40.0, "num_lanes": 3}}, {"type": "Feature", "id": "1013422273#4", "geometry": {"type": "LineString", "coordinates": [[-77.045302, -12.05066], [-77.044775, -12.050695]]}, "properties": {"id": "1013422273#4", "nombre": "1013422273#4", "longitud": 57.58, "velocidad_max": 40.0, "num_lanes": 3}}, {"type": "Feature", "id": "1013422273#5", "geometry": {"type": "LineString", "coordinates": [[-77.044682, -12.050701], [-77.04419, -12.050733]]}, "properties": {"id": "1013422273#5", "nombre": "1013422273#5", "longitud": 53.65, "velocidad_max": 40.0, "num_lanes": 3}}, {"type": "Feature", "id": "1013422273#6", "geometry": {"type": "LineString", "coordinates": [[-77.044068, -12.05074], [-77.04359, -12.050769]]}, "properties": {"id": "1013422273#6", "nombre": "1013422273#6", "longitud": 52.16, "velocidad_max": 40.0, "num_lanes": 3}}, {"type": "Feature", "id": "1013422273#7", "geometry": {"type": "LineString", "coordinates": [[-77.043486, -12.050776], [-77.04347, -12.050777], [-77.043107, -12.0508], [-77.042643, -12.050831]]}, "properties": {"id": "1013422273#7", "nombre": "1013422273#7", "longitud": 92.08, "velocidad_max": 40.0, "num_lanes": 3}}, {"type": "Feature", "id": "1013422274#1", "geometry": {"type": "LineString", "coordinates": [[-77.042484, -12.050946], [-77.042409, -12.051893]]}, "properties": {"id": "1013422274#1", "nombre": "1013422274#1", "longitud": 105.16, "velocidad_max": 50.0, "num_lanes": 3}}, {"type": "Feature", "id": "1013422274#2", "geometry": {"type": "LineString", "coordinates": [[-77.042401, -12.051995], [-77.042334, -12.052843]]}, "properties": {"id": "1013422274#2", "nombre": "1013422274#2", "longitud": 94.13, "velocidad_max": 50.0, "num_lanes": 3}}, {"type": "Feature", "id": "1013422274#3", "geometry": {"type": "LineString", "coordinates": [[-77.042334, -12.052845], [-77.042332, -12.052872], [-77.042291, -12.05339]]}, "properties": {"id": "1013422274#3", "nombre": "1013422274#3", "longitud": 60.38, "velocidad_max": 50.0, "num_lanes": 3}}, {"type": "Feature", "id": "1013422274#5", "geometry": {"type": "LineString", "coordinates": [[-77.042283, -12.05349], [-77.042228, -12.054179], [-77.042219, -12.054297]]}, "properties": {"id": "1013422274#5", "nombre": "1013422274#5", "longitud": 89.53, "velocidad_max": 50.0, "num_lanes": 3}}, {"type": "Feature", "id": "1013422274#7", "geometry": {"type": "LineString", "coordinates": [[-77.042219, -12.0543], [-77.04221, -12.05441]]}, "properties": {"id": "1013422274#7", "nombre": "1013422274#7", "longitud": 12.25, "velocidad_max": 50.0, "num_lanes": 3}}, {"type": "Feature", "id": "1013422279", "geometry": {"type": "LineString", "coordinates": [[-77.038824, -12.051008], [-77.038822, -12.051008]]}, "properties": {"id": "1013422279", "nombre": "1013422279", "longitud": 0.2, "velocidad_max": 30.0, "num_lanes": 2}}, {"type": "Feature", "id": "1013422280#0", "geometry": {"type": "LineString", "coordinates": [[-77.038836, -12.051072], [-77.038831, -12.051114], [-77.038827, -12.051154], [-77.038793, -12.051457]]}, "properties": {"id": "1013422280#0", "nombre": "1013422280#0", "longitud": 42.79, "velocidad_max": 50.0, "num_lanes": 2}}, {"type": "Feature", "id": "1013422281#0", "geometry": {"type": "LineString", "coordinates": [[-77.041941, -12.054388], [-77.042042, -12.053291], [-77.042054, -12.053159], [-77.042077, -12.052906]]}, "properties": {"id": "1013422281#0", "nombre": "1013422281#0", "longitud": 164.62, "velocidad_max": 50.0, "num_lanes": 3}}, {"type": "Feature", "id": "1013422281#3", "geometry": {"type": "LineString", "coordinates": [[-77.042077, -12.052903], [-77.042079, -12.052878], [-77.042118, -12.052462]]}, "properties": {"id": "1013422281#3", "nombre": "1013422281#3", "longitud": 49.08, "velocidad_max": 50.0, "num_lanes": 3}}, {"type": "Feature", "id": "1013422281#5", "geometry": {"type": "LineString", "coordinates": [[-77.042127, -12.052361], [-77.042139, -12.052229], [-77.042171, -12.051884]]}, "properties": {"id": "1013422281#5", "nombre": "1013422281#5", "longitud": 52.94, "velocidad_max": 50.0, "num_lanes": 3}}, {"type": "Feature", "id": "1013422281#6", "geometry": {"type": "LineString", "coordinates": [[-77.042183, -12.051755], [-77.042228, -12.051257], [-77.04225, -12.05102]]}, "properties": {"id": "1013422281#6", "nombre": "1013422281#6", "longitud": 81.63, "velocidad_max": 50.0, "num_lanes": 3}}, {"type": "Feature", "id": "1013422283#0", "geometry": {"type": "LineString", "coordinates": [[-77.042193, -12.054598], [-77.042188, -12.054649], [-77.042125, -12.055353]]}, "properties": {"id": "1013422283#0", "nombre": "1013422283#0", "longitud": 83.9, "velocidad_max": 50.0, "num_lanes": 3}}, {"type": "Feature", "id": "1013422283#2", "geometry": {"type": "LineString", "coordinates": [[-77.042116, -12.055454], [-77.042081, -12.05582], [-77.042055, -12.056098]]}, "properties": {"id": "1013422283#2", "nombre": "1013422283#2", "longitud": 71.6, "velocidad_max": 50.0, "num_lanes": 3}}, {"type": "Feature", "id": "1013422287", "geometry": {"type": "LineString", "coordinates": [[-77.042013, -12.054488], [-77.042115, -12.054497]]}, "properties": {"id": "1013422287", "nombre": "1013422287", "longitud": 11.14, "velocidad_max": 40.0, "num_lanes": 4}}, {"type": "Feature", "id": "1013422298", "geometry": {"type": "LineString", "coordinates": [[-77.041879, -12.058138], [-77.04187, -12.058247], [-77.041863, -12.058325], [-77.041837, -12.058638]]}, "properties": {"id": "1013422298", "nombre": "1013422298", "longitud": 55.49, "velocidad_max": 50.0, "num_lanes": 3}}, {"type": "Feature", "id": "1014474911#0", "geometry": {"type": "LineString", "coordinates": [[-77.035543, -12.043514], [-77.035542, -12.043515]]}, "properties": {"id": "1014474911#0", "nombre": "1014474911#0", "longitud": 0.2, "velocidad_max": 30.0, "num_lanes": 2}}, {"type": "Feature", "id": "1014474912", "geometry": {"type": "LineString", "coordinates": [[-77.035622, -12.043542], [-77.035625, -12.043545], [-77.036159, -12.044327]]}, "properties": {"id": "1014474912", "nombre": "1014474912", "longitud": 104.72, "velocidad_max": 50.0, "num_lanes": 2}}, {"type": "Feature", "id": "1014474913", "geometry": {"type": "LineString", "coordinates": [[-77.035612, -12.04347], [-77.035611, -12.043471]]}, "properties": {"id": "1014474913", "nombre": "1014474913", "longitud": 0.2, "velocidad_max": 30.0, "num_lanes": 2}}, {"type": "Feature", "id": "1014474914", "geometry": {"type": "LineString", "coordinates": [[-77.035674, -12.043508], [-77.035675, -12.043509], [-77.036039, -12.044038], [-77.036223, -12.044306]]}, "properties": {"id": "1014474914", "nombre": "1014474914", "longitud": 106.55, "velocidad_max": 50.0, "num_lanes": 2}}, {"type": "Feature", "id": "1014964583", "geometry": {"type": "LineString", "coordinates": [[-77.051012, -12.043875], [-77.051013, -12.043877]]}, "properties": {"id": "1014964583", "nombre": "1014964583", "longitud": 0.2, "velocidad_max": 80.0, "num_lanes": 1}}, {"type": "Feature", "id": "1014964584", "geometry": {"type": "LineString", "coordinates": [[-77.050947, -12.04389], [-77.050947, -12.043888]]}, "properties": {"id": "1014964584", "nombre": "1014964584", "longitud": 0.2, "velocidad_max": 80.0, "num_lanes": 4}}, {"type": "Feature", "id": "1021325945#0", "geometry": {"type": "LineString", "coordinates": [[-77.04101, -12.060362], [-77.040997, -12.060283], [-77.040996, -12.060206]]}, "properties": {"id": "1021325945#0", "nombre": "1021325945#0", "longitud": 17.46, "velocidad_max": 40.0, "num_lanes": 2}}, {"type": "Feature", "id": "1021325945#1", "geometry": {"type": "LineString", "coordinates": [[-77.041101, -12.05992], [-77.041107, -12.059911], [-77.041158, -12.059853], [-77.041218, -12.059803], [-77.04128, -12.059763], [-77.041347, -12.059732], [-77.041371, -12.059725]]}, "properties": {"id": "1021325945#1", "nombre": "1021325945#1", "longitud": 37.1, "velocidad_max": 40.0, "num_lanes": 2}}, {"type": "Feature", "id": "1021325945#3", "geometry": {"type": "LineString", "coordinates": [[-77.041508, -12.059696], [-77.041512, -12.059696], [-77.041584, -12.059696], [-77.041656, -12.059705], [-77.041724, -12.059722]]}, "properties": {"id": "1021325945#3", "nombre": "1021325945#3", "longitud": 23.85, "velocidad_max": 40.0, "num_lanes": 2}}, {"type": "Feature", "id": "1021325945#6", "geometry": {"type": "LineString", "coordinates": [[-77.041848, -12.059781], [-77.041883, -12.059803], [-77.04195, -12.059861], [-77.041984, -12.059902], [-77.042006, -12.059928], [-77.042025, -12.059959]]}, "properties": {"id": "1021325945#6", "nombre": "1021325945#6", "longitud": 27.77, "velocidad_max": 40.0, "num_lanes": 2}}, {"type": "Feature", "id": "1021528285#1", "geometry": {"type": "LineString", "coordinates": [[-77.031433, -12.05903], [-77.031482, -12.058607], [-77.031492, -12.058522], [-77.03151, -12.058368], [-77.031543, -12.058081]]}, "properties": {"id": "1021528285#1", "nombre": "1021528285#1", "longitud": 105.76, "velocidad_max": 60.0, "num_lanes": 2}}, {"type": "Feature", "id": "1021528286#0", "geometry": {"type": "LineString", "coordinates": [[-77.031487, -12.057994], [-77.030854, -12.057921], [-77.030841, -12.05792]]}, "properties": {"id": "1021528286#0", "nombre": "1021528286#0", "longitud": 70.82, "velocidad_max": 30.0, "num_lanes": 3}}, {"type": "Feature", "id": "1021528286#3", "geometry": {"type": "LineString", "coordinates": [[-77.030815, -12.057902], [-77.030356, -12.057845], [-77.030179, -12.057824], [-77.030169, -12.057822]]}, "properties": {"id": "1021528286#3", "nombre": "1021528286#3", "longitud": 70.95, "velocidad_max": 30.0, "num_lanes": 2}}, {"type": "Feature", "id": "1021528287#0", "geometry": {"type": "LineString", "coordinates": [[-77.029961, -12.057731], [-77.029964, -12.057701], [-77.030075, -12.056947], [-77.030103, -12.056755]]}, "properties": {"id": "1021528287#0", "nombre": "1021528287#0", "longitud": 109.1, "velocidad_max": 50.0, "num_lanes": 3}}, {"type": "Feature", "id": "1022102682#0", "geometry": {"type": "LineString", "coordinates": [[-77.030439, -12.05082], [-77.031043, -12.051728], [-77.031046, -12.051731]]}, "properties": {"id": "1022102682#0", "nombre": "1022102682#0", "longitud": 120.58, "velocidad_max": 30.0, "num_lanes": 2}}, {"type": "Feature", "id": "1022102682#1", "geometry": {"type": "LineString", "coordinates": [[-77.031119, -12.051839], [-77.031441, -12.052306], [-77.031541, -12.052448], [-77.031716, -12.052687]]}, "properties": {"id": "1022102682#1", "nombre": "1022102682#1", "longitud": 114.19, "velocidad_max": 30.0, "num_lanes": 2}}, {"type": "Feature", "id": "1022102682#3", "geometry": {"type": "LineString", "coordinates": [[-77.031792, -12.052793], [-77.03185, -12.052874], [-77.031982, -12.053059], [-77.032058, -12.053165]]}, "properties": {"id": "1022102682#3", "nombre": "1022102682#3", "longitud": 50.5, "velocidad_max": 30.0, "num_lanes": 2}}, {"type": "Feature", "id": "1022441257#1", "geometry": {"type": "LineString", "coordinates": [[-77.036224, -12.044308], [-77.036236, -12.044326], [-77.036265, -12.044369]]}, "properties": {"id": "1022441257#1", "nombre": "1022441257#1", "longitud": 8.13, "velocidad_max": 50.0, "num_lanes": 2}}, {"type": "Feature", "id": "1022441258", "geometry": {"type": "LineString", "coordinates": [[-77.036267, -12.044428], [-77.036269, -12.044427]]}, "properties": {"id": "1022441258", "nombre": "1022441258", "longitud": 0.2, "velocidad_max": 50.0, "num_lanes": 1}}, {"type": "Feature", "id": "1022441259#0", "geometry": {"type": "LineString", "coordinates": [[-77.037089, -12.044007], [-77.037448, -12.044489], [-77.037724, -12.044861], [-77.037733, -12.044873]]}, "properties": {"id": "1022441259#0", "nombre": "1022441259#0", "longitud": 118.73, "velocidad_max": 30.0, "num_lanes": 2}}, {"type": "Feature", "id": "1022441260#0", "geometry": {"type": "LineString", "coordinates": [[-77.036873, -12.045449], [-77.036871, -12.04545]]}, "properties": {"id": "1022441260#0", "nombre": "1022441260#0", "longitud": 0.2, "velocidad_max": 30.0, "num_lanes": 2}}, {"type": "Feature", "id": "1022441261#0", "geometry": {"type": "LineString", "coordinates": [[-77.036772, -12.045435], [-77.036765, -12.045425], [-77.036309, -12.044757], [-77.036196, -12.044591]]}, "properties": {"id": "1022441261#0", "nombre": "1022441261#0", "longitud": 112.38, "velocidad_max": 50.0, "num_lanes": 3}}, {"type": "Feature", "id": "1024007215#0", "geometry": {"type": "LineString", "coordinates": [[-77.04331, -12.043016], [-77.043373, -12.043058], [-77.043401, -12.043077], [-77.043472, -12.043142]]}, "properties": {"id": "1024007215#0", "nombre": "1024007215#0", "longitud": 22.63, "velocidad_max": 50.0, "num_lanes": 4}}, {"type": "Feature", "id": "1024007215#1", "geometry": {"type": "LineString", "coordinates": [[-77.04352, -12.043264], [-77.043534, -12.043366], [-77.043521, -12.04349], [-77.043478, -12.043607], [-77.043472, -12.043615]]}, "properties": {"id": "1024007215#1", "nombre": "1024007215#1", "longitud": 40.06, "velocidad_max": 50.0, "num_lanes": 4}}, {"type": "Feature", "id": "1024007215#2", "geometry": {"type": "LineString", "coordinates": [[-77.043364, -12.043735], [-77.043309, -12.043766]]}, "properties": {"id": "1024007215#2", "nombre": "1024007215#2", "longitud": 6.91, "velocidad_max": 50.0, "num_lanes": 4}}, {"type": "Feature", "id": "1024287686", "geometry": {"type": "LineString", "coordinates": [[-77.036184, -12.044363], [-77.036212, -12.044401]]}, "properties": {"id": "1024287686", "nombre": "1024287686", "longitud": 5.25, "velocidad_max": 45.0, "num_lanes": 2}}, {"type": "Feature", "id": "1024287689#3", "geometry": {"type": "LineString", "coordinates": [[-77.037512, -12.046162], [-77.037534, -12.046195]]}, "properties": {"id": "1024287689#3", "nombre": "1024287689#3", "longitud": 4.39, "velocidad_max": 50.0, "num_lanes": 2}}, {"type": "Feature", "id": "1024287689#4", "geometry": {"type": "LineString", "coordinates": [[-77.037535, -12.046197], [-77.037538, -12.046201]]}, "properties": {"id": "1024287689#4", "nombre": "1024287689#4", "longitud": 0.61, "velocidad_max": 50.0, "num_lanes": 2}}, {"type": "Feature", "id": "1024287690", "geometry": {"type": "LineString", "coordinates": [[-77.037015, -12.045443], [-77.037032, -12.045469], [-77.037289, -12.045841], [-77.03742, -12.046029], [-77.037426, -12.046038], [-77.03751, -12.04616]]}, "properties": {"id": "1024287690", "nombre": "1024287690", "longitud": 95.92, "velocidad_max": 50.0, "num_lanes": 2}}, {"type": "Feature", "id": "1024287691", "geometry": {"type": "LineString", "coordinates": [[-77.036958, -12.045414], [-77.036956, -12.045414]]}, "properties": {"id": "1024287691", "nombre": "1024287691", "longitud": 0.2, "velocidad_max": 50.0, "num_lanes": 1}}, {"type": "Feature", "id": "1024287692", "geometry": {"type": "LineString", "coordinates": [[-77.03695, -12.045453], [-77.036952, -12.045455]]}, "properties": {"id": "1024287692", "nombre": "1024287692", "longitud": 0.2, "velocidad_max": 50.0, "num_lanes": 2}}, {"type": "Feature", "id": "1024287693", "geometry": {"type": "LineString", "coordinates": [[-77.03694, -12.045439], [-77.036976, -12.045486]]}, "properties": {"id": "1024287693", "nombre": "1024287693", "longitud": 6.56, "velocidad_max": 45.0, "num_lanes": 2}}, {"type": "Feature", "id": "1024287695#0", "geometry": {"type": "LineString", "coordinates": [[-77.037471, -12.046319], [-77.037473, -12.046318]]}, "properties": {"id": "1024287695#0", "nombre": "1024287695#0", "longitud": 0.2, "velocidad_max": 30.0, "num_lanes": 2}}, {"type": "Feature", "id": "1024287696#0", "geometry": {"type": "LineString", "coordinates": [[-77.037381, -12.046295], [-77.03738, -12.046293]]}, "properties": {"id": "1024287696#0", "nombre": "1024287696#0", "longitud": 0.2, "velocidad_max": 50.0, "num_lanes": 3}}, {"type": "Feature", "id": "1024287696#1", "geometry": {"type": "LineString", "coordinates": [[-77.037379, -12.046292], [-77.036896, -12.04561]]}, "properties": {"id": "1024287696#1", "nombre": "1024287696#1", "longitud": 92.02, "velocidad_max": 50.0, "num_lanes": 3}}, {"type": "Feature", "id": "1024287696#2", "geometry": {"type": "LineString", "coordinates": [[-77.036894, -12.045607], [-77.036872, -12.045573], [-77.036848, -12.04554]]}, "properties": {"id": "1024287696#2", "nombre": "1024287696#2", "longitud": 8.92, "velocidad_max": 50.0, "num_lanes": 3}}, {"type": "Feature", "id": "1024287697", "geometry": {"type": "LineString", "coordinates": [[-77.037641, -12.04644], [-77.03767, -12.046481]]}, "properties": {"id": "1024287697", "nombre": "1024287697", "longitud": 5.5, "velocidad_max": 45.0, "num_lanes": 2}}, {"type": "Feature", "id": "1024287698#1", "geometry": {"type": "LineString", "coordinates": [[-77.0382, -12.047172], [-77.038222, -12.047206], [-77.038227, -12.047213]]}, "properties": {"id": "1024287698#1", "nombre": "1024287698#1", "longitud": 5.42, "velocidad_max": 50.0, "num_lanes": 2}}, {"type": "Feature", "id": "1024287700#0", "geometry": {"type": "LineString", "coordinates": [[-77.0376, -12.046287], [-77.037636, -12.046339], [-77.037658, -12.046372], [-77.037671, -12.046391]]}, "properties": {"id": "1024287700#0", "nombre": "1024287700#0", "longitud": 13.9, "velocidad_max": 50.0, "num_lanes": 2}}, {"type": "Feature", "id": "1024287700#2", "geometry": {"type": "LineString", "coordinates": [[-77.037673, -12.046394], [-77.037694, -12.046425], [-77.038113, -12.047042], [-77.038198, -12.04717]]}, "properties": {"id": "1024287700#2", "nombre": "1024287700#2", "longitud": 103.22, "velocidad_max": 50.0, "num_lanes": 2}}, {"type": "Feature", "id": "1024287701#0", "geometry": {"type": "LineString", "coordinates": [[-77.037627, -12.046223], [-77.037628, -12.046222]]}, "properties": {"id": "1024287701#0", "nombre": "1024287701#0", "longitud": 0.2, "velocidad_max": 100.0, "num_lanes": 2}}, {"type": "Feature", "id": "1024287701#1", "geometry": {"type": "LineString", "coordinates": [[-77.037625, -12.046224], [-77.038336, -12.045788]]}, "properties": {"id": "1024287701#1", "nombre": "1024287701#1", "longitud": 91.27, "velocidad_max": 100.0, "num_lanes": 2}}, {"type": "Feature", "id": "1024287702", "geometry": {"type": "LineString", "coordinates": [[-77.037607, -12.046296], [-77.037608, -12.046297]]}, "properties": {"id": "1024287702", "nombre": "1024287702", "longitud": 0.2, "velocidad_max": 50.0, "num_lanes": 2}}, {"type": "Feature", "id": "1024287705", "geometry": {"type": "LineString", "coordinates": [[-77.038255, -12.047289], [-77.038254, -12.04729]]}, "properties": {"id": "1024287705", "nombre": "1024287705", "longitud": 0.2, "velocidad_max": 30.0, "num_lanes": 1}}, {"type": "Feature", "id": "1024287706#0", "geometry": {"type": "LineString", "coordinates": [[-77.038301, -12.047322], [-77.038312, -12.047338], [-77.038462, -12.047553], [-77.039005, -12.048333], [-77.039111, -12.048505]]}, "properties": {"id": "1024287706#0", "nombre": "1024287706#0", "longitud": 157.85, "velocidad_max": 50.0, "num_lanes": 2}}, {"type": "Feature", "id": "1024287706#2", "geometry": {"type": "LineString", "coordinates": [[-77.039112, -12.048507], [-77.039143, -12.048558]]}, "properties": {"id": "1024287706#2", "nombre": "1024287706#2", "longitud": 7.03, "velocidad_max": 50.0, "num_lanes": 2}}, {"type": "Feature", "id": "1024287707#0", "geometry": {"type": "LineString", "coordinates": [[-77.038049, -12.0474], [-77.037814, -12.047548], [-77.037764, -12.04758], [-77.037683, -12.047631], [-77.037372, -12.047823], [-77.037208, -12.047924]]}, "properties": {"id": "1024287707#0", "nombre": "1024287707#0", "longitud": 108.37, "velocidad_max": 30.0, "num_lanes": 2}}, {"type": "Feature", "id": "1024287708", "geometry": {"type": "LineString", "coordinates": [[-77.038081, -12.047305], [-77.038078, -12.047301], [-77.03764, -12.04666], [-77.037547, -12.046529]]}, "properties": {"id": "1024287708", "nombre": "1024287708", "longitud": 103.74, "velocidad_max": 50.0, "num_lanes": 3}}, {"type": "Feature", "id": "1024287711#1", "geometry": {"type": "LineString", "coordinates": [[-77.038827, -12.050693], [-77.038805, -12.050926]]}, "properties": {"id": "1024287711#1", "nombre": "1024287711#1", "longitud": 25.87, "velocidad_max": 50.0, "num_lanes": 2}}, {"type": "Feature", "id": "1024287711#2", "geometry": {"type": "LineString", "coordinates": [[-77.038806, -12.050915], [-77.038806, -12.050916]]}, "properties": {"id": "1024287711#2", "nombre": "1024287711#2", "longitud": 0.2, "velocidad_max": 50.0, "num_lanes": 2}}, {"type": "Feature", "id": "1024287715#0", "geometry": {"type": "LineString", "coordinates": [[-77.038572, -12.05418], [-77.038983, -12.054225]]}, "properties": {"id": "1024287715#0", "nombre": "1024287715#0", "longitud": 45.0, "velocidad_max": 40.0, "num_lanes": 4}}, {"type": "Feature", "id": "1024287715#2", "geometry": {"type": "LineString", "coordinates": [[-77.039085, -12.054235], [-77.039495, -12.054277]]}, "properties": {"id": "1024287715#2", "nombre": "1024287715#2", "longitud": 44.95, "velocidad_max": 40.0, "num_lanes": 4}}, {"type": "Feature", "id": "1024287716", "geometry": {"type": "LineString", "coordinates": [[-77.038486, -12.054237], [-77.038486, -12.054238]]}, "properties": {"id": "1024287716", "nombre": "1024287716", "longitud": 0.2, "velocidad_max": 50.0, "num_lanes": 3}}, {"type": "Feature", "id": "1024287718#0", "geometry": {"type": "LineString", "coordinates": [[-77.038472, -12.054282], [-77.038466, -12.054294], [-77.03835, -12.055684], [-77.038339, -12.055809]]}, "properties": {"id": "1024287718#0", "nombre": "1024287718#0", "longitud": 169.61, "velocidad_max": 50.0, "num_lanes": 2}}, {"type": "Feature", "id": "1024287720", "geometry": {"type": "LineString", "coordinates": [[-77.038324, -12.055902], [-77.038322, -12.055902]]}, "properties": {"id": "1024287720", "nombre": "1024287720", "longitud": 0.2, "velocidad_max": 50.0, "num_lanes": 4}}, {"type": "Feature", "id": "1024287721", "geometry": {"type": "LineString", "coordinates": [[-77.038328, -12.055938], [-77.038328, -12.05594]]}, "properties": {"id": "1024287721", "nombre": "1024287721", "longitud": 0.2, "velocidad_max": 50.0, "num_lanes": 2}}, {"type": "Feature", "id": "1024287722", "geometry": {"type": "LineString", "coordinates": [[-77.038097, -12.055886], [-77.038095, -12.055886]]}, "properties": {"id": "1024287722", "nombre": "1024287722", "longitud": 0.2, "velocidad_max": 40.0, "num_lanes": 4}}, {"type": "Feature", "id": "1024287723", "geometry": {"type": "LineString", "coordinates": [[-77.038309, -12.055946], [-77.03831, -12.055948]]}, "properties": {"id": "1024287723", "nombre": "1024287723", "longitud": 0.2, "velocidad_max": 80.0, "num_lanes": 1}}, {"type": "Feature", "id": "1024287724#0", "geometry": {"type": "LineString", "coordinates": [[-77.038319, -12.056053], [-77.038255, -12.056873], [-77.038221, -12.057301], [-77.038213, -12.05741], [-77.038207, -12.057472], [-77.038183, -12.057738]]}, "properties": {"id": "1024287724#0", "nombre": "1024287724#0", "longitud": 186.97, "velocidad_max": 50.0, "num_lanes": 2}}, {"type": "Feature", "id": "1024287726", "geometry": {"type": "LineString", "coordinates": [[-77.038138, -12.058061], [-77.038139, -12.058063]]}, "properties": {"id": "1024287726", "nombre": "1024287726", "longitud": 0.2, "velocidad_max": 80.0, "num_lanes": 1}}, {"type": "Feature", "id": "1024287727", "geometry": {"type": "LineString", "coordinates": [[-77.0383, -12.055991], [-77.038299, -12.055992]]}, "properties": {"id": "1024287727", "nombre": "1024287727", "longitud": 0.2, "velocidad_max": 80.0, "num_lanes": 1}}, {"type": "Feature", "id": "1024287728#0", "geometry": {"type": "LineString", "coordinates": [[-77.038119, -12.057738], [-77.038117, -12.05776]]}, "properties": {"id": "1024287728#0", "nombre": "1024287728#0", "longitud": 2.51, "velocidad_max": 50.0, "num_lanes": 2}}, {"type": "Feature", "id": "1024287728#1", "geometry": {"type": "LineString", "coordinates": [[-77.038117, -12.057759], [-77.038117, -12.057761]]}, "properties": {"id": "1024287728#1", "nombre": "1024287728#1", "longitud": 0.2, "velocidad_max": 50.0, "num_lanes": 2}}, {"type": "Feature", "id": "1024287730#0", "geometry": {"type": "LineString", "coordinates": [[-77.038411, -12.054291], [-77.038399, -12.054441], [-77.038288, -12.055799]]}, "properties": {"id": "1024287730#0", "nombre": "1024287730#0", "longitud": 167.38, "velocidad_max": 50.0, "num_lanes": 2}}, {"type": "Feature", "id": "1024287732#1", "geometry": {"type": "LineString", "coordinates": [[-77.038724, -12.05158], [-77.038663, -12.052035]]}, "properties": {"id": "1024287732#1", "nombre": "1024287732#1", "longitud": 50.84, "velocidad_max": 50.0, "num_lanes": 2}}, {"type": "Feature", "id": "1024287732#2", "geometry": {"type": "LineString", "coordinates": [[-77.038645, -12.052165], [-77.038573, -12.052718]]}, "properties": {"id": "1024287732#2", "nombre": "1024287732#2", "longitud": 61.74, "velocidad_max": 50.0, "num_lanes": 2}}, {"type": "Feature", "id": "1024287732#3", "geometry": {"type": "LineString", "coordinates": [[-77.03856, -12.052819], [-77.038509, -12.053238]]}, "properties": {"id": "1024287732#3", "nombre": "1024287732#3", "longitud": 46.73, "velocidad_max": 50.0, "num_lanes": 2}}, {"type": "Feature", "id": "1024287732#4", "geometry": {"type": "LineString", "coordinates": [[-77.038495, -12.053368], [-77.038494, -12.053376], [-77.038441, -12.053939]]}, "properties": {"id": "1024287732#4", "nombre": "1024287732#4", "longitud": 63.48, "velocidad_max": 50.0, "num_lanes": 2}}, {"type": "Feature", "id": "1024287732#5", "geometry": {"type": "LineString", "coordinates": [[-77.038441, -12.053942], [-77.038431, -12.054057], [-77.03843, -12.054069]]}, "properties": {"id": "1024287732#5", "nombre": "1024287732#5", "longitud": 14.15, "velocidad_max": 50.0, "num_lanes": 2}}, {"type": "Feature", "id": "1024287734#0", "geometry": {"type": "LineString", "coordinates": [[-77.037671, -12.046483], [-77.038164, -12.047198]]}, "properties": {"id": "1024287734#0", "nombre": "1024287734#0", "longitud": 95.58, "velocidad_max": 50.0, "num_lanes": 2}}, {"type": "Feature", "id": "1024287734#1", "geometry": {"type": "LineString", "coordinates": [[-77.038165, -12.0472], [-77.038186, -12.04723], [-77.03819, -12.047236]]}, "properties": {"id": "1024287734#1", "nombre": "1024287734#1", "longitud": 4.8, "velocidad_max": 50.0, "num_lanes": 2}}, {"type": "Feature", "id": "1024287736#0", "geometry": {"type": "LineString", "coordinates": [[-77.036977, -12.045489], [-77.036986, -12.0455], [-77.037462, -12.046175]]}, "properties": {"id": "1024287736#0", "nombre": "1024287736#0", "longitud": 92.53, "velocidad_max": 50.0, "num_lanes": 2}}, {"type": "Feature", "id": "1024287736#2", "geometry": {"type": "LineString", "coordinates": [[-77.037464, -12.046178], [-77.037494, -12.046221]]}, "properties": {"id": "1024287736#2", "nombre": "1024287736#2", "longitud": 5.85, "velocidad_max": 50.0, "num_lanes": 2}}, {"type": "Feature", "id": "1024287736#3", "geometry": {"type": "LineString", "coordinates": [[-77.037496, -12.046223], [-77.037498, -12.046226]]}, "properties": {"id": "1024287736#3", "nombre": "1024287736#3", "longitud": 0.38, "velocidad_max": 50.0, "num_lanes": 2}}, {"type": "Feature", "id": "1024287739#0", "geometry": {"type": "LineString", "coordinates": [[-77.036342, -12.044483], [-77.036435, -12.044621], [-77.036681, -12.044973], [-77.036762, -12.04509], [-77.036892, -12.04527]]}, "properties": {"id": "1024287739#0", "nombre": "1024287739#0", "longitud": 105.74, "velocidad_max": 50.0, "num_lanes": 2}}, {"type": "Feature", "id": "1024287739#2", "geometry": {"type": "LineString", "coordinates": [[-77.036894, -12.045272], [-77.036929, -12.045321], [-77.036936, -12.045332]]}, "properties": {"id": "1024287739#2", "nombre": "1024287739#2", "longitud": 8.04, "velocidad_max": 50.0, "num_lanes": 2}}, {"type": "Feature", "id": "1024287741#1", "geometry": {"type": "LineString", "coordinates": [[-77.036845, -12.045302], [-77.036881, -12.045352], [-77.036887, -12.045362]]}, "properties": {"id": "1024287741#1", "nombre": "1024287741#1", "longitud": 8.07, "velocidad_max": 50.0, "num_lanes": 2}}, {"type": "Feature", "id": "1024287743#2", "geometry": {"type": "LineString", "coordinates": [[-77.036161, -12.044329], [-77.036182, -12.044361]]}, "properties": {"id": "1024287743#2", "nombre": "1024287743#2", "longitud": 4.22, "velocidad_max": 50.0, "num_lanes": 2}}, {"type": "Feature", "id": "1024289640#1", "geometry": {"type": "LineString", "coordinates": [[-77.03466, -12.042545], [-77.034436, -12.042304], [-77.034398, -12.042266], [-77.034354, -12.042228], [-77.03432, -12.042199]]}, "properties": {"id": "1024289640#1", "nombre": "1024289640#1", "longitud": 53.24, "velocidad_max": 40.0, "num_lanes": 1}}, {"type": "Feature", "id": "1024289641#0", "geometry": {"type": "LineString", "coordinates": [[-77.035031, -12.042489], [-77.035036, -12.042485], [-77.035084, -12.042456]]}, "properties": {"id": "1024289641#0", "nombre": "1024289641#0", "longitud": 6.85, "velocidad_max": 30.0, "num_lanes": 2}}, {"type": "Feature", "id": "1024289641#3", "geometry": {"type": "LineString", "coordinates": [[-77.03519, -12.04239], [-77.035656, -12.042102], [-77.035675, -12.04209]]}, "properties": {"id": "1024289641#3", "nombre": "1024289641#3", "longitud": 62.31, "velocidad_max": 30.0, "num_lanes": 2}}, {"type": "Feature", "id": "1024289642#0", "geometry": {"type": "LineString", "coordinates": [[-77.035018, -12.042548], [-77.035043, -12.042583], [-77.035061, -12.042612], [-77.035288, -12.042943], [-77.035559, -12.04334]]}, "properties": {"id": "1024289642#0", "nombre": "1024289642#0", "longitud": 105.64, "velocidad_max": 50.0, "num_lanes": 2}}, {"type": "Feature", "id": "1024289642#4", "geometry": {"type": "LineString", "coordinates": [[-77.035561, -12.043343], [-77.035594, -12.043391]]}, "properties": {"id": "1024289642#4", "nombre": "1024289642#4", "longitud": 6.47, "velocidad_max": 50.0, "num_lanes": 2}}, {"type": "Feature", "id": "1024289643", "geometry": {"type": "LineString", "coordinates": [[-77.034953, -12.042538], [-77.034955, -12.042537]]}, "properties": {"id": "1024289643", "nombre": "1024289643", "longitud": 0.2, "velocidad_max": 30.0, "num_lanes": 2}}, {"type": "Feature", "id": "1024289644#0", "geometry": {"type": "LineString", "coordinates": [[-77.034971, -12.042606], [-77.034983, -12.042623], [-77.035003, -12.042652], [-77.0355, -12.043366]]}, "properties": {"id": "1024289644#0", "nombre": "1024289644#0", "longitud": 102.0, "velocidad_max": 50.0, "num_lanes": 2}}, {"type": "Feature", "id": "1024289644#3", "geometry": {"type": "LineString", "coordinates": [[-77.035501, -12.043368], [-77.035545, -12.043427], [-77.035549, -12.043433]]}, "properties": {"id": "1024289644#3", "nombre": "1024289644#3", "longitud": 8.83, "velocidad_max": 50.0, "num_lanes": 2}}, {"type": "Feature", "id": "1026487846#0", "geometry": {"type": "LineString", "coordinates": [[-77.030372, -12.046646], [-77.03029, -12.046529], [-77.030208, -12.046412], [-77.030025, -12.046155], [-77.02988, -12.045948], [-77.029805, -12.045838], [-77.02978, -12.045801]]}, "properties": {"id": "1026487846#0", "nombre": "1026487846#0", "longitud": 113.57, "velocidad_max": 40.0, "num_lanes": 2}}, {"type": "Feature", "id": "1026487847#0", "geometry": {"type": "LineString", "coordinates": [[-77.031308, -12.046156], [-77.031118, -12.046262], [-77.030905, -12.04639], [-77.030597, -12.046578], [-77.030465, -12.046663]]}, "properties": {"id": "1026487847#0", "nombre": "1026487847#0", "longitud": 107.66, "velocidad_max": 30.0, "num_lanes": 2}}, {"type": "Feature", "id": "1026487848#0", "geometry": {"type": "LineString", "coordinates": [[-77.030354, -12.046735], [-77.030343, -12.046742], [-77.0303, -12.04677], [-77.029882, -12.047042], [-77.029436, -12.047327]]}, "properties": {"id": "1026487848#0", "nombre": "1026487848#0", "longitud": 119.53, "velocidad_max": 20.0, "num_lanes": 1}}, {"type": "Feature", "id": "1026487849#0", "geometry": {"type": "LineString", "coordinates": [[-77.031717, -12.048567], [-77.031533, -12.048304], [-77.03112, -12.047715]]}, "properties": {"id": "1026487849#0", "nombre": "1026487849#0", "longitud": 114.48, "velocidad_max": 20.0, "num_lanes": 2}}, {"type": "Feature", "id": "1026487849#2", "geometry": {"type": "LineString", "coordinates": [[-77.03112, -12.047715], [-77.031085, -12.047664], [-77.031045, -12.047608], [-77.030453, -12.046761], [-77.030446, -12.046753]]}, "properties": {"id": "1026487849#2", "nombre": "1026487849#2", "longitud": 129.29, "velocidad_max": 20.0, "num_lanes": 2}}, {"type": "Feature", "id": "1026487850#2", "geometry": {"type": "LineString", "coordinates": [[-77.036364, -12.046905], [-77.035805, -12.046167]]}, "properties": {"id": "1026487850#2", "nombre": "1026487850#2", "longitud": 101.78, "velocidad_max": 30.0, "num_lanes": 2}}, {"type": "Feature", "id": "1026487852", "geometry": {"type": "LineString", "coordinates": [[-77.033653, -12.047431], [-77.032765, -12.04799], [-77.032745, -12.048002]]}, "properties": {"id": "1026487852", "nombre": "1026487852", "longitud": 117.37, "velocidad_max": 30.0, "num_lanes": 2}}, {"type": "Feature", "id": "1049464623#0", "geometry": {"type": "LineString", "coordinates": [[-77.03613, -12.050814], [-77.036437, -12.051287]]}, "properties": {"id": "1049464623#0", "nombre": "1049464623#0", "longitud": 62.13, "velocidad_max": 30.0, "num_lanes": 2}}, {"type": "Feature", "id": "1049464623#1", "geometry": {"type": "LineString", "coordinates": [[-77.036497, -12.051374], [-77.036758, -12.051743], [-77.037107, -12.052238], [-77.037227, -12.052408], [-77.037571, -12.052896]]}, "properties": {"id": "1049464623#1", "nombre": "1049464623#1", "longitud": 205.01, "velocidad_max": 30.0, "num_lanes": 2}}, {"type": "Feature", "id": "1050445669#0", "geometry": {"type": "LineString", "coordinates": [[-77.049912, -12.038469], [-77.050612, -12.038414]]}, "properties": {"id": "1050445669#0", "nombre": "1050445669#0", "longitud": 76.42, "velocidad_max": 50.0, "num_lanes": 1}}, {"type": "Feature", "id": "1050445669#1", "geometry": {"type": "LineString", "coordinates": [[-77.050697, -12.038406], [-77.05086, -12.038387], [-77.051195, -12.038352]]}, "properties": {"id": "1050445669#1", "nombre": "1050445669#1", "longitud": 54.56, "velocidad_max": 50.0, "num_lanes": 1}}, {"type": "Feature", "id": "1075217862#2", "geometry": {"type": "LineString", "coordinates": [[-77.041829, -12.058739], [-77.041766, -12.059488], [-77.041764, -12.059546]]}, "properties": {"id": "1075217862#2", "nombre": "1075217862#2", "longitud": 89.62, "velocidad_max": 50.0, "num_lanes": 3}}, {"type": "Feature", "id": "1075217862#3", "geometry": {"type": "LineString", "coordinates": [[-77.041764, -12.05955], [-77.041768, -12.05962], [-77.041783, -12.059672]]}, "properties": {"id": "1075217862#3", "nombre": "1075217862#3", "longitud": 13.76, "velocidad_max": 50.0, "num_lanes": 3}}, {"type": "Feature", "id": "1075217863#0", "geometry": {"type": "LineString", "coordinates": [[-77.041523, -12.058206], [-77.041492, -12.058203], [-77.040364, -12.058109]]}, "properties": {"id": "1075217863#0", "nombre": "1075217863#0", "longitud": 126.67, "velocidad_max": 40.0, "num_lanes": 2}}, {"type": "Feature", "id": "1075217863#2", "geometry": {"type": "LineString", "coordinates": [[-77.040262, -12.0581], [-77.039981, -12.058076], [-77.03934, -12.058023]]}, "properties": {"id": "1075217863#2", "nombre": "1075217863#2", "longitud": 100.77, "velocidad_max": 40.0, "num_lanes": 2}}, {"type": "Feature", "id": "1075217863#5", "geometry": {"type": "LineString", "coordinates": [[-77.039175, -12.058009], [-77.039173, -12.058009], [-77.038303, -12.057939], [-77.038268, -12.057937]]}, "properties": {"id": "1075217863#5", "nombre": "1075217863#5", "longitud": 99.08, "velocidad_max": 40.0, "num_lanes": 2}}, {"type": "Feature", "id": "1075217863#7", "geometry": {"type": "LineString", "coordinates": [[-77.038264, -12.057951], [-77.038248, -12.05795]]}, "properties": {"id": "1075217863#7", "nombre": "1075217863#7", "longitud": 1.77, "velocidad_max": 40.0, "num_lanes": 2}}, {"type": "Feature", "id": "1075217865", "geometry": {"type": "LineString", "coordinates": [[-77.041829, -12.058195], [-77.041808, -12.058207], [-77.041783, -12.058216], [-77.041747, -12.058222], [-77.041704, -12.05822]]}, "properties": {"id": "1075217865", "nombre": "1075217865", "longitud": 14.12, "velocidad_max": 40.0, "num_lanes": 2}}, {"type": "Feature", "id": "1078855365", "geometry": {"type": "LineString", "coordinates": [[-77.034052, -12.051887], [-77.033823, -12.051573]]}, "properties": {"id": "1078855365", "nombre": "1078855365", "longitud": 42.76, "velocidad_max": 40.0, "num_lanes": 3}}, {"type": "Feature", "id": "1092965849", "geometry": {"type": "LineString", "coordinates": [[-77.043052, -12.044031], [-77.043041, -12.04418]]}, "properties": {"id": "1092965849", "nombre": "1092965849", "longitud": 16.54, "velocidad_max": 50.0, "num_lanes": 2}}, {"type": "Feature", "id": "1092965850", "geometry": {"type": "LineString", "coordinates": [[-77.042896, -12.044017], [-77.042906, -12.043929]]}, "properties": {"id": "1092965850", "nombre": "1092965850", "longitud": 9.79, "velocidad_max": 50.0, "num_lanes": 3}}, {"type": "Feature", "id": "1092995420#0", "geometry": {"type": "LineString", "coordinates": [[-77.044598, -12.041967], [-77.044598, -12.041965]]}, "properties": {"id": "1092995420#0", "nombre": "1092995420#0", "longitud": 0.2, "velocidad_max": 50.0, "num_lanes": 1}}, {"type": "Feature", "id": "1092995420#1", "geometry": {"type": "LineString", "coordinates": [[-77.044606, -12.041874], [-77.044623, -12.041722], [-77.044627, -12.041695], [-77.044641, -12.041571], [-77.044649, -12.041497], [-77.044666, -12.041335], [-77.044673, -12.041286], [-77.044687, -12.041169]]}, "properties": {"id": "1092995420#1", "nombre": "1092995420#1", "longitud": 78.54, "velocidad_max": 50.0, "num_lanes": 1}}, {"type": "Feature", "id": "1095249272", "geometry": {"type": "LineString", "coordinates": [[-77.054992, -12.057627], [-77.054412, -12.058106]]}, "properties": {"id": "1095249272", "nombre": "1095249272", "longitud": 82.44, "velocidad_max": 30.0, "num_lanes": 1}}, {"type": "Feature", "id": "1095249273", "geometry": {"type": "LineString", "coordinates": [[-77.051007, -12.059596], [-77.05133, -12.059967]]}, "properties": {"id": "1095249273", "nombre": "1095249273", "longitud": 53.94, "velocidad_max": 40.0, "num_lanes": 1}}, {"type": "Feature", "id": "1112893347", "geometry": {"type": "LineString", "coordinates": [[-77.053238, -12.054871], [-77.0532, -12.055327]]}, "properties": {"id": "1112893347", "nombre": "1112893347", "longitud": 50.55, "velocidad_max": 30.0, "num_lanes": 1}}, {"type": "Feature", "id": "1113201841#0", "geometry": {"type": "LineString", "coordinates": [[-77.036441, -12.056306], [-77.036436, -12.056398], [-77.036419, -12.056697], [-77.036408, -12.056832], [-77.03639, -12.057045], [-77.036342, -12.05762]]}, "properties": {"id": "1113201841#0", "nombre": "1113201841#0", "longitud": 145.8, "velocidad_max": 50.0, "num_lanes": 5}}, {"type": "Feature", "id": "1113232523", "geometry": {"type": "LineString", "coordinates": [[-77.031559, -12.041962], [-77.032669, -12.04132], [-77.032741, -12.041278], [-77.032998, -12.041134], [-77.033362, -12.04094], [-77.03347, -12.04089]]}, "properties": {"id": "1113232523", "nombre": "1113232523", "longitud": 239.59, "velocidad_max": 60.0, "num_lanes": 2}}, {"type": "Feature", "id": "1116776530", "geometry": {"type": "LineString", "coordinates": [[-77.047654, -12.052301], [-77.047119, -12.052346]]}, "properties": {"id": "1116776530", "nombre": "1116776530", "longitud": 58.53, "velocidad_max": 30.0, "num_lanes": 1}}, {"type": "Feature", "id": "1116776531", "geometry": {"type": "LineString", "coordinates": [[-77.046987, -12.052357], [-77.046593, -12.05239], [-77.04659, -12.05239]]}, "properties": {"id": "1116776531", "nombre": "1116776531", "longitud": 43.3, "velocidad_max": 30.0, "num_lanes": 1}}, {"type": "Feature", "id": "1117036283#0", "geometry": {"type": "LineString", "coordinates": [[-77.051304, -12.054672], [-77.051747, -12.054706], [-77.051864, -12.054715]]}, "properties": {"id": "1117036283#0", "nombre": "1117036283#0", "longitud": 61.12, "velocidad_max": 30.0, "num_lanes": 1}}, {"type": "Feature", "id": "1117753510", "geometry": {"type": "LineString", "coordinates": [[-77.048369, -12.052236], [-77.047785, -12.052289]]}, "properties": {"id": "1117753510", "nombre": "1117753510", "longitud": 63.86, "velocidad_max": 30.0, "num_lanes": 1}}, {"type": "Feature", "id": "111882716#0", "geometry": {"type": "LineString", "coordinates": [[-77.03581, -12.036166], [-77.035972, -12.036606], [-77.036116, -12.036856], [-77.036184, -12.036985], [-77.036288, -12.037148], [-77.036355, -12.037229]]}, "properties": {"id": "111882716#0", "nombre": "111882716#0", "longitud": 132.46, "velocidad_max": 30.0, "num_lanes": 1}}, {"type": "Feature", "id": "111882716#2", "geometry": {"type": "LineString", "coordinates": [[-77.036459, -12.037354], [-77.036555, -12.03747], [-77.036591, -12.037701], [-77.036637, -12.037995]]}, "properties": {"id": "111882716#2", "nombre": "111882716#2", "longitud": 75.35, "velocidad_max": 30.0, "num_lanes": 1}}, {"type": "Feature", "id": "111882716#4", "geometry": {"type": "LineString", "coordinates": [[-77.03669, -12.038139], [-77.03706, -12.038649]]}, "properties": {"id": "111882716#4", "nombre": "111882716#4", "longitud": 69.41, "velocidad_max": 30.0, "num_lanes": 1}}, {"type": "Feature", "id": "111887573#0", "geometry": {"type": "LineString", "coordinates": [[-77.049145, -12.038572], [-77.049161, -12.038571], [-77.049377, -12.038556], [-77.049597, -12.038536], [-77.049758, -12.038524]]}, "properties": {"id": "111887573#0", "nombre": "111887573#0", "longitud": 66.99, "velocidad_max": 50.0, "num_lanes": 1}}, {"type": "Feature", "id": "111887847#1", "geometry": {"type": "LineString", "coordinates": [[-77.03713, -12.038656], [-77.037138, -12.038649], [-77.037434, -12.038432], [-77.037486, -12.038394], [-77.037671, -12.038281], [-77.037755, -12.038229], [-77.038123, -12.038003], [-77.038323, -12.037845]]}, "properties": {"id": "111887847#1", "nombre": "111887847#1", "longitud": 158.1, "velocidad_max": 50.0, "num_lanes": 1}}, {"type": "Feature", "id": "111888318#0", "geometry": {"type": "LineString", "coordinates": [[-77.042966, -12.041432], [-77.042953, -12.041426], [-77.042701, -12.041346], [-77.042497, -12.041282], [-77.042348, -12.041235], [-77.041903, -12.041091], [-77.041476, -12.040949]]}, "properties": {"id": "111888318#0", "nombre": "111888318#0", "longitud": 170.88, "velocidad_max": 40.0, "num_lanes": 2}}, {"type": "Feature", "id": "111888318#6", "geometry": {"type": "LineString", "coordinates": [[-77.041352, -12.040907], [-77.041033, -12.040797], [-77.040965, -12.040774], [-77.040737, -12.040706], [-77.040692, -12.040694], [-77.040554, -12.040658], [-77.040425, -12.040629], [-77.040281, -12.040656]]}, "properties": {"id": "111888318#6", "nombre": "111888318#6", "longitud": 121.69, "velocidad_max": 40.0, "num_lanes": 2}}, {"type": "Feature", "id": "111888821#0", "geometry": {"type": "LineString", "coordinates": [[-77.051009, -12.042627], [-77.050254, -12.04257], [-77.050045, -12.042554], [-77.049905, -12.042543], [-77.049866, -12.04254]]}, "properties": {"id": "111888821#0", "nombre": "111888821#0", "longitud": 124.81, "velocidad_max": 30.0, "num_lanes": 1}}, {"type": "Feature", "id": "111889307#0", "geometry": {"type": "LineString", "coordinates": [[-77.034319, -12.042185], [-77.034285, -12.042176], [-77.034241, -12.042165], [-77.034196, -12.04216], [-77.034133, -12.042163], [-77.034102, -12.042166], [-77.034065, -12.042175], [-77.03398, -12.042198], [-77.033649, -12.04229]]}, "properties": {"id": "111889307#0", "nombre": "111889307#0", "longitud": 75.2, "velocidad_max": 40.0, "num_lanes": 3}}, {"type": "Feature", "id": "111889307#1", "geometry": {"type": "LineString", "coordinates": [[-77.033569, -12.042313], [-77.033084, -12.04246], [-77.03292, -12.042528]]}, "properties": {"id": "111889307#1", "nombre": "111889307#1", "longitud": 74.6, "velocidad_max": 40.0, "num_lanes": 3}}, {"type": "Feature", "id": "111889307#2", "geometry": {"type": "LineString", "coordinates": [[-77.0329, -12.042536], [-77.032898, -12.042537]]}, "properties": {"id": "111889307#2", "nombre": "111889307#2", "longitud": 0.2, "velocidad_max": 40.0, "num_lanes": 3}}, {"type": "Feature", "id": "111895153#0", "geometry": {"type": "LineString", "coordinates": [[-77.046476, -12.055093], [-77.04647, -12.055094], [-77.046412, -12.055086], [-77.046357, -12.055065], [-77.046308, -12.055034], [-77.046267, -12.054993], [-77.046237, -12.054944], [-77.046226, -12.054914]]}, "properties": {"id": "111895153#0", "nombre": "111895153#0", "longitud": 36.12, "velocidad_max": 30.0, "num_lanes": 1}}, {"type": "Feature", "id": "111895153#1", "geometry": {"type": "LineString", "coordinates": [[-77.046223, -12.054756], [-77.046246, -12.054702], [-77.046289, -12.054647], [-77.046307, -12.054634]]}, "properties": {"id": "111895153#1", "nombre": "111895153#1", "longitud": 16.61, "velocidad_max": 30.0, "num_lanes": 1}}, {"type": "Feature", "id": "111895153#2", "geometry": {"type": "LineString", "coordinates": [[-77.046396, -12.054584], [-77.046406, -12.05458], [-77.046473, -12.05457], [-77.04654, -12.054577], [-77.046603, -12.0546], [-77.046658, -12.054637], [-77.046702, -12.054687], [-77.046732, -12.054746], [-77.046743, -12.054798]]}, "properties": {"id": "111895153#2", "nombre": "111895153#2", "longitud": 51.05, "velocidad_max": 30.0, "num_lanes": 1}}, {"type": "Feature", "id": "111901707#1", "geometry": {"type": "LineString", "coordinates": [[-77.052797, -12.060003], [-77.054001, -12.059681], [-77.054046, -12.05966]]}, "properties": {"id": "111901707#1", "nombre": "111901707#1", "longitud": 141.3, "velocidad_max": 50.0, "num_lanes": 1}}, {"type": "Feature", "id": "111904754", "geometry": {"type": "LineString", "coordinates": [[-77.039645, -12.037948], [-77.040088, -12.038513], [-77.040102, -12.038521], [-77.040122, -12.038519], [-77.040299, -12.038494]]}, "properties": {"id": "111904754", "nombre": "111904754", "longitud": 102.3, "velocidad_max": 50.0, "num_lanes": 1}}, {"type": "Feature", "id": "111906089#0", "geometry": {"type": "LineString", "coordinates": [[-77.051576, -12.050607], [-77.051665, -12.051093], [-77.051709, -12.051336]]}, "properties": {"id": "111906089#0", "nombre": "111906089#0", "longitud": 81.95, "velocidad_max": 40.0, "num_lanes": 1}}, {"type": "Feature", "id": "111906089#11", "geometry": {"type": "LineString", "coordinates": [[-77.051911, -12.053199], [-77.051914, -12.053535], [-77.051925, -12.054169]]}, "properties": {"id": "111906089#11", "nombre": "111906089#11", "longitud": 107.42, "velocidad_max": 40.0, "num_lanes": 1}}, {"type": "Feature", "id": "111906089#13", "geometry": {"type": "LineString", "coordinates": [[-77.051924, -12.054273], [-77.051915, -12.054669]]}, "properties": {"id": "111906089#13", "nombre": "111906089#13", "longitud": 43.84, "velocidad_max": 40.0, "num_lanes": 1}}, {"type": "Feature", "id": "111906089#14", "geometry": {"type": "LineString", "coordinates": [[-77.05191, -12.054767], [-77.051877, -12.055216]]}, "properties": {"id": "111906089#14", "nombre": "111906089#14", "longitud": 49.79, "velocidad_max": 40.0, "num_lanes": 1}}, {"type": "Feature", "id": "111906089#15", "geometry": {"type": "LineString", "coordinates": [[-77.051862, -12.055374], [-77.051832, -12.055654], [-77.051823, -12.055796], [-77.051827, -12.055913], [-77.051888, -12.056139]]}, "properties": {"id": "111906089#15", "nombre": "111906089#15", "longitud": 85.68, "velocidad_max": 40.0, "num_lanes": 1}}, {"type": "Feature", "id": "111906089#16", "geometry": {"type": "LineString", "coordinates": [[-77.051912, -12.056227], [-77.05199, -12.056499], [-77.052134, -12.056883]]}, "properties": {"id": "111906089#16", "nombre": "111906089#16", "longitud": 76.5, "velocidad_max": 40.0, "num_lanes": 1}}, {"type": "Feature", "id": "111906089#2", "geometry": {"type": "LineString", "coordinates": [[-77.051726, -12.051434], [-77.051747, -12.051581], [-77.051791, -12.051884], [-77.051801, -12.051953], [-77.051804, -12.051978], [-77.05183, -12.052192]]}, "properties": {"id": "111906089#2", "nombre": "111906089#2", "longitud": 84.65, "velocidad_max": 40.0, "num_lanes": 1}}, {"type": "Feature", "id": "111906089#7", "geometry": {"type": "LineString", "coordinates": [[-77.051843, -12.052295], [-77.051873, -12.052541], [-77.051886, -12.052666], [-77.051889, -12.052688], [-77.0519, -12.052798], [-77.051909, -12.053097]]}, "properties": {"id": "111906089#7", "nombre": "111906089#7", "longitud": 89.11, "velocidad_max": 40.0, "num_lanes": 1}}, {"type": "Feature", "id": "111907063", "geometry": {"type": "LineString", "coordinates": [[-77.035599, -12.040003], [-77.035949, -12.039779]]}, "properties": {"id": "111907063", "nombre": "111907063", "longitud": 45.37, "velocidad_max": 60.0, "num_lanes": 1}}, {"type": "Feature", "id": "111908199#0", "geometry": {"type": "LineString", "coordinates": [[-77.052335, -12.058428], [-77.05266, -12.058152], [-77.052913, -12.057938]]}, "properties": {"id": "111908199#0", "nombre": "111908199#0", "longitud": 83.05, "velocidad_max": 40.0, "num_lanes": 1}}, {"type": "Feature", "id": "111908199#2", "geometry": {"type": "LineString", "coordinates": [[-77.053013, -12.057853], [-77.053235, -12.057662], [-77.053597, -12.05735]]}, "properties": {"id": "111908199#2", "nombre": "111908199#2", "longitud": 84.46, "velocidad_max": 40.0, "num_lanes": 1}}, {"type": "Feature", "id": "111911387#0", "geometry": {"type": "LineString", "coordinates": [[-77.053858, -12.055541], [-77.053855, -12.055578], [-77.053851, -12.055679], [-77.053856, -12.055777], [-77.053869, -12.055854], [-77.053881, -12.055895]]}, "properties": {"id": "111911387#0", "nombre": "111911387#0", "longitud": 39.49, "velocidad_max": 30.0, "num_lanes": 1}}, {"type": "Feature", "id": "111911387#1", "geometry": {"type": "LineString", "coordinates": [[-77.053911, -12.055991], [-77.054024, -12.056343], [-77.05404, -12.056382]]}, "properties": {"id": "111911387#1", "nombre": "111911387#1", "longitud": 45.48, "velocidad_max": 30.0, "num_lanes": 1}}, {"type": "Feature", "id": "111914379#0", "geometry": {"type": "LineString", "coordinates": [[-77.045433, -12.039183], [-77.045436, -12.039142], [-77.045444, -12.039122], [-77.045461, -12.039109], [-77.045647, -12.039003], [-77.045874, -12.038877], [-77.046055, -12.038777], [-77.046336, -12.038624], [-77.046468, -12.038549], [-77.046483, -12.038541], [-77.046525, -12.038507], [-77.046552, -12.038476], [-77.046566, -12.038461], [-77.046692, -12.038303]]}, "properties": {"id": "111914379#0", "nombre": "111914379#0", "longitud": 172.0, "velocidad_max": 50.0, "num_lanes": 1}}, {"type": "Feature", "id": "111914379#4", "geometry": {"type": "LineString", "coordinates": [[-77.046755, -12.038223], [-77.046883, -12.038059], [-77.047015, -12.037891], [-77.047019, -12.037887]]}, "properties": {"id": "111914379#4", "nombre": "111914379#4", "longitud": 46.98, "velocidad_max": 50.0, "num_lanes": 1}}, {"type": "Feature", "id": "111914379#6", "geometry": {"type": "LineString", "coordinates": [[-77.047092, -12.037813], [-77.047576, -12.03735], [-77.048066, -12.036923], [-77.048453, -12.036589], [-77.048855, -12.036248], [-77.048877, -12.036214]]}, "properties": {"id": "111914379#6", "nombre": "111914379#6", "longitud": 263.14, "velocidad_max": 50.0, "num_lanes": 1}}, {"type": "Feature", "id": "111916549", "geometry": {"type": "LineString", "coordinates": [[-77.053603, -12.057279], [-77.053194, -12.056803]]}, "properties": {"id": "111916549", "nombre": "111916549", "longitud": 68.91, "velocidad_max": 40.0, "num_lanes": 1}}, {"type": "Feature", "id": "111921456#0", "geometry": {"type": "LineString", "coordinates": [[-77.048696, -12.040775], [-77.048695, -12.040785], [-77.048643, -12.04132], [-77.048549, -12.042307]]}, "properties": {"id": "111921456#0", "nombre": "111921456#0", "longitud": 170.25, "velocidad_max": 30.0, "num_lanes": 1}}, {"type": "Feature", "id": "111921456#3", "geometry": {"type": "LineString", "coordinates": [[-77.048539, -12.042408], [-77.048507, -12.04274], [-77.048482, -12.043009], [-77.048456, -12.043277], [-77.048428, -12.043562]]}, "properties": {"id": "111921456#3", "nombre": "111921456#3", "longitud": 128.27, "velocidad_max": 30.0, "num_lanes": 1}}, {"type": "Feature", "id": "111921616#0", "geometry": {"type": "LineString", "coordinates": [[-77.034503, -12.040212], [-77.034509, -12.04021], [-77.03459, -12.040194], [-77.034687, -12.040197], [-77.034696, -12.040198]]}, "properties": {"id": "111921616#0", "nombre": "111921616#0", "longitud": 21.19, "velocidad_max": 30.0, "num_lanes": 1}}, {"type": "Feature", "id": "111921616#1", "geometry": {"type": "LineString", "coordinates": [[-77.03477, -12.04021], [-77.034856, -12.040223], [-77.034907, -12.040227], [-77.034926, -12.040224]]}, "properties": {"id": "111921616#1", "nombre": "111921616#1", "longitud": 17.1, "velocidad_max": 30.0, "num_lanes": 1}}, {"type": "Feature", "id": "111923013#0", "geometry": {"type": "LineString", "coordinates": [[-77.044678, -12.041992], [-77.044688, -12.041993], [-77.045172, -12.042034], [-77.045437, -12.04206], [-77.045575, -12.042073], [-77.045726, -12.042087], [-77.045864, -12.0421]]}, "properties": {"id": "111923013#0", "nombre": "111923013#0", "longitud": 129.78, "velocidad_max": 30.0, "num_lanes": 1}}, {"type": "Feature", "id": "111923013#4", "geometry": {"type": "LineString", "coordinates": [[-77.045996, -12.042112], [-77.047173, -12.042212]]}, "properties": {"id": "111923013#4", "nombre": "111923013#4", "longitud": 128.7, "velocidad_max": 30.0, "num_lanes": 1}}, {"type": "Feature", "id": "111924331#0", "geometry": {"type": "LineString", "coordinates": [[-77.030782, -12.05326], [-77.030832, -12.053243], [-77.031229, -12.05311], [-77.031352, -12.053032], [-77.031447, -12.052972], [-77.031689, -12.052789], [-77.031701, -12.052779]]}, "properties": {"id": "111924331#0", "nombre": "111924331#0", "longitud": 114.58, "velocidad_max": 30.0, "num_lanes": 2}}, {"type": "Feature", "id": "111925865#1", "geometry": {"type": "LineString", "coordinates": [[-77.041506, -12.040852], [-77.041753, -12.040926], [-77.041939, -12.040981], [-77.042389, -12.041115], [-77.042738, -12.041228], [-77.043, -12.041313]]}, "properties": {"id": "111925865#1", "nombre": "111925865#1", "longitud": 171.49, "velocidad_max": 40.0, "num_lanes": 2}}, {"type": "Feature", "id": "111932840#0", "geometry": {"type": "LineString", "coordinates": [[-77.039603, -12.037962], [-77.039565, -12.037984], [-77.039443, -12.03806]]}, "properties": {"id": "111932840#0", "nombre": "111932840#0", "longitud": 20.52, "velocidad_max": 50.0, "num_lanes": 1}}, {"type": "Feature", "id": "111932840#1", "geometry": {"type": "LineString", "coordinates": [[-77.039331, -12.038129], [-77.039167, -12.038231]]}, "properties": {"id": "111932840#1", "nombre": "111932840#1", "longitud": 21.11, "velocidad_max": 50.0, "num_lanes": 1}}, {"type": "Feature", "id": "111932840#2", "geometry": {"type": "LineString", "coordinates": [[-77.039055, -12.038301], [-77.038962, -12.038358], [-77.03886, -12.038464], [-77.038852, -12.038473], [-77.038668, -12.03867], [-77.038455, -12.038928], [-77.038399, -12.038952], [-77.038334, -12.038937], [-77.038137, -12.038688], [-77.038026, -12.038542]]}, "properties": {"id": "111932840#2", "nombre": "111932840#2", "longitud": 164.81, "velocidad_max": 50.0, "num_lanes": 1}}, {"type": "Feature", "id": "111933555#0", "geometry": {"type": "LineString", "coordinates": [[-77.038206, -12.039822], [-77.038601, -12.039673], [-77.038773, -12.039591], [-77.039062, -12.039444], [-77.03938, -12.039285], [-77.039445, -12.039257], [-77.039638, -12.039201]]}, "properties": {"id": "111933555#0", "nombre": "111933555#0", "longitud": 170.87, "velocidad_max": 30.0, "num_lanes": 1}}, {"type": "Feature", "id": "111933555#2", "geometry": {"type": "LineString", "coordinates": [[-77.039742, -12.039193], [-77.039985, -12.039181], [-77.040551, -12.039161], [-77.040812, -12.039149]]}, "properties": {"id": "111933555#2", "nombre": "111933555#2", "longitud": 116.68, "velocidad_max": 30.0, "num_lanes": 1}}, {"type": "Feature", "id": "111933555#3", "geometry": {"type": "LineString", "coordinates": [[-77.040945, -12.039143], [-77.041298, -12.039128], [-77.0415, -12.039151], [-77.041562, -12.039167], [-77.04164, -12.039186], [-77.041898, -12.039298], [-77.042022, -12.039376], [-77.042072, -12.039425], [-77.042101, -12.039475], [-77.042118, -12.039523], [-77.042118, -12.039525]]}, "properties": {"id": "111933555#3", "nombre": "111933555#3", "longitud": 143.02, "velocidad_max": 30.0, "num_lanes": 1}}, {"type": "Feature", "id": "111933555#7", "geometry": {"type": "LineString", "coordinates": [[-77.042113, -12.039658], [-77.042099, -12.039809]]}, "properties": {"id": "111933555#7", "nombre": "111933555#7", "longitud": 16.8, "velocidad_max": 30.0, "num_lanes": 1}}, {"type": "Feature", "id": "111935502#0", "geometry": {"type": "LineString", "coordinates": [[-77.035259, -12.060032], [-77.035216, -12.059993], [-77.035164, -12.059965], [-77.035138, -12.05995]]}, "properties": {"id": "111935502#0", "nombre": "111935502#0", "longitud": 16.12, "velocidad_max": 50.0, "num_lanes": 3}}, {"type": "Feature", "id": "111935502#2", "geometry": {"type": "LineString", "coordinates": [[-77.035034, -12.059907], [-77.034973, -12.05989], [-77.034863, -12.059877], [-77.034461, -12.059823], [-77.033991, -12.059765]]}, "properties": {"id": "111935502#2", "nombre": "111935502#2", "longitud": 114.76, "velocidad_max": 50.0, "num_lanes": 3}}, {"type": "Feature", "id": "111935502#4", "geometry": {"type": "LineString", "coordinates": [[-77.033889, -12.059753], [-77.033123, -12.059659], [-77.032913, -12.059633]]}, "properties": {"id": "111935502#4", "nombre": "111935502#4", "longitud": 107.03, "velocidad_max": 50.0, "num_lanes": 3}}, {"type": "Feature", "id": "111937371#0", "geometry": {"type": "LineString", "coordinates": [[-77.04996, -12.040834], [-77.049931, -12.041145]]}, "properties": {"id": "111937371#0", "nombre": "111937371#0", "longitud": 34.54, "velocidad_max": 50.0, "num_lanes": 1}}, {"type": "Feature", "id": "111937371#1", "geometry": {"type": "LineString", "coordinates": [[-77.049919, -12.041274], [-77.049902, -12.041458], [-77.049876, -12.041669], [-77.049796, -12.042417]]}, "properties": {"id": "111937371#1", "nombre": "111937371#1", "longitud": 127.14, "velocidad_max": 50.0, "num_lanes": 1}}, {"type": "Feature", "id": "111943263#0", "geometry": {"type": "LineString", "coordinates": [[-77.048756, -12.040694], [-77.048787, -12.040694]]}, "properties": {"id": "111943263#0", "nombre": "111943263#0", "longitud": 3.35, "velocidad_max": 30.0, "num_lanes": 1}}, {"type": "Feature", "id": "111943263#1", "geometry": {"type": "LineString", "coordinates": [[-77.04892, -12.040691], [-77.048975, -12.040689], [-77.049151, -12.04068], [-77.049534, -12.040657], [-77.049632, -12.040644], [-77.049747, -12.040615], [-77.049849, -12.040599], [-77.04993, -12.040596]]}, "properties": {"id": "111943263#1", "nombre": "111943263#1", "longitud": 110.67, "velocidad_max": 30.0, "num_lanes": 1}}, {"type": "Feature", "id": "111943263#3", "geometry": {"type": "LineString", "coordinates": [[-77.050066, -12.040595], [-77.050126, -12.040596], [-77.05029, -12.040604], [-77.050438, -12.040589], [-77.051222, -12.040465]]}, "properties": {"id": "111943263#3", "nombre": "111943263#3", "longitud": 127.07, "velocidad_max": 30.0, "num_lanes": 1}}, {"type": "Feature", "id": "111945303", "geometry": {"type": "LineString", "coordinates": [[-77.041139, -12.041435], [-77.041316, -12.041152], [-77.041378, -12.040985]]}, "properties": {"id": "111945303", "nombre": "111945303", "longitud": 56.44, "velocidad_max": 30.0, "num_lanes": 1}}, {"type": "Feature", "id": "111945652#0", "geometry": {"type": "LineString", "coordinates": [[-77.052425, -12.037869], [-77.052454, -12.038159]]}, "properties": {"id": "111945652#0", "nombre": "111945652#0", "longitud": 32.28, "velocidad_max": 50.0, "num_lanes": 1}}, {"type": "Feature", "id": "111945652#1", "geometry": {"type": "LineString", "coordinates": [[-77.052466, -12.038291], [-77.052509, -12.038816]]}, "properties": {"id": "111945652#1", "nombre": "111945652#1", "longitud": 58.27, "velocidad_max": 50.0, "num_lanes": 1}}, {"type": "Feature", "id": "111945652#2", "geometry": {"type": "LineString", "coordinates": [[-77.052523, -12.038952], [-77.052543, -12.039116], [-77.052565, -12.039297], [-77.052571, -12.039455]]}, "properties": {"id": "111945652#2", "nombre": "111945652#2", "longitud": 55.97, "velocidad_max": 50.0, "num_lanes": 1}}, {"type": "Feature", "id": "111945652#5", "geometry": {"type": "LineString", "coordinates": [[-77.052589, -12.039578], [-77.052594, -12.039592], [-77.052608, -12.039609], [-77.052867, -12.039581], [-77.053012, -12.039538], [-77.053024, -12.039532], [-77.053198, -12.039443], [-77.053336, -12.039327], [-77.053408, -12.039289], [-77.053424, -12.039275], [-77.053442, -12.03923], [-77.053456, -12.039179], [-77.053474, -12.039154], [-77.053675, -12.039062]]}, "properties": {"id": "111945652#5", "nombre": "111945652#5", "longitud": 141.53, "velocidad_max": 50.0, "num_lanes": 1}}, {"type": "Feature", "id": "111948492#1", "geometry": {"type": "LineString", "coordinates": [[-77.031487, -12.056029], [-77.031698, -12.056424]]}, "properties": {"id": "111948492#1", "nombre": "111948492#1", "longitud": 49.38, "velocidad_max": 30.0, "num_lanes": 2}}, {"type": "Feature", "id": "111948492#2", "geometry": {"type": "LineString", "coordinates": [[-77.031767, -12.056497], [-77.031819, -12.056649]]}, "properties": {"id": "111948492#2", "nombre": "111948492#2", "longitud": 17.75, "velocidad_max": 30.0, "num_lanes": 2}}, {"type": "Feature", "id": "111949656#0", "geometry": {"type": "LineString", "coordinates": [[-77.054232, -12.052567], [-77.053901, -12.052735]]}, "properties": {"id": "111949656#0", "nombre": "111949656#0", "longitud": 40.52, "velocidad_max": 50.0, "num_lanes": 1}}, {"type": "Feature", "id": "111949656#1", "geometry": {"type": "LineString", "coordinates": [[-77.05381, -12.052782], [-77.053492, -12.052947]]}, "properties": {"id": "111949656#1", "nombre": "111949656#1", "longitud": 39.18, "velocidad_max": 50.0, "num_lanes": 1}}, {"type": "Feature", "id": "111953731#0", "geometry": {"type": "LineString", "coordinates": [[-77.052997, -12.057934], [-77.053629, -12.05867]]}, "properties": {"id": "111953731#0", "nombre": "111953731#0", "longitud": 106.65, "velocidad_max": 40.0, "num_lanes": 1}}, {"type": "Feature", "id": "111953731#1", "geometry": {"type": "LineString", "coordinates": [[-77.053695, -12.058748], [-77.053987, -12.059081], [-77.05416, -12.059289]]}, "properties": {"id": "111953731#1", "nombre": "111953731#1", "longitud": 78.43, "velocidad_max": 40.0, "num_lanes": 1}}, {"type": "Feature", "id": "111953731#3", "geometry": {"type": "LineString", "coordinates": [[-77.054233, -12.059372], [-77.054363, -12.059516], [-77.054396, -12.059552]]}, "properties": {"id": "111953731#3", "nombre": "111953731#3", "longitud": 26.69, "velocidad_max": 40.0, "num_lanes": 1}}, {"type": "Feature", "id": "111953731#5", "geometry": {"type": "LineString", "coordinates": [[-77.054479, -12.059645], [-77.054866, -12.060089], [-77.054911, -12.060141], [-77.055229, -12.060526], [-77.055377, -12.060701], [-77.055764, -12.061137], [-77.055992, -12.061405], [-77.056044, -12.061466], [-77.056208, -12.061658]]}, "properties": {"id": "111953731#5", "nombre": "111953731#5", "longitud": 291.67, "velocidad_max": 40.0, "num_lanes": 1}}, {"type": "Feature", "id": "111960355#0", "geometry": {"type": "LineString", "coordinates": [[-77.052641, -12.056201], [-77.052611, -12.056164], [-77.052553, -12.056058], [-77.052522, -12.055977], [-77.052493, -12.055859], [-77.052475, -12.055704], [-77.05248, -12.055584], [-77.052493, -12.055469], [-77.052496, -12.055427]]}, "properties": {"id": "111960355#0", "nombre": "111960355#0", "longitud": 89.55, "velocidad_max": 40.0, "num_lanes": 1}}, {"type": "Feature", "id": "111963354#0", "geometry": {"type": "LineString", "coordinates": [[-77.05279, -12.056269], [-77.052828, -12.056267], [-77.053325, -12.056117], [-77.053847, -12.055958]]}, "properties": {"id": "111963354#0", "nombre": "111963354#0", "longitud": 120.32, "velocidad_max": 30.0, "num_lanes": 1}}, {"type": "Feature", "id": "1131072133#1", "geometry": {"type": "LineString", "coordinates": [[-77.031291, -12.050046], [-77.031146, -12.049816], [-77.031004, -12.049605], [-77.030785, -12.049282]]}, "properties": {"id": "1131072133#1", "nombre": "1131072133#1", "longitud": 100.89, "velocidad_max": 30.0, "num_lanes": 2}}, {"type": "Feature", "id": "1131072134#0", "geometry": {"type": "LineString", "coordinates": [[-77.029795, -12.049897], [-77.030334, -12.050663]]}, "properties": {"id": "1131072134#0", "nombre": "1131072134#0", "longitud": 103.02, "velocidad_max": 30.0, "num_lanes": 2}}, {"type": "Feature", "id": "1131072136", "geometry": {"type": "LineString", "coordinates": [[-77.032714, -12.043981], [-77.033337, -12.044831]]}, "properties": {"id": "1131072136", "nombre": "1131072136", "longitud": 115.98, "velocidad_max": 30.0, "num_lanes": 1}}, {"type": "Feature", "id": "1131072137", "geometry": {"type": "LineString", "coordinates": [[-77.033332, -12.044906], [-77.032416, -12.045467]]}, "properties": {"id": "1131072137", "nombre": "1131072137", "longitud": 117.48, "velocidad_max": 20.0, "num_lanes": 1}}, {"type": "Feature", "id": "1131072138#0", "geometry": {"type": "LineString", "coordinates": [[-77.034793, -12.0468], [-77.035337, -12.047519]]}, "properties": {"id": "1131072138#0", "nombre": "1131072138#0", "longitud": 99.14, "velocidad_max": 30.0, "num_lanes": 2}}, {"type": "Feature", "id": "1144931966", "geometry": {"type": "LineString", "coordinates": [[-77.034772, -12.042512], [-77.034461, -12.042058], [-77.033566, -12.040752], [-77.032993, -12.039917]]}, "properties": {"id": "1144931966", "nombre": "1144931966", "longitud": 346.38, "velocidad_max": 50.0, "num_lanes": 2}}, {"type": "Feature", "id": "1144931968", "geometry": {"type": "LineString", "coordinates": [[-77.033086, -12.039855], [-77.033674, -12.040708], [-77.034378, -12.041731], [-77.034555, -12.041996]]}, "properties": {"id": "1144931968", "nombre": "1144931968", "longitud": 285.84, "velocidad_max": 50.0, "num_lanes": 3}}, {"type": "Feature", "id": "1145039794", "geometry": {"type": "LineString", "coordinates": [[-77.048439, -12.052402], [-77.048426, -12.052282]]}, "properties": {"id": "1145039794", "nombre": "1145039794", "longitud": 13.36, "velocidad_max": 50.0, "num_lanes": 1}}, {"type": "Feature", "id": "1146087550#0", "geometry": {"type": "LineString", "coordinates": [[-77.030426, -12.055045], [-77.030423, -12.055186], [-77.03039, -12.055436], [-77.030389, -12.055442], [-77.030353, -12.055751], [-77.030346, -12.055806], [-77.030296, -12.056262], [-77.030274, -12.056453], [-77.030269, -12.056489], [-77.030262, -12.056569], [-77.030256, -12.056612]]}, "properties": {"id": "1146087550#0", "nombre": "1146087550#0", "longitud": 174.44, "velocidad_max": 50.0, "num_lanes": 3}}, {"type": "Feature", "id": "1146112615", "geometry": {"type": "LineString", "coordinates": [[-77.031389, -12.059386], [-77.031418, -12.059159]]}, "properties": {"id": "1146112615", "nombre": "1146112615", "longitud": 25.31, "velocidad_max": 60.0, "num_lanes": 3}}, {"type": "Feature", "id": "1146112616", "geometry": {"type": "LineString", "coordinates": [[-77.031415, -12.059182], [-77.031415, -12.05918]]}, "properties": {"id": "1146112616", "nombre": "1146112616", "longitud": 0.2, "velocidad_max": 60.0, "num_lanes": 3}}, {"type": "Feature", "id": "1146112617", "geometry": {"type": "LineString", "coordinates": [[-77.031524, -12.059173], [-77.031491, -12.0594]]}, "properties": {"id": "1146112617", "nombre": "1146112617", "longitud": 25.31, "velocidad_max": 60.0, "num_lanes": 3}}, {"type": "Feature", "id": "1146112618", "geometry": {"type": "LineString", "coordinates": [[-77.031493, -12.059383], [-77.031493, -12.059385]]}, "properties": {"id": "1146112618", "nombre": "1146112618", "longitud": 0.2, "velocidad_max": 60.0, "num_lanes": 3}}, {"type": "Feature", "id": "1152213559", "geometry": {"type": "LineString", "coordinates": [[-77.042687, -12.048182], [-77.042689, -12.048182]]}, "properties": {"id": "1152213559", "nombre": "1152213559", "longitud": 0.2, "velocidad_max": 30.0, "num_lanes": 3}}, {"type": "Feature", "id": "1152469888#0", "geometry": {"type": "LineString", "coordinates": [[-77.052256, -12.057072], [-77.052654, -12.057523], [-77.05294, -12.057848]]}, "properties": {"id": "1152469888#0", "nombre": "1152469888#0", "longitud": 113.7, "velocidad_max": 40.0, "num_lanes": 1}}, {"type": "Feature", "id": "1152479654", "geometry": {"type": "LineString", "coordinates": [[-77.048337, -12.057779], [-77.048305, -12.058149]]}, "properties": {"id": "1152479654", "nombre": "1152479654", "longitud": 41.06, "velocidad_max": 30.0, "num_lanes": 1}}, {"type": "Feature", "id": "1152716277#0", "geometry": {"type": "LineString", "coordinates": [[-77.046667, -12.046795], [-77.045557, -12.046681]]}, "properties": {"id": "1152716277#0", "nombre": "1152716277#0", "longitud": 121.63, "velocidad_max": 60.0, "num_lanes": 3}}, {"type": "Feature", "id": "1153022289#0", "geometry": {"type": "LineString", "coordinates": [[-77.045935, -12.05886], [-77.046373, -12.058728], [-77.046558, -12.058672], [-77.046766, -12.058608], [-77.047104, -12.058505]]}, "properties": {"id": "1153022289#0", "nombre": "1153022289#0", "longitud": 133.31, "velocidad_max": 55.0, "num_lanes": 3}}, {"type": "Feature", "id": "1153022290", "geometry": {"type": "LineString", "coordinates": [[-77.054095, -12.056501], [-77.054096, -12.056503]]}, "properties": {"id": "1153022290", "nombre": "1153022290", "longitud": 0.2, "velocidad_max": 30.0, "num_lanes": 1}}, {"type": "Feature", "id": "1154548048", "geometry": {"type": "LineString", "coordinates": [[-77.034131, -12.040606], [-77.034579, -12.040411], [-77.03494, -12.040273]]}, "properties": {"id": "1154548048", "nombre": "1154548048", "longitud": 95.52, "velocidad_max": 60.0, "num_lanes": 2}}, {"type": "Feature", "id": "1155859546", "geometry": {"type": "LineString", "coordinates": [[-77.042077, -12.060005], [-77.042118, -12.060008], [-77.042189, -12.060001], [-77.042262, -12.05999], [-77.042685, -12.059865]]}, "properties": {"id": "1155859546", "nombre": "1155859546", "longitud": 68.46, "velocidad_max": 50.0, "num_lanes": 3}}, {"type": "Feature", "id": "1155859548#1", "geometry": {"type": "LineString", "coordinates": [[-77.045668, -12.058943], [-77.04575, -12.058921]]}, "properties": {"id": "1155859548#1", "nombre": "1155859548#1", "longitud": 9.25, "velocidad_max": 50.0, "num_lanes": 3}}, {"type": "Feature", "id": "1155859551#1", "geometry": {"type": "LineString", "coordinates": [[-77.044427, -12.059234], [-77.044434, -12.059266]]}, "properties": {"id": "1155859551#1", "nombre": "1155859551#1", "longitud": 3.64, "velocidad_max": 40.0, "num_lanes": 2}}, {"type": "Feature", "id": "1155859552", "geometry": {"type": "LineString", "coordinates": [[-77.044529, -12.059411], [-77.044568, -12.059455], [-77.044712, -12.059624], [-77.045291, -12.060304], [-77.045315, -12.060332]]}, "properties": {"id": "1155859552", "nombre": "1155859552", "longitud": 133.13, "velocidad_max": 30.0, "num_lanes": 2}}, {"type": "Feature", "id": "1155859554#0", "geometry": {"type": "LineString", "coordinates": [[-77.044487, -12.058412], [-77.044459, -12.058793]]}, "properties": {"id": "1155859554#0", "nombre": "1155859554#0", "longitud": 42.18, "velocidad_max": 40.0, "num_lanes": 2}}, {"type": "Feature", "id": "1155859554#1", "geometry": {"type": "LineString", "coordinates": [[-77.044449, -12.058922], [-77.044431, -12.059162], [-77.044427, -12.059226]]}, "properties": {"id": "1155859554#1", "nombre": "1155859554#1", "longitud": 33.65, "velocidad_max": 40.0, "num_lanes": 2}}, {"type": "Feature", "id": "1156714610", "geometry": {"type": "LineString", "coordinates": [[-77.042495, -12.039494], [-77.041948, -12.03922], [-77.041801, -12.039168], [-77.041676, -12.039141], [-77.041563, -12.039123]]}, "properties": {"id": "1156714610", "nombre": "1156714610", "longitud": 110.24, "velocidad_max": 40.0, "num_lanes": 4}}, {"type": "Feature", "id": "1156797237", "geometry": {"type": "LineString", "coordinates": [[-77.043301, -12.037951], [-77.043263, -12.037894], [-77.043198, -12.03783], [-77.043156, -12.037793], [-77.043121, -12.037773], [-77.043097, -12.037761], [-77.043057, -12.037745], [-77.042886, -12.037694], [-77.042558, -12.037583], [-77.04235, -12.037512], [-77.042186, -12.037456]]}, "properties": {"id": "1156797237", "nombre": "1156797237", "longitud": 135.78, "velocidad_max": 40.0, "num_lanes": 1}}, {"type": "Feature", "id": "1156806211#0", "geometry": {"type": "LineString", "coordinates": [[-77.042265, -12.049504], [-77.04159, -12.049451], [-77.041337, -12.049094]]}, "properties": {"id": "1156806211#0", "nombre": "1156806211#0", "longitud": 121.87, "velocidad_max": 30.0, "num_lanes": 1}}, {"type": "Feature", "id": "1156816127#0", "geometry": {"type": "LineString", "coordinates": [[-77.036597, -12.038149], [-77.036447, -12.038295], [-77.036355, -12.038393], [-77.03622, -12.038524]]}, "properties": {"id": "1156816127#0", "nombre": "1156816127#0", "longitud": 58.33, "velocidad_max": 50.0, "num_lanes": 1}}, {"type": "Feature", "id": "1156816127#2", "geometry": {"type": "LineString", "coordinates": [[-77.036126, -12.038616], [-77.035937, -12.038798], [-77.035714, -12.039015]]}, "properties": {"id": "1156816127#2", "nombre": "1156816127#2", "longitud": 63.01, "velocidad_max": 50.0, "num_lanes": 1}}, {"type": "Feature", "id": "1156816127#3", "geometry": {"type": "LineString", "coordinates": [[-77.03562, -12.039107], [-77.035531, -12.039192], [-77.034712, -12.039983]]}, "properties": {"id": "1156816127#3", "nombre": "1156816127#3", "longitud": 138.47, "velocidad_max": 50.0, "num_lanes": 1}}, {"type": "Feature", "id": "1159248011#0", "geometry": {"type": "LineString", "coordinates": [[-77.032543, -12.039297], [-77.032406, -12.039091], [-77.032321, -12.038972], [-77.032263, -12.03889]]}, "properties": {"id": "1159248011#0", "nombre": "1159248011#0", "longitud": 54.39, "velocidad_max": 50.0, "num_lanes": 4}}, {"type": "Feature", "id": "1159477011", "geometry": {"type": "LineString", "coordinates": [[-77.051652, -12.04264], [-77.051216, -12.042609]]}, "properties": {"id": "1159477011", "nombre": "1159477011", "longitud": 47.58, "velocidad_max": 30.0, "num_lanes": 1}}, {"type": "Feature", "id": "1160128072#0", "geometry": {"type": "LineString", "coordinates": [[-77.048595, -12.042363], [-77.048666, -12.042369], [-77.049711, -12.04246]]}, "properties": {"id": "1160128072#0", "nombre": "1160128072#0", "longitud": 121.95, "velocidad_max": 30.0, "num_lanes": 1}}, {"type": "Feature", "id": "1164183337#0", "geometry": {"type": "LineString", "coordinates": [[-77.048619, -12.040377], [-77.048336, -12.04035]]}, "properties": {"id": "1164183337#0", "nombre": "1164183337#0", "longitud": 30.95, "velocidad_max": 50.0, "num_lanes": 1}}, {"type": "Feature", "id": "1164183337#1", "geometry": {"type": "LineString", "coordinates": [[-77.048205, -12.040338], [-77.047932, -12.040313]]}, "properties": {"id": "1164183337#1", "nombre": "1164183337#1", "longitud": 29.83, "velocidad_max": 50.0, "num_lanes": 1}}, {"type": "Feature", "id": "1164183337#2", "geometry": {"type": "LineString", "coordinates": [[-77.0478, -12.0403], [-77.04751, -12.040273]]}, "properties": {"id": "1164183337#2", "nombre": "1164183337#2", "longitud": 31.78, "velocidad_max": 50.0, "num_lanes": 1}}, {"type": "Feature", "id": "1164183338#0", "geometry": {"type": "LineString", "coordinates": [[-77.048263, -12.040264], [-77.048311, -12.039779]]}, "properties": {"id": "1164183338#0", "nombre": "1164183338#0", "longitud": 53.87, "velocidad_max": 50.0, "num_lanes": 1}}, {"type": "Feature", "id": "1164183338#1", "geometry": {"type": "LineString", "coordinates": [[-77.048323, -12.039649], [-77.048351, -12.039365]]}, "properties": {"id": "1164183338#1", "nombre": "1164183338#1", "longitud": 31.66, "velocidad_max": 50.0, "num_lanes": 1}}, {"type": "Feature", "id": "1164183338#2", "geometry": {"type": "LineString", "coordinates": [[-77.048364, -12.039235], [-77.048465, -12.038207]]}, "properties": {"id": "1164183338#2", "nombre": "1164183338#2", "longitud": 114.31, "velocidad_max": 50.0, "num_lanes": 1}}, {"type": "Feature", "id": "1164183339", "geometry": {"type": "LineString", "coordinates": [[-77.048054, -12.038529], [-77.047983, -12.03926], [-77.047948, -12.039614]]}, "properties": {"id": "1164183339", "nombre": "1164183339", "longitud": 120.62, "velocidad_max": 50.0, "num_lanes": 1}}, {"type": "Feature", "id": "1164183340", "geometry": {"type": "LineString", "coordinates": [[-77.048439, -12.039293], [-77.048634, -12.039311], [-77.048728, -12.039312], [-77.048747, -12.039312]]}, "properties": {"id": "1164183340", "nombre": "1164183340", "longitud": 33.61, "velocidad_max": 50.0, "num_lanes": 1}}, {"type": "Feature", "id": "1164183341#1", "geometry": {"type": "LineString", "coordinates": [[-77.047919, -12.039612], [-77.047954, -12.039257], [-77.048025, -12.038526]]}, "properties": {"id": "1164183341#1", "nombre": "1164183341#1", "longitud": 120.62, "velocidad_max": 50.0, "num_lanes": 1}}, {"type": "Feature", "id": "1165339730#0", "geometry": {"type": "LineString", "coordinates": [[-77.043927, -12.059391], [-77.043828, -12.058601], [-77.043792, -12.058349]]}, "properties": {"id": "1165339730#0", "nombre": "1165339730#0", "longitud": 116.16, "velocidad_max": 30.0, "num_lanes": 2}}, {"type": "Feature", "id": "1166007371", "geometry": {"type": "LineString", "coordinates": [[-77.050811, -12.054685], [-77.050764, -12.054684], [-77.050212, -12.05464]]}, "properties": {"id": "1166007371", "nombre": "1166007371", "longitud": 65.5, "velocidad_max": 10.0, "num_lanes": 1}}, {"type": "Feature", "id": "1168373458", "geometry": {"type": "LineString", "coordinates": [[-77.042272, -12.050135], [-77.04231, -12.049929], [-77.042316, -12.049801], [-77.042341, -12.049555]]}, "properties": {"id": "1168373458", "nombre": "1168373458", "longitud": 64.72, "velocidad_max": 30.0, "num_lanes": 2}}, {"type": "Feature", "id": "1168373459#1", "geometry": {"type": "LineString", "coordinates": [[-77.042458, -12.048169], [-77.042503, -12.0477]]}, "properties": {"id": "1168373459#1", "nombre": "1168373459#1", "longitud": 52.14, "velocidad_max": 50.0, "num_lanes": 3}}, {"type": "Feature", "id": "1178038818", "geometry": {"type": "LineString", "coordinates": [[-77.048382, -12.045593], [-77.048392, -12.04561], [-77.048459, -12.045741], [-77.048493, -12.045823], [-77.048507, -12.045887], [-77.048477, -12.046363]]}, "properties": {"id": "1178038818", "nombre": "1178038818", "longitud": 88.24, "velocidad_max": 50.0, "num_lanes": 1}}, {"type": "Feature", "id": "1180373752", "geometry": {"type": "LineString", "coordinates": [[-77.045914, -12.051677], [-77.045945, -12.051266]]}, "properties": {"id": "1180373752", "nombre": "1180373752", "longitud": 45.63, "velocidad_max": 50.0, "num_lanes": 1}}, {"type": "Feature", "id": "118291788#0", "geometry": {"type": "LineString", "coordinates": [[-77.031729, -12.044532], [-77.031836, -12.044466], [-77.031961, -12.044389], [-77.032643, -12.043966]]}, "properties": {"id": "118291788#0", "nombre": "118291788#0", "longitud": 117.66, "velocidad_max": 30.0, "num_lanes": 1}}, {"type": "Feature", "id": "118291788#3", "geometry": {"type": "LineString", "coordinates": [[-77.032727, -12.043915], [-77.0332, -12.043622], [-77.033232, -12.043602], [-77.033632, -12.043354]]}, "properties": {"id": "118291788#3", "nombre": "118291788#3", "longitud": 116.46, "velocidad_max": 30.0, "num_lanes": 1}}, {"type": "Feature", "id": "1183060449", "geometry": {"type": "LineString", "coordinates": [[-77.040264, -12.0406], [-77.04033, -12.040582], [-77.040362, -12.040575], [-77.040478, -12.040563], [-77.040512, -12.040562], [-77.040542, -12.040565], [-77.040985, -12.040678], [-77.041386, -12.040813]]}, "properties": {"id": "1183060449", "nombre": "1183060449", "longitud": 126.67, "velocidad_max": 40.0, "num_lanes": 2}}, {"type": "Feature", "id": "1183326960", "geometry": {"type": "LineString", "coordinates": [[-77.047122, -12.043632], [-77.047106, -12.043791], [-77.047094, -12.043953]]}, "properties": {"id": "1183326960", "nombre": "1183326960", "longitud": 35.55, "velocidad_max": 40.0, "num_lanes": 2}}, {"type": "Feature", "id": "1183326961", "geometry": {"type": "LineString", "coordinates": [[-77.047132, -12.043537], [-77.047131, -12.043539]]}, "properties": {"id": "1183326961", "nombre": "1183326961", "longitud": 0.2, "velocidad_max": 40.0, "num_lanes": 2}}, {"type": "Feature", "id": "1183326962", "geometry": {"type": "LineString", "coordinates": [[-77.046881, -12.043545], [-77.047004, -12.043556]]}, "properties": {"id": "1183326962", "nombre": "1183326962", "longitud": 13.39, "velocidad_max": 50.0, "num_lanes": 2}}, {"type": "Feature", "id": "1183326963", "geometry": {"type": "LineString", "coordinates": [[-77.045875, -12.043447], [-77.046879, -12.043545]]}, "properties": {"id": "1183326963", "nombre": "1183326963", "longitud": 109.85, "velocidad_max": 50.0, "num_lanes": 2}}, {"type": "Feature", "id": "1184933733#0", "geometry": {"type": "LineString", "coordinates": [[-77.036127, -12.050628], [-77.037073, -12.050004]]}, "properties": {"id": "1184933733#0", "nombre": "1184933733#0", "longitud": 124.0, "velocidad_max": 40.0, "num_lanes": 2}}, {"type": "Feature", "id": "1184933733#2", "geometry": {"type": "LineString", "coordinates": [[-77.037186, -12.049926], [-77.037937, -12.049449]]}, "properties": {"id": "1184933733#2", "nombre": "1184933733#2", "longitud": 97.34, "velocidad_max": 40.0, "num_lanes": 2}}, {"type": "Feature", "id": "118632350#0", "geometry": {"type": "LineString", "coordinates": [[-77.049158, -12.056836], [-77.048833, -12.056809], [-77.048764, -12.056803], [-77.048514, -12.056782], [-77.048479, -12.056779]]}, "properties": {"id": "118632350#0", "nombre": "118632350#0", "longitud": 74.14, "velocidad_max": 50.0, "num_lanes": 3}}, {"type": "Feature", "id": "118632350#12", "geometry": {"type": "LineString", "coordinates": [[-77.046422, -12.056606], [-77.046096, -12.056579]]}, "properties": {"id": "118632350#12", "nombre": "118632350#12", "longitud": 35.58, "velocidad_max": 50.0, "num_lanes": 3}}, {"type": "Feature", "id": "118632350#4", "geometry": {"type": "LineString", "coordinates": [[-77.048348, -12.056768], [-77.048171, -12.056754], [-77.048098, -12.056747], [-77.047857, -12.056727]]}, "properties": {"id": "118632350#4", "nombre": "118632350#4", "longitud": 53.61, "velocidad_max": 50.0, "num_lanes": 3}}, {"type": "Feature", "id": "118632350#7", "geometry": {"type": "LineString", "coordinates": [[-77.047755, -12.056718], [-77.047751, -12.056718], [-77.047334, -12.056683]]}, "properties": {"id": "118632350#7", "nombre": "118632350#7", "longitud": 46.01, "velocidad_max": 50.0, "num_lanes": 3}}, {"type": "Feature", "id": "118632350#9", "geometry": {"type": "LineString", "coordinates": [[-77.047202, -12.056672], [-77.046844, -12.056642], [-77.046566, -12.056619], [-77.046524, -12.056615]]}, "properties": {"id": "118632350#9", "nombre": "118632350#9", "longitud": 74.06, "velocidad_max": 50.0, "num_lanes": 3}}, {"type": "Feature", "id": "1191509328", "geometry": {"type": "LineString", "coordinates": [[-77.043195, -12.039885], [-77.043245, -12.03933]]}, "properties": {"id": "1191509328", "nombre": "1191509328", "longitud": 61.65, "velocidad_max": 50.0, "num_lanes": 2}}, {"type": "Feature", "id": "1196171497", "geometry": {"type": "LineString", "coordinates": [[-77.030107, -12.054404], [-77.0301, -12.054392], [-77.029863, -12.05397], [-77.029774, -12.053801], [-77.029652, -12.053569], [-77.029607, -12.053484], [-77.029426, -12.053124], [-77.029382, -12.053033]]}, "properties": {"id": "1196171497", "nombre": "1196171497", "longitud": 171.04, "velocidad_max": 50.0, "num_lanes": 4}}, {"type": "Feature", "id": "1196171498", "geometry": {"type": "LineString", "coordinates": [[-77.030104, -12.054652], [-77.02952, -12.055032]]}, "properties": {"id": "1196171498", "nombre": "1196171498", "longitud": 76.36, "velocidad_max": 50.0, "num_lanes": 3}}, {"type": "Feature", "id": "1196171500", "geometry": {"type": "LineString", "coordinates": [[-77.030353, -12.054608], [-77.030354, -12.05461]]}, "properties": {"id": "1196171500", "nombre": "1196171500", "longitud": 0.2, "velocidad_max": 50.0, "num_lanes": 4}}, {"type": "Feature", "id": "1196171501", "geometry": {"type": "LineString", "coordinates": [[-77.03041, -12.054435], [-77.030409, -12.054436]]}, "properties": {"id": "1196171501", "nombre": "1196171501", "longitud": 0.2, "velocidad_max": 40.0, "num_lanes": 3}}, {"type": "Feature", "id": "1196171502#1", "geometry": {"type": "LineString", "coordinates": [[-77.030314, -12.054388], [-77.030315, -12.054387]]}, "properties": {"id": "1196171502#1", "nombre": "1196171502#1", "longitud": 0.2, "velocidad_max": 40.0, "num_lanes": 3}}, {"type": "Feature", "id": "1201192199", "geometry": {"type": "LineString", "coordinates": [[-77.043724, -12.043173], [-77.043726, -12.043173]]}, "properties": {"id": "1201192199", "nombre": "1201192199", "longitud": 0.2, "velocidad_max": 40.0, "num_lanes": 2}}, {"type": "Feature", "id": "1229253676#0", "geometry": {"type": "LineString", "coordinates": [[-77.047112, -12.043441], [-77.047224, -12.042364]]}, "properties": {"id": "1229253676#0", "nombre": "1229253676#0", "longitud": 119.82, "velocidad_max": 80.0, "num_lanes": 2}}, {"type": "Feature", "id": "1229253676#1", "geometry": {"type": "LineString", "coordinates": [[-77.047225, -12.042361], [-77.047234, -12.042267]]}, "properties": {"id": "1229253676#1", "nombre": "1229253676#1", "longitud": 10.42, "velocidad_max": 80.0, "num_lanes": 2}}, {"type": "Feature", "id": "123815472", "geometry": {"type": "LineString", "coordinates": [[-77.043586, -12.038022], [-77.043553, -12.038393]]}, "properties": {"id": "123815472", "nombre": "123815472", "longitud": 41.16, "velocidad_max": 40.0, "num_lanes": 2}}, {"type": "Feature", "id": "1253103144#1", "geometry": {"type": "LineString", "coordinates": [[-77.038046, -12.041322], [-77.038042, -12.041313]]}, "properties": {"id": "1253103144#1", "nombre": "1253103144#1", "longitud": 1.13, "velocidad_max": 50.0, "num_lanes": 1}}, {"type": "Feature", "id": "1253103145#0", "geometry": {"type": "LineString", "coordinates": [[-77.038139, -12.04133], [-77.038287, -12.041243], [-77.038287, -12.041245], [-77.038274, -12.04122], [-77.038102, -12.041243]]}, "properties": {"id": "1253103145#0", "nombre": "1253103145#0", "longitud": 40.96, "velocidad_max": 50.0, "num_lanes": 1}}, {"type": "Feature", "id": "1253103145#1", "geometry": {"type": "LineString", "coordinates": [[-77.037969, -12.041261], [-77.037843, -12.041278]]}, "properties": {"id": "1253103145#1", "nombre": "1253103145#1", "longitud": 13.76, "velocidad_max": 50.0, "num_lanes": 1}}, {"type": "Feature", "id": "126127942#0", "geometry": {"type": "LineString", "coordinates": [[-77.054167, -12.056617], [-77.054209, -12.056681], [-77.054529, -12.05706], [-77.054613, -12.057156], [-77.054674, -12.057224], [-77.054809, -12.057377], [-77.054895, -12.057473], [-77.054943, -12.057528], [-77.054976, -12.057566]]}, "properties": {"id": "126127942#0", "nombre": "126127942#0", "longitud": 137.12, "velocidad_max": 40.0, "num_lanes": 1}}, {"type": "Feature", "id": "126127942#8", "geometry": {"type": "LineString", "coordinates": [[-77.055032, -12.057631], [-77.055095, -12.057703], [-77.055274, -12.057913], [-77.05529, -12.057934], [-77.05533, -12.057978], [-77.055365, -12.058018], [-77.055474, -12.058143], [-77.055779, -12.058495], [-77.056003, -12.058766], [-77.056069, -12.058846], [-77.056168, -12.058959], [-77.056218, -12.059018], [-77.056678, -12.059554], [-77.057103, -12.060013], [-77.057343, -12.060294], [-77.057559, -12.060546]]}, "properties": {"id": "126127942#8", "nombre": "126127942#8", "longitud": 424.08, "velocidad_max": 40.0, "num_lanes": 1}}, {"type": "Feature", "id": "126127947", "geometry": {"type": "LineString", "coordinates": [[-77.058848, -12.060703], [-77.058624, -12.060449], [-77.058555, -12.060371], [-77.058469, -12.060274], [-77.058406, -12.060203], [-77.058212, -12.059984], [-77.058082, -12.059832], [-77.057974, -12.059705], [-77.057907, -12.059626], [-77.057879, -12.059593], [-77.057852, -12.059562], [-77.057357, -12.058982], [-77.056804, -12.058339], [-77.05679, -12.058327], [-77.056451, -12.057931], [-77.056336, -12.057802], [-77.056285, -12.057742], [-77.056192, -12.057635], [-77.056121, -12.057551], [-77.056096, -12.057521], [-77.056032, -12.057447], [-77.055873, -12.05726], [-77.055775, -12.057147], [-77.055688, -12.057049], [-77.055564, -12.056911], [-77.055434, -12.056765], [-77.055394, -12.056719], [-77.055031, -12.056347]]}, "properties": {"id": "126127947", "nombre": "126127947", "longitud": 636.62, "velocidad_max": 40.0, "num_lanes": 1}}, {"type": "Feature", "id": "126127952#0", "geometry": {"type": "LineString", "coordinates": [[-77.054301, -12.058179], [-77.054022, -12.058408], [-77.053701, -12.058676]]}, "properties": {"id": "126127952#0", "nombre": "126127952#0", "longitud": 85.42, "velocidad_max": 30.0, "num_lanes": 1}}, {"type": "Feature", "id": "126127952#2", "geometry": {"type": "LineString", "coordinates": [[-77.053623, -12.058742], [-77.05304, -12.059235]]}, "properties": {"id": "126127952#2", "nombre": "126127952#2", "longitud": 83.72, "velocidad_max": 30.0, "num_lanes": 1}}, {"type": "Feature", "id": "126127955", "geometry": {"type": "LineString", "coordinates": [[-77.054181, -12.059383], [-77.054179, -12.059412], [-77.054166, -12.059489], [-77.054147, -12.059557], [-77.054144, -12.059563]]}, "properties": {"id": "126127955", "nombre": "126127955", "longitud": 20.4, "velocidad_max": 50.0, "num_lanes": 2}}, {"type": "Feature", "id": "126129847#0", "geometry": {"type": "LineString", "coordinates": [[-77.045151, -12.055638], [-77.045666, -12.05568], [-77.045864, -12.055696], [-77.04588, -12.055697], [-77.046108, -12.055716], [-77.046256, -12.055727], [-77.0465, -12.055747]]}, "properties": {"id": "126129847#0", "nombre": "126129847#0", "longitud": 147.43, "velocidad_max": 40.0, "num_lanes": 1}}, {"type": "Feature", "id": "126129847#11", "geometry": {"type": "LineString", "coordinates": [[-77.047919, -12.055862], [-77.048318, -12.055894], [-77.048492, -12.055908], [-77.048544, -12.055912], [-77.048667, -12.055922], [-77.04925, -12.055969]]}, "properties": {"id": "126129847#11", "nombre": "126129847#11", "longitud": 145.46, "velocidad_max": 40.0, "num_lanes": 1}}, {"type": "Feature", "id": "126129847#16", "geometry": {"type": "LineString", "coordinates": [[-77.049348, -12.055977], [-77.049862, -12.056018]]}, "properties": {"id": "126129847#16", "nombre": "126129847#16", "longitud": 56.09, "velocidad_max": 40.0, "num_lanes": 1}}, {"type": "Feature", "id": "126129847#17", "geometry": {"type": "LineString", "coordinates": [[-77.049948, -12.056025], [-77.050193, -12.056045]]}, "properties": {"id": "126129847#17", "nombre": "126129847#17", "longitud": 26.81, "velocidad_max": 40.0, "num_lanes": 1}}, {"type": "Feature", "id": "126129847#18", "geometry": {"type": "LineString", "coordinates": [[-77.050279, -12.056052], [-77.050529, -12.056072]]}, "properties": {"id": "126129847#18", "nombre": "126129847#18", "longitud": 27.26, "velocidad_max": 40.0, "num_lanes": 1}}, {"type": "Feature", "id": "126129847#19", "geometry": {"type": "LineString", "coordinates": [[-77.050615, -12.056079], [-77.050832, -12.056097]]}, "properties": {"id": "126129847#19", "nombre": "126129847#19", "longitud": 23.73, "velocidad_max": 40.0, "num_lanes": 1}}, {"type": "Feature", "id": "126129847#20", "geometry": {"type": "LineString", "coordinates": [[-77.050935, -12.056105], [-77.051192, -12.056126]]}, "properties": {"id": "126129847#20", "nombre": "126129847#20", "longitud": 28.08, "velocidad_max": 40.0, "num_lanes": 1}}, {"type": "Feature", "id": "126129847#21", "geometry": {"type": "LineString", "coordinates": [[-77.051294, -12.056134], [-77.051326, -12.056137]]}, "properties": {"id": "126129847#21", "nombre": "126129847#21", "longitud": 3.47, "velocidad_max": 40.0, "num_lanes": 1}}, {"type": "Feature", "id": "126129847#6", "geometry": {"type": "LineString", "coordinates": [[-77.046605, -12.055756], [-77.046873, -12.055777], [-77.046922, -12.055781], [-77.047274, -12.05581], [-77.04733, -12.055814], [-77.047823, -12.055854]]}, "properties": {"id": "126129847#6", "nombre": "126129847#6", "longitud": 133.18, "velocidad_max": 40.0, "num_lanes": 1}}, {"type": "Feature", "id": "1263940392#0", "geometry": {"type": "LineString", "coordinates": [[-77.051554, -12.056742], [-77.051522, -12.056637], [-77.051403, -12.056206]]}, "properties": {"id": "1263940392#0", "nombre": "1263940392#0", "longitud": 61.51, "velocidad_max": 40.0, "num_lanes": 1}}, {"type": "Feature", "id": "126587258#0", "geometry": {"type": "LineString", "coordinates": [[-77.03676, -12.045535], [-77.036745, -12.045544], [-77.036175, -12.045884], [-77.036027, -12.045972], [-77.035831, -12.04609]]}, "properties": {"id": "126587258#0", "nombre": "126587258#0", "longitud": 118.34, "velocidad_max": 30.0, "num_lanes": 1}}, {"type": "Feature", "id": "126587258#4", "geometry": {"type": "LineString", "coordinates": [[-77.035718, -12.046159], [-77.035705, -12.046167], [-77.035519, -12.046284], [-77.034818, -12.046722]]}, "properties": {"id": "126587258#4", "nombre": "126587258#4", "longitud": 116.22, "velocidad_max": 30.0, "num_lanes": 1}}, {"type": "Feature", "id": "126587263#0", "geometry": {"type": "LineString", "coordinates": [[-77.034064, -12.0499], [-77.03401, -12.049933], [-77.03315, -12.050468]]}, "properties": {"id": "126587263#0", "nombre": "126587263#0", "longitud": 117.68, "velocidad_max": 30.0, "num_lanes": 2}}, {"type": "Feature", "id": "126587263#4", "geometry": {"type": "LineString", "coordinates": [[-77.033006, -12.050557], [-77.032091, -12.051124], [-77.032055, -12.051147]]}, "properties": {"id": "126587263#4", "nombre": "126587263#4", "longitud": 122.52, "velocidad_max": 30.0, "num_lanes": 2}}, {"type": "Feature", "id": "1271946317", "geometry": {"type": "LineString", "coordinates": [[-77.052173, -12.058646], [-77.052169, -12.058634]]}, "properties": {"id": "1271946317", "nombre": "1271946317", "longitud": 1.32, "velocidad_max": 50.0, "num_lanes": 1}}, {"type": "Feature", "id": "129897448", "geometry": {"type": "LineString", "coordinates": [[-77.031391, -12.059372], [-77.031391, -12.05937]]}, "properties": {"id": "129897448", "nombre": "129897448", "longitud": 0.2, "velocidad_max": 60.0, "num_lanes": 3}}, {"type": "Feature", "id": "1305521459#0", "geometry": {"type": "LineString", "coordinates": [[-77.0431, -12.058134], [-77.043137, -12.057707], [-77.043175, -12.057339]]}, "properties": {"id": "1305521459#0", "nombre": "1305521459#0", "longitud": 88.27, "velocidad_max": 30.0, "num_lanes": 1}}, {"type": "Feature", "id": "1316769778", "geometry": {"type": "LineString", "coordinates": [[-77.03385, -12.040729], [-77.033921, -12.040697], [-77.033947, -12.040686]]}, "properties": {"id": "1316769778", "nombre": "1316769778", "longitud": 11.64, "velocidad_max": 60.0, "num_lanes": 2}}, {"type": "Feature", "id": "1318756207#0", "geometry": {"type": "LineString", "coordinates": [[-77.04602, -12.057517], [-77.046083, -12.057522], [-77.046487, -12.057556], [-77.04667, -12.057572], [-77.046721, -12.057576], [-77.047131, -12.057611]]}, "properties": {"id": "1318756207#0", "nombre": "1318756207#0", "longitud": 121.48, "velocidad_max": 30.0, "num_lanes": 2}}, {"type": "Feature", "id": "1333789992", "geometry": {"type": "LineString", "coordinates": [[-77.047443, -12.039646], [-77.047428, -12.039645], [-77.04718, -12.03962], [-77.046906, -12.039593], [-77.046753, -12.039578], [-77.04663, -12.039566], [-77.046406, -12.039544], [-77.046348, -12.039538]]}, "properties": {"id": "1333789992", "nombre": "1333789992", "longitud": 119.92, "velocidad_max": 50.0, "num_lanes": 1}}, {"type": "Feature", "id": "1333795647", "geometry": {"type": "LineString", "coordinates": [[-77.048265, -12.039724], [-77.047992, -12.039698]]}, "properties": {"id": "1333795647", "nombre": "1333795647", "longitud": 29.82, "velocidad_max": 50.0, "num_lanes": 1}}, {"type": "Feature", "id": "1334357004#0", "geometry": {"type": "LineString", "coordinates": [[-77.048809, -12.039252], [-77.048832, -12.039011], [-77.048872, -12.038601], [-77.048914, -12.038161]]}, "properties": {"id": "1334357004#0", "nombre": "1334357004#0", "longitud": 121.26, "velocidad_max": 30.0, "num_lanes": 1}}, {"type": "Feature", "id": "1334357004#3", "geometry": {"type": "LineString", "coordinates": [[-77.048927, -12.03803], [-77.048947, -12.037824]]}, "properties": {"id": "1334357004#3", "nombre": "1334357004#3", "longitud": 22.88, "velocidad_max": 30.0, "num_lanes": 1}}, {"type": "Feature", "id": "1334357005#0", "geometry": {"type": "LineString", "coordinates": [[-77.048888, -12.039302], [-77.049237, -12.039261], [-77.049313, -12.039253], [-77.049621, -12.039221]]}, "properties": {"id": "1334357005#0", "nombre": "1334357005#0", "longitud": 80.34, "velocidad_max": 80.0, "num_lanes": 1}}, {"type": "Feature", "id": "1334357006#0", "geometry": {"type": "LineString", "coordinates": [[-77.049687, -12.0393], [-77.049679, -12.039371], [-77.049672, -12.039436], [-77.049632, -12.039783]]}, "properties": {"id": "1334357006#0", "nombre": "1334357006#0", "longitud": 53.8, "velocidad_max": 50.0, "num_lanes": 2}}, {"type": "Feature", "id": "1335769252#0", "geometry": {"type": "LineString", "coordinates": [[-77.05409, -12.047449], [-77.054486, -12.047492]]}, "properties": {"id": "1335769252#0", "nombre": "1335769252#0", "longitud": 43.4, "velocidad_max": 60.0, "num_lanes": 3}}, {"type": "Feature", "id": "1335769252#2", "geometry": {"type": "LineString", "coordinates": [[-77.054588, -12.047503], [-77.055677, -12.047623], [-77.05711, -12.047765], [-77.057271, -12.047782], [-77.057709, -12.047828], [-77.058885, -12.047953]]}, "properties": {"id": "1335769252#2", "nombre": "1335769252#2", "longitud": 470.59, "velocidad_max": 60.0, "num_lanes": 3}}, {"type": "Feature", "id": "1336529678#0", "geometry": {"type": "LineString", "coordinates": [[-77.051237, -12.052319], [-77.051231, -12.052358], [-77.051215, -12.052397], [-77.051185, -12.052428], [-77.051179, -12.052431]]}, "properties": {"id": "1336529678#0", "nombre": "1336529678#0", "longitud": 14.45, "velocidad_max": 30.0, "num_lanes": 1}}, {"type": "Feature", "id": "1336529678#1", "geometry": {"type": "LineString", "coordinates": [[-77.051104, -12.052446], [-77.051068, -12.052432], [-77.051036, -12.052408], [-77.051015, -12.052377], [-77.051006, -12.052342]]}, "properties": {"id": "1336529678#1", "nombre": "1336529678#1", "longitud": 16.66, "velocidad_max": 30.0, "num_lanes": 1}}, {"type": "Feature", "id": "1336563010", "geometry": {"type": "LineString", "coordinates": [[-77.053037, -12.056641], [-77.052744, -12.056338]]}, "properties": {"id": "1336563010", "nombre": "1336563010", "longitud": 46.33, "velocidad_max": 40.0, "num_lanes": 1}}, {"type": "Feature", "id": "1336645519", "geometry": {"type": "LineString", "coordinates": [[-77.045744, -12.053667], [-77.04575, -12.053602], [-77.04578, -12.05325], [-77.04581, -12.052893], [-77.045847, -12.052463], [-77.0459, -12.051845], [-77.045907, -12.051773]]}, "properties": {"id": "1336645519", "nombre": "1336645519", "longitud": 210.32, "velocidad_max": 50.0, "num_lanes": 1}}, {"type": "Feature", "id": "1337726829", "geometry": {"type": "LineString", "coordinates": [[-77.054123, -12.056435], [-77.054873, -12.056166]]}, "properties": {"id": "1337726829", "nombre": "1337726829", "longitud": 86.96, "velocidad_max": 55.0, "num_lanes": 3}}, {"type": "Feature", "id": "1337726830", "geometry": {"type": "LineString", "coordinates": [[-77.054924, -12.056234], [-77.054765, -12.056349]]}, "properties": {"id": "1337726830", "nombre": "1337726830", "longitud": 21.41, "velocidad_max": 55.0, "num_lanes": 3}}, {"type": "Feature", "id": "1337726832#0", "geometry": {"type": "LineString", "coordinates": [[-77.054954, -12.056296], [-77.054768, -12.056352]]}, "properties": {"id": "1337726832#0", "nombre": "1337726832#0", "longitud": 21.24, "velocidad_max": 55.0, "num_lanes": 3}}, {"type": "Feature", "id": "1337726832#1", "geometry": {"type": "LineString", "coordinates": [[-77.054756, -12.056355], [-77.054708, -12.05637], [-77.054635, -12.056391], [-77.054443, -12.056449], [-77.054337, -12.056481], [-77.054204, -12.05652], [-77.054182, -12.056527]]}, "properties": {"id": "1337726832#1", "nombre": "1337726832#1", "longitud": 65.41, "velocidad_max": 55.0, "num_lanes": 3}}, {"type": "Feature", "id": "1337729114", "geometry": {"type": "LineString", "coordinates": [[-77.055881, -12.055952], [-77.055024, -12.056198]]}, "properties": {"id": "1337729114", "nombre": "1337729114", "longitud": 97.24, "velocidad_max": 55.0, "num_lanes": 2}}, {"type": "Feature", "id": "1338326234", "geometry": {"type": "LineString", "coordinates": [[-77.052973, -12.05929], [-77.052595, -12.059596]]}, "properties": {"id": "1338326234", "nombre": "1338326234", "longitud": 53.35, "velocidad_max": 30.0, "num_lanes": 1}}, {"type": "Feature", "id": "1338326236", "geometry": {"type": "LineString", "coordinates": [[-77.051864, -12.057514], [-77.051866, -12.057514]]}, "properties": {"id": "1338326236", "nombre": "1338326236", "longitud": 0.2, "velocidad_max": 80.0, "num_lanes": 1}}, {"type": "Feature", "id": "1338349045#0", "geometry": {"type": "LineString", "coordinates": [[-77.047231, -12.058617], [-77.04726, -12.058652], [-77.047281, -12.058677]]}, "properties": {"id": "1338349045#0", "nombre": "1338349045#0", "longitud": 8.63, "velocidad_max": 40.0, "num_lanes": 2}}, {"type": "Feature", "id": "1338349045#2", "geometry": {"type": "LineString", "coordinates": [[-77.047363, -12.058776], [-77.047769, -12.059264], [-77.047885, -12.059404]]}, "properties": {"id": "1338349045#2", "nombre": "1338349045#2", "longitud": 89.68, "velocidad_max": 40.0, "num_lanes": 2}}, {"type": "Feature", "id": "1338349045#4", "geometry": {"type": "LineString", "coordinates": [[-77.047968, -12.059504], [-77.048324, -12.059931], [-77.048549, -12.060201], [-77.0488, -12.060502], [-77.048887, -12.060607], [-77.049191, -12.060972]]}, "properties": {"id": "1338349045#4", "nombre": "1338349045#4", "longitud": 210.08, "velocidad_max": 40.0, "num_lanes": 2}}, {"type": "Feature", "id": "1338385757#0", "geometry": {"type": "LineString", "coordinates": [[-77.054298, -12.058097], [-77.054145, -12.057918], [-77.054037, -12.057791], [-77.053668, -12.057355]]}, "properties": {"id": "1338385757#0", "nombre": "1338385757#0", "longitud": 106.92, "velocidad_max": 50.0, "num_lanes": 1}}, {"type": "Feature", "id": "1339611546", "geometry": {"type": "LineString", "coordinates": [[-77.045967, -12.041118], [-77.045906, -12.041097], [-77.044172, -12.0405], [-77.04414, -12.0405]]}, "properties": {"id": "1339611546", "nombre": "1339611546", "longitud": 210.66, "velocidad_max": 50.0, "num_lanes": 1}}, {"type": "Feature", "id": "1339672752#0", "geometry": {"type": "LineString", "coordinates": [[-77.046753, -12.047154], [-77.046737, -12.047281], [-77.046703, -12.04758], [-77.046698, -12.047657]]}, "properties": {"id": "1339672752#0", "nombre": "1339672752#0", "longitud": 55.97, "velocidad_max": 40.0, "num_lanes": 1}}, {"type": "Feature", "id": "1339672756#0", "geometry": {"type": "LineString", "coordinates": [[-77.046765, -12.046638], [-77.046767, -12.04662], [-77.046779, -12.046499], [-77.04678, -12.046477]]}, "properties": {"id": "1339672756#0", "nombre": "1339672756#0", "longitud": 17.9, "velocidad_max": 40.0, "num_lanes": 2}}, {"type": "Feature", "id": "1339672757", "geometry": {"type": "LineString", "coordinates": [[-77.046798, -12.046406], [-77.046894, -12.045449]]}, "properties": {"id": "1339672757", "nombre": "1339672757", "longitud": 106.41, "velocidad_max": 40.0, "num_lanes": 1}}, {"type": "Feature", "id": "1340095884", "geometry": {"type": "LineString", "coordinates": [[-77.03623, -12.055797], [-77.036279, -12.055842], [-77.036304, -12.05587], [-77.036323, -12.055895], [-77.036345, -12.055929], [-77.036361, -12.055958], [-77.036376, -12.055996], [-77.036386, -12.056027], [-77.036394, -12.056062], [-77.036436, -12.05625]]}, "properties": {"id": "1340095884", "nombre": "1340095884", "longitud": 56.39, "velocidad_max": 40.0, "num_lanes": 5}}, {"type": "Feature", "id": "1340095885", "geometry": {"type": "LineString", "coordinates": [[-77.035842, -12.05569], [-77.036016, -12.055715]]}, "properties": {"id": "1340095885", "nombre": "1340095885", "longitud": 21.33, "velocidad_max": 40.0, "num_lanes": 4}}, {"type": "Feature", "id": "1340591057#0", "geometry": {"type": "LineString", "coordinates": [[-77.030809, -12.057945], [-77.030717, -12.057932], [-77.030174, -12.057869], [-77.030153, -12.057871]]}, "properties": {"id": "1340591057#0", "nombre": "1340591057#0", "longitud": 71.97, "velocidad_max": 80.0, "num_lanes": 1}}, {"type": "Feature", "id": "1341315085", "geometry": {"type": "LineString", "coordinates": [[-77.05144, -12.057056], [-77.051223, -12.057038]]}, "properties": {"id": "1341315085", "nombre": "1341315085", "longitud": 23.75, "velocidad_max": 50.0, "num_lanes": 2}}, {"type": "Feature", "id": "1341315086#0", "geometry": {"type": "LineString", "coordinates": [[-77.050771, -12.057], [-77.050633, -12.056988], [-77.050557, -12.056982]]}, "properties": {"id": "1341315086#0", "nombre": "1341315086#0", "longitud": 23.38, "velocidad_max": 50.0, "num_lanes": 2}}, {"type": "Feature", "id": "1341315086#1", "geometry": {"type": "LineString", "coordinates": [[-77.050425, -12.056971], [-77.050222, -12.056954]]}, "properties": {"id": "1341315086#1", "nombre": "1341315086#1", "longitud": 22.14, "velocidad_max": 50.0, "num_lanes": 2}}, {"type": "Feature", "id": "1341315086#2", "geometry": {"type": "LineString", "coordinates": [[-77.050091, -12.056943], [-77.049878, -12.056925]]}, "properties": {"id": "1341315086#2", "nombre": "1341315086#2", "longitud": 23.22, "velocidad_max": 50.0, "num_lanes": 2}}, {"type": "Feature", "id": "1341315086#3", "geometry": {"type": "LineString", "coordinates": [[-77.049746, -12.056914], [-77.049257, -12.056874]]}, "properties": {"id": "1341315086#3", "nombre": "1341315086#3", "longitud": 53.44, "velocidad_max": 50.0, "num_lanes": 2}}, {"type": "Feature", "id": "1341315087", "geometry": {"type": "LineString", "coordinates": [[-77.051124, -12.057], [-77.050875, -12.05698]]}, "properties": {"id": "1341315087", "nombre": "1341315087", "longitud": 27.16, "velocidad_max": 50.0, "num_lanes": 3}}, {"type": "Feature", "id": "1341594076", "geometry": {"type": "LineString", "coordinates": [[-77.042706, -12.059938], [-77.042705, -12.059938]]}, "properties": {"id": "1341594076", "nombre": "1341594076", "longitud": 0.2, "velocidad_max": 50.0, "num_lanes": 3}}, {"type": "Feature", "id": "1341939341", "geometry": {"type": "LineString", "coordinates": [[-77.030083, -12.057853], [-77.030083, -12.057855]]}, "properties": {"id": "1341939341", "nombre": "1341939341", "longitud": 0.2, "velocidad_max": 50.0, "num_lanes": 3}}, {"type": "Feature", "id": "1341939342#0", "geometry": {"type": "LineString", "coordinates": [[-77.030233, -12.056773], [-77.030102, -12.057716], [-77.030098, -12.057748]]}, "properties": {"id": "1341939342#0", "nombre": "1341939342#0", "longitud": 108.81, "velocidad_max": 50.0, "num_lanes": 3}}, {"type": "Feature", "id": "1343411225#1", "geometry": {"type": "LineString", "coordinates": [[-77.050853, -12.044379], [-77.050851, -12.044379]]}, "properties": {"id": "1343411225#1", "nombre": "1343411225#1", "longitud": 0.2, "velocidad_max": 50.0, "num_lanes": 2}}, {"type": "Feature", "id": "1343411226#0", "geometry": {"type": "LineString", "coordinates": [[-77.051541, -12.044283], [-77.051463, -12.044293], [-77.051322, -12.044311]]}, "properties": {"id": "1343411226#0", "nombre": "1343411226#0", "longitud": 24.1, "velocidad_max": 50.0, "num_lanes": 2}}, {"type": "Feature", "id": "1343411226#1", "geometry": {"type": "LineString", "coordinates": [[-77.051203, -12.044332], [-77.05109, -12.044351]]}, "properties": {"id": "1343411226#1", "nombre": "1343411226#1", "longitud": 12.54, "velocidad_max": 50.0, "num_lanes": 2}}, {"type": "Feature", "id": "1343411227#0", "geometry": {"type": "LineString", "coordinates": [[-77.050942, -12.044449], [-77.05094, -12.044449]]}, "properties": {"id": "1343411227#0", "nombre": "1343411227#0", "longitud": 0.2, "velocidad_max": 40.0, "num_lanes": 2}}, {"type": "Feature", "id": "1343411227#1", "geometry": {"type": "LineString", "coordinates": [[-77.050849, -12.04444], [-77.050847, -12.04444]]}, "properties": {"id": "1343411227#1", "nombre": "1343411227#1", "longitud": 0.2, "velocidad_max": 40.0, "num_lanes": 2}}, {"type": "Feature", "id": "1343411228", "geometry": {"type": "LineString", "coordinates": [[-77.05104, -12.044464], [-77.051039, -12.044464]]}, "properties": {"id": "1343411228", "nombre": "1343411228", "longitud": 0.13, "velocidad_max": 20.0, "num_lanes": 1}}, {"type": "Feature", "id": "1343411229#0", "geometry": {"type": "LineString", "coordinates": [[-77.050977, -12.044417], [-77.050977, -12.044419]]}, "properties": {"id": "1343411229#0", "nombre": "1343411229#0", "longitud": 0.2, "velocidad_max": 40.0, "num_lanes": 2}}, {"type": "Feature", "id": "1343411229#1", "geometry": {"type": "LineString", "coordinates": [[-77.050968, -12.044516], [-77.050968, -12.044525]]}, "properties": {"id": "1343411229#1", "nombre": "1343411229#1", "longitud": 0.98, "velocidad_max": 40.0, "num_lanes": 2}}, {"type": "Feature", "id": "1343411230#0", "geometry": {"type": "LineString", "coordinates": [[-77.050902, -12.04452], [-77.050903, -12.04451]]}, "properties": {"id": "1343411230#0", "nombre": "1343411230#0", "longitud": 1.09, "velocidad_max": 40.0, "num_lanes": 2}}, {"type": "Feature", "id": "1343411230#1", "geometry": {"type": "LineString", "coordinates": [[-77.050913, -12.044413], [-77.050913, -12.044411]]}, "properties": {"id": "1343411230#1", "nombre": "1343411230#1", "longitud": 0.2, "velocidad_max": 40.0, "num_lanes": 2}}, {"type": "Feature", "id": "1343411231#1", "geometry": {"type": "LineString", "coordinates": [[-77.051072, -12.043971], [-77.051083, -12.043975]]}, "properties": {"id": "1343411231#1", "nombre": "1343411231#1", "longitud": 1.21, "velocidad_max": 50.0, "num_lanes": 2}}, {"type": "Feature", "id": "1343411232#0", "geometry": {"type": "LineString", "coordinates": [[-77.051085, -12.043976], [-77.051239, -12.044044]]}, "properties": {"id": "1343411232#0", "nombre": "1343411232#0", "longitud": 18.35, "velocidad_max": 50.0, "num_lanes": 2}}, {"type": "Feature", "id": "1343411232#1", "geometry": {"type": "LineString", "coordinates": [[-77.051349, -12.044092], [-77.051485, -12.044152], [-77.0515, -12.044155]]}, "properties": {"id": "1343411232#1", "nombre": "1343411232#1", "longitud": 17.87, "velocidad_max": 50.0, "num_lanes": 2}}, {"type": "Feature", "id": "1343411233", "geometry": {"type": "LineString", "coordinates": [[-77.05104, -12.043863], [-77.051041, -12.043864]]}, "properties": {"id": "1343411233", "nombre": "1343411233", "longitud": 0.2, "velocidad_max": 20.0, "num_lanes": 1}}, {"type": "Feature", "id": "1343411234", "geometry": {"type": "LineString", "coordinates": [[-77.050876, -12.04385], [-77.050878, -12.043851]]}, "properties": {"id": "1343411234", "nombre": "1343411234", "longitud": 0.2, "velocidad_max": 40.0, "num_lanes": 2}}, {"type": "Feature", "id": "1343411235", "geometry": {"type": "LineString", "coordinates": [[-77.051028, -12.043792], [-77.051028, -12.043798]]}, "properties": {"id": "1343411235", "nombre": "1343411235", "longitud": 0.73, "velocidad_max": 80.0, "num_lanes": 2}}, {"type": "Feature", "id": "1347306520", "geometry": {"type": "LineString", "coordinates": [[-77.041406, -12.046197], [-77.041393, -12.046179], [-77.041027, -12.045625]]}, "properties": {"id": "1347306520", "nombre": "1347306520", "longitud": 75.56, "velocidad_max": 30.0, "num_lanes": 2}}, {"type": "Feature", "id": "1347480484", "geometry": {"type": "LineString", "coordinates": [[-77.03147, -12.041877], [-77.031405, -12.041442]]}, "properties": {"id": "1347480484", "nombre": "1347480484", "longitud": 48.68, "velocidad_max": 50.0, "num_lanes": 1}}, {"type": "Feature", "id": "1363206575#0", "geometry": {"type": "LineString", "coordinates": [[-77.046847, -12.050391], [-77.046883, -12.050383], [-77.047051, -12.050348], [-77.047259, -12.050288]]}, "properties": {"id": "1363206575#0", "nombre": "1363206575#0", "longitud": 46.26, "velocidad_max": 40.0, "num_lanes": 3}}, {"type": "Feature", "id": "1363206576#0", "geometry": {"type": "LineString", "coordinates": [[-77.046501, -12.050144], [-77.046593, -12.05024], [-77.046641, -12.05029], [-77.046659, -12.05031], [-77.046675, -12.050326], [-77.046698, -12.05035]]}, "properties": {"id": "1363206576#0", "nombre": "1363206576#0", "longitud": 31.23, "velocidad_max": 50.0, "num_lanes": 4}}, {"type": "Feature", "id": "1363206577#1", "geometry": {"type": "LineString", "coordinates": [[-77.047407, -12.050275], [-77.04852, -12.050042], [-77.048806, -12.049969]]}, "properties": {"id": "1363206577#1", "nombre": "1363206577#1", "longitud": 156.06, "velocidad_max": 50.0, "num_lanes": 3}}, {"type": "Feature", "id": "1363209661#0", "geometry": {"type": "LineString", "coordinates": [[-77.042229, -12.048403], [-77.042359, -12.048319]]}, "properties": {"id": "1363209661#0", "nombre": "1363209661#0", "longitud": 16.95, "velocidad_max": 30.0, "num_lanes": 3}}, {"type": "Feature", "id": "1363237516#0", "geometry": {"type": "LineString", "coordinates": [[-77.036371, -12.057719], [-77.03637, -12.057767], [-77.036367, -12.057816]]}, "properties": {"id": "1363237516#0", "nombre": "1363237516#0", "longitud": 10.84, "velocidad_max": 50.0, "num_lanes": 3}}, {"type": "Feature", "id": "1363237517", "geometry": {"type": "LineString", "coordinates": [[-77.035714, -12.056395], [-77.035714, -12.056393]]}, "properties": {"id": "1363237517", "nombre": "1363237517", "longitud": 0.2, "velocidad_max": 35.0, "num_lanes": 4}}, {"type": "Feature", "id": "1363237518", "geometry": {"type": "LineString", "coordinates": [[-77.035162, -12.055626], [-77.035238, -12.055631]]}, "properties": {"id": "1363237518", "nombre": "1363237518", "longitud": 8.29, "velocidad_max": 40.0, "num_lanes": 5}}, {"type": "Feature", "id": "1363237519", "geometry": {"type": "LineString", "coordinates": [[-77.035667, -12.056932], [-77.035692, -12.056642], [-77.0357, -12.056541]]}, "properties": {"id": "1363237519", "nombre": "1363237519", "longitud": 43.48, "velocidad_max": 35.0, "num_lanes": 4}}, {"type": "Feature", "id": "1363237520", "geometry": {"type": "LineString", "coordinates": [[-77.035655, -12.057069], [-77.035667, -12.056932]]}, "properties": {"id": "1363237520", "nombre": "1363237520", "longitud": 15.18, "velocidad_max": 35.0, "num_lanes": 4}}, {"type": "Feature", "id": "1363237538", "geometry": {"type": "LineString", "coordinates": [[-77.042273, -12.050442], [-77.042289, -12.050261], [-77.042298, -12.050162]]}, "properties": {"id": "1363237538", "nombre": "1363237538", "longitud": 31.08, "velocidad_max": 30.0, "num_lanes": 4}}, {"type": "Feature", "id": "1363366403#0", "geometry": {"type": "LineString", "coordinates": [[-77.042825, -12.043997], [-77.042822, -12.043913], [-77.042822, -12.043912]]}, "properties": {"id": "1363366403#0", "nombre": "1363366403#0", "longitud": 9.32, "velocidad_max": 40.0, "num_lanes": 3}}, {"type": "Feature", "id": "1363366404#0", "geometry": {"type": "LineString", "coordinates": [[-77.043189, -12.043922], [-77.043183, -12.043933], [-77.043152, -12.044018]]}, "properties": {"id": "1363366404#0", "nombre": "1363366404#0", "longitud": 11.4, "velocidad_max": 40.0, "num_lanes": 3}}, {"type": "Feature", "id": "1363366405", "geometry": {"type": "LineString", "coordinates": [[-77.044861, -12.048335], [-77.045274, -12.048367]]}, "properties": {"id": "1363366405", "nombre": "1363366405", "longitud": 45.04, "velocidad_max": 30.0, "num_lanes": 2}}, {"type": "Feature", "id": "1364061733", "geometry": {"type": "LineString", "coordinates": [[-77.038684, -12.052118], [-77.038682, -12.052118]]}, "properties": {"id": "1364061733", "nombre": "1364061733", "longitud": 0.2, "velocidad_max": 30.0, "num_lanes": 1}}, {"type": "Feature", "id": "1364061734", "geometry": {"type": "LineString", "coordinates": [[-77.038595, -12.052764], [-77.038597, -12.052765]]}, "properties": {"id": "1364061734", "nombre": "1364061734", "longitud": 0.2, "velocidad_max": 30.0, "num_lanes": 1}}, {"type": "Feature", "id": "1364061735", "geometry": {"type": "LineString", "coordinates": [[-77.03853, -12.053321], [-77.038528, -12.05332]]}, "properties": {"id": "1364061735", "nombre": "1364061735", "longitud": 0.2, "velocidad_max": 50.0, "num_lanes": 1}}, {"type": "Feature", "id": "1364061736", "geometry": {"type": "LineString", "coordinates": [[-77.03876, -12.051504], [-77.038761, -12.051505]]}, "properties": {"id": "1364061736", "nombre": "1364061736", "longitud": 0.2, "velocidad_max": 50.0, "num_lanes": 1}}, {"type": "Feature", "id": "1364061738", "geometry": {"type": "LineString", "coordinates": [[-77.030352, -12.054604], [-77.030381, -12.054684], [-77.030404, -12.054776], [-77.030422, -12.054884]]}, "properties": {"id": "1364061738", "nombre": "1364061738", "longitud": 31.99, "velocidad_max": 50.0, "num_lanes": 4}}, {"type": "Feature", "id": "1364061739", "geometry": {"type": "LineString", "coordinates": [[-77.03622, -12.05389], [-77.036272, -12.053918], [-77.036346, -12.053951], [-77.036407, -12.053963]]}, "properties": {"id": "1364061739", "nombre": "1364061739", "longitud": 22.04, "velocidad_max": 40.0, "num_lanes": 2}}, {"type": "Feature", "id": "1364061740#0", "geometry": {"type": "LineString", "coordinates": [[-77.034396, -12.052382], [-77.034202, -12.0521]]}, "properties": {"id": "1364061740#0", "nombre": "1364061740#0", "longitud": 37.67, "velocidad_max": 40.0, "num_lanes": 3}}, {"type": "Feature", "id": "1364061740#1", "geometry": {"type": "LineString", "coordinates": [[-77.034201, -12.052098], [-77.034176, -12.052061]]}, "properties": {"id": "1364061740#1", "nombre": "1364061740#1", "longitud": 4.87, "velocidad_max": 40.0, "num_lanes": 3}}, {"type": "Feature", "id": "1364061741", "geometry": {"type": "LineString", "coordinates": [[-77.034125, -12.051989], [-77.034124, -12.051988]]}, "properties": {"id": "1364061741", "nombre": "1364061741", "longitud": 0.2, "velocidad_max": 40.0, "num_lanes": 2}}, {"type": "Feature", "id": "1364061742", "geometry": {"type": "LineString", "coordinates": [[-77.035846, -12.05023], [-77.036192, -12.050048], [-77.036315, -12.049978], [-77.036367, -12.049947], [-77.036491, -12.049876], [-77.036604, -12.049813], [-77.036838, -12.04968], [-77.036846, -12.049675]]}, "properties": {"id": "1364061742", "nombre": "1364061742", "longitud": 125.07, "velocidad_max": 30.0, "num_lanes": 2}}, {"type": "Feature", "id": "1364061743", "geometry": {"type": "LineString", "coordinates": [[-77.035064, -12.051323], [-77.035092, -12.051363], [-77.035139, -12.05143]]}, "properties": {"id": "1364061743", "nombre": "1364061743", "longitud": 14.45, "velocidad_max": 40.0, "num_lanes": 2}}, {"type": "Feature", "id": "1364659791", "geometry": {"type": "LineString", "coordinates": [[-77.029475, -12.042922], [-77.029991, -12.042721], [-77.030342, -12.042583], [-77.03048, -12.042519]]}, "properties": {"id": "1364659791", "nombre": "1364659791", "longitud": 118.22, "velocidad_max": 80.0, "num_lanes": 3}}, {"type": "Feature", "id": "1364659791-AddedOffRampEdge", "geometry": {"type": "LineString", "coordinates": [[-77.030534, -12.042462], [-77.030712, -12.04238], [-77.03132, -12.042102]]}, "properties": {"id": "1364659791-AddedOffRampEdge", "nombre": "1364659791-AddedOffRampEdge", "longitud": 94.41, "velocidad_max": 80.0, "num_lanes": 5}}, {"type": "Feature", "id": "1367095089", "geometry": {"type": "LineString", "coordinates": [[-77.046409, -12.038222], [-77.046382, -12.038301], [-77.046353, -12.038363], [-77.046309, -12.038435], [-77.046293, -12.038458]]}, "properties": {"id": "1367095089", "nombre": "1367095089", "longitud": 29.08, "velocidad_max": 40.0, "num_lanes": 3}}, {"type": "Feature", "id": "1367602682", "geometry": {"type": "LineString", "coordinates": [[-77.035166, -12.040188], [-77.035349, -12.04011], [-77.035532, -12.040032]]}, "properties": {"id": "1367602682", "nombre": "1367602682", "longitud": 43.45, "velocidad_max": 60.0, "num_lanes": 2}}, {"type": "Feature", "id": "1376181760", "geometry": {"type": "LineString", "coordinates": [[-77.042632, -12.049536], [-77.04261, -12.04978]]}, "properties": {"id": "1376181760", "nombre": "1376181760", "longitud": 27.12, "velocidad_max": 30.0, "num_lanes": 2}}, {"type": "Feature", "id": "1376181761#0", "geometry": {"type": "LineString", "coordinates": [[-77.042872, -12.046909], [-77.042867, -12.04693], [-77.042862, -12.047015], [-77.042856, -12.047082]]}, "properties": {"id": "1376181761#0", "nombre": "1376181761#0", "longitud": 19.27, "velocidad_max": 40.0, "num_lanes": 2}}, {"type": "Feature", "id": "1376181763#0", "geometry": {"type": "LineString", "coordinates": [[-77.040403, -12.056089], [-77.039983, -12.056058]]}, "properties": {"id": "1376181763#0", "nombre": "1376181763#0", "longitud": 45.94, "velocidad_max": 50.0, "num_lanes": 4}}, {"type": "Feature", "id": "1376181763#1", "geometry": {"type": "LineString", "coordinates": [[-77.039879, -12.056049], [-77.039503, -12.056013]]}, "properties": {"id": "1376181763#1", "nombre": "1376181763#1", "longitud": 41.16, "velocidad_max": 50.0, "num_lanes": 4}}, {"type": "Feature", "id": "1377139317#0", "geometry": {"type": "LineString", "coordinates": [[-77.042849, -12.047154], [-77.042815, -12.047525]]}, "properties": {"id": "1377139317#0", "nombre": "1377139317#0", "longitud": 41.13, "velocidad_max": 40.0, "num_lanes": 3}}, {"type": "Feature", "id": "1377139317#1", "geometry": {"type": "LineString", "coordinates": [[-77.042803, -12.047654], [-77.042761, -12.048101]]}, "properties": {"id": "1377139317#1", "nombre": "1377139317#1", "longitud": 49.62, "velocidad_max": 40.0, "num_lanes": 3}}, {"type": "Feature", "id": "1378424489", "geometry": {"type": "LineString", "coordinates": [[-77.0437, -12.037835], [-77.043692, -12.037916]]}, "properties": {"id": "1378424489", "nombre": "1378424489", "longitud": 9.0, "velocidad_max": 40.0, "num_lanes": 2}}, {"type": "Feature", "id": "1379022416#0", "geometry": {"type": "LineString", "coordinates": [[-77.030276, -12.039898], [-77.030568, -12.039863], [-77.030642, -12.039855], [-77.030663, -12.039852], [-77.030792, -12.039837], [-77.030835, -12.039832], [-77.030849, -12.039826], [-77.030911, -12.039803], [-77.030949, -12.039779], [-77.031069, -12.039702]]}, "properties": {"id": "1379022416#0", "nombre": "1379022416#0", "longitud": 90.74, "velocidad_max": 40.0, "num_lanes": 2}}, {"type": "Feature", "id": "1379022416#7", "geometry": {"type": "LineString", "coordinates": [[-77.031129, -12.039663], [-77.03113, -12.039662]]}, "properties": {"id": "1379022416#7", "nombre": "1379022416#7", "longitud": 0.2, "velocidad_max": 40.0, "num_lanes": 2}}, {"type": "Feature", "id": "1379022419", "geometry": {"type": "LineString", "coordinates": [[-77.042147, -12.039073], [-77.041863, -12.039055], [-77.041003, -12.039074]]}, "properties": {"id": "1379022419", "nombre": "1379022419", "longitud": 124.69, "velocidad_max": 80.0, "num_lanes": 2}}, {"type": "Feature", "id": "1384482347#0", "geometry": {"type": "LineString", "coordinates": [[-77.035039, -12.038513], [-77.035034, -12.038518], [-77.035007, -12.038541], [-77.034947, -12.038583], [-77.034747, -12.038708], [-77.034612, -12.038787], [-77.033939, -12.039178], [-77.033791, -12.039265], [-77.03348, -12.03945], [-77.033415, -12.039489]]}, "properties": {"id": "1384482347#0", "nombre": "1384482347#0", "longitud": 207.36, "velocidad_max": 30.0, "num_lanes": 3}}, {"type": "Feature", "id": "1386537087", "geometry": {"type": "LineString", "coordinates": [[-77.044522, -12.058849], [-77.044975, -12.05889]]}, "properties": {"id": "1386537087", "nombre": "1386537087", "longitud": 49.59, "velocidad_max": 50.0, "num_lanes": 1}}, {"type": "Feature", "id": "1386655196", "geometry": {"type": "LineString", "coordinates": [[-77.038242, -12.057809], [-77.038244, -12.057808]]}, "properties": {"id": "1386655196", "nombre": "1386655196", "longitud": 0.2, "velocidad_max": 40.0, "num_lanes": 2}}, {"type": "Feature", "id": "1386655197#0", "geometry": {"type": "LineString", "coordinates": [[-77.038183, -12.05774], [-77.038179, -12.057789]]}, "properties": {"id": "1386655197#0", "nombre": "1386655197#0", "longitud": 5.39, "velocidad_max": 50.0, "num_lanes": 2}}, {"type": "Feature", "id": "1386655197#1", "geometry": {"type": "LineString", "coordinates": [[-77.03818, -12.057768], [-77.03818, -12.05777]]}, "properties": {"id": "1386655197#1", "nombre": "1386655197#1", "longitud": 0.2, "velocidad_max": 50.0, "num_lanes": 2}}, {"type": "Feature", "id": "1386655198#0", "geometry": {"type": "LineString", "coordinates": [[-77.038266, -12.056046], [-77.038119, -12.057735]]}, "properties": {"id": "1386655198#0", "nombre": "1386655198#0", "longitud": 187.59, "velocidad_max": 50.0, "num_lanes": 2}}, {"type": "Feature", "id": "1386655199", "geometry": {"type": "LineString", "coordinates": [[-77.037997, -12.057761], [-77.038, -12.057729]]}, "properties": {"id": "1386655199", "nombre": "1386655199", "longitud": 3.56, "velocidad_max": 50.0, "num_lanes": 4}}, {"type": "Feature", "id": "1386655200", "geometry": {"type": "LineString", "coordinates": [[-77.03799, -12.058024], [-77.037992, -12.057987]]}, "properties": {"id": "1386655200", "nombre": "1386655200", "longitud": 4.06, "velocidad_max": 50.0, "num_lanes": 3}}, {"type": "Feature", "id": "1386655201", "geometry": {"type": "LineString", "coordinates": [[-77.03811, -12.057997], [-77.038106, -12.058034]]}, "properties": {"id": "1386655201", "nombre": "1386655201", "longitud": 4.09, "velocidad_max": 50.0, "num_lanes": 3}}, {"type": "Feature", "id": "1386655202", "geometry": {"type": "LineString", "coordinates": [[-77.038162, -12.058008], [-77.03816, -12.058036]]}, "properties": {"id": "1386655202", "nombre": "1386655202", "longitud": 3.09, "velocidad_max": 50.0, "num_lanes": 2}}, {"type": "Feature", "id": "1388704928#0", "geometry": {"type": "LineString", "coordinates": [[-77.037566, -12.039256], [-77.037305, -12.038933], [-77.037294, -12.03892]]}, "properties": {"id": "1388704928#0", "nombre": "1388704928#0", "longitud": 47.52, "velocidad_max": 50.0, "num_lanes": 1}}, {"type": "Feature", "id": "1395866158", "geometry": {"type": "LineString", "coordinates": [[-77.034891, -12.04269], [-77.034874, -12.042663]]}, "properties": {"id": "1395866158", "nombre": "1395866158", "longitud": 3.52, "velocidad_max": 50.0, "num_lanes": 3}}, {"type": "Feature", "id": "1395866159", "geometry": {"type": "LineString", "coordinates": [[-77.035448, -12.043496], [-77.035443, -12.043489]]}, "properties": {"id": "1395866159", "nombre": "1395866159", "longitud": 0.95, "velocidad_max": 50.0, "num_lanes": 3}}, {"type": "Feature", "id": "1395879760", "geometry": {"type": "LineString", "coordinates": [[-77.035526, -12.043602], [-77.035525, -12.043601]]}, "properties": {"id": "1395879760", "nombre": "1395879760", "longitud": 0.2, "velocidad_max": 50.0, "num_lanes": 3}}, {"type": "Feature", "id": "1395879761", "geometry": {"type": "LineString", "coordinates": [[-77.035595, -12.043393], [-77.035599, -12.0434]]}, "properties": {"id": "1395879761", "nombre": "1395879761", "longitud": 0.87, "velocidad_max": 50.0, "num_lanes": 2}}, {"type": "Feature", "id": "1395879763", "geometry": {"type": "LineString", "coordinates": [[-77.03542, -12.043594], [-77.035415, -12.043597]]}, "properties": {"id": "1395879763", "nombre": "1395879763", "longitud": 0.69, "velocidad_max": 30.0, "num_lanes": 2}}, {"type": "Feature", "id": "1408133453", "geometry": {"type": "LineString", "coordinates": [[-77.032847, -12.042484], [-77.032838, -12.042476]]}, "properties": {"id": "1408133453", "nombre": "1408133453", "longitud": 1.28, "velocidad_max": 50.0, "num_lanes": 1}}, {"type": "Feature", "id": "1409525566#1", "geometry": {"type": "LineString", "coordinates": [[-77.030325, -12.056702], [-77.030907, -12.056774], [-77.031615, -12.056862]]}, "properties": {"id": "1409525566#1", "nombre": "1409525566#1", "longitud": 141.58, "velocidad_max": 30.0, "num_lanes": 3}}, {"type": "Feature", "id": "1419045172#0", "geometry": {"type": "LineString", "coordinates": [[-77.050566, -12.054101], [-77.049968, -12.054058], [-77.049941, -12.054056]]}, "properties": {"id": "1419045172#0", "nombre": "1419045172#0", "longitud": 68.2, "velocidad_max": 40.0, "num_lanes": 1}}, {"type": "Feature", "id": "1419045172#2", "geometry": {"type": "LineString", "coordinates": [[-77.049838, -12.054047], [-77.0494, -12.054012]]}, "properties": {"id": "1419045172#2", "nombre": "1419045172#2", "longitud": 47.93, "velocidad_max": 40.0, "num_lanes": 1}}, {"type": "Feature", "id": "1419045173#0", "geometry": {"type": "LineString", "coordinates": [[-77.04739, -12.054929], [-77.047427, -12.054932]]}, "properties": {"id": "1419045173#0", "nombre": "1419045173#0", "longitud": 4.14, "velocidad_max": 50.0, "num_lanes": 3}}, {"type": "Feature", "id": "1419045173#1", "geometry": {"type": "LineString", "coordinates": [[-77.047559, -12.054942], [-77.047629, -12.054948]]}, "properties": {"id": "1419045173#1", "nombre": "1419045173#1", "longitud": 7.63, "velocidad_max": 50.0, "num_lanes": 3}}, {"type": "Feature", "id": "1419045173#2", "geometry": {"type": "LineString", "coordinates": [[-77.047709, -12.054955], [-77.048222, -12.054996], [-77.048388, -12.05501], [-77.048649, -12.055031], [-77.049002, -12.05506], [-77.049114, -12.055069]]}, "properties": {"id": "1419045173#2", "nombre": "1419045173#2", "longitud": 153.51, "velocidad_max": 50.0, "num_lanes": 3}}, {"type": "Feature", "id": "1419045174", "geometry": {"type": "LineString", "coordinates": [[-77.049217, -12.055078], [-77.049219, -12.055078]]}, "properties": {"id": "1419045174", "nombre": "1419045174", "longitud": 0.26, "velocidad_max": 50.0, "num_lanes": 3}}, {"type": "Feature", "id": "1419729511", "geometry": {"type": "LineString", "coordinates": [[-77.038457, -12.054234], [-77.038456, -12.054235]]}, "properties": {"id": "1419729511", "nombre": "1419729511", "longitud": 0.2, "velocidad_max": 80.0, "num_lanes": 1}}, {"type": "Feature", "id": "1422207426", "geometry": {"type": "LineString", "coordinates": [[-77.036776, -12.045506], [-77.036775, -12.045507]]}, "properties": {"id": "1422207426", "nombre": "1422207426", "longitud": 0.2, "velocidad_max": 30.0, "num_lanes": 2}}, {"type": "Feature", "id": "1423476748#0", "geometry": {"type": "LineString", "coordinates": [[-77.040383, -12.044547], [-77.040722, -12.044342]]}, "properties": {"id": "1423476748#0", "nombre": "1423476748#0", "longitud": 43.38, "velocidad_max": 40.0, "num_lanes": 2}}, {"type": "Feature", "id": "1423476748#1", "geometry": {"type": "LineString", "coordinates": [[-77.040725, -12.044341], [-77.041269, -12.044005]]}, "properties": {"id": "1423476748#1", "nombre": "1423476748#1", "longitud": 69.96, "velocidad_max": 40.0, "num_lanes": 2}}, {"type": "Feature", "id": "1423476748#2", "geometry": {"type": "LineString", "coordinates": [[-77.041381, -12.043936], [-77.041777, -12.043693], [-77.042144, -12.043469]]}, "properties": {"id": "1423476748#2", "nombre": "1423476748#2", "longitud": 97.82, "velocidad_max": 40.0, "num_lanes": 2}}, {"type": "Feature", "id": "1423476748#4", "geometry": {"type": "LineString", "coordinates": [[-77.042146, -12.043468], [-77.042178, -12.043449]]}, "properties": {"id": "1423476748#4", "nombre": "1423476748#4", "longitud": 4.11, "velocidad_max": 40.0, "num_lanes": 2}}, {"type": "Feature", "id": "1423476749#0", "geometry": {"type": "LineString", "coordinates": [[-77.042264, -12.043581], [-77.041856, -12.043834], [-77.041467, -12.044074]]}, "properties": {"id": "1423476749#0", "nombre": "1423476749#0", "longitud": 102.46, "velocidad_max": 40.0, "num_lanes": 1}}, {"type": "Feature", "id": "1423476749#1", "geometry": {"type": "LineString", "coordinates": [[-77.04138, -12.044128], [-77.040918, -12.044411], [-77.040808, -12.044479]]}, "properties": {"id": "1423476749#1", "nombre": "1423476749#1", "longitud": 73.41, "velocidad_max": 40.0, "num_lanes": 1}}, {"type": "Feature", "id": "1423476749#3", "geometry": {"type": "LineString", "coordinates": [[-77.040806, -12.04448], [-77.04047, -12.044686]]}, "properties": {"id": "1423476749#3", "nombre": "1423476749#3", "longitud": 43.15, "velocidad_max": 40.0, "num_lanes": 1}}, {"type": "Feature", "id": "1423476750", "geometry": {"type": "LineString", "coordinates": [[-77.042778, -12.044341], [-77.042817, -12.044119], [-77.042824, -12.044001]]}, "properties": {"id": "1423476750", "nombre": "1423476750", "longitud": 38.02, "velocidad_max": 40.0, "num_lanes": 3}}, {"type": "Feature", "id": "1423476751", "geometry": {"type": "LineString", "coordinates": [[-77.04315, -12.044025], [-77.043116, -12.044216], [-77.043111, -12.044283]]}, "properties": {"id": "1423476751", "nombre": "1423476751", "longitud": 28.86, "velocidad_max": 40.0, "num_lanes": 3}}, {"type": "Feature", "id": "1423476752#0", "geometry": {"type": "LineString", "coordinates": [[-77.05085, -12.04444], [-77.050745, -12.04443], [-77.050649, -12.044421], [-77.049994, -12.044358], [-77.049931, -12.044352], [-77.049687, -12.044329]]}, "properties": {"id": "1423476752#0", "nombre": "1423476752#0", "longitud": 127.28, "velocidad_max": 40.0, "num_lanes": 2}}, {"type": "Feature", "id": "1423476752#10", "geometry": {"type": "LineString", "coordinates": [[-77.045687, -12.043955], [-77.044883, -12.043881], [-77.04456, -12.043844]]}, "properties": {"id": "1423476752#10", "nombre": "1423476752#10", "longitud": 123.37, "velocidad_max": 40.0, "num_lanes": 2}}, {"type": "Feature", "id": "1423476752#12", "geometry": {"type": "LineString", "coordinates": [[-77.04437, -12.043824], [-77.044038, -12.043788], [-77.043654, -12.043747]]}, "properties": {"id": "1423476752#12", "nombre": "1423476752#12", "longitud": 78.45, "velocidad_max": 40.0, "num_lanes": 2}}, {"type": "Feature", "id": "1423476752#5", "geometry": {"type": "LineString", "coordinates": [[-77.049584, -12.044319], [-77.049483, -12.044309], [-77.049286, -12.04429], [-77.048419, -12.044206]]}, "properties": {"id": "1423476752#5", "nombre": "1423476752#5", "longitud": 127.47, "velocidad_max": 40.0, "num_lanes": 2}}, {"type": "Feature", "id": "1423476752#7", "geometry": {"type": "LineString", "coordinates": [[-77.048286, -12.044193], [-77.047605, -12.044129], [-77.047148, -12.044087]]}, "properties": {"id": "1423476752#7", "nombre": "1423476752#7", "longitud": 124.49, "velocidad_max": 40.0, "num_lanes": 2}}, {"type": "Feature", "id": "1423476752#9", "geometry": {"type": "LineString", "coordinates": [[-77.046958, -12.044069], [-77.045819, -12.043967]]}, "properties": {"id": "1423476752#9", "nombre": "1423476752#9", "longitud": 124.61, "velocidad_max": 40.0, "num_lanes": 2}}, {"type": "Feature", "id": "1423476753#0", "geometry": {"type": "LineString", "coordinates": [[-77.050855, -12.044378], [-77.050658, -12.044361]]}, "properties": {"id": "1423476753#0", "nombre": "1423476753#0", "longitud": 21.49, "velocidad_max": 50.0, "num_lanes": 2}}, {"type": "Feature", "id": "1423476753#1", "geometry": {"type": "LineString", "coordinates": [[-77.050527, -12.04435], [-77.049739, -12.044271], [-77.049692, -12.044266]]}, "properties": {"id": "1423476753#1", "nombre": "1423476753#1", "longitud": 91.4, "velocidad_max": 50.0, "num_lanes": 2}}, {"type": "Feature", "id": "1423476753#11", "geometry": {"type": "LineString", "coordinates": [[-77.04373, -12.043692], [-77.043659, -12.043684]]}, "properties": {"id": "1423476753#11", "nombre": "1423476753#11", "longitud": 7.77, "velocidad_max": 50.0, "num_lanes": 2}}, {"type": "Feature", "id": "1423476753#3", "geometry": {"type": "LineString", "coordinates": [[-77.049592, -12.044257], [-77.049488, -12.044247], [-77.048425, -12.044146]]}, "properties": {"id": "1423476753#3", "nombre": "1423476753#3", "longitud": 127.61, "velocidad_max": 50.0, "num_lanes": 2}}, {"type": "Feature", "id": "1423476753#5", "geometry": {"type": "LineString", "coordinates": [[-77.048294, -12.044134], [-77.047154, -12.044026]]}, "properties": {"id": "1423476753#5", "nombre": "1423476753#5", "longitud": 124.67, "velocidad_max": 50.0, "num_lanes": 2}}, {"type": "Feature", "id": "1423476753#6", "geometry": {"type": "LineString", "coordinates": [[-77.046964, -12.044007], [-77.045825, -12.043898]]}, "properties": {"id": "1423476753#6", "nombre": "1423476753#6", "longitud": 124.55, "velocidad_max": 50.0, "num_lanes": 2}}, {"type": "Feature", "id": "1423476753#7", "geometry": {"type": "LineString", "coordinates": [[-77.045694, -12.043886], [-77.044892, -12.043812], [-77.044566, -12.043782]]}, "properties": {"id": "1423476753#7", "nombre": "1423476753#7", "longitud": 123.34, "velocidad_max": 50.0, "num_lanes": 2}}, {"type": "Feature", "id": "1423476753#9", "geometry": {"type": "LineString", "coordinates": [[-77.044376, -12.043764], [-77.044031, -12.043728], [-77.043848, -12.043705]]}, "properties": {"id": "1423476753#9", "nombre": "1423476753#9", "longitud": 57.97, "velocidad_max": 50.0, "num_lanes": 2}}, {"type": "Feature", "id": "1423476754#0", "geometry": {"type": "LineString", "coordinates": [[-77.04371, -12.043173], [-77.043772, -12.043177], [-77.044453, -12.043247]]}, "properties": {"id": "1423476754#0", "nombre": "1423476754#0", "longitud": 81.27, "velocidad_max": 40.0, "num_lanes": 2}}, {"type": "Feature", "id": "1423476754#1", "geometry": {"type": "LineString", "coordinates": [[-77.044586, -12.04326], [-77.044929, -12.043293], [-77.04555, -12.043354], [-77.045749, -12.043373]]}, "properties": {"id": "1423476754#1", "nombre": "1423476754#1", "longitud": 127.34, "velocidad_max": 40.0, "num_lanes": 2}}, {"type": "Feature", "id": "1423476754#4", "geometry": {"type": "LineString", "coordinates": [[-77.045881, -12.043386], [-77.046885, -12.043486]]}, "properties": {"id": "1423476754#4", "nombre": "1423476754#4", "longitud": 109.87, "velocidad_max": 40.0, "num_lanes": 2}}, {"type": "Feature", "id": "1423476754#5", "geometry": {"type": "LineString", "coordinates": [[-77.046887, -12.043487], [-77.046947, -12.043492], [-77.04701, -12.043497]]}, "properties": {"id": "1423476754#5", "nombre": "1423476754#5", "longitud": 13.42, "velocidad_max": 40.0, "num_lanes": 2}}, {"type": "Feature", "id": "1423476755#0", "geometry": {"type": "LineString", "coordinates": [[-77.043707, -12.043223], [-77.043779, -12.043232]]}, "properties": {"id": "1423476755#0", "nombre": "1423476755#0", "longitud": 7.93, "velocidad_max": 45.0, "num_lanes": 2}}, {"type": "Feature", "id": "1423476755#1", "geometry": {"type": "LineString", "coordinates": [[-77.043895, -12.043247], [-77.043986, -12.043256], [-77.044449, -12.043301]]}, "properties": {"id": "1423476755#1", "nombre": "1423476755#1", "longitud": 60.55, "velocidad_max": 45.0, "num_lanes": 2}}, {"type": "Feature", "id": "1423476755#3", "geometry": {"type": "LineString", "coordinates": [[-77.04458, -12.043314], [-77.044924, -12.043349], [-77.045743, -12.043433]]}, "properties": {"id": "1423476755#3", "nombre": "1423476755#3", "longitud": 127.37, "velocidad_max": 45.0, "num_lanes": 2}}, {"type": "Feature", "id": "1423476756", "geometry": {"type": "LineString", "coordinates": [[-77.042394, -12.043063], [-77.04236, -12.042995], [-77.042324, -12.042934], [-77.042288, -12.042898]]}, "properties": {"id": "1423476756", "nombre": "1423476756", "longitud": 21.78, "velocidad_max": 30.0, "num_lanes": 1}}, {"type": "Feature", "id": "1423476757", "geometry": {"type": "LineString", "coordinates": [[-77.04231, -12.042883], [-77.04234, -12.042925], [-77.042394, -12.04296], [-77.042439, -12.042983]]}, "properties": {"id": "1423476757", "nombre": "1423476757", "longitud": 18.23, "velocidad_max": 30.0, "num_lanes": 1}}, {"type": "Feature", "id": "1423476758#0", "geometry": {"type": "LineString", "coordinates": [[-77.042923, -12.042804], [-77.042962, -12.042348], [-77.043014, -12.04174]]}, "properties": {"id": "1423476758#0", "nombre": "1423476758#0", "longitud": 118.11, "velocidad_max": 40.0, "num_lanes": 2}}, {"type": "Feature", "id": "1423476758#2", "geometry": {"type": "LineString", "coordinates": [[-77.043023, -12.041632], [-77.043029, -12.041564]]}, "properties": {"id": "1423476758#2", "nombre": "1423476758#2", "longitud": 7.54, "velocidad_max": 40.0, "num_lanes": 2}}, {"type": "Feature", "id": "1423476759#1", "geometry": {"type": "LineString", "coordinates": [[-77.043344, -12.041772], [-77.043243, -12.04281]]}, "properties": {"id": "1423476759#1", "nombre": "1423476759#1", "longitud": 115.37, "velocidad_max": 40.0, "num_lanes": 2}}, {"type": "Feature", "id": "1423476759#2", "geometry": {"type": "LineString", "coordinates": [[-77.043243, -12.04281], [-77.043242, -12.042835]]}, "properties": {"id": "1423476759#2", "nombre": "1423476759#2", "longitud": 2.81, "velocidad_max": 40.0, "num_lanes": 2}}, {"type": "Feature", "id": "1441548689#0", "geometry": {"type": "LineString", "coordinates": [[-77.042334, -12.046405], [-77.042334, -12.046393]]}, "properties": {"id": "1441548689#0", "nombre": "1441548689#0", "longitud": 1.36, "velocidad_max": 40.0, "num_lanes": 5}}, {"type": "Feature", "id": "1441548689#1", "geometry": {"type": "LineString", "coordinates": [[-77.042348, -12.046293], [-77.042353, -12.046265], [-77.042397, -12.04617], [-77.042464, -12.046089], [-77.042527, -12.046041], [-77.042629, -12.045989]]}, "properties": {"id": "1441548689#1", "nombre": "1441548689#1", "longitud": 47.5, "velocidad_max": 40.0, "num_lanes": 5}}, {"type": "Feature", "id": "1442563781", "geometry": {"type": "LineString", "coordinates": [[-77.030126, -12.054636], [-77.030108, -12.054649]]}, "properties": {"id": "1442563781", "nombre": "1442563781", "longitud": 2.44, "velocidad_max": 50.0, "num_lanes": 3}}, {"type": "Feature", "id": "1443076138", "geometry": {"type": "LineString", "coordinates": [[-77.043177, -12.046401], [-77.043177, -12.046403]]}, "properties": {"id": "1443076138", "nombre": "1443076138", "longitud": 0.23, "velocidad_max": 40.0, "num_lanes": 5}}, {"type": "Feature", "id": "1443076139#0", "geometry": {"type": "LineString", "coordinates": [[-77.042407, -12.046611], [-77.042385, -12.04658]]}, "properties": {"id": "1443076139#0", "nombre": "1443076139#0", "longitud": 4.2, "velocidad_max": 40.0, "num_lanes": 5}}, {"type": "Feature", "id": "1443076139#1", "geometry": {"type": "LineString", "coordinates": [[-77.042389, -12.046607], [-77.042389, -12.046605]]}, "properties": {"id": "1443076139#1", "nombre": "1443076139#1", "longitud": 0.2, "velocidad_max": 40.0, "num_lanes": 5}}, {"type": "Feature", "id": "1449487121", "geometry": {"type": "LineString", "coordinates": [[-77.046715, -12.054953], [-77.046703, -12.054975], [-77.046669, -12.055016], [-77.046628, -12.05505], [-77.04658, -12.055075], [-77.046574, -12.055076]]}, "properties": {"id": "1449487121", "nombre": "1449487121", "longitud": 20.95, "velocidad_max": 30.0, "num_lanes": 1}}, {"type": "Feature", "id": "144953677#0", "geometry": {"type": "LineString", "coordinates": [[-77.03139, -12.050061], [-77.031447, -12.050026], [-77.031547, -12.049964], [-77.031834, -12.049785], [-77.032176, -12.04957], [-77.032277, -12.049505]]}, "properties": {"id": "144953677#0", "nombre": "144953677#0", "longitud": 114.5, "velocidad_max": 30.0, "num_lanes": 2}}, {"type": "Feature", "id": "144953677#5", "geometry": {"type": "LineString", "coordinates": [[-77.032401, -12.049431], [-77.033225, -12.048903]]}, "properties": {"id": "144953677#5", "nombre": "144953677#5", "longitud": 107.11, "velocidad_max": 30.0, "num_lanes": 2}}, {"type": "Feature", "id": "144953677#6", "geometry": {"type": "LineString", "coordinates": [[-77.033227, -12.048902], [-77.033327, -12.048841]]}, "properties": {"id": "144953677#6", "nombre": "144953677#6", "longitud": 12.81, "velocidad_max": 30.0, "num_lanes": 2}}, {"type": "Feature", "id": "144954710#0", "geometry": {"type": "LineString", "coordinates": [[-77.037714, -12.044962], [-77.037165, -12.045275], [-77.037071, -12.045332]]}, "properties": {"id": "144954710#0", "nombre": "144954710#0", "longitud": 81.1, "velocidad_max": 50.0, "num_lanes": 2}}, {"type": "Feature", "id": "144954710#2", "geometry": {"type": "LineString", "coordinates": [[-77.037068, -12.045333], [-77.037035, -12.045353]]}, "properties": {"id": "144954710#2", "nombre": "144954710#2", "longitud": 4.17, "velocidad_max": 50.0, "num_lanes": 2}}, {"type": "Feature", "id": "144954711", "geometry": {"type": "LineString", "coordinates": [[-77.042443, -12.042985], [-77.042501, -12.042994]]}, "properties": {"id": "144954711", "nombre": "144954711", "longitud": 6.32, "velocidad_max": 30.0, "num_lanes": 1}}, {"type": "Feature", "id": "144954715#0", "geometry": {"type": "LineString", "coordinates": [[-77.056619, -12.03963], [-77.056098, -12.039704], [-77.055769, -12.039748], [-77.05544, -12.039793], [-77.054754, -12.039892]]}, "properties": {"id": "144954715#0", "nombre": "144954715#0", "longitud": 205.14, "velocidad_max": 40.0, "num_lanes": 1}}, {"type": "Feature", "id": "144954715#1", "geometry": {"type": "LineString", "coordinates": [[-77.054623, -12.039911], [-77.05319, -12.040133]]}, "properties": {"id": "144954715#1", "nombre": "144954715#1", "longitud": 157.92, "velocidad_max": 40.0, "num_lanes": 1}}, {"type": "Feature", "id": "144954715#2", "geometry": {"type": "LineString", "coordinates": [[-77.053061, -12.040154], [-77.05261, -12.040229], [-77.05161, -12.040374]]}, "properties": {"id": "144954715#2", "nombre": "144954715#2", "longitud": 159.82, "velocidad_max": 40.0, "num_lanes": 1}}, {"type": "Feature", "id": "1462704351", "geometry": {"type": "LineString", "coordinates": [[-77.03359, -12.040837], [-77.033737, -12.040777]]}, "properties": {"id": "1462704351", "nombre": "1462704351", "longitud": 17.39, "velocidad_max": 60.0, "num_lanes": 2}}, {"type": "Feature", "id": "1470446324", "geometry": {"type": "LineString", "coordinates": [[-77.036297, -12.057713], [-77.036245, -12.058078], [-77.036241, -12.058138], [-77.036171, -12.059085]]}, "properties": {"id": "1470446324", "nombre": "1470446324", "longitud": 152.52, "velocidad_max": 40.0, "num_lanes": 2}}, {"type": "Feature", "id": "1476350224#0", "geometry": {"type": "LineString", "coordinates": [[-77.042635, -12.043713], [-77.042592, -12.043682], [-77.042532, -12.043618]]}, "properties": {"id": "1476350224#0", "nombre": "1476350224#0", "longitud": 15.38, "velocidad_max": 50.0, "num_lanes": 4}}, {"type": "Feature", "id": "1476350224#1", "geometry": {"type": "LineString", "coordinates": [[-77.042524, -12.043607], [-77.042493, -12.043552]]}, "properties": {"id": "1476350224#1", "nombre": "1476350224#1", "longitud": 6.95, "velocidad_max": 50.0, "num_lanes": 4}}, {"type": "Feature", "id": "1476350224#2", "geometry": {"type": "LineString", "coordinates": [[-77.042471, -12.043494], [-77.042464, -12.043471], [-77.042454, -12.043418]]}, "properties": {"id": "1476350224#2", "nombre": "1476350224#2", "longitud": 13.27, "velocidad_max": 50.0, "num_lanes": 4}}, {"type": "Feature", "id": "1476350224#5", "geometry": {"type": "LineString", "coordinates": [[-77.04246, -12.043274], [-77.042476, -12.043221]]}, "properties": {"id": "1476350224#5", "nombre": "1476350224#5", "longitud": 6.1, "velocidad_max": 50.0, "num_lanes": 4}}, {"type": "Feature", "id": "1476350224#6", "geometry": {"type": "LineString", "coordinates": [[-77.042514, -12.043139], [-77.042534, -12.043107], [-77.042552, -12.043086]]}, "properties": {"id": "1476350224#6", "nombre": "1476350224#6", "longitud": 7.13, "velocidad_max": 50.0, "num_lanes": 4}}, {"type": "Feature", "id": "1476350225#0", "geometry": {"type": "LineString", "coordinates": [[-77.042919, -12.042928], [-77.042921, -12.042928]]}, "properties": {"id": "1476350225#0", "nombre": "1476350225#0", "longitud": 0.2, "velocidad_max": 50.0, "num_lanes": 4}}, {"type": "Feature", "id": "1476350225#1", "geometry": {"type": "LineString", "coordinates": [[-77.042883, -12.042933], [-77.042967, -12.042935], [-77.043074, -12.04295], [-77.043168, -12.042973]]}, "properties": {"id": "1476350225#1", "nombre": "1476350225#1", "longitud": 31.87, "velocidad_max": 50.0, "num_lanes": 4}}, {"type": "Feature", "id": "1476350226", "geometry": {"type": "LineString", "coordinates": [[-77.0426, -12.043021], [-77.042708, -12.04297], [-77.04283, -12.04293]]}, "properties": {"id": "1476350226", "nombre": "1476350226", "longitud": 27.06, "velocidad_max": 50.0, "num_lanes": 4}}, {"type": "Feature", "id": "1476350227", "geometry": {"type": "LineString", "coordinates": [[-77.043116, -12.043801], [-77.04307, -12.0438], [-77.043009, -12.043799], [-77.042931, -12.043795]]}, "properties": {"id": "1476350227", "nombre": "1476350227", "longitud": 23.25, "velocidad_max": 50.0, "num_lanes": 4}}, {"type": "Feature", "id": "1476350228#0", "geometry": {"type": "LineString", "coordinates": [[-77.04315, -12.046547], [-77.043115, -12.046603]]}, "properties": {"id": "1476350228#0", "nombre": "1476350228#0", "longitud": 7.26, "velocidad_max": 40.0, "num_lanes": 5}}, {"type": "Feature", "id": "1476350228#1", "geometry": {"type": "LineString", "coordinates": [[-77.043012, -12.046713], [-77.04291, -12.046784]]}, "properties": {"id": "1476350228#1", "nombre": "1476350228#1", "longitud": 13.65, "velocidad_max": 40.0, "num_lanes": 5}}, {"type": "Feature", "id": "1476350229", "geometry": {"type": "LineString", "coordinates": [[-77.042541, -12.046748], [-77.042477, -12.046697], [-77.042472, -12.046693]]}, "properties": {"id": "1476350229", "nombre": "1476350229", "longitud": 9.69, "velocidad_max": 40.0, "num_lanes": 5}}, {"type": "Feature", "id": "1476350230#0", "geometry": {"type": "LineString", "coordinates": [[-77.042992, -12.046031], [-77.043077, -12.046123]]}, "properties": {"id": "1476350230#0", "nombre": "1476350230#0", "longitud": 13.76, "velocidad_max": 40.0, "num_lanes": 5}}, {"type": "Feature", "id": "1476350230#1", "geometry": {"type": "LineString", "coordinates": [[-77.043126, -12.046186], [-77.043153, -12.04625]]}, "properties": {"id": "1476350230#1", "nombre": "1476350230#1", "longitud": 7.63, "velocidad_max": 40.0, "num_lanes": 5}}, {"type": "Feature", "id": "1476350230#2", "geometry": {"type": "LineString", "coordinates": [[-77.043156, -12.046258], [-77.043169, -12.046305]]}, "properties": {"id": "1476350230#2", "nombre": "1476350230#2", "longitud": 5.41, "velocidad_max": 40.0, "num_lanes": 5}}, {"type": "Feature", "id": "1476350231#0", "geometry": {"type": "LineString", "coordinates": [[-77.042711, -12.045979], [-77.042751, -12.045975], [-77.04283, -12.045981], [-77.042906, -12.046002], [-77.042971, -12.046033]]}, "properties": {"id": "1476350231#0", "nombre": "1476350231#0", "longitud": 29.48, "velocidad_max": 40.0, "num_lanes": 5}}, {"type": "Feature", "id": "1476350231#1", "geometry": {"type": "LineString", "coordinates": [[-77.042942, -12.046011], [-77.042944, -12.046012]]}, "properties": {"id": "1476350231#1", "nombre": "1476350231#1", "longitud": 0.2, "velocidad_max": 40.0, "num_lanes": 5}}, {"type": "Feature", "id": "1483672743#0", "geometry": {"type": "LineString", "coordinates": [[-77.045965, -12.056568], [-77.045898, -12.056562], [-77.045324, -12.056514], [-77.045272, -12.05651]]}, "properties": {"id": "1483672743#0", "nombre": "1483672743#0", "longitud": 75.76, "velocidad_max": 50.0, "num_lanes": 3}}, {"type": "Feature", "id": "1483672743#3", "geometry": {"type": "LineString", "coordinates": [[-77.045269, -12.05651], [-77.04521, -12.056504]]}, "properties": {"id": "1483672743#3", "nombre": "1483672743#3", "longitud": 6.47, "velocidad_max": 50.0, "num_lanes": 3}}, {"type": "Feature", "id": "1483672744#0", "geometry": {"type": "LineString", "coordinates": [[-77.043779, -12.055528], [-77.044281, -12.055568], [-77.044542, -12.055589], [-77.044662, -12.055599], [-77.045015, -12.055627]]}, "properties": {"id": "1483672744#0", "nombre": "1483672744#0", "longitud": 135.11, "velocidad_max": 40.0, "num_lanes": 1}}, {"type": "Feature", "id": "1483672745", "geometry": {"type": "LineString", "coordinates": [[-77.04515, -12.056421], [-77.045095, -12.055798], [-77.045087, -12.055688]]}, "properties": {"id": "1483672745", "nombre": "1483672745", "longitud": 81.42, "velocidad_max": 30.0, "num_lanes": 2}}, {"type": "Feature", "id": "1483672746#0", "geometry": {"type": "LineString", "coordinates": [[-77.051473, -12.056148], [-77.051634, -12.056161], [-77.051853, -12.056179]]}, "properties": {"id": "1483672746#0", "nombre": "1483672746#0", "longitud": 41.52, "velocidad_max": 40.0, "num_lanes": 1}}, {"type": "Feature", "id": "1483672746#2", "geometry": {"type": "LineString", "coordinates": [[-77.051946, -12.056187], [-77.052614, -12.056249]]}, "properties": {"id": "1483672746#2", "nombre": "1483672746#2", "longitud": 73.05, "velocidad_max": 40.0, "num_lanes": 1}}, {"type": "Feature", "id": "1483672747", "geometry": {"type": "LineString", "coordinates": [[-77.045813, -12.058819], [-77.045812, -12.058816]]}, "properties": {"id": "1483672747", "nombre": "1483672747", "longitud": 0.31, "velocidad_max": 40.0, "num_lanes": 2}}, {"type": "Feature", "id": "1483672748#0", "geometry": {"type": "LineString", "coordinates": [[-77.041966, -12.05808], [-77.042173, -12.0581], [-77.042554, -12.058136]]}, "properties": {"id": "1483672748#0", "nombre": "1483672748#0", "longitud": 64.38, "velocidad_max": 30.0, "num_lanes": 2}}, {"type": "Feature", "id": "148630285#0", "geometry": {"type": "LineString", "coordinates": [[-77.044541, -12.042011], [-77.044491, -12.042016], [-77.044343, -12.042017], [-77.043416, -12.041735]]}, "properties": {"id": "148630285#0", "nombre": "148630285#0", "longitud": 127.32, "velocidad_max": 50.0, "num_lanes": 1}}, {"type": "Feature", "id": "148630600#0", "geometry": {"type": "LineString", "coordinates": [[-77.04193, -12.042328], [-77.042955, -12.041704]]}, "properties": {"id": "148630600#0", "nombre": "148630600#0", "longitud": 131.19, "velocidad_max": 30.0, "num_lanes": 2}}, {"type": "Feature", "id": "1488654314#1", "geometry": {"type": "LineString", "coordinates": [[-77.033005, -12.052741], [-77.033002, -12.052742], [-77.032828, -12.052856], [-77.032206, -12.053263]]}, "properties": {"id": "1488654314#1", "nombre": "1488654314#1", "longitud": 104.44, "velocidad_max": 40.0, "num_lanes": 2}}, {"type": "Feature", "id": "1488654315#0", "geometry": {"type": "LineString", "coordinates": [[-77.033605, -12.052334], [-77.033216, -12.052592]]}, "properties": {"id": "1488654315#0", "nombre": "1488654315#0", "longitud": 51.15, "velocidad_max": 40.0, "num_lanes": 2}}, {"type": "Feature", "id": "1488654315#1", "geometry": {"type": "LineString", "coordinates": [[-77.033213, -12.052594], [-77.033191, -12.052608], [-77.033124, -12.052656], [-77.033115, -12.052663]]}, "properties": {"id": "1488654315#1", "nombre": "1488654315#1", "longitud": 13.22, "velocidad_max": 40.0, "num_lanes": 2}}, {"type": "Feature", "id": "1488654318", "geometry": {"type": "LineString", "coordinates": [[-77.033078, -12.052612], [-77.033089, -12.052604], [-77.033153, -12.052558], [-77.03357, -12.052283]]}, "properties": {"id": "1488654318", "nombre": "1488654318", "longitud": 64.85, "velocidad_max": 40.0, "num_lanes": 2}}, {"type": "Feature", "id": "1495909064#0", "geometry": {"type": "LineString", "coordinates": [[-77.038079, -12.059043], [-77.038031, -12.059635]]}, "properties": {"id": "1495909064#0", "nombre": "1495909064#0", "longitud": 65.71, "velocidad_max": 50.0, "num_lanes": 2}}, {"type": "Feature", "id": "1495909064#0-AddedOnRampEdge", "geometry": {"type": "LineString", "coordinates": [[-77.038169, -12.058108], [-77.038107, -12.058878], [-77.038099, -12.058972]]}, "properties": {"id": "1495909064#0-AddedOnRampEdge", "nombre": "1495909064#0-AddedOnRampEdge", "longitud": 96.0, "velocidad_max": 50.0, "num_lanes": 3}}, {"type": "Feature", "id": "1495909064#2", "geometry": {"type": "LineString", "coordinates": [[-77.038031, -12.059638], [-77.038026, -12.059696]]}, "properties": {"id": "1495909064#2", "nombre": "1495909064#2", "longitud": 6.46, "velocidad_max": 50.0, "num_lanes": 2}}, {"type": "Feature", "id": "1495909065#0", "geometry": {"type": "LineString", "coordinates": [[-77.038089, -12.058063], [-77.037963, -12.059631]]}, "properties": {"id": "1495909065#0", "nombre": "1495909065#0", "longitud": 173.99, "velocidad_max": 50.0, "num_lanes": 2}}, {"type": "Feature", "id": "1495909065#1", "geometry": {"type": "LineString", "coordinates": [[-77.037962, -12.059633], [-77.037958, -12.059692]]}, "properties": {"id": "1495909065#1", "nombre": "1495909065#1", "longitud": 6.47, "velocidad_max": 50.0, "num_lanes": 2}}, {"type": "Feature", "id": "1504594125", "geometry": {"type": "LineString", "coordinates": [[-77.042197, -12.050141], [-77.042131, -12.050136], [-77.041449, -12.050079], [-77.041389, -12.050083], [-77.041373, -12.05009]]}, "properties": {"id": "1504594125", "nombre": "1504594125", "longitud": 90.26, "velocidad_max": 30.0, "num_lanes": 2}}, {"type": "Feature", "id": "151316320#0", "geometry": {"type": "LineString", "coordinates": [[-77.030711, -12.049175], [-77.030597, -12.049015], [-77.03013, -12.048363]]}, "properties": {"id": "151316320#0", "nombre": "151316320#0", "longitud": 109.89, "velocidad_max": 30.0, "num_lanes": 1}}, {"type": "Feature", "id": "151316320#2", "geometry": {"type": "LineString", "coordinates": [[-77.030054, -12.048249], [-77.029429, -12.047366]]}, "properties": {"id": "151316320#2", "nombre": "151316320#2", "longitud": 119.08, "velocidad_max": 30.0, "num_lanes": 1}}, {"type": "Feature", "id": "1521214161#0", "geometry": {"type": "LineString", "coordinates": [[-77.04578, -12.059004], [-77.045756, -12.059011], [-77.045561, -12.059067], [-77.045413, -12.059114], [-77.044591, -12.059361]]}, "properties": {"id": "1521214161#0", "nombre": "1521214161#0", "longitud": 135.35, "velocidad_max": 50.0, "num_lanes": 3}}, {"type": "Feature", "id": "1521214162#0", "geometry": {"type": "LineString", "coordinates": [[-77.047133, -12.058598], [-77.04706, -12.05862], [-77.045954, -12.058952]]}, "properties": {"id": "1521214162#0", "nombre": "1521214162#0", "longitud": 134.22, "velocidad_max": 50.0, "num_lanes": 3}}, {"type": "Feature", "id": "1521214163", "geometry": {"type": "LineString", "coordinates": [[-77.045754, -12.058919], [-77.045774, -12.058913]]}, "properties": {"id": "1521214163", "nombre": "1521214163", "longitud": 2.29, "velocidad_max": 50.0, "num_lanes": 3}}, {"type": "Feature", "id": "1521214164", "geometry": {"type": "LineString", "coordinates": [[-77.045925, -12.058863], [-77.045932, -12.058861]]}, "properties": {"id": "1521214164", "nombre": "1521214164", "longitud": 0.9, "velocidad_max": 55.0, "num_lanes": 3}}, {"type": "Feature", "id": "1521214165", "geometry": {"type": "LineString", "coordinates": [[-77.045811, -12.058807], [-77.045833, -12.058561]]}, "properties": {"id": "1521214165", "nombre": "1521214165", "longitud": 27.31, "velocidad_max": 40.0, "num_lanes": 2}}, {"type": "Feature", "id": "1521214167", "geometry": {"type": "LineString", "coordinates": [[-77.04442, -12.059415], [-77.044418, -12.059415]]}, "properties": {"id": "1521214167", "nombre": "1521214167", "longitud": 0.2, "velocidad_max": 50.0, "num_lanes": 3}}, {"type": "Feature", "id": "1521214170", "geometry": {"type": "LineString", "coordinates": [[-77.044573, -12.059271], [-77.045545, -12.058981], [-77.045666, -12.058944]]}, "properties": {"id": "1521214170", "nombre": "1521214170", "longitud": 124.34, "velocidad_max": 50.0, "num_lanes": 3}}, {"type": "Feature", "id": "1521214171", "geometry": {"type": "LineString", "coordinates": [[-77.04443, -12.059248], [-77.044431, -12.05925]]}, "properties": {"id": "1521214171", "nombre": "1521214171", "longitud": 0.2, "velocidad_max": 40.0, "num_lanes": 2}}, {"type": "Feature", "id": "1521214172", "geometry": {"type": "LineString", "coordinates": [[-77.044548, -12.059433], [-77.044549, -12.059434]]}, "properties": {"id": "1521214172", "nombre": "1521214172", "longitud": 0.2, "velocidad_max": 30.0, "num_lanes": 2}}, {"type": "Feature", "id": "1521214173", "geometry": {"type": "LineString", "coordinates": [[-77.042709, -12.059938], [-77.042287, -12.060064]]}, "properties": {"id": "1521214173", "nombre": "1521214173", "longitud": 47.98, "velocidad_max": 50.0, "num_lanes": 3}}, {"type": "Feature", "id": "1521214174", "geometry": {"type": "LineString", "coordinates": [[-77.042835, -12.059899], [-77.042831, -12.059901]]}, "properties": {"id": "1521214174", "nombre": "1521214174", "longitud": 0.55, "velocidad_max": 50.0, "num_lanes": 3}}, {"type": "Feature", "id": "1521214175", "geometry": {"type": "LineString", "coordinates": [[-77.042685, -12.059865], [-77.042687, -12.059864]]}, "properties": {"id": "1521214175", "nombre": "1521214175", "longitud": 0.2, "velocidad_max": 50.0, "num_lanes": 3}}, {"type": "Feature", "id": "1521214176", "geometry": {"type": "LineString", "coordinates": [[-77.042809, -12.059826], [-77.042811, -12.059826]]}, "properties": {"id": "1521214176", "nombre": "1521214176", "longitud": 0.22, "velocidad_max": 50.0, "num_lanes": 3}}, {"type": "Feature", "id": "1521214178", "geometry": {"type": "LineString", "coordinates": [[-77.04272, -12.059799], [-77.04272, -12.059797]]}, "properties": {"id": "1521214178", "nombre": "1521214178", "longitud": 0.2, "velocidad_max": 50.0, "num_lanes": 1}}, {"type": "Feature", "id": "1521214179", "geometry": {"type": "LineString", "coordinates": [[-77.042769, -12.059979], [-77.042768, -12.059977]]}, "properties": {"id": "1521214179", "nombre": "1521214179", "longitud": 0.2, "velocidad_max": 50.0, "num_lanes": 1}}, {"type": "Feature", "id": "172098497", "geometry": {"type": "LineString", "coordinates": [[-77.029087, -12.048922], [-77.029176, -12.048874], [-77.029228, -12.048841], [-77.029241, -12.048832], [-77.029469, -12.048686], [-77.030038, -12.048319]]}, "properties": {"id": "172098497", "nombre": "172098497", "longitud": 123.23, "velocidad_max": 50.0, "num_lanes": 1}}, {"type": "Feature", "id": "172099442#0", "geometry": {"type": "LineString", "coordinates": [[-77.038984, -12.048674], [-77.038985, -12.04866], [-77.038984, -12.048641], [-77.038979, -12.048613], [-77.03897, -12.048589], [-77.03895, -12.048558], [-77.038839, -12.048396], [-77.038836, -12.048392]]}, "properties": {"id": "172099442#0", "nombre": "172099442#0", "longitud": 35.85, "velocidad_max": 50.0, "num_lanes": 3}}, {"type": "Feature", "id": "172099442#2", "geometry": {"type": "LineString", "coordinates": [[-77.038778, -12.048308], [-77.038405, -12.047771], [-77.038198, -12.047473]]}, "properties": {"id": "172099442#2", "nombre": "172099442#2", "longitud": 111.93, "velocidad_max": 50.0, "num_lanes": 3}}, {"type": "Feature", "id": "172099442#3", "geometry": {"type": "LineString", "coordinates": [[-77.038196, -12.04747], [-77.038167, -12.047432], [-77.038155, -12.047413]]}, "properties": {"id": "172099442#3", "nombre": "172099442#3", "longitud": 7.74, "velocidad_max": 50.0, "num_lanes": 3}}, {"type": "Feature", "id": "172242987#0", "geometry": {"type": "LineString", "coordinates": [[-77.030953, -12.053875], [-77.030768, -12.053354], [-77.030763, -12.053339], [-77.030757, -12.053322]]}, "properties": {"id": "172242987#0", "nombre": "172242987#0", "longitud": 64.88, "velocidad_max": 40.0, "num_lanes": 1}}, {"type": "Feature", "id": "172243635#0", "geometry": {"type": "LineString", "coordinates": [[-77.03053, -12.054976], [-77.030553, -12.054977], [-77.030587, -12.054966], [-77.030629, -12.05494], [-77.030701, -12.054889]]}, "properties": {"id": "172243635#0", "nombre": "172243635#0", "longitud": 27.98, "velocidad_max": 40.0, "num_lanes": 2}}, {"type": "Feature", "id": "172243963", "geometry": {"type": "LineString", "coordinates": [[-77.034323, -12.058007], [-77.034366, -12.057424], [-77.034383, -12.057253], [-77.034391, -12.057166]]}, "properties": {"id": "172243963", "nombre": "172243963", "longitud": 93.36, "velocidad_max": 30.0, "num_lanes": 1}}, {"type": "Feature", "id": "172244021#0", "geometry": {"type": "LineString", "coordinates": [[-77.034545, -12.059448], [-77.033829, -12.05833]]}, "properties": {"id": "172244021#0", "nombre": "172244021#0", "longitud": 146.21, "velocidad_max": 30.0, "num_lanes": 2}}, {"type": "Feature", "id": "172244021#1", "geometry": {"type": "LineString", "coordinates": [[-77.033738, -12.058187], [-77.033233, -12.057373], [-77.033213, -12.05734]]}, "properties": {"id": "172244021#1", "nombre": "172244021#1", "longitud": 109.7, "velocidad_max": 30.0, "num_lanes": 2}}, {"type": "Feature", "id": "172244021#2", "geometry": {"type": "LineString", "coordinates": [[-77.033157, -12.057252], [-77.03248, -12.056209], [-77.032352, -12.056012], [-77.032107, -12.055636]]}, "properties": {"id": "172244021#2", "nombre": "172244021#2", "longitud": 212.3, "velocidad_max": 30.0, "num_lanes": 2}}, {"type": "Feature", "id": "172246446", "geometry": {"type": "LineString", "coordinates": [[-77.03393, -12.059838], [-77.03385, -12.06045], [-77.03376, -12.06105]]}, "properties": {"id": "172246446", "nombre": "172246446", "longitud": 135.45, "velocidad_max": 50.0, "num_lanes": 1}}, {"type": "Feature", "id": "172601131#0", "geometry": {"type": "LineString", "coordinates": [[-77.044209, -12.045226], [-77.043285, -12.045972], [-77.043216, -12.046044], [-77.043186, -12.046092]]}, "properties": {"id": "172601131#0", "nombre": "172601131#0", "longitud": 147.39, "velocidad_max": 50.0, "num_lanes": 2}}, {"type": "Feature", "id": "172742936#0", "geometry": {"type": "LineString", "coordinates": [[-77.047265, -12.057608], [-77.0476, -12.057637], [-77.047689, -12.057644], [-77.048003, -12.057671], [-77.048263, -12.057693]]}, "properties": {"id": "172742936#0", "nombre": "172742936#0", "longitud": 109.15, "velocidad_max": 30.0, "num_lanes": 1}}, {"type": "Feature", "id": "172742936#4", "geometry": {"type": "LineString", "coordinates": [[-77.048395, -12.057704], [-77.048979, -12.057754], [-77.049426, -12.057792]]}, "properties": {"id": "172742936#4", "nombre": "172742936#4", "longitud": 112.65, "velocidad_max": 30.0, "num_lanes": 1}}, {"type": "Feature", "id": "173172199#0", "geometry": {"type": "LineString", "coordinates": [[-77.033329, -12.048839], [-77.034253, -12.048247]]}, "properties": {"id": "173172199#0", "nombre": "173172199#0", "longitud": 119.99, "velocidad_max": 30.0, "num_lanes": 2}}, {"type": "Feature", "id": "173273823", "geometry": {"type": "LineString", "coordinates": [[-77.034556, -12.041999], [-77.034748, -12.042285], [-77.03487, -12.042466]]}, "properties": {"id": "173273823", "nombre": "173273823", "longitud": 61.99, "velocidad_max": 45.0, "num_lanes": 3}}, {"type": "Feature", "id": "173352571#1", "geometry": {"type": "LineString", "coordinates": [[-77.042836, -12.048172], [-77.043399, -12.048215], [-77.043975, -12.048264]]}, "properties": {"id": "173352571#1", "nombre": "173352571#1", "longitud": 124.55, "velocidad_max": 30.0, "num_lanes": 2}}, {"type": "Feature", "id": "173352571#3", "geometry": {"type": "LineString", "coordinates": [[-77.044107, -12.048275], [-77.044318, -12.048294], [-77.044585, -12.048312]]}, "properties": {"id": "173352571#3", "nombre": "173352571#3", "longitud": 52.25, "velocidad_max": 30.0, "num_lanes": 2}}, {"type": "Feature", "id": "173492718#0", "geometry": {"type": "LineString", "coordinates": [[-77.053688, -12.039088], [-77.053493, -12.039177], [-77.053483, -12.039192], [-77.05347, -12.039239], [-77.053449, -12.039292], [-77.053426, -12.039313], [-77.053352, -12.039351], [-77.053214, -12.039467], [-77.053038, -12.039557], [-77.053023, -12.039565], [-77.052873, -12.039609], [-77.052596, -12.039639], [-77.052568, -12.039607], [-77.052561, -12.039587]]}, "properties": {"id": "173492718#0", "nombre": "173492718#0", "longitud": 147.21, "velocidad_max": 50.0, "num_lanes": 1}}, {"type": "Feature", "id": "173514479#3", "geometry": {"type": "LineString", "coordinates": [[-77.037943, -12.03852], [-77.037755, -12.03862], [-77.037686, -12.03867]]}, "properties": {"id": "173514479#3", "nombre": "173514479#3", "longitud": 32.58, "velocidad_max": 50.0, "num_lanes": 1}}, {"type": "Feature", "id": "173514479#4", "geometry": {"type": "LineString", "coordinates": [[-77.037579, -12.038744], [-77.03745, -12.038829]]}, "properties": {"id": "173514479#4", "nombre": "173514479#4", "longitud": 16.88, "velocidad_max": 50.0, "num_lanes": 1}}, {"type": "Feature", "id": "175010881", "geometry": {"type": "LineString", "coordinates": [[-77.038143, -12.057826], [-77.038145, -12.057826]]}, "properties": {"id": "175010881", "nombre": "175010881", "longitud": 0.2, "velocidad_max": 40.0, "num_lanes": 2}}, {"type": "Feature", "id": "175010885#0", "geometry": {"type": "LineString", "coordinates": [[-77.036655, -12.055831], [-77.036654, -12.055832]]}, "properties": {"id": "175010885#0", "nombre": "175010885#0", "longitud": 0.22, "velocidad_max": 30.0, "num_lanes": 2}}, {"type": "Feature", "id": "175010885#2", "geometry": {"type": "LineString", "coordinates": [[-77.03665, -12.055833], [-77.036626, -12.055847], [-77.036601, -12.055865]]}, "properties": {"id": "175010885#2", "nombre": "175010885#2", "longitud": 7.16, "velocidad_max": 30.0, "num_lanes": 2}}, {"type": "Feature", "id": "175010886#0", "geometry": {"type": "LineString", "coordinates": [[-77.036457, -12.057908], [-77.036483, -12.057918], [-77.036535, -12.057927], [-77.037061, -12.057972], [-77.037066, -12.057972], [-77.037092, -12.057975], [-77.037132, -12.057979], [-77.03724, -12.057989], [-77.03727, -12.057991], [-77.037317, -12.057996], [-77.037327, -12.057997], [-77.037341, -12.057998], [-77.037524, -12.058019], [-77.037602, -12.058027], [-77.037664, -12.058025], [-77.03774, -12.058014], [-77.037808, -12.057998], [-77.037863, -12.057978], [-77.037904, -12.057957], [-77.037929, -12.057942]]}, "properties": {"id": "175010886#0", "nombre": "175010886#0", "longitud": 162.9, "velocidad_max": 40.0, "num_lanes": 2}}, {"type": "Feature", "id": "191714863", "geometry": {"type": "LineString", "coordinates": [[-77.033525, -12.051266], [-77.033127, -12.051521]]}, "properties": {"id": "191714863", "nombre": "191714863", "longitud": 51.72, "velocidad_max": 40.0, "num_lanes": 1}}, {"type": "Feature", "id": "194875151#0", "geometry": {"type": "LineString", "coordinates": [[-77.051076, -12.055147], [-77.0509, -12.054727]]}, "properties": {"id": "194875151#0", "nombre": "194875151#0", "longitud": 50.27, "velocidad_max": 50.0, "num_lanes": 1}}, {"type": "Feature", "id": "194875151#1", "geometry": {"type": "LineString", "coordinates": [[-77.050849, -12.054602], [-77.050791, -12.054454], [-77.050647, -12.05416], [-77.05064, -12.054146]]}, "properties": {"id": "194875151#1", "nombre": "194875151#1", "longitud": 55.46, "velocidad_max": 50.0, "num_lanes": 1}}, {"type": "Feature", "id": "194875152#0", "geometry": {"type": "LineString", "coordinates": [[-77.043059, -12.054654], [-77.043039, -12.054865], [-77.042987, -12.055418]]}, "properties": {"id": "194875152#0", "nombre": "194875152#0", "longitud": 84.81, "velocidad_max": 50.0, "num_lanes": 1}}, {"type": "Feature", "id": "194875155#0", "geometry": {"type": "LineString", "coordinates": [[-77.046481, -12.056531], [-77.046538, -12.05603], [-77.04655, -12.055802]]}, "properties": {"id": "194875155#0", "nombre": "194875155#0", "longitud": 81.02, "velocidad_max": 40.0, "num_lanes": 1}}, {"type": "Feature", "id": "194875155#1", "geometry": {"type": "LineString", "coordinates": [[-77.046553, -12.0557], [-77.046554, -12.055621], [-77.046546, -12.055408], [-77.046531, -12.05514]]}, "properties": {"id": "194875155#1", "nombre": "194875155#1", "longitud": 61.96, "velocidad_max": 40.0, "num_lanes": 1}}, {"type": "Feature", "id": "194875156", "geometry": {"type": "LineString", "coordinates": [[-77.042726, -12.05717], [-77.042754, -12.056826], [-77.042078, -12.056765]]}, "properties": {"id": "194875156", "nombre": "194875156", "longitud": 112.13, "velocidad_max": 10.0, "num_lanes": 1}}, {"type": "Feature", "id": "194875169", "geometry": {"type": "LineString", "coordinates": [[-77.051239, -12.05618], [-77.051181, -12.056926]]}, "properties": {"id": "194875169", "nombre": "194875169", "longitud": 82.72, "velocidad_max": 20.0, "num_lanes": 1}}, {"type": "Feature", "id": "194875170#0", "geometry": {"type": "LineString", "coordinates": [[-77.048413, -12.052181], [-77.048376, -12.051951], [-77.048309, -12.051539], [-77.048269, -12.051295]]}, "properties": {"id": "194875170#0", "nombre": "194875170#0", "longitud": 99.28, "velocidad_max": 50.0, "num_lanes": 1}}, {"type": "Feature", "id": "198984712#0", "geometry": {"type": "LineString", "coordinates": [[-77.036357, -12.044388], [-77.036593, -12.044241], [-77.03681, -12.044104], [-77.036994, -12.043988]]}, "properties": {"id": "198984712#0", "nombre": "198984712#0", "longitud": 82.28, "velocidad_max": 30.0, "num_lanes": 2}}, {"type": "Feature", "id": "201786031#0", "geometry": {"type": "LineString", "coordinates": [[-77.037821, -12.048936], [-77.038141, -12.048742], [-77.03874, -12.048394]]}, "properties": {"id": "201786031#0", "nombre": "201786031#0", "longitud": 116.71, "velocidad_max": 30.0, "num_lanes": 1}}, {"type": "Feature", "id": "231331578", "geometry": {"type": "LineString", "coordinates": [[-77.03994, -12.037823], [-77.040349, -12.03842]]}, "properties": {"id": "231331578", "nombre": "231331578", "longitud": 79.75, "velocidad_max": 50.0, "num_lanes": 1}}, {"type": "Feature", "id": "231355748#0", "geometry": {"type": "LineString", "coordinates": [[-77.031556, -12.040643], [-77.031732, -12.040631], [-77.032279, -12.040595], [-77.032445, -12.040583], [-77.032586, -12.040574]]}, "properties": {"id": "231355748#0", "nombre": "231355748#0", "longitud": 112.46, "velocidad_max": 20.0, "num_lanes": 1}}, {"type": "Feature", "id": "231711246#0", "geometry": {"type": "LineString", "coordinates": [[-77.039232, -12.041116], [-77.039219, -12.041097], [-77.039117, -12.040953], [-77.039061, -12.040872], [-77.039037, -12.040825], [-77.03903, -12.040793]]}, "properties": {"id": "231711246#0", "nombre": "231711246#0", "longitud": 42.23, "velocidad_max": 20.0, "num_lanes": 1}}, {"type": "Feature", "id": "231711247", "geometry": {"type": "LineString", "coordinates": [[-77.031333, -12.04205], [-77.031555, -12.041964]]}, "properties": {"id": "231711247", "nombre": "231711247", "longitud": 25.95, "velocidad_max": 80.0, "num_lanes": 2}}, {"type": "Feature", "id": "235288226#0", "geometry": {"type": "LineString", "coordinates": [[-77.037032, -12.041612], [-77.036986, -12.041608], [-77.036564, -12.0417], [-77.036359, -12.04176], [-77.036072, -12.041843], [-77.035786, -12.042021]]}, "properties": {"id": "235288226#0", "nombre": "235288226#0", "longitud": 144.8, "velocidad_max": 30.0, "num_lanes": 1}}, {"type": "Feature", "id": "23804809#0", "geometry": {"type": "LineString", "coordinates": [[-77.033851, -12.051474], [-77.034254, -12.051209], [-77.03468, -12.050929], [-77.034685, -12.050926]]}, "properties": {"id": "23804809#0", "nombre": "23804809#0", "longitud": 109.23, "velocidad_max": 30.0, "num_lanes": 2}}, {"type": "Feature", "id": "238678796", "geometry": {"type": "LineString", "coordinates": [[-77.038006, -12.051985], [-77.03847, -12.052047]]}, "properties": {"id": "238678796", "nombre": "238678796", "longitud": 50.92, "velocidad_max": 50.0, "num_lanes": 1}}, {"type": "Feature", "id": "24252777#0", "geometry": {"type": "LineString", "coordinates": [[-77.040024, -12.040679], [-77.039994, -12.040694], [-77.039818, -12.040806], [-77.039416, -12.041062]]}, "properties": {"id": "24252777#0", "nombre": "24252777#0", "longitud": 78.59, "velocidad_max": 30.0, "num_lanes": 2}}, {"type": "Feature", "id": "24252777#12", "geometry": {"type": "LineString", "coordinates": [[-77.037384, -12.042354], [-77.037201, -12.04247], [-77.036502, -12.042909], [-77.036445, -12.042945]]}, "properties": {"id": "24252777#12", "nombre": "24252777#12", "longitud": 121.4, "velocidad_max": 30.0, "num_lanes": 2}}, {"type": "Feature", "id": "24252777#14", "geometry": {"type": "LineString", "coordinates": [[-77.036332, -12.043016], [-77.036211, -12.043092], [-77.03573, -12.043395]]}, "properties": {"id": "24252777#14", "nombre": "24252777#14", "longitud": 77.79, "velocidad_max": 30.0, "num_lanes": 2}}, {"type": "Feature", "id": "24252777#4", "geometry": {"type": "LineString", "coordinates": [[-77.039307, -12.041129], [-77.039297, -12.041135]]}, "properties": {"id": "24252777#4", "nombre": "24252777#4", "longitud": 1.29, "velocidad_max": 30.0, "num_lanes": 2}}, {"type": "Feature", "id": "24252777#5", "geometry": {"type": "LineString", "coordinates": [[-77.039236, -12.041174], [-77.039206, -12.041193], [-77.038788, -12.041464], [-77.038512, -12.041642], [-77.038402, -12.041713]]}, "properties": {"id": "24252777#5", "nombre": "24252777#5", "longitud": 108.74, "velocidad_max": 30.0, "num_lanes": 2}}, {"type": "Feature", "id": "24252777#8", "geometry": {"type": "LineString", "coordinates": [[-77.038288, -12.041785], [-77.037966, -12.041988], [-77.03769, -12.042162], [-77.037676, -12.042171], [-77.037495, -12.042284]]}, "properties": {"id": "24252777#8", "nombre": "24252777#8", "longitud": 102.47, "velocidad_max": 30.0, "num_lanes": 2}}, {"type": "Feature", "id": "24252801#0", "geometry": {"type": "LineString", "coordinates": [[-77.03239, -12.045545], [-77.03289, -12.046246], [-77.033026, -12.046437]]}, "properties": {"id": "24252801#0", "nombre": "24252801#0", "longitud": 120.62, "velocidad_max": 30.0, "num_lanes": 2}}, {"type": "Feature", "id": "24252801#1", "geometry": {"type": "LineString", "coordinates": [[-77.033028, -12.046439], [-77.033671, -12.047341]]}, "properties": {"id": "24252801#1", "nombre": "24252801#1", "longitud": 121.94, "velocidad_max": 30.0, "num_lanes": 2}}, {"type": "Feature", "id": "24252801#2", "geometry": {"type": "LineString", "coordinates": [[-77.033747, -12.047447], [-77.034269, -12.048163]]}, "properties": {"id": "24252801#2", "nombre": "24252801#2", "longitud": 97.5, "velocidad_max": 30.0, "num_lanes": 2}}, {"type": "Feature", "id": "24252802#0", "geometry": {"type": "LineString", "coordinates": [[-77.034713, -12.046694], [-77.034496, -12.046401], [-77.034073, -12.045796]]}, "properties": {"id": "24252802#0", "nombre": "24252802#0", "longitud": 121.46, "velocidad_max": 30.0, "num_lanes": 1}}, {"type": "Feature", "id": "24252802#2", "geometry": {"type": "LineString", "coordinates": [[-77.034072, -12.045794], [-77.033412, -12.044931]]}, "properties": {"id": "24252802#2", "nombre": "24252802#2", "longitud": 119.54, "velocidad_max": 30.0, "num_lanes": 1}}, {"type": "Feature", "id": "24252803#0", "geometry": {"type": "LineString", "coordinates": [[-77.038612, -12.050844], [-77.038602, -12.050822], [-77.038535, -12.050672], [-77.038489, -12.050583], [-77.038427, -12.050429], [-77.038082, -12.049571]]}, "properties": {"id": "24252803#0", "nombre": "24252803#0", "longitud": 152.18, "velocidad_max": 30.0, "num_lanes": 2}}, {"type": "Feature", "id": "254878646", "geometry": {"type": "LineString", "coordinates": [[-77.041698, -12.058072], [-77.041705, -12.058072], [-77.041804, -12.05807]]}, "properties": {"id": "254878646", "nombre": "254878646", "longitud": 11.47, "velocidad_max": 30.0, "num_lanes": 1}}, {"type": "Feature", "id": "254905887#0", "geometry": {"type": "LineString", "coordinates": [[-77.052088, -12.060148], [-77.052077, -12.059831], [-77.052065, -12.05957]]}, "properties": {"id": "254905887#0", "nombre": "254905887#0", "longitud": 64.0, "velocidad_max": 30.0, "num_lanes": 1}}, {"type": "Feature", "id": "254905888#0", "geometry": {"type": "LineString", "coordinates": [[-77.052054, -12.059472], [-77.052039, -12.059424], [-77.052018, -12.059389], [-77.051899, -12.059249], [-77.051702, -12.059019]]}, "properties": {"id": "254905888#0", "nombre": "254905888#0", "longitud": 63.57, "velocidad_max": 30.0, "num_lanes": 1}}, {"type": "Feature", "id": "254905888#2", "geometry": {"type": "LineString", "coordinates": [[-77.051635, -12.058942], [-77.051384, -12.058653], [-77.051262, -12.058512], [-77.051251, -12.058499], [-77.051101, -12.058327], [-77.05048, -12.057612]]}, "properties": {"id": "254905888#2", "nombre": "254905888#2", "longitud": 193.6, "velocidad_max": 30.0, "num_lanes": 1}}, {"type": "Feature", "id": "26411329", "geometry": {"type": "LineString", "coordinates": [[-77.034808, -12.050924], [-77.034824, -12.05095], [-77.034969, -12.051182]]}, "properties": {"id": "26411329", "nombre": "26411329", "longitud": 33.54, "velocidad_max": 40.0, "num_lanes": 2}}, {"type": "Feature", "id": "264847051#0", "geometry": {"type": "LineString", "coordinates": [[-77.034383, -12.048173], [-77.034412, -12.048158], [-77.034893, -12.047871], [-77.03526, -12.047654], [-77.035321, -12.047618]]}, "properties": {"id": "264847051#0", "nombre": "264847051#0", "longitud": 119.18, "velocidad_max": 30.0, "num_lanes": 2}}, {"type": "Feature", "id": "264847053#1", "geometry": {"type": "LineString", "coordinates": [[-77.034405, -12.048272], [-77.034458, -12.048305], [-77.034811, -12.048822], [-77.035057, -12.049185]]}, "properties": {"id": "264847053#1", "nombre": "264847053#1", "longitud": 123.98, "velocidad_max": 30.0, "num_lanes": 2}}, {"type": "Feature", "id": "264847053#4", "geometry": {"type": "LineString", "coordinates": [[-77.035131, -12.049294], [-77.035754, -12.050212]]}, "properties": {"id": "264847053#4", "nombre": "264847053#4", "longitud": 122.09, "velocidad_max": 30.0, "num_lanes": 2}}, {"type": "Feature", "id": "264847053#5", "geometry": {"type": "LineString", "coordinates": [[-77.035825, -12.050315], [-77.036013, -12.050581]]}, "properties": {"id": "264847053#5", "nombre": "264847053#5", "longitud": 35.85, "velocidad_max": 30.0, "num_lanes": 2}}, {"type": "Feature", "id": "27455459#0", "geometry": {"type": "LineString", "coordinates": [[-77.042283, -12.054511], [-77.043015, -12.054571]]}, "properties": {"id": "27455459#0", "nombre": "27455459#0", "longitud": 80.01, "velocidad_max": 40.0, "num_lanes": 3}}, {"type": "Feature", "id": "27455459#2", "geometry": {"type": "LineString", "coordinates": [[-77.043117, -12.054579], [-77.043657, -12.054624], [-77.043733, -12.05463]]}, "properties": {"id": "27455459#2", "nombre": "27455459#2", "longitud": 67.24, "velocidad_max": 40.0, "num_lanes": 3}}, {"type": "Feature", "id": "27455459#3", "geometry": {"type": "LineString", "coordinates": [[-77.043864, -12.054641], [-77.044349, -12.054681], [-77.044495, -12.054693], [-77.044569, -12.054699], [-77.044808, -12.054719], [-77.04503, -12.054737]]}, "properties": {"id": "27455459#3", "nombre": "27455459#3", "longitud": 127.43, "velocidad_max": 40.0, "num_lanes": 3}}, {"type": "Feature", "id": "27898380", "geometry": {"type": "LineString", "coordinates": [[-77.042024, -12.044897], [-77.042046, -12.044891], [-77.0421, -12.044892], [-77.042651, -12.04493]]}, "properties": {"id": "27898380", "nombre": "27898380", "longitud": 68.55, "velocidad_max": 30.0, "num_lanes": 1}}, {"type": "Feature", "id": "279006887#0", "geometry": {"type": "LineString", "coordinates": [[-77.043538, -12.039371], [-77.04347, -12.040132], [-77.043459, -12.0404]]}, "properties": {"id": "279006887#0", "nombre": "279006887#0", "longitud": 114.22, "velocidad_max": 50.0, "num_lanes": 2}}, {"type": "Feature", "id": "279006888", "geometry": {"type": "LineString", "coordinates": [[-77.043459, -12.040402], [-77.043456, -12.040783], [-77.043403, -12.041292], [-77.043359, -12.041641]]}, "properties": {"id": "279006888", "nombre": "279006888", "longitud": 137.65, "velocidad_max": 40.0, "num_lanes": 2}}, {"type": "Feature", "id": "279006889", "geometry": {"type": "LineString", "coordinates": [[-77.043246, -12.039327], [-77.043338, -12.038396], [-77.043354, -12.038083]]}, "properties": {"id": "279006889", "nombre": "279006889", "longitud": 138.18, "velocidad_max": 40.0, "num_lanes": 2}}, {"type": "Feature", "id": "279006891#0", "geometry": {"type": "LineString", "coordinates": [[-77.043115, -12.040776], [-77.043137, -12.040626]]}, "properties": {"id": "279006891#0", "nombre": "279006891#0", "longitud": 16.84, "velocidad_max": 50.0, "num_lanes": 2}}, {"type": "Feature", "id": "279006891#1", "geometry": {"type": "LineString", "coordinates": [[-77.043154, -12.040486], [-77.043161, -12.040425], [-77.043176, -12.040121]]}, "properties": {"id": "279006891#1", "nombre": "279006891#1", "longitud": 40.45, "velocidad_max": 50.0, "num_lanes": 2}}, {"type": "Feature", "id": "279007828", "geometry": {"type": "LineString", "coordinates": [[-77.042753, -12.04519], [-77.042811, -12.044554], [-77.042852, -12.044145]]}, "properties": {"id": "279007828", "nombre": "279007828", "longitud": 116.14, "velocidad_max": 40.0, "num_lanes": 1}}, {"type": "Feature", "id": "279007829", "geometry": {"type": "LineString", "coordinates": [[-77.043065, -12.044301], [-77.043066, -12.044308], [-77.043015, -12.044971], [-77.042969, -12.045535], [-77.042983, -12.04568]]}, "properties": {"id": "279007829", "nombre": "279007829", "longitud": 153.06, "velocidad_max": 40.0, "num_lanes": 1}}, {"type": "Feature", "id": "279007830#0", "geometry": {"type": "LineString", "coordinates": [[-77.040309, -12.05817], [-77.040281, -12.058483], [-77.040152, -12.059924]]}, "properties": {"id": "279007830#0", "nombre": "279007830#0", "longitud": 194.88, "velocidad_max": 40.0, "num_lanes": 1}}, {"type": "Feature", "id": "279043421", "geometry": {"type": "LineString", "coordinates": [[-77.036171, -12.059087], [-77.036167, -12.059124], [-77.036165, -12.059145], [-77.036164, -12.05916], [-77.03609, -12.059564], [-77.036074, -12.059652], [-77.035957, -12.060091], [-77.035882, -12.06025], [-77.035784, -12.060397]]}, "properties": {"id": "279043421", "nombre": "279043421", "longitud": 152.47, "velocidad_max": 60.0, "num_lanes": 2}}, {"type": "Feature", "id": "279043423#0", "geometry": {"type": "LineString", "coordinates": [[-77.031943, -12.055349], [-77.032206, -12.055374]]}, "properties": {"id": "279043423#0", "nombre": "279043423#0", "longitud": 28.7, "velocidad_max": 40.0, "num_lanes": 5}}, {"type": "Feature", "id": "279043423#1", "geometry": {"type": "LineString", "coordinates": [[-77.032496, -12.055401], [-77.032961, -12.055443], [-77.033559, -12.055493]]}, "properties": {"id": "279043423#1", "nombre": "279043423#1", "longitud": 116.2, "velocidad_max": 40.0, "num_lanes": 5}}, {"type": "Feature", "id": "279043423#3", "geometry": {"type": "LineString", "coordinates": [[-77.033792, -12.055514], [-77.034734, -12.055603]]}, "properties": {"id": "279043423#3", "nombre": "279043423#3", "longitud": 103.11, "velocidad_max": 40.0, "num_lanes": 5}}, {"type": "Feature", "id": "279140884#0", "geometry": {"type": "LineString", "coordinates": [[-77.035417, -12.060006], [-77.035422, -12.059948], [-77.035448, -12.05965]]}, "properties": {"id": "279140884#0", "nombre": "279140884#0", "longitud": 39.53, "velocidad_max": 30.0, "num_lanes": 8}}, {"type": "Feature", "id": "279140891#0", "geometry": {"type": "LineString", "coordinates": [[-77.036361, -12.057933], [-77.036354, -12.058068], [-77.036313, -12.058538], [-77.036283, -12.058821], [-77.036246, -12.05917], [-77.036238, -12.059234]]}, "properties": {"id": "279140891#0", "nombre": "279140891#0", "longitud": 144.63, "velocidad_max": 30.0, "num_lanes": 4}}, {"type": "Feature", "id": "279140897", "geometry": {"type": "LineString", "coordinates": [[-77.035713, -12.056401], [-77.035742, -12.056156]]}, "properties": {"id": "279140897", "nombre": "279140897", "longitud": 27.32, "velocidad_max": 40.0, "num_lanes": 4}}, {"type": "Feature", "id": "279260204#0", "geometry": {"type": "LineString", "coordinates": [[-77.039981, -12.046183], [-77.039957, -12.046198], [-77.039599, -12.046426], [-77.039134, -12.046719]]}, "properties": {"id": "279260204#0", "nombre": "279260204#0", "longitud": 109.72, "velocidad_max": 30.0, "num_lanes": 2}}, {"type": "Feature", "id": "279260210#1", "geometry": {"type": "LineString", "coordinates": [[-77.040528, -12.047769], [-77.0409, -12.047519]]}, "properties": {"id": "279260210#1", "nombre": "279260210#1", "longitud": 49.06, "velocidad_max": 40.0, "num_lanes": 2}}, {"type": "Feature", "id": "279260210#4", "geometry": {"type": "LineString", "coordinates": [[-77.041038, -12.047435], [-77.041407, -12.047191]]}, "properties": {"id": "279260210#4", "nombre": "279260210#4", "longitud": 48.37, "velocidad_max": 40.0, "num_lanes": 2}}, {"type": "Feature", "id": "279260210#6", "geometry": {"type": "LineString", "coordinates": [[-77.041489, -12.047137], [-77.04184, -12.046914]]}, "properties": {"id": "279260210#6", "nombre": "279260210#6", "longitud": 45.54, "velocidad_max": 40.0, "num_lanes": 2}}, {"type": "Feature", "id": "279260210#7", "geometry": {"type": "LineString", "coordinates": [[-77.041969, -12.046835], [-77.042177, -12.046711]]}, "properties": {"id": "279260210#7", "nombre": "279260210#7", "longitud": 26.56, "velocidad_max": 40.0, "num_lanes": 2}}, {"type": "Feature", "id": "279260210#8", "geometry": {"type": "LineString", "coordinates": [[-77.042179, -12.04671], [-77.042214, -12.046688], [-77.042239, -12.046673], [-77.042254, -12.046663]]}, "properties": {"id": "279260210#8", "nombre": "279260210#8", "longitud": 10.19, "velocidad_max": 40.0, "num_lanes": 2}}, {"type": "Feature", "id": "279260218#1", "geometry": {"type": "LineString", "coordinates": [[-77.040068, -12.04827], [-77.040765, -12.049277]]}, "properties": {"id": "279260218#1", "nombre": "279260218#1", "longitud": 134.82, "velocidad_max": 30.0, "num_lanes": 2}}, {"type": "Feature", "id": "279260226#0", "geometry": {"type": "LineString", "coordinates": [[-77.039113, -12.046809], [-77.039445, -12.047318], [-77.039929, -12.048062], [-77.039936, -12.048073]]}, "properties": {"id": "279260226#0", "nombre": "279260226#0", "longitud": 166.05, "velocidad_max": 30.0, "num_lanes": 1}}, {"type": "Feature", "id": "279260228#0", "geometry": {"type": "LineString", "coordinates": [[-77.039022, -12.046789], [-77.038705, -12.046986], [-77.038603, -12.047049], [-77.038335, -12.047223]]}, "properties": {"id": "279260228#0", "nombre": "279260228#0", "longitud": 88.88, "velocidad_max": 30.0, "num_lanes": 2}}, {"type": "Feature", "id": "279260228#3", "geometry": {"type": "LineString", "coordinates": [[-77.038333, -12.047225], [-77.038321, -12.047232]]}, "properties": {"id": "279260228#3", "nombre": "279260228#3", "longitud": 1.58, "velocidad_max": 30.0, "num_lanes": 2}}, {"type": "Feature", "id": "279400977#0", "geometry": {"type": "LineString", "coordinates": [[-77.039275, -12.057832], [-77.039285, -12.057725], [-77.039339, -12.057096], [-77.039351, -12.056955], [-77.039415, -12.056099]]}, "properties": {"id": "279400977#0", "nombre": "279400977#0", "longitud": 192.36, "velocidad_max": 30.0, "num_lanes": 3}}, {"type": "Feature", "id": "279407007", "geometry": {"type": "LineString", "coordinates": [[-77.042616, -12.047089], [-77.04273, -12.045664]]}, "properties": {"id": "279407007", "nombre": "279407007", "longitud": 158.13, "velocidad_max": 80.0, "num_lanes": 2}}, {"type": "Feature", "id": "279407011", "geometry": {"type": "LineString", "coordinates": [[-77.042821, -12.047097], [-77.04281, -12.047201], [-77.042731, -12.047459], [-77.042675, -12.048143], [-77.042599, -12.049082]]}, "properties": {"id": "279407011", "nombre": "279407011", "longitud": 221.57, "velocidad_max": 80.0, "num_lanes": 2}}, {"type": "Feature", "id": "279407015", "geometry": {"type": "LineString", "coordinates": [[-77.042598, -12.049085], [-77.042568, -12.049462], [-77.04255, -12.04978]]}, "properties": {"id": "279407015", "nombre": "279407015", "longitud": 77.11, "velocidad_max": 50.0, "num_lanes": 2}}, {"type": "Feature", "id": "279407016", "geometry": {"type": "LineString", "coordinates": [[-77.04273, -12.045661], [-77.042745, -12.04552], [-77.042784, -12.045385], [-77.042808, -12.04515], [-77.042896, -12.044149]]}, "properties": {"id": "279407016", "nombre": "279407016", "longitud": 168.57, "velocidad_max": 80.0, "num_lanes": 2}}, {"type": "Feature", "id": "279530063", "geometry": {"type": "LineString", "coordinates": [[-77.04298, -12.043199], [-77.043018, -12.042737]]}, "properties": {"id": "279530063", "nombre": "279530063", "longitud": 51.35, "velocidad_max": 80.0, "num_lanes": 2}}, {"type": "Feature", "id": "279530063-AddedOnRampEdge", "geometry": {"type": "LineString", "coordinates": [[-77.042906, -12.043927], [-77.042913, -12.043842], [-77.04296, -12.04327]]}, "properties": {"id": "279530063-AddedOnRampEdge", "nombre": "279530063-AddedOnRampEdge", "longitud": 72.88, "velocidad_max": 80.0, "num_lanes": 3}}, {"type": "Feature", "id": "279530066", "geometry": {"type": "LineString", "coordinates": [[-77.043018, -12.042737], [-77.043029, -12.042336], [-77.043098, -12.041491], [-77.043149, -12.040936], [-77.043155, -12.040877]]}, "properties": {"id": "279530066", "nombre": "279530066", "longitud": 206.37, "velocidad_max": 80.0, "num_lanes": 2}}, {"type": "Feature", "id": "279530068", "geometry": {"type": "LineString", "coordinates": [[-77.043167, -12.04275], [-77.043061, -12.043918], [-77.043059, -12.043937], [-77.043052, -12.044028]]}, "properties": {"id": "279530068", "nombre": "279530068", "longitud": 141.97, "velocidad_max": 50.0, "num_lanes": 2}}, {"type": "Feature", "id": "279627968#0", "geometry": {"type": "LineString", "coordinates": [[-77.045108, -12.054665], [-77.045169, -12.054299], [-77.045195, -12.054147], [-77.0452, -12.054057], [-77.045194, -12.053976], [-77.045127, -12.053722], [-77.045125, -12.053714]]}, "properties": {"id": "279627968#0", "nombre": "279627968#0", "longitud": 107.04, "velocidad_max": 50.0, "num_lanes": 1}}, {"type": "Feature", "id": "279627968#1", "geometry": {"type": "LineString", "coordinates": [[-77.045117, -12.053624], [-77.045117, -12.05357], [-77.045222, -12.052326], [-77.045263, -12.051815]]}, "properties": {"id": "279627968#1", "nombre": "279627968#1", "longitud": 200.8, "velocidad_max": 50.0, "num_lanes": 1}}, {"type": "Feature", "id": "279627973", "geometry": {"type": "LineString", "coordinates": [[-77.045156, -12.054747], [-77.04578, -12.054799], [-77.04612, -12.054826]]}, "properties": {"id": "279627973", "nombre": "279627973", "longitud": 105.31, "velocidad_max": 50.0, "num_lanes": 3}}, {"type": "Feature", "id": "279627977#0", "geometry": {"type": "LineString", "coordinates": [[-77.045089, -12.056495], [-77.044938, -12.056482], [-77.044677, -12.05646]]}, "properties": {"id": "279627977#0", "nombre": "279627977#0", "longitud": 45.08, "velocidad_max": 50.0, "num_lanes": 3}}, {"type": "Feature", "id": "279627977#1", "geometry": {"type": "LineString", "coordinates": [[-77.044574, -12.056452], [-77.044449, -12.056441], [-77.044276, -12.056427], [-77.044042, -12.056407], [-77.043931, -12.056398]]}, "properties": {"id": "279627977#1", "nombre": "279627977#1", "longitud": 70.33, "velocidad_max": 50.0, "num_lanes": 3}}, {"type": "Feature", "id": "279627977#5", "geometry": {"type": "LineString", "coordinates": [[-77.043797, -12.056387], [-77.043322, -12.056347]]}, "properties": {"id": "279627977#5", "nombre": "279627977#5", "longitud": 51.88, "velocidad_max": 50.0, "num_lanes": 3}}, {"type": "Feature", "id": "279627977#7", "geometry": {"type": "LineString", "coordinates": [[-77.04319, -12.056336], [-77.042262, -12.05626], [-77.042155, -12.056251]]}, "properties": {"id": "279627977#7", "nombre": "279627977#7", "longitud": 113.1, "velocidad_max": 50.0, "num_lanes": 3}}, {"type": "Feature", "id": "279652506", "geometry": {"type": "LineString", "coordinates": [[-77.043242, -12.042843], [-77.04325, -12.042875]]}, "properties": {"id": "279652506", "nombre": "279652506", "longitud": 3.69, "velocidad_max": 40.0, "num_lanes": 2}}, {"type": "Feature", "id": "279652511", "geometry": {"type": "LineString", "coordinates": [[-77.043665, -12.038179], [-77.043636, -12.038423], [-77.043538, -12.039368]]}, "properties": {"id": "279652511", "nombre": "279652511", "longitud": 132.36, "velocidad_max": 40.0, "num_lanes": 2}}, {"type": "Feature", "id": "279652514", "geometry": {"type": "LineString", "coordinates": [[-77.043109, -12.040816], [-77.043109, -12.040814]]}, "properties": {"id": "279652514", "nombre": "279652514", "longitud": 0.2, "velocidad_max": 40.0, "num_lanes": 2}}, {"type": "Feature", "id": "279665624#0", "geometry": {"type": "LineString", "coordinates": [[-77.044498, -12.043806], [-77.044497, -12.043807]]}, "properties": {"id": "279665624#0", "nombre": "279665624#0", "longitud": 0.2, "velocidad_max": 30.0, "num_lanes": 2}}, {"type": "Feature", "id": "279665624#1", "geometry": {"type": "LineString", "coordinates": [[-77.044487, -12.043902], [-77.044486, -12.043908], [-77.044445, -12.044221], [-77.044363, -12.045041]]}, "properties": {"id": "279665624#1", "nombre": "279665624#1", "longitud": 126.78, "velocidad_max": 30.0, "num_lanes": 2}}, {"type": "Feature", "id": "279843597#0", "geometry": {"type": "LineString", "coordinates": [[-77.041817, -12.042397], [-77.041518, -12.042586], [-77.041383, -12.042671], [-77.041063, -12.042873], [-77.040767, -12.04306]]}, "properties": {"id": "279843597#0", "nombre": "279843597#0", "longitud": 135.88, "velocidad_max": 40.0, "num_lanes": 2}}, {"type": "Feature", "id": "279843597#4", "geometry": {"type": "LineString", "coordinates": [[-77.040657, -12.04313], [-77.04038, -12.043304], [-77.040105, -12.043478], [-77.040027, -12.043528], [-77.039775, -12.043687]]}, "properties": {"id": "279843597#4", "nombre": "279843597#4", "longitud": 114.11, "velocidad_max": 40.0, "num_lanes": 2}}, {"type": "Feature", "id": "279843597#8", "geometry": {"type": "LineString", "coordinates": [[-77.039662, -12.043757], [-77.039518, -12.043846], [-77.039311, -12.043973], [-77.039154, -12.04407], [-77.038805, -12.044285], [-77.038789, -12.044295]]}, "properties": {"id": "279843597#8", "nombre": "279843597#8", "longitud": 112.23, "velocidad_max": 40.0, "num_lanes": 2}}, {"type": "Feature", "id": "279843601#0", "geometry": {"type": "LineString", "coordinates": [[-77.037816, -12.044982], [-77.038138, -12.045393], [-77.038372, -12.045691]]}, "properties": {"id": "279843601#0", "nombre": "279843601#0", "longitud": 99.12, "velocidad_max": 30.0, "num_lanes": 2}}, {"type": "Feature", "id": "279843604", "geometry": {"type": "LineString", "coordinates": [[-77.03756, -12.046248], [-77.037561, -12.046247]]}, "properties": {"id": "279843604", "nombre": "279843604", "longitud": 0.2, "velocidad_max": 100.0, "num_lanes": 1}}, {"type": "Feature", "id": "279843607#0", "geometry": {"type": "LineString", "coordinates": [[-77.038461, -12.045793], [-77.038484, -12.045814], [-77.038507, -12.045849], [-77.038615, -12.04602], [-77.039043, -12.046699]]}, "properties": {"id": "279843607#0", "nombre": "279843607#0", "longitud": 118.71, "velocidad_max": 30.0, "num_lanes": 2}}, {"type": "Feature", "id": "280225550#0", "geometry": {"type": "LineString", "coordinates": [[-77.03943, -12.055912], [-77.03946, -12.055575], [-77.039518, -12.054938], [-77.039568, -12.054378]]}, "properties": {"id": "280225550#0", "nombre": "280225550#0", "longitud": 170.34, "velocidad_max": 40.0, "num_lanes": 3}}, {"type": "Feature", "id": "280225551#0", "geometry": {"type": "LineString", "coordinates": [[-77.039657, -12.054291], [-77.040041, -12.054323]]}, "properties": {"id": "280225551#0", "nombre": "280225551#0", "longitud": 41.88, "velocidad_max": 40.0, "num_lanes": 4}}, {"type": "Feature", "id": "280225551#1", "geometry": {"type": "LineString", "coordinates": [[-77.040143, -12.054331], [-77.040557, -12.054367]]}, "properties": {"id": "280225551#1", "nombre": "280225551#1", "longitud": 45.21, "velocidad_max": 40.0, "num_lanes": 4}}, {"type": "Feature", "id": "280225555#0", "geometry": {"type": "LineString", "coordinates": [[-77.039585, -12.054191], [-77.039652, -12.053448]]}, "properties": {"id": "280225555#0", "nombre": "280225555#0", "longitud": 82.5, "velocidad_max": 30.0, "num_lanes": 3}}, {"type": "Feature", "id": "280225555#1", "geometry": {"type": "LineString", "coordinates": [[-77.039662, -12.053348], [-77.039669, -12.053292], [-77.039717, -12.052882]]}, "properties": {"id": "280225555#1", "nombre": "280225555#1", "longitud": 51.93, "velocidad_max": 30.0, "num_lanes": 3}}, {"type": "Feature", "id": "280225555#10", "geometry": {"type": "LineString", "coordinates": [[-77.039892, -12.050426], [-77.039857, -12.050165]]}, "properties": {"id": "280225555#10", "nombre": "280225555#10", "longitud": 29.17, "velocidad_max": 30.0, "num_lanes": 3}}, {"type": "Feature", "id": "280225555#2", "geometry": {"type": "LineString", "coordinates": [[-77.039727, -12.052783], [-77.039763, -12.052373], [-77.039771, -12.052276]]}, "properties": {"id": "280225555#2", "nombre": "280225555#2", "longitud": 56.27, "velocidad_max": 30.0, "num_lanes": 3}}, {"type": "Feature", "id": "280225555#4", "geometry": {"type": "LineString", "coordinates": [[-77.03978, -12.052175], [-77.039826, -12.051668]]}, "properties": {"id": "280225555#4", "nombre": "280225555#4", "longitud": 56.29, "velocidad_max": 30.0, "num_lanes": 3}}, {"type": "Feature", "id": "280225555#5", "geometry": {"type": "LineString", "coordinates": [[-77.039838, -12.051539], [-77.039843, -12.051488], [-77.039887, -12.051059], [-77.039888, -12.051043]]}, "properties": {"id": "280225555#5", "nombre": "280225555#5", "longitud": 55.12, "velocidad_max": 30.0, "num_lanes": 3}}, {"type": "Feature", "id": "280225555#8", "geometry": {"type": "LineString", "coordinates": [[-77.039902, -12.050876], [-77.039907, -12.050799], [-77.039903, -12.050577], [-77.039902, -12.050538]]}, "properties": {"id": "280225555#8", "nombre": "280225555#8", "longitud": 37.41, "velocidad_max": 30.0, "num_lanes": 3}}, {"type": "Feature", "id": "280225561#0", "geometry": {"type": "LineString", "coordinates": [[-77.039342, -12.055997], [-77.039131, -12.055977], [-77.038922, -12.055958]]}, "properties": {"id": "280225561#0", "nombre": "280225561#0", "longitud": 45.89, "velocidad_max": 50.0, "num_lanes": 4}}, {"type": "Feature", "id": "280225561#2", "geometry": {"type": "LineString", "coordinates": [[-77.03882, -12.055948], [-77.038398, -12.055908]]}, "properties": {"id": "280225561#2", "nombre": "280225561#2", "longitud": 46.16, "velocidad_max": 50.0, "num_lanes": 4}}, {"type": "Feature", "id": "280652008#0", "geometry": {"type": "LineString", "coordinates": [[-77.044133, -12.046537], [-77.043502, -12.046476]]}, "properties": {"id": "280652008#0", "nombre": "280652008#0", "longitud": 69.05, "velocidad_max": 50.0, "num_lanes": 3}}, {"type": "Feature", "id": "280652008#1", "geometry": {"type": "LineString", "coordinates": [[-77.043499, -12.046476], [-77.04344, -12.04647], [-77.043379, -12.046468], [-77.043316, -12.046474], [-77.043309, -12.046476]]}, "properties": {"id": "280652008#1", "nombre": "280652008#1", "longitud": 20.78, "velocidad_max": 50.0, "num_lanes": 3}}, {"type": "Feature", "id": "280652009#0", "geometry": {"type": "LineString", "coordinates": [[-77.044095, -12.047559], [-77.044126, -12.047197]]}, "properties": {"id": "280652009#0", "nombre": "280652009#0", "longitud": 40.2, "velocidad_max": 30.0, "num_lanes": 1}}, {"type": "Feature", "id": "280652009#1", "geometry": {"type": "LineString", "coordinates": [[-77.044135, -12.047098], [-77.044143, -12.047002], [-77.044176, -12.046623], [-77.044176, -12.046621]]}, "properties": {"id": "280652009#1", "nombre": "280652009#1", "longitud": 52.93, "velocidad_max": 30.0, "num_lanes": 1}}, {"type": "Feature", "id": "280652013", "geometry": {"type": "LineString", "coordinates": [[-77.043945, -12.047696], [-77.042889, -12.047597]]}, "properties": {"id": "280652013", "nombre": "280652013", "longitud": 115.54, "velocidad_max": 30.0, "num_lanes": 2}}, {"type": "Feature", "id": "280652014#0", "geometry": {"type": "LineString", "coordinates": [[-77.053853, -12.049195], [-77.053855, -12.049206], [-77.053897, -12.049316], [-77.054618, -12.050792], [-77.054628, -12.050813]]}, "properties": {"id": "280652014#0", "nombre": "280652014#0", "longitud": 197.97, "velocidad_max": 45.0, "num_lanes": 3}}, {"type": "Feature", "id": "280652014#3", "geometry": {"type": "LineString", "coordinates": [[-77.054629, -12.050815], [-77.054655, -12.050876], [-77.054682, -12.050947], [-77.054698, -12.050995], [-77.054788, -12.051286], [-77.054792, -12.051294]]}, "properties": {"id": "280652014#3", "nombre": "280652014#3", "longitud": 55.93, "velocidad_max": 45.0, "num_lanes": 3}}, {"type": "Feature", "id": "280652018#0", "geometry": {"type": "LineString", "coordinates": [[-77.046599, -12.048418], [-77.046627, -12.048412], [-77.046772, -12.048381], [-77.046784, -12.048378]]}, "properties": {"id": "280652018#0", "nombre": "280652018#0", "longitud": 20.63, "velocidad_max": 30.0, "num_lanes": 2}}, {"type": "Feature", "id": "280652020#0", "geometry": {"type": "LineString", "coordinates": [[-77.039901, -12.049946], [-77.03996, -12.049906], [-77.040272, -12.049699]]}, "properties": {"id": "280652020#0", "nombre": "280652020#0", "longitud": 48.8, "velocidad_max": 30.0, "num_lanes": 3}}, {"type": "Feature", "id": "280652020#1", "geometry": {"type": "LineString", "coordinates": [[-77.040357, -12.049642], [-77.040745, -12.049385], [-77.040756, -12.049378]]}, "properties": {"id": "280652020#1", "nombre": "280652020#1", "longitud": 52.39, "velocidad_max": 30.0, "num_lanes": 3}}, {"type": "Feature", "id": "280652021#0", "geometry": {"type": "LineString", "coordinates": [[-77.044286, -12.046463], [-77.044793, -12.046511], [-77.045431, -12.046578]]}, "properties": {"id": "280652021#0", "nombre": "280652021#0", "longitud": 125.36, "velocidad_max": 60.0, "num_lanes": 3}}, {"type": "Feature", "id": "280652022", "geometry": {"type": "LineString", "coordinates": [[-77.051009, -12.044018], [-77.050987, -12.0443]]}, "properties": {"id": "280652022", "nombre": "280652022", "longitud": 31.36, "velocidad_max": 40.0, "num_lanes": 1}}, {"type": "Feature", "id": "280652024#0", "geometry": {"type": "LineString", "coordinates": [[-77.046876, -12.046732], [-77.04809, -12.046859], [-77.048476, -12.046897], [-77.048713, -12.046922], [-77.049325, -12.046985]]}, "properties": {"id": "280652024#0", "nombre": "280652024#0", "longitud": 268.09, "velocidad_max": 60.0, "num_lanes": 3}}, {"type": "Feature", "id": "280652024#5", "geometry": {"type": "LineString", "coordinates": [[-77.049427, -12.046995], [-77.049753, -12.047029], [-77.050187, -12.047074], [-77.050576, -12.047114]]}, "properties": {"id": "280652024#5", "nombre": "280652024#5", "longitud": 125.84, "velocidad_max": 60.0, "num_lanes": 3}}, {"type": "Feature", "id": "280652025#0", "geometry": {"type": "LineString", "coordinates": [[-77.046793, -12.046892], [-77.046791, -12.046917], [-77.046778, -12.047053], [-77.046774, -12.047082]]}, "properties": {"id": "280652025#0", "nombre": "280652025#0", "longitud": 21.22, "velocidad_max": 40.0, "num_lanes": 2}}, {"type": "Feature", "id": "280652027#1", "geometry": {"type": "LineString", "coordinates": [[-77.049037, -12.049812], [-77.048958, -12.04973]]}, "properties": {"id": "280652027#1", "nombre": "280652027#1", "longitud": 12.48, "velocidad_max": 40.0, "num_lanes": 2}}, {"type": "Feature", "id": "280652027#10", "geometry": {"type": "LineString", "coordinates": [[-77.04676, -12.047795], [-77.046758, -12.047795]]}, "properties": {"id": "280652027#10", "nombre": "280652027#10", "longitud": 0.2, "velocidad_max": 40.0, "num_lanes": 2}}, {"type": "Feature", "id": "280652027#3", "geometry": {"type": "LineString", "coordinates": [[-77.04888, -12.049648], [-77.048863, -12.049631], [-77.04876, -12.049514], [-77.048625, -12.049363], [-77.048589, -12.049322], [-77.047491, -12.048171], [-77.047235, -12.047907], [-77.047179, -12.047858], [-77.047133, -12.047825], [-77.047083, -12.047799], [-77.047032, -12.047785], [-77.046982, -12.047783], [-77.046807, -12.047793], [-77.046744, -12.047795]]}, "properties": {"id": "280652027#3", "nombre": "280652027#3", "longitud": 320.79, "velocidad_max": 40.0, "num_lanes": 2}}, {"type": "Feature", "id": "280652035#0", "geometry": {"type": "LineString", "coordinates": [[-77.050566, -12.047206], [-77.049432, -12.047087]]}, "properties": {"id": "280652035#0", "nombre": "280652035#0", "longitud": 124.17, "velocidad_max": 60.0, "num_lanes": 3}}, {"type": "Feature", "id": "280652035#1", "geometry": {"type": "LineString", "coordinates": [[-77.049301, -12.047073], [-77.048518, -12.04699], [-77.047739, -12.046908], [-77.047452, -12.046877], [-77.047192, -12.046849], [-77.046867, -12.046819]]}, "properties": {"id": "280652035#1", "nombre": "280652035#1", "longitud": 266.55, "velocidad_max": 60.0, "num_lanes": 3}}, {"type": "Feature", "id": "280652037#0", "geometry": {"type": "LineString", "coordinates": [[-77.050783, -12.047136], [-77.051214, -12.047176], [-77.051578, -12.047211], [-77.051936, -12.047244]]}, "properties": {"id": "280652037#0", "nombre": "280652037#0", "longitud": 126.14, "velocidad_max": 60.0, "num_lanes": 3}}, {"type": "Feature", "id": "280652037#3", "geometry": {"type": "LineString", "coordinates": [[-77.052068, -12.047257], [-77.052535, -12.047301], [-77.053228, -12.047366]]}, "properties": {"id": "280652037#3", "nombre": "280652037#3", "longitud": 126.93, "velocidad_max": 60.0, "num_lanes": 3}}, {"type": "Feature", "id": "280652037#5", "geometry": {"type": "LineString", "coordinates": [[-77.053331, -12.047375], [-77.053396, -12.047381], [-77.053594, -12.0474], [-77.053808, -12.04742], [-77.053809, -12.04742]]}, "properties": {"id": "280652037#5", "nombre": "280652037#5", "longitud": 52.34, "velocidad_max": 60.0, "num_lanes": 3}}, {"type": "Feature", "id": "280652042#0", "geometry": {"type": "LineString", "coordinates": [[-77.046464, -12.048511], [-77.046422, -12.04897], [-77.046398, -12.049165], [-77.046395, -12.049244], [-77.046398, -12.049323], [-77.046423, -12.049565], [-77.046446, -12.049932], [-77.046448, -12.049962]]}, "properties": {"id": "280652042#0", "nombre": "280652042#0", "longitud": 161.07, "velocidad_max": 30.0, "num_lanes": 2}}, {"type": "Feature", "id": "282054190#0", "geometry": {"type": "LineString", "coordinates": [[-77.040866, -12.049306], [-77.041254, -12.049053]]}, "properties": {"id": "282054190#0", "nombre": "282054190#0", "longitud": 50.76, "velocidad_max": 30.0, "num_lanes": 3}}, {"type": "Feature", "id": "282054190#1", "geometry": {"type": "LineString", "coordinates": [[-77.04134, -12.048995], [-77.041537, -12.048857], [-77.041695, -12.048748], [-77.041719, -12.048732]]}, "properties": {"id": "282054190#1", "nombre": "282054190#1", "longitud": 50.5, "velocidad_max": 30.0, "num_lanes": 3}}, {"type": "Feature", "id": "282054190#3", "geometry": {"type": "LineString", "coordinates": [[-77.041852, -12.048644], [-77.041856, -12.048641], [-77.042118, -12.048474]]}, "properties": {"id": "282054190#3", "nombre": "282054190#3", "longitud": 34.51, "velocidad_max": 30.0, "num_lanes": 3}}, {"type": "Feature", "id": "282054191#0", "geometry": {"type": "LineString", "coordinates": [[-77.040855, -12.049408], [-77.041015, -12.049642], [-77.041048, -12.049691]]}, "properties": {"id": "282054191#0", "nombre": "282054191#0", "longitud": 37.75, "velocidad_max": 80.0, "num_lanes": 2}}, {"type": "Feature", "id": "282054191#2", "geometry": {"type": "LineString", "coordinates": [[-77.041104, -12.049773], [-77.04116, -12.049852], [-77.041314, -12.05007]]}, "properties": {"id": "282054191#2", "nombre": "282054191#2", "longitud": 39.96, "velocidad_max": 80.0, "num_lanes": 2}}, {"type": "Feature", "id": "282058658#0", "geometry": {"type": "LineString", "coordinates": [[-77.05629, -12.053814], [-77.055963, -12.053378], [-77.055949, -12.05336]]}, "properties": {"id": "282058658#0", "nombre": "282058658#0", "longitud": 62.42, "velocidad_max": 45.0, "num_lanes": 3}}, {"type": "Feature", "id": "282058658#1", "geometry": {"type": "LineString", "coordinates": [[-77.055892, -12.053287], [-77.055538, -12.052847], [-77.055384, -12.052642], [-77.05536, -12.05261]]}, "properties": {"id": "282058658#1", "nombre": "282058658#1", "longitud": 94.63, "velocidad_max": 45.0, "num_lanes": 3}}, {"type": "Feature", "id": "282058658#2", "geometry": {"type": "LineString", "coordinates": [[-77.055309, -12.05253], [-77.055298, -12.052511], [-77.055144, -12.052183], [-77.054956, -12.051824], [-77.054777, -12.051471], [-77.054763, -12.051443]]}, "properties": {"id": "282058658#2", "nombre": "282058658#2", "longitud": 134.17, "velocidad_max": 45.0, "num_lanes": 3}}, {"type": "Feature", "id": "282058658#5", "geometry": {"type": "LineString", "coordinates": [[-77.054711, -12.051324], [-77.054703, -12.051301], [-77.054609, -12.051022], [-77.054604, -12.051006]]}, "properties": {"id": "282058658#5", "nombre": "282058658#5", "longitud": 37.08, "velocidad_max": 45.0, "num_lanes": 3}}, {"type": "Feature", "id": "282058658#7", "geometry": {"type": "LineString", "coordinates": [[-77.054603, -12.051003], [-77.054597, -12.050983], [-77.054568, -12.050908], [-77.054529, -12.050826], [-77.053914, -12.049584], [-77.053789, -12.049317], [-77.05376, -12.049238], [-77.053756, -12.04922], [-77.053754, -12.049214]]}, "properties": {"id": "282058658#7", "nombre": "282058658#7", "longitud": 218.69, "velocidad_max": 45.0, "num_lanes": 3}}, {"type": "Feature", "id": "282058660#0", "geometry": {"type": "LineString", "coordinates": [[-77.053737, -12.048908], [-77.053828, -12.048033], [-77.053864, -12.047678], [-77.053868, -12.047643], [-77.053871, -12.047608]]}, "properties": {"id": "282058660#0", "nombre": "282058660#0", "longitud": 144.6, "velocidad_max": 50.0, "num_lanes": 3}}, {"type": "Feature", "id": "282058662#0", "geometry": {"type": "LineString", "coordinates": [[-77.045566, -12.046592], [-77.045582, -12.046594], [-77.045611, -12.046597], [-77.046031, -12.046643], [-77.046677, -12.046709]]}, "properties": {"id": "282058662#0", "nombre": "282058662#0", "longitud": 121.6, "velocidad_max": 60.0, "num_lanes": 3}}, {"type": "Feature", "id": "282058666#1", "geometry": {"type": "LineString", "coordinates": [[-77.047275, -12.050373], [-77.046894, -12.050446]]}, "properties": {"id": "282058666#1", "nombre": "282058666#1", "longitud": 42.34, "velocidad_max": 40.0, "num_lanes": 3}}, {"type": "Feature", "id": "282058671#0", "geometry": {"type": "LineString", "coordinates": [[-77.045305, -12.048907], [-77.045364, -12.048969], [-77.045561, -12.049173], [-77.045613, -12.049227], [-77.045691, -12.049307], [-77.046224, -12.049859], [-77.046367, -12.050007]]}, "properties": {"id": "282058671#0", "nombre": "282058671#0", "longitud": 167.9, "velocidad_max": 30.0, "num_lanes": 4}}, {"type": "Feature", "id": "282058671#4", "geometry": {"type": "LineString", "coordinates": [[-77.04645, -12.050093], [-77.046499, -12.050142]]}, "properties": {"id": "282058671#4", "nombre": "282058671#4", "longitud": 7.54, "velocidad_max": 30.0, "num_lanes": 4}}, {"type": "Feature", "id": "282058672#0", "geometry": {"type": "LineString", "coordinates": [[-77.053657, -12.049145], [-77.053598, -12.049154], [-77.053177, -12.049224], [-77.052734, -12.049299]]}, "properties": {"id": "282058672#0", "nombre": "282058672#0", "longitud": 101.87, "velocidad_max": 50.0, "num_lanes": 3}}, {"type": "Feature", "id": "282058672#4", "geometry": {"type": "LineString", "coordinates": [[-77.052591, -12.049323], [-77.051691, -12.049469], [-77.051134, -12.04957]]}, "properties": {"id": "282058672#4", "nombre": "282058672#4", "longitud": 161.04, "velocidad_max": 50.0, "num_lanes": 3}}, {"type": "Feature", "id": "282144318#0", "geometry": {"type": "LineString", "coordinates": [[-77.047577, -12.03868], [-77.047492, -12.039593]]}, "properties": {"id": "282144318#0", "nombre": "282144318#0", "longitud": 101.41, "velocidad_max": 80.0, "num_lanes": 2}}, {"type": "Feature", "id": "282144318#1", "geometry": {"type": "LineString", "coordinates": [[-77.047484, -12.039678], [-77.047441, -12.04014], [-77.047429, -12.040251], [-77.047422, -12.040311], [-77.0474, -12.040517], [-77.0474, -12.040518]]}, "properties": {"id": "282144318#1", "nombre": "282144318#1", "longitud": 93.43, "velocidad_max": 80.0, "num_lanes": 2}}, {"type": "Feature", "id": "282144318#6", "geometry": {"type": "LineString", "coordinates": [[-77.047386, -12.040648], [-77.047375, -12.040742], [-77.047359, -12.040875], [-77.047325, -12.041212], [-77.047243, -12.042167]]}, "properties": {"id": "282144318#6", "nombre": "282144318#6", "longitud": 168.86, "velocidad_max": 80.0, "num_lanes": 2}}, {"type": "Feature", "id": "282568894#0", "geometry": {"type": "LineString", "coordinates": [[-77.046721, -12.047866], [-77.046725, -12.047883], [-77.046769, -12.048062], [-77.046832, -12.048299]]}, "properties": {"id": "282568894#0", "nombre": "282568894#0", "longitud": 49.39, "velocidad_max": 40.0, "num_lanes": 2}}, {"type": "Feature", "id": "28316936", "geometry": {"type": "LineString", "coordinates": [[-77.046451, -12.04779], [-77.045462, -12.047708]]}, "properties": {"id": "28316936", "nombre": "28316936", "longitud": 108.05, "velocidad_max": 30.0, "num_lanes": 2}}, {"type": "Feature", "id": "28316972#0", "geometry": {"type": "LineString", "coordinates": [[-77.045771, -12.043927], [-77.045771, -12.043929]]}, "properties": {"id": "28316972#0", "nombre": "28316972#0", "longitud": 0.2, "velocidad_max": 30.0, "num_lanes": 1}}, {"type": "Feature", "id": "28316972#1", "geometry": {"type": "LineString", "coordinates": [[-77.045761, -12.044028], [-77.045651, -12.04517]]}, "properties": {"id": "28316972#1", "nombre": "28316972#1", "longitud": 127.01, "velocidad_max": 30.0, "num_lanes": 1}}, {"type": "Feature", "id": "28316976", "geometry": {"type": "LineString", "coordinates": [[-77.045318, -12.047834], [-77.044277, -12.047732]]}, "properties": {"id": "28316976", "nombre": "28316976", "longitud": 113.94, "velocidad_max": 30.0, "num_lanes": 2}}, {"type": "Feature", "id": "28316988#0", "geometry": {"type": "LineString", "coordinates": [[-77.045369, -12.047275], [-77.044181, -12.047152]]}, "properties": {"id": "28316988#0", "nombre": "28316988#0", "longitud": 130.08, "velocidad_max": 30.0, "num_lanes": 1}}, {"type": "Feature", "id": "28316999#0", "geometry": {"type": "LineString", "coordinates": [[-77.041963, -12.044943], [-77.041723, -12.045108], [-77.041291, -12.045385], [-77.041047, -12.045536]]}, "properties": {"id": "28316999#0", "nombre": "28316999#0", "longitud": 119.44, "velocidad_max": 30.0, "num_lanes": 2}}, {"type": "Feature", "id": "28316999#3", "geometry": {"type": "LineString", "coordinates": [[-77.040936, -12.045605], [-77.040838, -12.045664], [-77.040456, -12.045889], [-77.040248, -12.046019], [-77.040188, -12.046055], [-77.040092, -12.046115]]}, "properties": {"id": "28316999#3", "nombre": "28316999#3", "longitud": 107.81, "velocidad_max": 30.0, "num_lanes": 2}}, {"type": "Feature", "id": "28317005#0", "geometry": {"type": "LineString", "coordinates": [[-77.042236, -12.04632], [-77.042205, -12.046313], [-77.042127, -12.046307], [-77.041528, -12.046266]]}, "properties": {"id": "28317005#0", "nombre": "28317005#0", "longitud": 77.41, "velocidad_max": 30.0, "num_lanes": 2}}, {"type": "Feature", "id": "28317005#2", "geometry": {"type": "LineString", "coordinates": [[-77.041371, -12.046255], [-77.041121, -12.046235], [-77.040891, -12.046217]]}, "properties": {"id": "28317005#2", "nombre": "28317005#2", "longitud": 52.51, "velocidad_max": 30.0, "num_lanes": 2}}, {"type": "Feature", "id": "284909715#0", "geometry": {"type": "LineString", "coordinates": [[-77.046865, -12.048425], [-77.046919, -12.048638], [-77.04705, -12.049147], [-77.047211, -12.049776], [-77.047317, -12.05019]]}, "properties": {"id": "284909715#0", "nombre": "284909715#0", "longitud": 201.35, "velocidad_max": 30.0, "num_lanes": 2}}, {"type": "Feature", "id": "284909716#0", "geometry": {"type": "LineString", "coordinates": [[-77.048913, -12.049939], [-77.049017, -12.04991]]}, "properties": {"id": "284909716#0", "nombre": "284909716#0", "longitud": 11.73, "velocidad_max": 50.0, "num_lanes": 3}}, {"type": "Feature", "id": "284909716#1", "geometry": {"type": "LineString", "coordinates": [[-77.049153, -12.049876], [-77.049729, -12.049749], [-77.049741, -12.049746], [-77.049833, -12.049726], [-77.050208, -12.049651], [-77.050298, -12.049633]]}, "properties": {"id": "284909716#1", "nombre": "284909716#1", "longitud": 127.62, "velocidad_max": 50.0, "num_lanes": 3}}, {"type": "Feature", "id": "285023871", "geometry": {"type": "LineString", "coordinates": [[-77.038039, -12.038213], [-77.03828, -12.038104], [-77.038491, -12.038019], [-77.038688, -12.037951], [-77.038888, -12.037884], [-77.040045, -12.037541]]}, "properties": {"id": "285023871", "nombre": "285023871", "longitud": 231.11, "velocidad_max": 80.0, "num_lanes": 3}}, {"type": "Feature", "id": "28707248#0", "geometry": {"type": "LineString", "coordinates": [[-77.035611, -12.056407], [-77.035574, -12.056351], [-77.035279, -12.055959]]}, "properties": {"id": "28707248#0", "nombre": "28707248#0", "longitud": 61.31, "velocidad_max": 30.0, "num_lanes": 3}}, {"type": "Feature", "id": "28707251#0", "geometry": {"type": "LineString", "coordinates": [[-77.038181, -12.047321], [-77.038179, -12.047322]]}, "properties": {"id": "28707251#0", "nombre": "28707251#0", "longitud": 0.2, "velocidad_max": 30.0, "num_lanes": 2}}, {"type": "Feature", "id": "28707280#0", "geometry": {"type": "LineString", "coordinates": [[-77.032125, -12.055545], [-77.032218, -12.055479]]}, "properties": {"id": "28707280#0", "nombre": "28707280#0", "longitud": 12.54, "velocidad_max": 30.0, "num_lanes": 2}}, {"type": "Feature", "id": "28707280#1", "geometry": {"type": "LineString", "coordinates": [[-77.032484, -12.055296], [-77.033144, -12.054853]]}, "properties": {"id": "28707280#1", "nombre": "28707280#1", "longitud": 87.02, "velocidad_max": 30.0, "num_lanes": 2}}, {"type": "Feature", "id": "28798001#0", "geometry": {"type": "LineString", "coordinates": [[-77.034078, -12.052045], [-77.03404, -12.052054], [-77.033749, -12.05224], [-77.03369, -12.052278]]}, "properties": {"id": "28798001#0", "nombre": "28798001#0", "longitud": 49.71, "velocidad_max": 40.0, "num_lanes": 2}}, {"type": "Feature", "id": "28798076#0", "geometry": {"type": "LineString", "coordinates": [[-77.036486, -12.055855], [-77.036486, -12.055857]]}, "properties": {"id": "28798076#0", "nombre": "28798076#0", "longitud": 0.2, "velocidad_max": 50.0, "num_lanes": 4}}, {"type": "Feature", "id": "28798076#1", "geometry": {"type": "LineString", "coordinates": [[-77.036461, -12.056052], [-77.036445, -12.056248]]}, "properties": {"id": "28798076#1", "nombre": "28798076#1", "longitud": 21.81, "velocidad_max": 50.0, "num_lanes": 4}}, {"type": "Feature", "id": "28815196#0", "geometry": {"type": "LineString", "coordinates": [[-77.05399, -12.047619], [-77.053987, -12.047652], [-77.053845, -12.048915]]}, "properties": {"id": "28815196#0", "nombre": "28815196#0", "longitud": 144.19, "velocidad_max": 50.0, "num_lanes": 3}}, {"type": "Feature", "id": "28816099#0", "geometry": {"type": "LineString", "coordinates": [[-77.042813, -12.059825], [-77.043321, -12.059665], [-77.043487, -12.059612]]}, "properties": {"id": "28816099#0", "nombre": "28816099#0", "longitud": 77.15, "velocidad_max": 50.0, "num_lanes": 3}}, {"type": "Feature", "id": "28816099#2", "geometry": {"type": "LineString", "coordinates": [[-77.043613, -12.059572], [-77.043887, -12.059486]]}, "properties": {"id": "28816099#2", "nombre": "28816099#2", "longitud": 31.39, "velocidad_max": 50.0, "num_lanes": 3}}, {"type": "Feature", "id": "28816099#3", "geometry": {"type": "LineString", "coordinates": [[-77.044003, -12.059449], [-77.044145, -12.059404], [-77.044246, -12.059372], [-77.044384, -12.059328]]}, "properties": {"id": "28816099#3", "nombre": "28816099#3", "longitud": 43.64, "velocidad_max": 50.0, "num_lanes": 3}}, {"type": "Feature", "id": "293234751#1", "geometry": {"type": "LineString", "coordinates": [[-77.049326, -12.047848], [-77.049327, -12.047849]]}, "properties": {"id": "293234751#1", "nombre": "293234751#1", "longitud": 0.2, "velocidad_max": 20.0, "num_lanes": 1}}, {"type": "Feature", "id": "293234751#2", "geometry": {"type": "LineString", "coordinates": [[-77.049369, -12.047957], [-77.049369, -12.047963], [-77.049354, -12.047998], [-77.049328, -12.048026], [-77.049294, -12.048044], [-77.049257, -12.048051], [-77.049218, -12.048045], [-77.049184, -12.048028], [-77.049158, -12.048], [-77.049142, -12.047966], [-77.049138, -12.047929], [-77.049147, -12.047892], [-77.049168, -12.04786], [-77.049198, -12.047837], [-77.049213, -12.047831]]}, "properties": {"id": "293234751#2", "nombre": "293234751#2", "longitud": 52.7, "velocidad_max": 20.0, "num_lanes": 1}}, {"type": "Feature", "id": "295575040", "geometry": {"type": "LineString", "coordinates": [[-77.042928, -12.045672], [-77.042822, -12.047095]]}, "properties": {"id": "295575040", "nombre": "295575040", "longitud": 157.83, "velocidad_max": 60.0, "num_lanes": 2}}, {"type": "Feature", "id": "296495540#0", "geometry": {"type": "LineString", "coordinates": [[-77.042448, -12.047619], [-77.042441, -12.047609], [-77.042416, -12.047579]]}, "properties": {"id": "296495540#0", "nombre": "296495540#0", "longitud": 5.63, "velocidad_max": 30.0, "num_lanes": 2}}, {"type": "Feature", "id": "296495540#1", "geometry": {"type": "LineString", "coordinates": [[-77.042338, -12.047476], [-77.042001, -12.047008]]}, "properties": {"id": "296495540#1", "nombre": "296495540#1", "longitud": 63.49, "velocidad_max": 30.0, "num_lanes": 2}}, {"type": "Feature", "id": "298367716#0", "geometry": {"type": "LineString", "coordinates": [[-77.038266, -12.047343], [-77.038277, -12.04736], [-77.038898, -12.048247], [-77.039003, -12.048406], [-77.039078, -12.04854]]}, "properties": {"id": "298367716#0", "nombre": "298367716#0", "longitud": 159.27, "velocidad_max": 50.0, "num_lanes": 2}}, {"type": "Feature", "id": "298367716#2", "geometry": {"type": "LineString", "coordinates": [[-77.039079, -12.048542], [-77.039098, -12.048579]]}, "properties": {"id": "298367716#2", "nombre": "298367716#2", "longitud": 4.83, "velocidad_max": 50.0, "num_lanes": 2}}, {"type": "Feature", "id": "298367720#0", "geometry": {"type": "LineString", "coordinates": [[-77.035724, -12.04606], [-77.035475, -12.045732], [-77.035057, -12.045189]]}, "properties": {"id": "298367720#0", "nombre": "298367720#0", "longitud": 120.71, "velocidad_max": 20.0, "num_lanes": 1}}, {"type": "Feature", "id": "298367720#2", "geometry": {"type": "LineString", "coordinates": [[-77.035055, -12.045186], [-77.034398, -12.044323]]}, "properties": {"id": "298367720#2", "nombre": "298367720#2", "longitud": 119.36, "velocidad_max": 20.0, "num_lanes": 1}}, {"type": "Feature", "id": "298367720#3", "geometry": {"type": "LineString", "coordinates": [[-77.034322, -12.044221], [-77.033705, -12.04337]]}, "properties": {"id": "298367720#3", "nombre": "298367720#3", "longitud": 115.7, "velocidad_max": 20.0, "num_lanes": 1}}, {"type": "Feature", "id": "298392888", "geometry": {"type": "LineString", "coordinates": [[-77.038847, -12.048988], [-77.038115, -12.049446]]}, "properties": {"id": "298392888", "nombre": "298392888", "longitud": 94.47, "velocidad_max": 40.0, "num_lanes": 2}}, {"type": "Feature", "id": "298392890", "geometry": {"type": "LineString", "coordinates": [[-77.038967, -12.048826], [-77.038967, -12.048824]]}, "properties": {"id": "298392890", "nombre": "298392890", "longitud": 0.2, "velocidad_max": 50.0, "num_lanes": 3}}, {"type": "Feature", "id": "298392891#0", "geometry": {"type": "LineString", "coordinates": [[-77.039039, -12.048719], [-77.039041, -12.048719]]}, "properties": {"id": "298392891#0", "nombre": "298392891#0", "longitud": 0.2, "velocidad_max": 40.0, "num_lanes": 2}}, {"type": "Feature", "id": "298431255#1", "geometry": {"type": "LineString", "coordinates": [[-77.031798, -12.056965], [-77.031748, -12.057374]]}, "properties": {"id": "298431255#1", "nombre": "298431255#1", "longitud": 45.66, "velocidad_max": 40.0, "num_lanes": 2}}, {"type": "Feature", "id": "298431255#2", "geometry": {"type": "LineString", "coordinates": [[-77.031737, -12.057463], [-77.031708, -12.057699], [-77.031634, -12.058295]]}, "properties": {"id": "298431255#2", "nombre": "298431255#2", "longitud": 92.8, "velocidad_max": 40.0, "num_lanes": 2}}, {"type": "Feature", "id": "298431255#4", "geometry": {"type": "LineString", "coordinates": [[-77.031617, -12.058425], [-77.031604, -12.058533], [-77.03157, -12.058806], [-77.031564, -12.05886], [-77.031541, -12.059043]]}, "properties": {"id": "298431255#4", "nombre": "298431255#4", "longitud": 68.82, "velocidad_max": 40.0, "num_lanes": 2}}, {"type": "Feature", "id": "298433495", "geometry": {"type": "LineString", "coordinates": [[-77.041959, -12.056234], [-77.041859, -12.056225], [-77.041856, -12.056225]]}, "properties": {"id": "298433495", "nombre": "298433495", "longitud": 11.18, "velocidad_max": 40.0, "num_lanes": 3}}, {"type": "Feature", "id": "298433501#0", "geometry": {"type": "LineString", "coordinates": [[-77.041693, -12.056211], [-77.04166, -12.056208], [-77.041582, -12.056201], [-77.041234, -12.05617], [-77.040537, -12.056101]]}, "properties": {"id": "298433501#0", "nombre": "298433501#0", "longitud": 126.51, "velocidad_max": 30.0, "num_lanes": 4}}, {"type": "Feature", "id": "298433505#1", "geometry": {"type": "LineString", "coordinates": [[-77.041784, -12.056124], [-77.041798, -12.055973], [-77.041914, -12.054668]]}, "properties": {"id": "298433505#1", "nombre": "298433505#1", "longitud": 161.77, "velocidad_max": 30.0, "num_lanes": 3}}, {"type": "Feature", "id": "298465165#0", "geometry": {"type": "LineString", "coordinates": [[-77.029852, -12.034816], [-77.02991, -12.034907], [-77.030229, -12.03541], [-77.030441, -12.035744], [-77.030838, -12.036369], [-77.030947, -12.036542]]}, "properties": {"id": "298465165#0", "nombre": "298465165#0", "longitud": 225.08, "velocidad_max": 50.0, "num_lanes": 4}}, {"type": "Feature", "id": "298465165#2", "geometry": {"type": "LineString", "coordinates": [[-77.030972, -12.036581], [-77.031098, -12.036779], [-77.031571, -12.037523], [-77.031599, -12.037567], [-77.031772, -12.03784], [-77.032056, -12.038288], [-77.032207, -12.038525], [-77.032298, -12.038669]]}, "properties": {"id": "298465165#2", "nombre": "298465165#2", "longitud": 272.38, "velocidad_max": 50.0, "num_lanes": 4}}, {"type": "Feature", "id": "304437029#0", "geometry": {"type": "LineString", "coordinates": [[-77.035781, -12.055569], [-77.035783, -12.055547], [-77.035784, -12.055474], [-77.035773, -12.055385], [-77.035748, -12.055296], [-77.035522, -12.05471], [-77.035461, -12.05455], [-77.035442, -12.054499], [-77.035348, -12.054248]]}, "properties": {"id": "304437029#0", "nombre": "304437029#0", "longitud": 154.45, "velocidad_max": 40.0, "num_lanes": 2}}, {"type": "Feature", "id": "304437029#10", "geometry": {"type": "LineString", "coordinates": [[-77.034692, -12.052832], [-77.034486, -12.052515]]}, "properties": {"id": "304437029#10", "nombre": "304437029#10", "longitud": 41.64, "velocidad_max": 40.0, "num_lanes": 2}}, {"type": "Feature", "id": "304437029#5", "geometry": {"type": "LineString", "coordinates": [[-77.035299, -12.054126], [-77.035109, -12.05368], [-77.035056, -12.053555], [-77.035001, -12.053426], [-77.034919, -12.053235], [-77.0348, -12.053019], [-77.03476, -12.052946]]}, "properties": {"id": "304437029#5", "nombre": "304437029#5", "longitud": 143.33, "velocidad_max": 40.0, "num_lanes": 2}}, {"type": "Feature", "id": "304437030#0", "geometry": {"type": "LineString", "coordinates": [[-77.029788, -12.045761], [-77.029937, -12.045665], [-77.030093, -12.045568], [-77.030351, -12.045405], [-77.030509, -12.045301], [-77.030639, -12.045213], [-77.030655, -12.045201]]}, "properties": {"id": "304437030#0", "nombre": "304437030#0", "longitud": 112.91, "velocidad_max": 30.0, "num_lanes": 2}}, {"type": "Feature", "id": "304442660#0", "geometry": {"type": "LineString", "coordinates": [[-77.030739, -12.045141], [-77.030752, -12.045132], [-77.030871, -12.04506], [-77.031002, -12.044981], [-77.031291, -12.0448], [-77.031643, -12.044584]]}, "properties": {"id": "304442660#0", "nombre": "304442660#0", "longitud": 116.2, "velocidad_max": 20.0, "num_lanes": 1}}, {"type": "Feature", "id": "306754176", "geometry": {"type": "LineString", "coordinates": [[-77.037827, -12.039367], [-77.037673, -12.039438], [-77.037563, -12.039495], [-77.037309, -12.039627], [-77.036767, -12.039909], [-77.036514, -12.040034], [-77.035643, -12.040493], [-77.034373, -12.041223], [-77.033122, -12.041831], [-77.03261, -12.04207], [-77.031946, -12.042407], [-77.02999, -12.043269], [-77.029824, -12.043342], [-77.02964, -12.043395], [-77.029357, -12.043445], [-77.028367, -12.043484], [-77.027324, -12.0435], [-77.026895, -12.043513], [-77.025857, -12.043596], [-77.024803, -12.043703], [-77.024069, -12.043701], [-77.022001, -12.043547], [-77.021703, -12.043525], [-77.021474, -12.043508]]}, "properties": {"id": "306754176", "nombre": "306754176", "longitud": 1889.53, "velocidad_max": 60.0, "num_lanes": 3}}, {"type": "Feature", "id": "313778017#0", "geometry": {"type": "LineString", "coordinates": [[-77.050967, -12.044528], [-77.050939, -12.04486], [-77.050919, -12.045104], [-77.050858, -12.045667]]}, "properties": {"id": "313778017#0", "nombre": "313778017#0", "longitud": 126.59, "velocidad_max": 40.0, "num_lanes": 2}}, {"type": "Feature", "id": "314062734#0", "geometry": {"type": "LineString", "coordinates": [[-77.04069, -12.054379], [-77.040712, -12.054381], [-77.040872, -12.054394], [-77.041292, -12.054429], [-77.041783, -12.054469]]}, "properties": {"id": "314062734#0", "nombre": "314062734#0", "longitud": 119.46, "velocidad_max": 30.0, "num_lanes": 4}}, {"type": "Feature", "id": "314142885#0", "geometry": {"type": "LineString", "coordinates": [[-77.05464, -12.046109], [-77.053813, -12.046024], [-77.053463, -12.045988]]}, "properties": {"id": "314142885#0", "nombre": "314142885#0", "longitud": 128.89, "velocidad_max": 40.0, "num_lanes": 3}}, {"type": "Feature", "id": "314142885#10", "geometry": {"type": "LineString", "coordinates": [[-77.04946, -12.045615], [-77.048505, -12.045523], [-77.048418, -12.045514]]}, "properties": {"id": "314142885#10", "nombre": "314142885#10", "longitud": 114.0, "velocidad_max": 40.0, "num_lanes": 3}}, {"type": "Feature", "id": "314142885#13", "geometry": {"type": "LineString", "coordinates": [[-77.048275, -12.0455], [-77.048236, -12.045497]]}, "properties": {"id": "314142885#13", "nombre": "314142885#13", "longitud": 4.25, "velocidad_max": 40.0, "num_lanes": 3}}, {"type": "Feature", "id": "314142885#15", "geometry": {"type": "LineString", "coordinates": [[-77.04815, -12.045488], [-77.047681, -12.045444], [-77.047288, -12.045406], [-77.046982, -12.045377]]}, "properties": {"id": "314142885#15", "nombre": "314142885#15", "longitud": 127.73, "velocidad_max": 40.0, "num_lanes": 3}}, {"type": "Feature", "id": "314142885#2", "geometry": {"type": "LineString", "coordinates": [[-77.05336, -12.045978], [-77.052207, -12.045878]]}, "properties": {"id": "314142885#2", "nombre": "314142885#2", "longitud": 126.08, "velocidad_max": 40.0, "num_lanes": 3}}, {"type": "Feature", "id": "314142885#3", "geometry": {"type": "LineString", "coordinates": [[-77.052075, -12.045865], [-77.051226, -12.045783], [-77.051136, -12.045774], [-77.051062, -12.045767], [-77.050915, -12.045752]]}, "properties": {"id": "314142885#3", "nombre": "314142885#3", "longitud": 126.9, "velocidad_max": 40.0, "num_lanes": 3}}, {"type": "Feature", "id": "314142885#7", "geometry": {"type": "LineString", "coordinates": [[-77.050709, -12.045733], [-77.050509, -12.045713], [-77.049963, -12.045662], [-77.049792, -12.045646], [-77.049562, -12.045624]]}, "properties": {"id": "314142885#7", "nombre": "314142885#7", "longitud": 125.48, "velocidad_max": 40.0, "num_lanes": 3}}, {"type": "Feature", "id": "314142886#0", "geometry": {"type": "LineString", "coordinates": [[-77.050841, -12.045825], [-77.050785, -12.046414], [-77.050764, -12.04663], [-77.050743, -12.046825], [-77.050731, -12.047009], [-77.050726, -12.047046]]}, "properties": {"id": "314142886#0", "nombre": "314142886#0", "longitud": 135.63, "velocidad_max": 80.0, "num_lanes": 2}}, {"type": "Feature", "id": "314142889#0", "geometry": {"type": "LineString", "coordinates": [[-77.04691, -12.04529], [-77.046917, -12.045226], [-77.046978, -12.044653], [-77.047031, -12.04415]]}, "properties": {"id": "314142889#0", "nombre": "314142889#0", "longitud": 126.77, "velocidad_max": 30.0, "num_lanes": 1}}, {"type": "Feature", "id": "314142889#2", "geometry": {"type": "LineString", "coordinates": [[-77.047031, -12.04415], [-77.047032, -12.044141]]}, "properties": {"id": "314142889#2", "nombre": "314142889#2", "longitud": 1.02, "velocidad_max": 30.0, "num_lanes": 1}}, {"type": "Feature", "id": "315233322#0", "geometry": {"type": "LineString", "coordinates": [[-77.042348, -12.049486], [-77.042348, -12.049485]]}, "properties": {"id": "315233322#0", "nombre": "315233322#0", "longitud": 0.2, "velocidad_max": 50.0, "num_lanes": 3}}, {"type": "Feature", "id": "315233322#1", "geometry": {"type": "LineString", "coordinates": [[-77.042359, -12.049354], [-77.042441, -12.048366]]}, "properties": {"id": "315233322#1", "nombre": "315233322#1", "longitud": 109.61, "velocidad_max": 50.0, "num_lanes": 3}}, {"type": "Feature", "id": "315233337#0", "geometry": {"type": "LineString", "coordinates": [[-77.04162, -12.05802], [-77.041624, -12.057973], [-77.041634, -12.057881], [-77.041761, -12.056363]]}, "properties": {"id": "315233337#0", "nombre": "315233337#0", "longitud": 183.92, "velocidad_max": 50.0, "num_lanes": 3}}, {"type": "Feature", "id": "319788722#0", "geometry": {"type": "LineString", "coordinates": [[-77.032804, -12.059619], [-77.032802, -12.059619]]}, "properties": {"id": "319788722#0", "nombre": "319788722#0", "longitud": 0.2, "velocidad_max": 50.0, "num_lanes": 3}}, {"type": "Feature", "id": "319788722#1", "geometry": {"type": "LineString", "coordinates": [[-77.032692, -12.059604], [-77.032142, -12.059531], [-77.031565, -12.059455]]}, "properties": {"id": "319788722#1", "nombre": "319788722#1", "longitud": 123.84, "velocidad_max": 50.0, "num_lanes": 3}}, {"type": "Feature", "id": "319788726", "geometry": {"type": "LineString", "coordinates": [[-77.032838, -12.059703], [-77.03279, -12.060061], [-77.032688, -12.060831], [-77.032679, -12.060895]]}, "properties": {"id": "319788726", "nombre": "319788726", "longitud": 133.04, "velocidad_max": 30.0, "num_lanes": 2}}, {"type": "Feature", "id": "319797048#0", "geometry": {"type": "LineString", "coordinates": [[-77.045406, -12.048378], [-77.046236, -12.048442], [-77.046362, -12.048447], [-77.0464, -12.048446]]}, "properties": {"id": "319797048#0", "nombre": "319797048#0", "longitud": 108.54, "velocidad_max": 30.0, "num_lanes": 2}}, {"type": "Feature", "id": "319803736#0", "geometry": {"type": "LineString", "coordinates": [[-77.031279, -12.040593], [-77.031227, -12.04028], [-77.031136, -12.03974]]}, "properties": {"id": "319803736#0", "nombre": "319803736#0", "longitud": 95.7, "velocidad_max": 30.0, "num_lanes": 1}}, {"type": "Feature", "id": "320046588#0", "geometry": {"type": "LineString", "coordinates": [[-77.042511, -12.0476], [-77.042553, -12.046992], [-77.042557, -12.046946]]}, "properties": {"id": "320046588#0", "nombre": "320046588#0", "longitud": 72.58, "velocidad_max": 50.0, "num_lanes": 2}}, {"type": "Feature", "id": "320046588#2", "geometry": {"type": "LineString", "coordinates": [[-77.042557, -12.046943], [-77.042557, -12.046934], [-77.042558, -12.046892]]}, "properties": {"id": "320046588#2", "nombre": "320046588#2", "longitud": 5.7, "velocidad_max": 50.0, "num_lanes": 2}}, {"type": "Feature", "id": "320046591", "geometry": {"type": "LineString", "coordinates": [[-77.042538, -12.048226], [-77.042708, -12.048179]]}, "properties": {"id": "320046591", "nombre": "320046591", "longitud": 19.24, "velocidad_max": 80.0, "num_lanes": 3}}, {"type": "Feature", "id": "320750256#0", "geometry": {"type": "LineString", "coordinates": [[-77.039239, -12.059946], [-77.040091, -12.060028]]}, "properties": {"id": "320750256#0", "nombre": "320750256#0", "longitud": 93.13, "velocidad_max": 50.0, "num_lanes": 5}}, {"type": "Feature", "id": "320750256#1", "geometry": {"type": "LineString", "coordinates": [[-77.040194, -12.060037], [-77.040627, -12.060072], [-77.040889, -12.060093]]}, "properties": {"id": "320750256#1", "nombre": "320750256#1", "longitud": 75.88, "velocidad_max": 50.0, "num_lanes": 5}}, {"type": "Feature", "id": "320757334#0", "geometry": {"type": "LineString", "coordinates": [[-77.031303, -12.059421], [-77.031289, -12.059419], [-77.029967, -12.059252], [-77.029894, -12.059243]]}, "properties": {"id": "320757334#0", "nombre": "320757334#0", "longitud": 154.71, "velocidad_max": 50.0, "num_lanes": 3}}, {"type": "Feature", "id": "320884174#0", "geometry": {"type": "LineString", "coordinates": [[-77.045421, -12.046668], [-77.045394, -12.046665], [-77.044235, -12.046547]]}, "properties": {"id": "320884174#0", "nombre": "320884174#0", "longitud": 129.92, "velocidad_max": 60.0, "num_lanes": 3}}, {"type": "Feature", "id": "320884187#1", "geometry": {"type": "LineString", "coordinates": [[-77.045498, -12.046755], [-77.045497, -12.046758], [-77.045495, -12.04678], [-77.045454, -12.047233]]}, "properties": {"id": "320884187#1", "nombre": "320884187#1", "longitud": 53.08, "velocidad_max": 30.0, "num_lanes": 1}}, {"type": "Feature", "id": "320884187#4", "geometry": {"type": "LineString", "coordinates": [[-77.045445, -12.047333], [-77.045437, -12.047417], [-77.045417, -12.047639]]}, "properties": {"id": "320884187#4", "nombre": "320884187#4", "longitud": 33.98, "velocidad_max": 30.0, "num_lanes": 1}}, {"type": "Feature", "id": "320884187#7", "geometry": {"type": "LineString", "coordinates": [[-77.045393, -12.047906], [-77.04536, -12.048309]]}, "properties": {"id": "320884187#7", "nombre": "320884187#7", "longitud": 44.72, "velocidad_max": 30.0, "num_lanes": 1}}, {"type": "Feature", "id": "320884187#8", "geometry": {"type": "LineString", "coordinates": [[-77.045348, -12.048439], [-77.045316, -12.048756]]}, "properties": {"id": "320884187#8", "nombre": "320884187#8", "longitud": 35.18, "velocidad_max": 30.0, "num_lanes": 1}}, {"type": "Feature", "id": "320898737#0", "geometry": {"type": "LineString", "coordinates": [[-77.043369, -12.037944], [-77.043381, -12.037836], [-77.043398, -12.037662], [-77.043408, -12.037574]]}, "properties": {"id": "320898737#0", "nombre": "320898737#0", "longitud": 41.18, "velocidad_max": 40.0, "num_lanes": 2}}, {"type": "Feature", "id": "320898737#1", "geometry": {"type": "LineString", "coordinates": [[-77.043408, -12.037574], [-77.043417, -12.037503], [-77.043424, -12.037443]]}, "properties": {"id": "320898737#1", "nombre": "320898737#1", "longitud": 14.57, "velocidad_max": 40.0, "num_lanes": 2}}, {"type": "Feature", "id": "321076352#0", "geometry": {"type": "LineString", "coordinates": [[-77.044813, -12.048413], [-77.044907, -12.048506], [-77.04505, -12.04865], [-77.045201, -12.048802]]}, "properties": {"id": "321076352#0", "nombre": "321076352#0", "longitud": 60.29, "velocidad_max": 30.0, "num_lanes": 4}}, {"type": "Feature", "id": "321571913#0", "geometry": {"type": "LineString", "coordinates": [[-77.042571, -12.050149], [-77.042532, -12.050445], [-77.042504, -12.050693]]}, "properties": {"id": "321571913#0", "nombre": "321571913#0", "longitud": 60.65, "velocidad_max": 30.0, "num_lanes": 3}}, {"type": "Feature", "id": "321571914#0", "geometry": {"type": "LineString", "coordinates": [[-77.044, -12.037745], [-77.043865, -12.037819]]}, "properties": {"id": "321571914#0", "nombre": "321571914#0", "longitud": 16.76, "velocidad_max": 30.0, "num_lanes": 2}}, {"type": "Feature", "id": "321571914#2", "geometry": {"type": "LineString", "coordinates": [[-77.043821, -12.037846], [-77.043788, -12.037882], [-77.043755, -12.037929]]}, "properties": {"id": "321571914#2", "nombre": "321571914#2", "longitud": 11.71, "velocidad_max": 30.0, "num_lanes": 2}}, {"type": "Feature", "id": "321908529", "geometry": {"type": "LineString", "coordinates": [[-77.043593, -12.037946], [-77.043586, -12.03802]]}, "properties": {"id": "321908529", "nombre": "321908529", "longitud": 8.15, "velocidad_max": 60.0, "num_lanes": 2}}, {"type": "Feature", "id": "322013810", "geometry": {"type": "LineString", "coordinates": [[-77.039953, -12.050127], [-77.04009, -12.050312]]}, "properties": {"id": "322013810", "nombre": "322013810", "longitud": 25.34, "velocidad_max": 30.0, "num_lanes": 1}}, {"type": "Feature", "id": "323906316#0", "geometry": {"type": "LineString", "coordinates": [[-77.032166, -12.03875], [-77.032152, -12.038728], [-77.031875, -12.038296], [-77.031855, -12.038264], [-77.031764, -12.038121], [-77.031645, -12.037936], [-77.031159, -12.037176], [-77.031046, -12.037], [-77.030936, -12.036828], [-77.030888, -12.036753]]}, "properties": {"id": "323906316#0", "nombre": "323906316#0", "longitud": 261.18, "velocidad_max": 50.0, "num_lanes": 3}}, {"type": "Feature", "id": "323906316#6", "geometry": {"type": "LineString", "coordinates": [[-77.030888, -12.036753], [-77.030865, -12.036718], [-77.030832, -12.036666]]}, "properties": {"id": "323906316#6", "nombre": "323906316#6", "longitud": 11.37, "velocidad_max": 50.0, "num_lanes": 3}}, {"type": "Feature", "id": "323906316#7", "geometry": {"type": "LineString", "coordinates": [[-77.030832, -12.036666], [-77.030748, -12.036535], [-77.030315, -12.035859], [-77.029888, -12.035192]]}, "properties": {"id": "323906316#7", "nombre": "323906316#7", "longitud": 192.79, "velocidad_max": 50.0, "num_lanes": 3}}, {"type": "Feature", "id": "324604260", "geometry": {"type": "LineString", "coordinates": [[-77.044564, -12.059273], [-77.044571, -12.059272]]}, "properties": {"id": "324604260", "nombre": "324604260", "longitud": 0.7, "velocidad_max": 50.0, "num_lanes": 3}}, {"type": "Feature", "id": "324626795#0", "geometry": {"type": "LineString", "coordinates": [[-77.044423, -12.059414], [-77.04403, -12.059534]]}, "properties": {"id": "324626795#0", "nombre": "324626795#0", "longitud": 44.75, "velocidad_max": 50.0, "num_lanes": 3}}, {"type": "Feature", "id": "324626795#1", "geometry": {"type": "LineString", "coordinates": [[-77.043914, -12.05957], [-77.042838, -12.059898]]}, "properties": {"id": "324626795#1", "nombre": "324626795#1", "longitud": 122.67, "velocidad_max": 50.0, "num_lanes": 3}}, {"type": "Feature", "id": "326227873#0", "geometry": {"type": "LineString", "coordinates": [[-77.032392, -12.038809], [-77.032447, -12.038886], [-77.032873, -12.039542], [-77.032941, -12.039642]]}, "properties": {"id": "326227873#0", "nombre": "326227873#0", "longitud": 109.94, "velocidad_max": 50.0, "num_lanes": 4}}, {"type": "Feature", "id": "326239579#0", "geometry": {"type": "LineString", "coordinates": [[-77.05923, -12.04808], [-77.059029, -12.04806], [-77.058126, -12.04796], [-77.057993, -12.047947], [-77.057623, -12.047911], [-77.057327, -12.047881], [-77.057105, -12.04786], [-77.055893, -12.047746], [-77.054577, -12.047603]]}, "properties": {"id": "326239579#0", "nombre": "326239579#0", "longitud": 509.46, "velocidad_max": 60.0, "num_lanes": 3}}, {"type": "Feature", "id": "326239579#1", "geometry": {"type": "LineString", "coordinates": [[-77.054475, -12.047592], [-77.054079, -12.047549]]}, "properties": {"id": "326239579#1", "nombre": "326239579#1", "longitud": 43.37, "velocidad_max": 60.0, "num_lanes": 3}}, {"type": "Feature", "id": "326467016", "geometry": {"type": "LineString", "coordinates": [[-77.030406, -12.041734], [-77.030427, -12.042088], [-77.029557, -12.042278]]}, "properties": {"id": "326467016", "nombre": "326467016", "longitud": 136.39, "velocidad_max": 10.0, "num_lanes": 1}}, {"type": "Feature", "id": "326467017", "geometry": {"type": "LineString", "coordinates": [[-77.030451, -12.041649], [-77.030541, -12.041641]]}, "properties": {"id": "326467017", "nombre": "326467017", "longitud": 9.85, "velocidad_max": 40.0, "num_lanes": 1}}, {"type": "Feature", "id": "326467025#0", "geometry": {"type": "LineString", "coordinates": [[-77.030381, -12.041605], [-77.030376, -12.041538]]}, "properties": {"id": "326467025#0", "nombre": "326467025#0", "longitud": 7.4, "velocidad_max": 30.0, "num_lanes": 2}}, {"type": "Feature", "id": "326467025#1", "geometry": {"type": "LineString", "coordinates": [[-77.030367, -12.04144], [-77.030316, -12.040859]]}, "properties": {"id": "326467025#1", "nombre": "326467025#1", "longitud": 64.53, "velocidad_max": 30.0, "num_lanes": 2}}, {"type": "Feature", "id": "326467026#0", "geometry": {"type": "LineString", "coordinates": [[-77.031215, -12.039595], [-77.031366, -12.039476], [-77.031826, -12.039114], [-77.031861, -12.039086], [-77.031917, -12.039044], [-77.031975, -12.039001], [-77.032024, -12.038963], [-77.032137, -12.038879]]}, "properties": {"id": "326467026#0", "nombre": "326467026#0", "longitud": 127.89, "velocidad_max": 40.0, "num_lanes": 3}}, {"type": "Feature", "id": "326571578#1", "geometry": {"type": "LineString", "coordinates": [[-77.039475, -12.034591], [-77.039183, -12.034849], [-77.038947, -12.035059], [-77.03872, -12.035257], [-77.038231, -12.035684], [-77.038085, -12.035811], [-77.037932, -12.035944], [-77.037892, -12.035979], [-77.037607, -12.03623], [-77.037559, -12.036273], [-77.037544, -12.036285], [-77.037188, -12.036599], [-77.037143, -12.036639], [-77.037018, -12.03675], [-77.036945, -12.036814], [-77.036876, -12.036875], [-77.036532, -12.037178], [-77.036446, -12.037255]]}, "properties": {"id": "326571578#1", "nombre": "326571578#1", "longitud": 442.38, "velocidad_max": 50.0, "num_lanes": 3}}, {"type": "Feature", "id": "326571578#2", "geometry": {"type": "LineString", "coordinates": [[-77.036345, -12.037346], [-77.036221, -12.037457], [-77.036075, -12.037588], [-77.035584, -12.038032], [-77.035459, -12.03814], [-77.035406, -12.038186]]}, "properties": {"id": "326571578#2", "nombre": "326571578#2", "longitud": 138.16, "velocidad_max": 50.0, "num_lanes": 3}}, {"type": "Feature", "id": "326571578#5", "geometry": {"type": "LineString", "coordinates": [[-77.035342, -12.038242], [-77.035248, -12.038326], [-77.035041, -12.038511]]}, "properties": {"id": "326571578#5", "nombre": "326571578#5", "longitud": 44.33, "velocidad_max": 50.0, "num_lanes": 3}}, {"type": "Feature", "id": "327519006", "geometry": {"type": "LineString", "coordinates": [[-77.043014, -12.044297], [-77.042928, -12.045669]]}, "properties": {"id": "327519006", "nombre": "327519006", "longitud": 152.13, "velocidad_max": 50.0, "num_lanes": 2}}, {"type": "Feature", "id": "327519076#1", "geometry": {"type": "LineString", "coordinates": [[-77.042984, -12.045749], [-77.042976, -12.045873], [-77.042976, -12.04588]]}, "properties": {"id": "327519076#1", "nombre": "327519076#1", "longitud": 14.53, "velocidad_max": 40.0, "num_lanes": 2}}, {"type": "Feature", "id": "327651363#0", "geometry": {"type": "LineString", "coordinates": [[-77.030621, -12.041515], [-77.030623, -12.041586]]}, "properties": {"id": "327651363#0", "nombre": "327651363#0", "longitud": 7.86, "velocidad_max": 50.0, "num_lanes": 1}}, {"type": "Feature", "id": "327651363#1", "geometry": {"type": "LineString", "coordinates": [[-77.030625, -12.041717], [-77.030625, -12.042093]]}, "properties": {"id": "327651363#1", "nombre": "327651363#1", "longitud": 41.59, "velocidad_max": 50.0, "num_lanes": 1}}, {"type": "Feature", "id": "327668724#0", "geometry": {"type": "LineString", "coordinates": [[-77.038168, -12.055788], [-77.038229, -12.055115], [-77.038244, -12.054947], [-77.038245, -12.054937], [-77.038275, -12.054527], [-77.038293, -12.05428]]}, "properties": {"id": "327668724#0", "nombre": "327668724#0", "longitud": 167.39, "velocidad_max": 50.0, "num_lanes": 3}}, {"type": "Feature", "id": "328602177#0", "geometry": {"type": "LineString", "coordinates": [[-77.038112, -12.055887], [-77.038091, -12.055886], [-77.037956, -12.055875], [-77.037372, -12.055812]]}, "properties": {"id": "328602177#0", "nombre": "328602177#0", "longitud": 81.02, "velocidad_max": 50.0, "num_lanes": 4}}, {"type": "Feature", "id": "328602177#3", "geometry": {"type": "LineString", "coordinates": [[-77.037099, -12.055782], [-77.037015, -12.055779]]}, "properties": {"id": "328602177#3", "nombre": "328602177#3", "longitud": 9.24, "velocidad_max": 50.0, "num_lanes": 4}}, {"type": "Feature", "id": "330058712", "geometry": {"type": "LineString", "coordinates": [[-77.042404, -12.043545], [-77.042384, -12.043543], [-77.042365, -12.043544], [-77.042344, -12.043546], [-77.042324, -12.043551], [-77.042307, -12.043557], [-77.042285, -12.043567], [-77.042266, -12.043579]]}, "properties": {"id": "330058712", "nombre": "330058712", "longitud": 15.88, "velocidad_max": 40.0, "num_lanes": 1}}, {"type": "Feature", "id": "330072006#0", "geometry": {"type": "LineString", "coordinates": [[-77.042706, -12.045187], [-77.042712, -12.045012]]}, "properties": {"id": "330072006#0", "nombre": "330072006#0", "longitud": 19.41, "velocidad_max": 40.0, "num_lanes": 2}}, {"type": "Feature", "id": "330072006#1", "geometry": {"type": "LineString", "coordinates": [[-77.04272, -12.044886], [-77.042754, -12.044554], [-77.042764, -12.044456], [-77.042768, -12.04441]]}, "properties": {"id": "330072006#1", "nombre": "330072006#1", "longitud": 52.86, "velocidad_max": 40.0, "num_lanes": 2}}, {"type": "Feature", "id": "330072195", "geometry": {"type": "LineString", "coordinates": [[-77.042885, -12.044121], [-77.042896, -12.04402]]}, "properties": {"id": "330072195", "nombre": "330072195", "longitud": 11.23, "velocidad_max": 80.0, "num_lanes": 3}}, {"type": "Feature", "id": "330091909", "geometry": {"type": "LineString", "coordinates": [[-77.038448, -12.054168], [-77.03845, -12.054168]]}, "properties": {"id": "330091909", "nombre": "330091909", "longitud": 0.2, "velocidad_max": 40.0, "num_lanes": 4}}, {"type": "Feature", "id": "330504077#0", "geometry": {"type": "LineString", "coordinates": [[-77.038046, -12.057864], [-77.038047, -12.057864]]}, "properties": {"id": "330504077#0", "nombre": "330504077#0", "longitud": 0.2, "velocidad_max": 80.0, "num_lanes": 1}}, {"type": "Feature", "id": "331401211#1", "geometry": {"type": "LineString", "coordinates": [[-77.042146, -12.050865], [-77.041217, -12.050928], [-77.041001, -12.050935], [-77.04099, -12.050935]]}, "properties": {"id": "331401211#1", "nombre": "331401211#1", "longitud": 126.12, "velocidad_max": 30.0, "num_lanes": 3}}, {"type": "Feature", "id": "331401211#3", "geometry": {"type": "LineString", "coordinates": [[-77.040856, -12.050939], [-77.040849, -12.050939], [-77.040322, -12.05095], [-77.039984, -12.050957]]}, "properties": {"id": "331401211#3", "nombre": "331401211#3", "longitud": 94.99, "velocidad_max": 30.0, "num_lanes": 3}}, {"type": "Feature", "id": "331401211#7", "geometry": {"type": "LineString", "coordinates": [[-77.039811, -12.050961], [-77.03895, -12.05098]]}, "properties": {"id": "331401211#7", "nombre": "331401211#7", "longitud": 93.72, "velocidad_max": 30.0, "num_lanes": 3}}, {"type": "Feature", "id": "331401211#8", "geometry": {"type": "LineString", "coordinates": [[-77.038947, -12.05098], [-77.03891, -12.050979]]}, "properties": {"id": "331401211#8", "nombre": "331401211#8", "longitud": 3.99, "velocidad_max": 30.0, "num_lanes": 3}}, {"type": "Feature", "id": "331401211#9", "geometry": {"type": "LineString", "coordinates": [[-77.038912, -12.050979], [-77.03891, -12.050979]]}, "properties": {"id": "331401211#9", "nombre": "331401211#9", "longitud": 0.2, "velocidad_max": 30.0, "num_lanes": 3}}, {"type": "Feature", "id": "331401212#1", "geometry": {"type": "LineString", "coordinates": [[-77.042274, -12.050754], [-77.042301, -12.050453], [-77.042302, -12.050447]]}, "properties": {"id": "331401212#1", "nombre": "331401212#1", "longitud": 34.07, "velocidad_max": 50.0, "num_lanes": 4}}, {"type": "Feature", "id": "331401875#0", "geometry": {"type": "LineString", "coordinates": [[-77.051004, -12.049593], [-77.05091, -12.049608], [-77.050592, -12.04967]]}, "properties": {"id": "331401875#0", "nombre": "331401875#0", "longitud": 45.62, "velocidad_max": 50.0, "num_lanes": 3}}, {"type": "Feature", "id": "331401920#0", "geometry": {"type": "LineString", "coordinates": [[-77.051364, -12.050597], [-77.051516, -12.050567]]}, "properties": {"id": "331401920#0", "nombre": "331401920#0", "longitud": 16.93, "velocidad_max": 50.0, "num_lanes": 1}}, {"type": "Feature", "id": "331401920#1", "geometry": {"type": "LineString", "coordinates": [[-77.051617, -12.050546], [-77.052065, -12.050456], [-77.052117, -12.050451], [-77.052161, -12.050459]]}, "properties": {"id": "331401920#1", "nombre": "331401920#1", "longitud": 60.35, "velocidad_max": 50.0, "num_lanes": 1}}, {"type": "Feature", "id": "331401928#0", "geometry": {"type": "LineString", "coordinates": [[-77.050286, -12.05082], [-77.050839, -12.050708]]}, "properties": {"id": "331401928#0", "nombre": "331401928#0", "longitud": 61.44, "velocidad_max": 50.0, "num_lanes": 1}}, {"type": "Feature", "id": "331401928#1", "geometry": {"type": "LineString", "coordinates": [[-77.050939, -12.050687], [-77.051235, -12.050624]]}, "properties": {"id": "331401928#1", "nombre": "331401928#1", "longitud": 32.98, "velocidad_max": 50.0, "num_lanes": 1}}, {"type": "Feature", "id": "331401986#0", "geometry": {"type": "LineString", "coordinates": [[-77.049305, -12.054004], [-77.049263, -12.054001]]}, "properties": {"id": "331401986#0", "nombre": "331401986#0", "longitud": 4.6, "velocidad_max": 40.0, "num_lanes": 1}}, {"type": "Feature", "id": "331401986#1", "geometry": {"type": "LineString", "coordinates": [[-77.04916, -12.053993], [-77.048841, -12.053967], [-77.048719, -12.053957], [-77.048572, -12.053945], [-77.048553, -12.053944]]}, "properties": {"id": "331401986#1", "nombre": "331401986#1", "longitud": 66.24, "velocidad_max": 40.0, "num_lanes": 1}}, {"type": "Feature", "id": "331401986#11", "geometry": {"type": "LineString", "coordinates": [[-77.046314, -12.053762], [-77.045986, -12.053737], [-77.045854, -12.053727], [-77.045791, -12.053722]]}, "properties": {"id": "331401986#11", "nombre": "331401986#11", "longitud": 57.16, "velocidad_max": 40.0, "num_lanes": 1}}, {"type": "Feature", "id": "331401986#14", "geometry": {"type": "LineString", "coordinates": [[-77.045688, -12.053713], [-77.045165, -12.053671]]}, "properties": {"id": "331401986#14", "nombre": "331401986#14", "longitud": 57.22, "velocidad_max": 40.0, "num_lanes": 1}}, {"type": "Feature", "id": "331401986#15", "geometry": {"type": "LineString", "coordinates": [[-77.045073, -12.053664], [-77.044545, -12.053621]]}, "properties": {"id": "331401986#15", "nombre": "331401986#15", "longitud": 57.66, "velocidad_max": 40.0, "num_lanes": 1}}, {"type": "Feature", "id": "331401986#16", "geometry": {"type": "LineString", "coordinates": [[-77.044444, -12.053613], [-77.044411, -12.053611], [-77.044223, -12.053596], [-77.043951, -12.053574]]}, "properties": {"id": "331401986#16", "nombre": "331401986#16", "longitud": 53.86, "velocidad_max": 40.0, "num_lanes": 1}}, {"type": "Feature", "id": "331401986#19", "geometry": {"type": "LineString", "coordinates": [[-77.04382, -12.053563], [-77.043353, -12.053526]]}, "properties": {"id": "331401986#19", "nombre": "331401986#19", "longitud": 51.01, "velocidad_max": 40.0, "num_lanes": 1}}, {"type": "Feature", "id": "331401986#20", "geometry": {"type": "LineString", "coordinates": [[-77.04325, -12.053517], [-77.042945, -12.053493], [-77.042367, -12.053446]]}, "properties": {"id": "331401986#20", "nombre": "331401986#20", "longitud": 96.48, "velocidad_max": 40.0, "num_lanes": 1}}, {"type": "Feature", "id": "331401986#5", "geometry": {"type": "LineString", "coordinates": [[-77.048459, -12.053936], [-77.047855, -12.053888]]}, "properties": {"id": "331401986#5", "nombre": "331401986#5", "longitud": 65.98, "velocidad_max": 40.0, "num_lanes": 1}}, {"type": "Feature", "id": "331401986#6", "geometry": {"type": "LineString", "coordinates": [[-77.047721, -12.053877], [-77.047156, -12.053832]]}, "properties": {"id": "331401986#6", "nombre": "331401986#6", "longitud": 61.69, "velocidad_max": 40.0, "num_lanes": 1}}, {"type": "Feature", "id": "331401986#8", "geometry": {"type": "LineString", "coordinates": [[-77.047024, -12.053821], [-77.046983, -12.053818], [-77.046634, -12.053789], [-77.046447, -12.053773]]}, "properties": {"id": "331401986#8", "nombre": "331401986#8", "longitud": 63.07, "velocidad_max": 40.0, "num_lanes": 1}}, {"type": "Feature", "id": "331564429#0", "geometry": {"type": "LineString", "coordinates": [[-77.045315, -12.051764], [-77.045862, -12.051728]]}, "properties": {"id": "331564429#0", "nombre": "331564429#0", "longitud": 59.62, "velocidad_max": 50.0, "num_lanes": 1}}, {"type": "Feature", "id": "331564429#1", "geometry": {"type": "LineString", "coordinates": [[-77.04596, -12.051721], [-77.04606, -12.051714], [-77.046134, -12.051703]]}, "properties": {"id": "331564429#1", "nombre": "331564429#1", "longitud": 19.12, "velocidad_max": 50.0, "num_lanes": 1}}, {"type": "Feature", "id": "331564429#13", "geometry": {"type": "LineString", "coordinates": [[-77.04964, -12.050961], [-77.049942, -12.050895]]}, "properties": {"id": "331564429#13", "nombre": "331564429#13", "longitud": 33.72, "velocidad_max": 50.0, "num_lanes": 1}}, {"type": "Feature", "id": "331564429#2", "geometry": {"type": "LineString", "coordinates": [[-77.046273, -12.051676], [-77.046473, -12.05163], [-77.04661, -12.0516]]}, "properties": {"id": "331564429#2", "nombre": "331564429#2", "longitud": 37.71, "velocidad_max": 50.0, "num_lanes": 1}}, {"type": "Feature", "id": "331564429#4", "geometry": {"type": "LineString", "coordinates": [[-77.046709, -12.051578], [-77.046872, -12.051541]]}, "properties": {"id": "331564429#4", "nombre": "331564429#4", "longitud": 18.27, "velocidad_max": 50.0, "num_lanes": 1}}, {"type": "Feature", "id": "331564429#5", "geometry": {"type": "LineString", "coordinates": [[-77.047002, -12.051512], [-77.047087, -12.051493], [-77.047517, -12.0514]]}, "properties": {"id": "331564429#5", "nombre": "331564429#5", "longitud": 57.55, "velocidad_max": 50.0, "num_lanes": 1}}, {"type": "Feature", "id": "331564429#7", "geometry": {"type": "LineString", "coordinates": [[-77.047647, -12.051372], [-77.048212, -12.051256]]}, "properties": {"id": "331564429#7", "nombre": "331564429#7", "longitud": 62.83, "velocidad_max": 50.0, "num_lanes": 1}}, {"type": "Feature", "id": "331564429#8", "geometry": {"type": "LineString", "coordinates": [[-77.048309, -12.051236], [-77.048889, -12.051117]]}, "properties": {"id": "331564429#8", "nombre": "331564429#8", "longitud": 64.46, "velocidad_max": 50.0, "num_lanes": 1}}, {"type": "Feature", "id": "331564429#9", "geometry": {"type": "LineString", "coordinates": [[-77.048989, -12.051096], [-77.049193, -12.051054], [-77.049411, -12.051009], [-77.049539, -12.050982]]}, "properties": {"id": "331564429#9", "nombre": "331564429#9", "longitud": 61.2, "velocidad_max": 50.0, "num_lanes": 1}}, {"type": "Feature", "id": "331564430#0", "geometry": {"type": "LineString", "coordinates": [[-77.045271, -12.051719], [-77.045297, -12.051412], [-77.045326, -12.051069], [-77.045354, -12.050738]]}, "properties": {"id": "331564430#0", "nombre": "331564430#0", "longitud": 108.94, "velocidad_max": 50.0, "num_lanes": 1}}, {"type": "Feature", "id": "331564506", "geometry": {"type": "LineString", "coordinates": [[-77.050071, -12.050867], [-77.050189, -12.050841]]}, "properties": {"id": "331564506", "nombre": "331564506", "longitud": 13.12, "velocidad_max": 50.0, "num_lanes": 1}}, {"type": "Feature", "id": "331569341#0", "geometry": {"type": "LineString", "coordinates": [[-77.049722, -12.049839], [-77.049388, -12.04991], [-77.049172, -12.049961]]}, "properties": {"id": "331569341#0", "nombre": "331569341#0", "longitud": 61.4, "velocidad_max": 50.0, "num_lanes": 3}}, {"type": "Feature", "id": "331569427#0", "geometry": {"type": "LineString", "coordinates": [[-77.049038, -12.049991], [-77.048743, -12.050064], [-77.048644, -12.050089], [-77.047426, -12.05036]]}, "properties": {"id": "331569427#0", "nombre": "331569427#0", "longitud": 180.21, "velocidad_max": 50.0, "num_lanes": 3}}, {"type": "Feature", "id": "333682150#0", "geometry": {"type": "LineString", "coordinates": [[-77.031039, -12.062001], [-77.031049, -12.061925], [-77.03114, -12.061243], [-77.031193, -12.060836]]}, "properties": {"id": "333682150#0", "nombre": "333682150#0", "longitud": 129.97, "velocidad_max": 60.0, "num_lanes": 2}}, {"type": "Feature", "id": "333682150#1", "geometry": {"type": "LineString", "coordinates": [[-77.031193, -12.060833], [-77.0312, -12.060781], [-77.031209, -12.06071], [-77.031223, -12.060612], [-77.031372, -12.059512]]}, "properties": {"id": "333682150#1", "nombre": "333682150#1", "longitud": 147.56, "velocidad_max": 60.0, "num_lanes": 2}}, {"type": "Feature", "id": "334706007#0", "geometry": {"type": "LineString", "coordinates": [[-77.050408, -12.049502], [-77.050418, -12.04939], [-77.050459, -12.048976], [-77.050533, -12.048224], [-77.05054, -12.048152], [-77.050553, -12.048017]]}, "properties": {"id": "334706007#0", "nombre": "334706007#0", "longitud": 165.04, "velocidad_max": 30.0, "num_lanes": 2}}, {"type": "Feature", "id": "334706007#6", "geometry": {"type": "LineString", "coordinates": [[-77.050566, -12.047888], [-77.050573, -12.047819], [-77.050625, -12.047293]]}, "properties": {"id": "334706007#6", "nombre": "334706007#6", "longitud": 66.14, "velocidad_max": 30.0, "num_lanes": 2}}, {"type": "Feature", "id": "334706008#0", "geometry": {"type": "LineString", "coordinates": [[-77.05065, -12.047041], [-77.050653, -12.047004], [-77.050682, -12.046691], [-77.0507, -12.046486], [-77.05073, -12.046205], [-77.050741, -12.046099], [-77.050767, -12.045818]]}, "properties": {"id": "334706008#0", "nombre": "334706008#0", "longitud": 135.84, "velocidad_max": 40.0, "num_lanes": 2}}, {"type": "Feature", "id": "334706008#7", "geometry": {"type": "LineString", "coordinates": [[-77.050783, -12.045659], [-77.050899, -12.044546]]}, "properties": {"id": "334706008#7", "nombre": "334706008#7", "longitud": 123.87, "velocidad_max": 40.0, "num_lanes": 2}}, {"type": "Feature", "id": "334706008#8", "geometry": {"type": "LineString", "coordinates": [[-77.050899, -12.044543], [-77.050901, -12.044523]]}, "properties": {"id": "334706008#8", "nombre": "334706008#8", "longitud": 2.27, "velocidad_max": 40.0, "num_lanes": 2}}, {"type": "Feature", "id": "334706009", "geometry": {"type": "LineString", "coordinates": [[-77.050924, -12.044295], [-77.05095, -12.044013]]}, "properties": {"id": "334706009", "nombre": "334706009", "longitud": 31.29, "velocidad_max": 80.0, "num_lanes": 1}}, {"type": "Feature", "id": "334706010#1", "geometry": {"type": "LineString", "coordinates": [[-77.050316, -12.049723], [-77.050265, -12.049732], [-77.050032, -12.049776], [-77.049882, -12.049806], [-77.049852, -12.049812]]}, "properties": {"id": "334706010#1", "nombre": "334706010#1", "longitud": 51.44, "velocidad_max": 50.0, "num_lanes": 3}}, {"type": "Feature", "id": "334764559", "geometry": {"type": "LineString", "coordinates": [[-77.034715, -12.061116], [-77.034817, -12.060689], [-77.034838, -12.060619], [-77.034857, -12.060563], [-77.035058, -12.059999]]}, "properties": {"id": "334764559", "nombre": "334764559", "longitud": 129.26, "velocidad_max": 40.0, "num_lanes": 1}}, {"type": "Feature", "id": "335066197#1", "geometry": {"type": "LineString", "coordinates": [[-77.0458, -12.058998], [-77.045783, -12.059003]]}, "properties": {"id": "335066197#1", "nombre": "335066197#1", "longitud": 1.97, "velocidad_max": 50.0, "num_lanes": 3}}, {"type": "Feature", "id": "338337377", "geometry": {"type": "LineString", "coordinates": [[-77.035646, -12.059293], [-77.035693, -12.059277], [-77.03579, -12.059268], [-77.035903, -12.059286]]}, "properties": {"id": "338337377", "nombre": "338337377", "longitud": 50.86, "velocidad_max": 40.0, "num_lanes": 8}}, {"type": "Feature", "id": "338364084#0", "geometry": {"type": "LineString", "coordinates": [[-77.029487, -12.04178], [-77.03002, -12.041714], [-77.03032, -12.041677]]}, "properties": {"id": "338364084#0", "nombre": "338364084#0", "longitud": 91.48, "velocidad_max": 40.0, "num_lanes": 2}}, {"type": "Feature", "id": "338408645", "geometry": {"type": "LineString", "coordinates": [[-77.043042, -12.045092], [-77.042988, -12.04568]]}, "properties": {"id": "338408645", "nombre": "338408645", "longitud": 65.36, "velocidad_max": 40.0, "num_lanes": 2}}, {"type": "Feature", "id": "338408648#0", "geometry": {"type": "LineString", "coordinates": [[-77.045636, -12.045329], [-77.045594, -12.045775], [-77.045583, -12.045894]]}, "properties": {"id": "338408648#0", "nombre": "338408648#0", "longitud": 62.74, "velocidad_max": 30.0, "num_lanes": 1}}, {"type": "Feature", "id": "338408648#2", "geometry": {"type": "LineString", "coordinates": [[-77.04557, -12.046023], [-77.045556, -12.046158], [-77.045523, -12.046481], [-77.04552, -12.046507]]}, "properties": {"id": "338408648#2", "nombre": "338408648#2", "longitud": 53.84, "velocidad_max": 30.0, "num_lanes": 1}}, {"type": "Feature", "id": "338408650#0", "geometry": {"type": "LineString", "coordinates": [[-77.04685, -12.045365], [-77.045695, -12.045255]]}, "properties": {"id": "338408650#0", "nombre": "338408650#0", "longitud": 126.45, "velocidad_max": 30.0, "num_lanes": 3}}, {"type": "Feature", "id": "338408650#1", "geometry": {"type": "LineString", "coordinates": [[-77.045563, -12.045242], [-77.044855, -12.04518], [-77.044761, -12.045171], [-77.04442, -12.045141]]}, "properties": {"id": "338408650#1", "nombre": "338408650#1", "longitud": 124.98, "velocidad_max": 30.0, "num_lanes": 3}}, {"type": "Feature", "id": "338546493#0", "geometry": {"type": "LineString", "coordinates": [[-77.035461, -12.059211], [-77.035461, -12.059128], [-77.03547, -12.059052], [-77.035544, -12.058247]]}, "properties": {"id": "338546493#0", "nombre": "338546493#0", "longitud": 107.11, "velocidad_max": 35.0, "num_lanes": 4}}, {"type": "Feature", "id": "338546493#3", "geometry": {"type": "LineString", "coordinates": [[-77.035556, -12.05812], [-77.035576, -12.057905], [-77.035616, -12.05748], [-77.035643, -12.0572], [-77.035646, -12.057169]]}, "properties": {"id": "338546493#3", "nombre": "338546493#3", "longitud": 105.66, "velocidad_max": 35.0, "num_lanes": 4}}, {"type": "Feature", "id": "338885433#0", "geometry": {"type": "LineString", "coordinates": [[-77.029221, -12.040008], [-77.029302, -12.039998], [-77.029597, -12.039968], [-77.029874, -12.03994], [-77.029936, -12.039934], [-77.03004, -12.039923], [-77.03012, -12.039915], [-77.030146, -12.039913]]}, "properties": {"id": "338885433#0", "nombre": "338885433#0", "longitud": 101.3, "velocidad_max": 40.0, "num_lanes": 3}}, {"type": "Feature", "id": "339500328", "geometry": {"type": "LineString", "coordinates": [[-77.046501, -12.047861], [-77.046493, -12.047906], [-77.046489, -12.047943], [-77.046487, -12.047981], [-77.04649, -12.048094], [-77.046495, -12.048142], [-77.046503, -12.048185], [-77.046541, -12.048315], [-77.046547, -12.048359], [-77.046547, -12.048362]]}, "properties": {"id": "339500328", "nombre": "339500328", "longitud": 56.31, "velocidad_max": 20.0, "num_lanes": 1}}, {"type": "Feature", "id": "341966133#0", "geometry": {"type": "LineString", "coordinates": [[-77.048868, -12.049873], [-77.048877, -12.049847], [-77.048887, -12.049812], [-77.048894, -12.049776], [-77.048897, -12.049755]]}, "properties": {"id": "341966133#0", "nombre": "341966133#0", "longitud": 13.43, "velocidad_max": 30.0, "num_lanes": 2}}, {"type": "Feature", "id": "344149307#0", "geometry": {"type": "LineString", "coordinates": [[-77.035441, -12.043486], [-77.035208, -12.043142], [-77.034928, -12.042739]]}, "properties": {"id": "344149307#0", "nombre": "344149307#0", "longitud": 99.75, "velocidad_max": 50.0, "num_lanes": 3}}, {"type": "Feature", "id": "344149307#1", "geometry": {"type": "LineString", "coordinates": [[-77.034926, -12.042736], [-77.034893, -12.042693]]}, "properties": {"id": "344149307#1", "nombre": "344149307#1", "longitud": 5.99, "velocidad_max": 50.0, "num_lanes": 3}}, {"type": "Feature", "id": "344149308#0", "geometry": {"type": "LineString", "coordinates": [[-77.043048, -12.041408], [-77.043054, -12.041368]]}, "properties": {"id": "344149308#0", "nombre": "344149308#0", "longitud": 4.44, "velocidad_max": 40.0, "num_lanes": 1}}, {"type": "Feature", "id": "344149308#1", "geometry": {"type": "LineString", "coordinates": [[-77.043066, -12.041261], [-77.043106, -12.040845]]}, "properties": {"id": "344149308#1", "nombre": "344149308#1", "longitud": 46.23, "velocidad_max": 40.0, "num_lanes": 1}}, {"type": "Feature", "id": "344149309#0", "geometry": {"type": "LineString", "coordinates": [[-77.035413, -12.043599], [-77.03527, -12.04369], [-77.034763, -12.044014], [-77.034402, -12.044245]]}, "properties": {"id": "344149309#0", "nombre": "344149309#0", "longitud": 131.31, "velocidad_max": 20.0, "num_lanes": 2}}, {"type": "Feature", "id": "344149309#3", "geometry": {"type": "LineString", "coordinates": [[-77.034317, -12.044299], [-77.033902, -12.044554], [-77.033417, -12.044853]]}, "properties": {"id": "344149309#3", "nombre": "344149309#3", "longitud": 115.66, "velocidad_max": 20.0, "num_lanes": 2}}, {"type": "Feature", "id": "345822980#0", "geometry": {"type": "LineString", "coordinates": [[-77.050698, -12.047301], [-77.050696, -12.047316], [-77.050611, -12.048158], [-77.050604, -12.048232], [-77.050549, -12.048806], [-77.050532, -12.048983], [-77.050483, -12.049509]]}, "properties": {"id": "345822980#0", "nombre": "345822980#0", "longitud": 245.41, "velocidad_max": 30.0, "num_lanes": 2}}, {"type": "Feature", "id": "345822981#1", "geometry": {"type": "LineString", "coordinates": [[-77.050575, -12.049579], [-77.051298, -12.049442], [-77.052027, -12.049313]]}, "properties": {"id": "345822981#1", "nombre": "345822981#1", "longitud": 160.86, "velocidad_max": 50.0, "num_lanes": 3}}, {"type": "Feature", "id": "345822981#2", "geometry": {"type": "LineString", "coordinates": [[-77.052168, -12.049288], [-77.052573, -12.049215]]}, "properties": {"id": "345822981#2", "nombre": "345822981#2", "longitud": 44.82, "velocidad_max": 50.0, "num_lanes": 3}}, {"type": "Feature", "id": "345822981#3", "geometry": {"type": "LineString", "coordinates": [[-77.052716, -12.04919], [-77.052856, -12.049167], [-77.053317, -12.049089], [-77.05342, -12.049072], [-77.053637, -12.049035]]}, "properties": {"id": "345822981#3", "nombre": "345822981#3", "longitud": 101.83, "velocidad_max": 50.0, "num_lanes": 3}}, {"type": "Feature", "id": "345822984#0", "geometry": {"type": "LineString", "coordinates": [[-77.05484, -12.051414], [-77.05485, -12.051439], [-77.05503, -12.051788], [-77.055212, -12.052143], [-77.055379, -12.052467], [-77.055408, -12.052524]]}, "properties": {"id": "345822984#0", "nombre": "345822984#0", "longitud": 137.51, "velocidad_max": 45.0, "num_lanes": 3}}, {"type": "Feature", "id": "345822984#3", "geometry": {"type": "LineString", "coordinates": [[-77.055413, -12.052531], [-77.055453, -12.052582], [-77.055614, -12.052785], [-77.055978, -12.053251], [-77.056035, -12.053322], [-77.056375, -12.053747], [-77.056422, -12.053805]]}, "properties": {"id": "345822984#3", "nombre": "345822984#3", "longitud": 178.76, "velocidad_max": 45.0, "num_lanes": 3}}, {"type": "Feature", "id": "345822987#0", "geometry": {"type": "LineString", "coordinates": [[-77.05466, -12.051416], [-77.054381, -12.051551]]}, "properties": {"id": "345822987#0", "nombre": "345822987#0", "longitud": 33.88, "velocidad_max": 30.0, "num_lanes": 2}}, {"type": "Feature", "id": "345822987#1", "geometry": {"type": "LineString", "coordinates": [[-77.05429, -12.051595], [-77.053969, -12.051749]]}, "properties": {"id": "345822987#1", "nombre": "345822987#1", "longitud": 38.86, "velocidad_max": 30.0, "num_lanes": 2}}, {"type": "Feature", "id": "345822990#0", "geometry": {"type": "LineString", "coordinates": [[-77.05449, -12.052943], [-77.054313, -12.052583]]}, "properties": {"id": "345822990#0", "nombre": "345822990#0", "longitud": 44.29, "velocidad_max": 30.0, "num_lanes": 2}}, {"type": "Feature", "id": "345822990#1", "geometry": {"type": "LineString", "coordinates": [[-77.054268, -12.052492], [-77.053939, -12.051836]]}, "properties": {"id": "345822990#1", "nombre": "345822990#1", "longitud": 80.9, "velocidad_max": 30.0, "num_lanes": 2}}, {"type": "Feature", "id": "345822992#0", "geometry": {"type": "LineString", "coordinates": [[-77.052625, -12.053597], [-77.053316, -12.053574]]}, "properties": {"id": "345822992#0", "nombre": "345822992#0", "longitud": 75.28, "velocidad_max": 50.0, "num_lanes": 1}}, {"type": "Feature", "id": "345822992#1", "geometry": {"type": "LineString", "coordinates": [[-77.053365, -12.053563], [-77.05362, -12.05343]]}, "properties": {"id": "345822992#1", "nombre": "345822992#1", "longitud": 31.46, "velocidad_max": 50.0, "num_lanes": 1}}, {"type": "Feature", "id": "345822992#2", "geometry": {"type": "LineString", "coordinates": [[-77.053712, -12.053384], [-77.05404, -12.053226]]}, "properties": {"id": "345822992#2", "nombre": "345822992#2", "longitud": 39.79, "velocidad_max": 50.0, "num_lanes": 1}}, {"type": "Feature", "id": "345822992#3", "geometry": {"type": "LineString", "coordinates": [[-77.054133, -12.053181], [-77.054454, -12.053017]]}, "properties": {"id": "345822992#3", "nombre": "345822992#3", "longitud": 39.44, "velocidad_max": 50.0, "num_lanes": 1}}, {"type": "Feature", "id": "345822995#0", "geometry": {"type": "LineString", "coordinates": [[-77.05524, -12.054447], [-77.054965, -12.053873]]}, "properties": {"id": "345822995#0", "nombre": "345822995#0", "longitud": 70.19, "velocidad_max": 50.0, "num_lanes": 1}}, {"type": "Feature", "id": "345822995#1", "geometry": {"type": "LineString", "coordinates": [[-77.05492, -12.053783], [-77.054535, -12.053033]]}, "properties": {"id": "345822995#1", "nombre": "345822995#1", "longitud": 92.99, "velocidad_max": 50.0, "num_lanes": 1}}, {"type": "Feature", "id": "346082266#0", "geometry": {"type": "LineString", "coordinates": [[-77.047195, -12.043573], [-77.048383, -12.043678], [-77.049529, -12.043785], [-77.049918, -12.043819], [-77.050218, -12.04385], [-77.050578, -12.043887]]}, "properties": {"id": "346082266#0", "nombre": "346082266#0", "longitud": 370.15, "velocidad_max": 50.0, "num_lanes": 2}}, {"type": "Feature", "id": "346082266#3", "geometry": {"type": "LineString", "coordinates": [[-77.050702, -12.043897], [-77.050848, -12.04391]]}, "properties": {"id": "346082266#3", "nombre": "346082266#3", "longitud": 15.99, "velocidad_max": 50.0, "num_lanes": 2}}, {"type": "Feature", "id": "349694162#0", "geometry": {"type": "LineString", "coordinates": [[-77.051307, -12.055248], [-77.051433, -12.055258], [-77.051819, -12.055291]]}, "properties": {"id": "349694162#0", "nombre": "349694162#0", "longitud": 55.96, "velocidad_max": 40.0, "num_lanes": 3}}, {"type": "Feature", "id": "349694162#1", "geometry": {"type": "LineString", "coordinates": [[-77.051921, -12.055299], [-77.051974, -12.055304], [-77.05233, -12.055333], [-77.05245, -12.055344]]}, "properties": {"id": "349694162#1", "nombre": "349694162#1", "longitud": 57.83, "velocidad_max": 40.0, "num_lanes": 3}}, {"type": "Feature", "id": "349694162#2", "geometry": {"type": "LineString", "coordinates": [[-77.052553, -12.055352], [-77.052583, -12.055355], [-77.052924, -12.055383], [-77.053142, -12.055401]]}, "properties": {"id": "349694162#2", "nombre": "349694162#2", "longitud": 64.37, "velocidad_max": 40.0, "num_lanes": 3}}, {"type": "Feature", "id": "349694162#5", "geometry": {"type": "LineString", "coordinates": [[-77.053245, -12.05541], [-77.053281, -12.055413], [-77.053813, -12.055457]]}, "properties": {"id": "349694162#5", "nombre": "349694162#5", "longitud": 62.07, "velocidad_max": 40.0, "num_lanes": 3}}, {"type": "Feature", "id": "349694162#7", "geometry": {"type": "LineString", "coordinates": [[-77.053915, -12.055466], [-77.054663, -12.055529]]}, "properties": {"id": "349694162#7", "nombre": "349694162#7", "longitud": 81.77, "velocidad_max": 40.0, "num_lanes": 3}}, {"type": "Feature", "id": "349694162#8", "geometry": {"type": "LineString", "coordinates": [[-77.05474, -12.055535], [-77.055994, -12.055636], [-77.056089, -12.055648], [-77.056229, -12.055659], [-77.056352, -12.055663], [-77.05647, -12.055662], [-77.056649, -12.055651]]}, "properties": {"id": "349694162#8", "nombre": "349694162#8", "longitud": 208.62, "velocidad_max": 40.0, "num_lanes": 3}}, {"type": "Feature", "id": "35069298#0", "geometry": {"type": "LineString", "coordinates": [[-77.035337, -12.051852], [-77.035292, -12.051881], [-77.034887, -12.052142], [-77.034517, -12.05238]]}, "properties": {"id": "35069298#0", "nombre": "35069298#0", "longitud": 106.7, "velocidad_max": 40.0, "num_lanes": 2}}, {"type": "Feature", "id": "35069333#0", "geometry": {"type": "LineString", "coordinates": [[-77.03827, -12.051085], [-77.03797, -12.051927]]}, "properties": {"id": "35069333#0", "nombre": "35069333#0", "longitud": 98.7, "velocidad_max": 30.0, "num_lanes": 1}}, {"type": "Feature", "id": "35069333#1", "geometry": {"type": "LineString", "coordinates": [[-77.037926, -12.05205], [-77.037919, -12.052071], [-77.037648, -12.052824], [-77.037626, -12.052882]]}, "properties": {"id": "35069333#1", "nombre": "35069333#1", "longitud": 97.71, "velocidad_max": 30.0, "num_lanes": 1}}, {"type": "Feature", "id": "359190906", "geometry": {"type": "LineString", "coordinates": [[-77.031521, -12.059194], [-77.031521, -12.059196]]}, "properties": {"id": "359190906", "nombre": "359190906", "longitud": 0.2, "velocidad_max": 60.0, "num_lanes": 3}}, {"type": "Feature", "id": "359190907#0", "geometry": {"type": "LineString", "coordinates": [[-77.03161, -12.059151], [-77.032138, -12.059211]]}, "properties": {"id": "359190907#0", "nombre": "359190907#0", "longitud": 57.95, "velocidad_max": 50.0, "num_lanes": 3}}, {"type": "Feature", "id": "359190907#2", "geometry": {"type": "LineString", "coordinates": [[-77.032246, -12.059224], [-77.033227, -12.059353]]}, "properties": {"id": "359190907#2", "nombre": "359190907#2", "longitud": 107.8, "velocidad_max": 50.0, "num_lanes": 3}}, {"type": "Feature", "id": "359190907#3", "geometry": {"type": "LineString", "coordinates": [[-77.033335, -12.059368], [-77.033393, -12.059377], [-77.033968, -12.059462], [-77.034106, -12.059482], [-77.034495, -12.059532], [-77.034498, -12.059532]]}, "properties": {"id": "359190907#3", "nombre": "359190907#3", "longitud": 127.9, "velocidad_max": 50.0, "num_lanes": 3}}, {"type": "Feature", "id": "359190907#7", "geometry": {"type": "LineString", "coordinates": [[-77.034646, -12.059551], [-77.035123, -12.059607]]}, "properties": {"id": "359190907#7", "nombre": "359190907#7", "longitud": 52.31, "velocidad_max": 50.0, "num_lanes": 3}}, {"type": "Feature", "id": "359190907#8", "geometry": {"type": "LineString", "coordinates": [[-77.035127, -12.059607], [-77.035206, -12.059611], [-77.035283, -12.059599], [-77.035288, -12.059596]]}, "properties": {"id": "359190907#8", "nombre": "359190907#8", "longitud": 17.66, "velocidad_max": 50.0, "num_lanes": 3}}, {"type": "Feature", "id": "359190909#0", "geometry": {"type": "LineString", "coordinates": [[-77.03147, -12.059528], [-77.031328, -12.060568]]}, "properties": {"id": "359190909#0", "nombre": "359190909#0", "longitud": 116.08, "velocidad_max": 60.0, "num_lanes": 2}}, {"type": "Feature", "id": "359190909#1", "geometry": {"type": "LineString", "coordinates": [[-77.031328, -12.060571], [-77.03132, -12.060626], [-77.031305, -12.060722], [-77.031295, -12.060795], [-77.031142, -12.061918]]}, "properties": {"id": "359190909#1", "nombre": "359190909#1", "longitud": 150.46, "velocidad_max": 60.0, "num_lanes": 2}}, {"type": "Feature", "id": "359190909#2", "geometry": {"type": "LineString", "coordinates": [[-77.031141, -12.061921], [-77.031139, -12.061941], [-77.03113, -12.062011]]}, "properties": {"id": "359190909#2", "nombre": "359190909#2", "longitud": 10.06, "velocidad_max": 60.0, "num_lanes": 2}}, {"type": "Feature", "id": "370644951#0", "geometry": {"type": "LineString", "coordinates": [[-77.033746, -12.051466], [-77.033606, -12.051265]]}, "properties": {"id": "370644951#0", "nombre": "370644951#0", "longitud": 26.91, "velocidad_max": 40.0, "num_lanes": 2}}, {"type": "Feature", "id": "370644951#1", "geometry": {"type": "LineString", "coordinates": [[-77.033547, -12.051182], [-77.033116, -12.050565]]}, "properties": {"id": "370644951#1", "nombre": "370644951#1", "longitud": 82.86, "velocidad_max": 40.0, "num_lanes": 2}}, {"type": "Feature", "id": "370644951#10", "geometry": {"type": "LineString", "coordinates": [[-77.032306, -12.049409], [-77.031791, -12.048673]]}, "properties": {"id": "370644951#10", "nombre": "370644951#10", "longitud": 98.8, "velocidad_max": 40.0, "num_lanes": 2}}, {"type": "Feature", "id": "370644951#4", "geometry": {"type": "LineString", "coordinates": [[-77.033035, -12.05045], [-77.032939, -12.050313], [-77.032423, -12.049578]]}, "properties": {"id": "370644951#4", "nombre": "370644951#4", "longitud": 117.21, "velocidad_max": 40.0, "num_lanes": 2}}, {"type": "Feature", "id": "370644953#0", "geometry": {"type": "LineString", "coordinates": [[-77.034823, -12.050827], [-77.034952, -12.050721], [-77.035669, -12.050325], [-77.035718, -12.050298], [-77.035731, -12.050291]]}, "properties": {"id": "370644953#0", "nombre": "370644953#0", "longitud": 115.63, "velocidad_max": 30.0, "num_lanes": 1}}, {"type": "Feature", "id": "378149439#0", "geometry": {"type": "LineString", "coordinates": [[-77.042793, -12.046798], [-77.042727, -12.046799], [-77.042654, -12.046787]]}, "properties": {"id": "378149439#0", "nombre": "378149439#0", "longitud": 15.21, "velocidad_max": 40.0, "num_lanes": 5}}, {"type": "Feature", "id": "378149439#1", "geometry": {"type": "LineString", "coordinates": [[-77.04265, -12.046788], [-77.042649, -12.046787]]}, "properties": {"id": "378149439#1", "nombre": "378149439#1", "longitud": 0.2, "velocidad_max": 40.0, "num_lanes": 5}}, {"type": "Feature", "id": "382263174", "geometry": {"type": "LineString", "coordinates": [[-77.032858, -12.039756], [-77.032584, -12.039357]]}, "properties": {"id": "382263174", "nombre": "382263174", "longitud": 53.3, "velocidad_max": 50.0, "num_lanes": 3}}, {"type": "Feature", "id": "382263700#0", "geometry": {"type": "LineString", "coordinates": [[-77.033139, -12.039794], [-77.033323, -12.040061]]}, "properties": {"id": "382263700#0", "nombre": "382263700#0", "longitud": 35.75, "velocidad_max": 30.0, "num_lanes": 2}}, {"type": "Feature", "id": "382263700#2", "geometry": {"type": "LineString", "coordinates": [[-77.033369, -12.040128], [-77.033552, -12.040393], [-77.033762, -12.040697]]}, "properties": {"id": "382263700#2", "nombre": "382263700#2", "longitud": 76.08, "velocidad_max": 30.0, "num_lanes": 2}}, {"type": "Feature", "id": "393250803#0", "geometry": {"type": "LineString", "coordinates": [[-77.03665, -12.055751], [-77.036636, -12.055755], [-77.036621, -12.05576], [-77.036605, -12.055766]]}, "properties": {"id": "393250803#0", "nombre": "393250803#0", "longitud": 5.2, "velocidad_max": 40.0, "num_lanes": 3}}, {"type": "Feature", "id": "393250803#2", "geometry": {"type": "LineString", "coordinates": [[-77.0366, -12.055768], [-77.036581, -12.055778]]}, "properties": {"id": "393250803#2", "nombre": "393250803#2", "longitud": 2.36, "velocidad_max": 40.0, "num_lanes": 3}}, {"type": "Feature", "id": "393289577#1", "geometry": {"type": "LineString", "coordinates": [[-77.038557, -12.052007], [-77.038623, -12.051492], [-77.038649, -12.051273], [-77.038666, -12.051113]]}, "properties": {"id": "393289577#1", "nombre": "393289577#1", "longitud": 99.63, "velocidad_max": 50.0, "num_lanes": 3}}, {"type": "Feature", "id": "393289577#2", "geometry": {"type": "LineString", "coordinates": [[-77.038667, -12.05111], [-77.038673, -12.051054]]}, "properties": {"id": "393289577#2", "nombre": "393289577#2", "longitud": 6.26, "velocidad_max": 50.0, "num_lanes": 3}}, {"type": "Feature", "id": "393289579#0", "geometry": {"type": "LineString", "coordinates": [[-77.038593, -12.050989], [-77.038575, -12.050991], [-77.038325, -12.051022], [-77.038315, -12.051023]]}, "properties": {"id": "393289579#0", "nombre": "393289579#0", "longitud": 30.52, "velocidad_max": 40.0, "num_lanes": 2}}, {"type": "Feature", "id": "393289579#3", "geometry": {"type": "LineString", "coordinates": [[-77.038237, -12.051033], [-77.038101, -12.051049], [-77.038011, -12.051059]]}, "properties": {"id": "393289579#3", "nombre": "393289579#3", "longitud": 24.86, "velocidad_max": 40.0, "num_lanes": 2}}, {"type": "Feature", "id": "393289579#5", "geometry": {"type": "LineString", "coordinates": [[-77.037875, -12.051079], [-77.036998, -12.051235], [-77.036885, -12.051254]]}, "properties": {"id": "393289579#5", "nombre": "393289579#5", "longitud": 109.55, "velocidad_max": 40.0, "num_lanes": 2}}, {"type": "Feature", "id": "393289580#0", "geometry": {"type": "LineString", "coordinates": [[-77.0387, -12.050831], [-77.038703, -12.050804], [-77.038928, -12.0491]]}, "properties": {"id": "393289580#0", "nombre": "393289580#0", "longitud": 193.13, "velocidad_max": 50.0, "num_lanes": 3}}, {"type": "Feature", "id": "393289580#1", "geometry": {"type": "LineString", "coordinates": [[-77.038928, -12.049096], [-77.038934, -12.049034]]}, "properties": {"id": "393289580#1", "nombre": "393289580#1", "longitud": 6.95, "velocidad_max": 50.0, "num_lanes": 3}}, {"type": "Feature", "id": "393289581#0", "geometry": {"type": "LineString", "coordinates": [[-77.03797, -12.049344], [-77.037872, -12.049172]]}, "properties": {"id": "393289581#0", "nombre": "393289581#0", "longitud": 21.87, "velocidad_max": 30.0, "num_lanes": 2}}, {"type": "Feature", "id": "393289581#1", "geometry": {"type": "LineString", "coordinates": [[-77.037813, -12.049061], [-77.037787, -12.049009]]}, "properties": {"id": "393289581#1", "nombre": "393289581#1", "longitud": 6.42, "velocidad_max": 30.0, "num_lanes": 2}}, {"type": "Feature", "id": "393289581#2", "geometry": {"type": "LineString", "coordinates": [[-77.037743, -12.048926], [-77.037533, -12.048539], [-77.037471, -12.048427], [-77.037456, -12.048405], [-77.037439, -12.04838], [-77.037188, -12.048013]]}, "properties": {"id": "393289581#2", "nombre": "393289581#2", "longitud": 117.87, "velocidad_max": 30.0, "num_lanes": 2}}, {"type": "Feature", "id": "393289582#0", "geometry": {"type": "LineString", "coordinates": [[-77.03806, -12.049366], [-77.038863, -12.048839]]}, "properties": {"id": "393289582#0", "nombre": "393289582#0", "longitud": 105.1, "velocidad_max": 40.0, "num_lanes": 2}}, {"type": "Feature", "id": "393289582#1", "geometry": {"type": "LineString", "coordinates": [[-77.038865, -12.048837], [-77.038889, -12.048822]]}, "properties": {"id": "393289582#1", "nombre": "393289582#1", "longitud": 3.06, "velocidad_max": 40.0, "num_lanes": 2}}, {"type": "Feature", "id": "393292753", "geometry": {"type": "LineString", "coordinates": [[-77.039136, -12.048659], [-77.039137, -12.048658]]}, "properties": {"id": "393292753", "nombre": "393292753", "longitud": 0.2, "velocidad_max": 40.0, "num_lanes": 2}}, {"type": "Feature", "id": "39413204#0", "geometry": {"type": "LineString", "coordinates": [[-77.031697, -12.058361], [-77.031741, -12.058359]]}, "properties": {"id": "39413204#0", "nombre": "39413204#0", "longitud": 4.81, "velocidad_max": 40.0, "num_lanes": 2}}, {"type": "Feature", "id": "39413204#1", "geometry": {"type": "LineString", "coordinates": [[-77.031854, -12.058353], [-77.032292, -12.058333], [-77.03265, -12.058317]]}, "properties": {"id": "39413204#1", "nombre": "39413204#1", "longitud": 86.79, "velocidad_max": 40.0, "num_lanes": 2}}, {"type": "Feature", "id": "39413204#3", "geometry": {"type": "LineString", "coordinates": [[-77.03279, -12.05831], [-77.033203, -12.058289], [-77.033283, -12.058285], [-77.033419, -12.058278], [-77.033697, -12.058263]]}, "properties": {"id": "39413204#3", "nombre": "39413204#3", "longitud": 98.92, "velocidad_max": 40.0, "num_lanes": 2}}, {"type": "Feature", "id": "39413204#7", "geometry": {"type": "LineString", "coordinates": [[-77.033868, -12.058252], [-77.034138, -12.058232], [-77.034265, -12.05821]]}, "properties": {"id": "39413204#7", "nombre": "39413204#7", "longitud": 43.56, "velocidad_max": 40.0, "num_lanes": 2}}, {"type": "Feature", "id": "400443778", "geometry": {"type": "LineString", "coordinates": [[-77.03471, -12.039983], [-77.034678, -12.040017], [-77.034674, -12.040054], [-77.034678, -12.040106], [-77.034701, -12.040153], [-77.034713, -12.040166]]}, "properties": {"id": "400443778", "nombre": "400443778", "longitud": 22.78, "velocidad_max": 20.0, "num_lanes": 1}}, {"type": "Feature", "id": "400443781", "geometry": {"type": "LineString", "coordinates": [[-77.040705, -12.034389], [-77.040296, -12.034756], [-77.039945, -12.035071], [-77.039465, -12.035513], [-77.039198, -12.035759], [-77.038393, -12.036453], [-77.038023, -12.036779], [-77.037656, -12.037101], [-77.037216, -12.03754], [-77.037006, -12.037747], [-77.036714, -12.038034]]}, "properties": {"id": "400443781", "nombre": "400443781", "longitud": 593.04, "velocidad_max": 50.0, "num_lanes": 1}}, {"type": "Feature", "id": "400443786", "geometry": {"type": "LineString", "coordinates": [[-77.034096, -12.040554], [-77.034392, -12.040277]]}, "properties": {"id": "400443786", "nombre": "400443786", "longitud": 44.5, "velocidad_max": 50.0, "num_lanes": 2}}, {"type": "Feature", "id": "400447718#0", "geometry": {"type": "LineString", "coordinates": [[-77.041405, -12.03844], [-77.041281, -12.03817], [-77.041145, -12.037876], [-77.041007, -12.03751]]}, "properties": {"id": "400447718#0", "nombre": "400447718#0", "longitud": 111.73, "velocidad_max": 50.0, "num_lanes": 1}}, {"type": "Feature", "id": "400448529#0", "geometry": {"type": "LineString", "coordinates": [[-77.039171, -12.037924], [-77.038715, -12.038049], [-77.038532, -12.038112], [-77.038332, -12.038191], [-77.038059, -12.038319], [-77.037999, -12.03835]]}, "properties": {"id": "400448529#0", "nombre": "400448529#0", "longitud": 136.49, "velocidad_max": 80.0, "num_lanes": 3}}, {"type": "Feature", "id": "400448529#1", "geometry": {"type": "LineString", "coordinates": [[-77.037882, -12.038412], [-77.03786, -12.038425], [-77.037651, -12.038557], [-77.037301, -12.038806]]}, "properties": {"id": "400448529#1", "nombre": "400448529#1", "longitud": 76.82, "velocidad_max": 80.0, "num_lanes": 3}}, {"type": "Feature", "id": "400448529#2", "geometry": {"type": "LineString", "coordinates": [[-77.037203, -12.038893], [-77.03678, -12.039275], [-77.03627, -12.039737], [-77.03607, -12.039894], [-77.035911, -12.040014], [-77.035719, -12.040132], [-77.03555, -12.040233], [-77.035293, -12.040365], [-77.035094, -12.040458], [-77.033631, -12.041011], [-77.033604, -12.041025], [-77.033486, -12.041087], [-77.033249, -12.041222], [-77.033183, -12.041264], [-77.032871, -12.041458], [-77.032478, -12.041705], [-77.032419, -12.041735], [-77.032131, -12.041881], [-77.03038, -12.042684], [-77.030018, -12.042824], [-77.029476, -12.043019]]}, "properties": {"id": "400448529#2", "nombre": "400448529#2", "longitud": 965.46, "velocidad_max": 80.0, "num_lanes": 3}}, {"type": "Feature", "id": "406644981#0", "geometry": {"type": "LineString", "coordinates": [[-77.031943, -12.05122], [-77.031831, -12.051293], [-77.031137, -12.051748]]}, "properties": {"id": "406644981#0", "nombre": "406644981#0", "longitud": 105.54, "velocidad_max": 30.0, "num_lanes": 2}}, {"type": "Feature", "id": "406644981#2", "geometry": {"type": "LineString", "coordinates": [[-77.031027, -12.051821], [-77.030131, -12.052389], [-77.030046, -12.052442], [-77.029689, -12.052661], [-77.029515, -12.052768]]}, "properties": {"id": "406644981#2", "nombre": "406644981#2", "longitud": 195.13, "velocidad_max": 30.0, "num_lanes": 2}}, {"type": "Feature", "id": "406644982#0", "geometry": {"type": "LineString", "coordinates": [[-77.03196, -12.051129], [-77.031934, -12.051091], [-77.031385, -12.050304]]}, "properties": {"id": "406644982#0", "nombre": "406644982#0", "longitud": 110.79, "velocidad_max": 30.0, "num_lanes": 2}}, {"type": "Feature", "id": "406644983#0", "geometry": {"type": "LineString", "coordinates": [[-77.033655, -12.052226], [-77.033703, -12.052195], [-77.034004, -12.051998], [-77.034023, -12.051986]]}, "properties": {"id": "406644983#0", "nombre": "406644983#0", "longitud": 48.08, "velocidad_max": 40.0, "num_lanes": 2}}, {"type": "Feature", "id": "406644984#0", "geometry": {"type": "LineString", "coordinates": [[-77.032985, -12.052598], [-77.03269, -12.052178]]}, "properties": {"id": "406644984#0", "nombre": "406644984#0", "longitud": 56.43, "velocidad_max": 30.0, "num_lanes": 2}}, {"type": "Feature", "id": "406644984#2", "geometry": {"type": "LineString", "coordinates": [[-77.032614, -12.052072], [-77.032499, -12.051914], [-77.032428, -12.051814], [-77.0322, -12.051479], [-77.032046, -12.051252], [-77.032036, -12.051237]]}, "properties": {"id": "406644984#2", "nombre": "406644984#2", "longitud": 111.72, "velocidad_max": 30.0, "num_lanes": 2}}, {"type": "Feature", "id": "40997523", "geometry": {"type": "LineString", "coordinates": [[-77.039095, -12.048753], [-77.039095, -12.048755]]}, "properties": {"id": "40997523", "nombre": "40997523", "longitud": 0.2, "velocidad_max": 50.0, "num_lanes": 2}}, {"type": "Feature", "id": "410082461#0", "geometry": {"type": "LineString", "coordinates": [[-77.035292, -12.055894], [-77.035293, -12.055854], [-77.035256, -12.055788], [-77.035249, -12.055769], [-77.035247, -12.055753], [-77.035247, -12.055739], [-77.035252, -12.055729]]}, "properties": {"id": "410082461#0", "nombre": "410082461#0", "longitud": 19.53, "velocidad_max": 20.0, "num_lanes": 1}}, {"type": "Feature", "id": "410082462#0", "geometry": {"type": "LineString", "coordinates": [[-77.035246, -12.055913], [-77.03512, -12.055744], [-77.035119, -12.055743]]}, "properties": {"id": "410082462#0", "nombre": "410082462#0", "longitud": 23.38, "velocidad_max": 30.0, "num_lanes": 2}}, {"type": "Feature", "id": "410089531#0", "geometry": {"type": "LineString", "coordinates": [[-77.028903, -12.055332], [-77.028959, -12.055299]]}, "properties": {"id": "410089531#0", "nombre": "410089531#0", "longitud": 7.03, "velocidad_max": 50.0, "num_lanes": 3}}, {"type": "Feature", "id": "410089531#1", "geometry": {"type": "LineString", "coordinates": [[-77.028962, -12.055297], [-77.029611, -12.054876], [-77.03007, -12.05456]]}, "properties": {"id": "410089531#1", "nombre": "410089531#1", "longitud": 145.6, "velocidad_max": 50.0, "num_lanes": 3}}, {"type": "Feature", "id": "410710358", "geometry": {"type": "LineString", "coordinates": [[-77.042129, -12.048372], [-77.041907, -12.048037], [-77.041895, -12.047965], [-77.04191, -12.04788], [-77.041947, -12.047823], [-77.042312, -12.047573], [-77.042322, -12.047566]]}, "properties": {"id": "410710358", "nombre": "410710358", "longitud": 119.18, "velocidad_max": 30.0, "num_lanes": 2}}, {"type": "Feature", "id": "412296083#0", "geometry": {"type": "LineString", "coordinates": [[-77.030075, -12.057912], [-77.029991, -12.058551], [-77.029965, -12.058734]]}, "properties": {"id": "412296083#0", "nombre": "412296083#0", "longitud": 91.77, "velocidad_max": 50.0, "num_lanes": 3}}, {"type": "Feature", "id": "412296083#2", "geometry": {"type": "LineString", "coordinates": [[-77.029965, -12.058737], [-77.02995, -12.058844], [-77.029937, -12.058936], [-77.030009, -12.058946], [-77.031335, -12.059115], [-77.031342, -12.059116]]}, "properties": {"id": "412296083#2", "nombre": "412296083#2", "longitud": 176.58, "velocidad_max": 50.0, "num_lanes": 3}}, {"type": "Feature", "id": "412296084#0", "geometry": {"type": "LineString", "coordinates": [[-77.031562, -12.057923], [-77.031589, -12.057687], [-77.031616, -12.057454], [-77.031618, -12.057433], [-77.031674, -12.05695]]}, "properties": {"id": "412296084#0", "nombre": "412296084#0", "longitud": 108.37, "velocidad_max": 60.0, "num_lanes": 2}}, {"type": "Feature", "id": "412296084#3", "geometry": {"type": "LineString", "coordinates": [[-77.031688, -12.056789], [-77.031705, -12.056505]]}, "properties": {"id": "412296084#3", "nombre": "412296084#3", "longitud": 31.5, "velocidad_max": 60.0, "num_lanes": 2}}, {"type": "Feature", "id": "412296575#0", "geometry": {"type": "LineString", "coordinates": [[-77.030123, -12.056596], [-77.030129, -12.056547], [-77.030209, -12.055956], [-77.030306, -12.055282], [-77.030308, -12.055257], [-77.03031, -12.055233]]}, "properties": {"id": "412296575#0", "nombre": "412296575#0", "longitud": 152.22, "velocidad_max": 50.0, "num_lanes": 3}}, {"type": "Feature", "id": "412296575#3", "geometry": {"type": "LineString", "coordinates": [[-77.030317, -12.055129], [-77.030319, -12.055062], [-77.030313, -12.054933], [-77.030298, -12.054848], [-77.030283, -12.0548], [-77.030272, -12.054763], [-77.030235, -12.054668]]}, "properties": {"id": "412296575#3", "nombre": "412296575#3", "longitud": 52.39, "velocidad_max": 50.0, "num_lanes": 3}}, {"type": "Feature", "id": "412296576#0", "geometry": {"type": "LineString", "coordinates": [[-77.030033, -12.056665], [-77.030023, -12.056664], [-77.029314, -12.056571], [-77.028749, -12.056497], [-77.028446, -12.056457], [-77.028417, -12.056443]]}, "properties": {"id": "412296576#0", "nombre": "412296576#0", "longitud": 177.89, "velocidad_max": 30.0, "num_lanes": 3}}, {"type": "Feature", "id": "412304785", "geometry": {"type": "LineString", "coordinates": [[-77.031815, -12.058417], [-77.032182, -12.059141]]}, "properties": {"id": "412304785", "nombre": "412304785", "longitud": 89.43, "velocidad_max": 50.0, "num_lanes": 2}}, {"type": "Feature", "id": "412307192", "geometry": {"type": "LineString", "coordinates": [[-77.032743, -12.048004], [-77.032694, -12.048034], [-77.031809, -12.048585]]}, "properties": {"id": "412307192", "nombre": "412307192", "longitud": 120.3, "velocidad_max": 30.0, "num_lanes": 2}}, {"type": "Feature", "id": "412495541#0", "geometry": {"type": "LineString", "coordinates": [[-77.031894, -12.056799], [-77.031923, -12.056851], [-77.032195, -12.05733]]}, "properties": {"id": "412495541#0", "nombre": "412495541#0", "longitud": 67.32, "velocidad_max": 30.0, "num_lanes": 2}}, {"type": "Feature", "id": "412495541#2", "geometry": {"type": "LineString", "coordinates": [[-77.032259, -12.057444], [-77.032339, -12.057591], [-77.032687, -12.058253]]}, "properties": {"id": "412495541#2", "nombre": "412495541#2", "longitud": 100.91, "velocidad_max": 30.0, "num_lanes": 2}}, {"type": "Feature", "id": "412495541#4", "geometry": {"type": "LineString", "coordinates": [[-77.032754, -12.058374], [-77.032989, -12.05879], [-77.033095, -12.058978], [-77.033268, -12.059283]]}, "properties": {"id": "412495541#4", "nombre": "412495541#4", "longitud": 115.1, "velocidad_max": 30.0, "num_lanes": 2}}, {"type": "Feature", "id": "412495542#0", "geometry": {"type": "LineString", "coordinates": [[-77.030856, -12.054778], [-77.031168, -12.054557], [-77.03127, -12.054484], [-77.031298, -12.054471], [-77.031338, -12.054468], [-77.031368, -12.054478], [-77.031395, -12.0545], [-77.031576, -12.054787], [-77.031856, -12.055239], [-77.031869, -12.055259]]}, "properties": {"id": "412495542#0", "nombre": "412495542#0", "longitud": 169.18, "velocidad_max": 30.0, "num_lanes": 2}}, {"type": "Feature", "id": "42211168#0", "geometry": {"type": "LineString", "coordinates": [[-77.036478, -12.053975], [-77.036552, -12.053986], [-77.03696, -12.054028], [-77.03734, -12.054068], [-77.037356, -12.05407]]}, "properties": {"id": "42211168#0", "nombre": "42211168#0", "longitud": 96.2, "velocidad_max": 40.0, "num_lanes": 4}}, {"type": "Feature", "id": "42213116#0", "geometry": {"type": "LineString", "coordinates": [[-77.042488, -12.051945], [-77.04293, -12.051918], [-77.043159, -12.051903], [-77.043398, -12.051888]]}, "properties": {"id": "42213116#0", "nombre": "42213116#0", "longitud": 99.29, "velocidad_max": 30.0, "num_lanes": 1}}, {"type": "Feature", "id": "42213116#3", "geometry": {"type": "LineString", "coordinates": [[-77.043495, -12.051881], [-77.043975, -12.05185]]}, "properties": {"id": "42213116#3", "nombre": "42213116#3", "longitud": 52.44, "velocidad_max": 30.0, "num_lanes": 1}}, {"type": "Feature", "id": "42213116#4", "geometry": {"type": "LineString", "coordinates": [[-77.044112, -12.051841], [-77.044599, -12.051811]]}, "properties": {"id": "42213116#4", "nombre": "42213116#4", "longitud": 53.16, "velocidad_max": 30.0, "num_lanes": 1}}, {"type": "Feature", "id": "42213116#5", "geometry": {"type": "LineString", "coordinates": [[-77.044706, -12.051804], [-77.045218, -12.05177]]}, "properties": {"id": "42213116#5", "nombre": "42213116#5", "longitud": 55.88, "velocidad_max": 30.0, "num_lanes": 1}}, {"type": "Feature", "id": "42213129", "geometry": {"type": "LineString", "coordinates": [[-77.04241, -12.050847], [-77.042368, -12.05085]]}, "properties": {"id": "42213129", "nombre": "42213129", "longitud": 4.58, "velocidad_max": 40.0, "num_lanes": 3}}, {"type": "Feature", "id": "42215043", "geometry": {"type": "LineString", "coordinates": [[-77.039084, -12.060147], [-77.039086, -12.060046]]}, "properties": {"id": "42215043", "nombre": "42215043", "longitud": 11.18, "velocidad_max": 30.0, "num_lanes": 3}}, {"type": "Feature", "id": "427041932#0", "geometry": {"type": "LineString", "coordinates": [[-77.055363, -12.03911], [-77.054745, -12.039189]]}, "properties": {"id": "427041932#0", "nombre": "427041932#0", "longitud": 67.89, "velocidad_max": 50.0, "num_lanes": 1}}, {"type": "Feature", "id": "427041932#2", "geometry": {"type": "LineString", "coordinates": [[-77.054613, -12.039207], [-77.05443, -12.039226], [-77.054376, -12.039235], [-77.053834, -12.039319]]}, "properties": {"id": "427041932#2", "nombre": "427041932#2", "longitud": 85.79, "velocidad_max": 50.0, "num_lanes": 1}}, {"type": "Feature", "id": "427052742#0", "geometry": {"type": "LineString", "coordinates": [[-77.055346, -12.038956], [-77.055332, -12.038949], [-77.05521, -12.038924], [-77.054901, -12.038828], [-77.054827, -12.038807], [-77.054764, -12.038768], [-77.054741, -12.038749]]}, "properties": {"id": "427052742#0", "nombre": "427052742#0", "longitud": 70.36, "velocidad_max": 50.0, "num_lanes": 1}}, {"type": "Feature", "id": "427052742#1", "geometry": {"type": "LineString", "coordinates": [[-77.054678, -12.038661], [-77.054574, -12.038573], [-77.054496, -12.038509]]}, "properties": {"id": "427052742#1", "nombre": "427052742#1", "longitud": 25.96, "velocidad_max": 50.0, "num_lanes": 1}}, {"type": "Feature", "id": "427052782#0", "geometry": {"type": "LineString", "coordinates": [[-77.043235, -12.038409], [-77.043245, -12.038397], [-77.043267, -12.038236], [-77.043259, -12.038076], [-77.043227, -12.038004], [-77.043199, -12.037952], [-77.043104, -12.037873], [-77.043084, -12.037862], [-77.04306, -12.037857], [-77.04279, -12.03779]]}, "properties": {"id": "427052782#0", "nombre": "427052782#0", "longitud": 101.71, "velocidad_max": 10.0, "num_lanes": 1}}, {"type": "Feature", "id": "427052782#1", "geometry": {"type": "LineString", "coordinates": [[-77.042662, -12.037757], [-77.042597, -12.037739]]}, "properties": {"id": "427052782#1", "nombre": "427052782#1", "longitud": 7.26, "velocidad_max": 10.0, "num_lanes": 1}}, {"type": "Feature", "id": "428004495#0", "geometry": {"type": "LineString", "coordinates": [[-77.050589, -12.060674], [-77.050608, -12.060627], [-77.050643, -12.060588], [-77.051323, -12.060036]]}, "properties": {"id": "428004495#0", "nombre": "428004495#0", "longitud": 107.4, "velocidad_max": 30.0, "num_lanes": 1}}, {"type": "Feature", "id": "428004495#1", "geometry": {"type": "LineString", "coordinates": [[-77.051401, -12.059974], [-77.051909, -12.059571], [-77.051963, -12.059543], [-77.052012, -12.059528]]}, "properties": {"id": "428004495#1", "nombre": "428004495#1", "longitud": 83.18, "velocidad_max": 30.0, "num_lanes": 1}}, {"type": "Feature", "id": "428004496#0", "geometry": {"type": "LineString", "coordinates": [[-77.044503, -12.04328], [-77.044503, -12.043278]]}, "properties": {"id": "428004496#0", "nombre": "428004496#0", "longitud": 0.2, "velocidad_max": 30.0, "num_lanes": 1}}, {"type": "Feature", "id": "428004496#1", "geometry": {"type": "LineString", "coordinates": [[-77.044509, -12.043187], [-77.044587, -12.042129], [-77.044592, -12.042058]]}, "properties": {"id": "428004496#1", "nombre": "428004496#1", "longitud": 125.21, "velocidad_max": 30.0, "num_lanes": 1}}, {"type": "Feature", "id": "428004497", "geometry": {"type": "LineString", "coordinates": [[-77.04981, -12.042586], [-77.04979, -12.042818], [-77.049722, -12.043443], [-77.049704, -12.043682]]}, "properties": {"id": "428004497", "nombre": "428004497", "longitud": 121.9, "velocidad_max": 30.0, "num_lanes": 1}}, {"type": "Feature", "id": "428004897#0", "geometry": {"type": "LineString", "coordinates": [[-77.038385, -12.041803], [-77.038992, -12.042634], [-77.039014, -12.042664]]}, "properties": {"id": "428004897#0", "nombre": "428004897#0", "longitud": 117.26, "velocidad_max": 30.0, "num_lanes": 2}}, {"type": "Feature", "id": "428004897#2", "geometry": {"type": "LineString", "coordinates": [[-77.039087, -12.042769], [-77.039337, -12.043146], [-77.039461, -12.043333], [-77.039682, -12.043667]]}, "properties": {"id": "428004897#2", "nombre": "428004897#2", "longitud": 118.63, "velocidad_max": 30.0, "num_lanes": 2}}, {"type": "Feature", "id": "428004897#5", "geometry": {"type": "LineString", "coordinates": [[-77.039756, -12.043777], [-77.040088, -12.044265], [-77.040272, -12.044537]]}, "properties": {"id": "428004897#5", "nombre": "428004897#5", "longitud": 101.17, "velocidad_max": 30.0, "num_lanes": 2}}, {"type": "Feature", "id": "428004898#0", "geometry": {"type": "LineString", "coordinates": [[-77.037409, -12.04226], [-77.037127, -12.041744], [-77.037068, -12.041636], [-77.037039, -12.041615]]}, "properties": {"id": "428004898#0", "nombre": "428004898#0", "longitud": 82.31, "velocidad_max": 40.0, "num_lanes": 1}}, {"type": "Feature", "id": "428004900#0", "geometry": {"type": "LineString", "coordinates": [[-77.041453, -12.044143], [-77.041808, -12.04465], [-77.041965, -12.044875]]}, "properties": {"id": "428004900#0", "nombre": "428004900#0", "longitud": 98.29, "velocidad_max": 30.0, "num_lanes": 1}}, {"type": "Feature", "id": "428006001#0", "geometry": {"type": "LineString", "coordinates": [[-77.047304, -12.042223], [-77.04774, -12.042265], [-77.047785, -12.04227], [-77.048463, -12.042349]]}, "properties": {"id": "428006001#0", "nombre": "428006001#0", "longitud": 127.0, "velocidad_max": 30.0, "num_lanes": 1}}, {"type": "Feature", "id": "428006005#0", "geometry": {"type": "LineString", "coordinates": [[-77.046243, -12.040439], [-77.046969, -12.040524], [-77.047329, -12.040562]]}, "properties": {"id": "428006005#0", "nombre": "428006005#0", "longitud": 118.98, "velocidad_max": 30.0, "num_lanes": 1}}, {"type": "Feature", "id": "428006005#2", "geometry": {"type": "LineString", "coordinates": [[-77.04746, -12.040575], [-77.048374, -12.040664], [-77.048623, -12.040688]]}, "properties": {"id": "428006005#2", "nombre": "428006005#2", "longitud": 127.25, "velocidad_max": 30.0, "num_lanes": 1}}, {"type": "Feature", "id": "428010122#0", "geometry": {"type": "LineString", "coordinates": [[-77.043247, -12.05728], [-77.043494, -12.057301], [-77.043713, -12.05732], [-77.04404, -12.057348], [-77.044503, -12.057387]]}, "properties": {"id": "428010122#0", "nombre": "428010122#0", "longitud": 137.29, "velocidad_max": 30.0, "num_lanes": 2}}, {"type": "Feature", "id": "428010122#4", "geometry": {"type": "LineString", "coordinates": [[-77.044605, -12.057396], [-77.045242, -12.05745], [-77.045389, -12.057463], [-77.045887, -12.057505]]}, "properties": {"id": "428010122#4", "nombre": "428010122#4", "longitud": 140.12, "velocidad_max": 30.0, "num_lanes": 2}}, {"type": "Feature", "id": "428010124#0", "geometry": {"type": "LineString", "coordinates": [[-77.044729, -12.050775], [-77.044687, -12.05134], [-77.044657, -12.051755]]}, "properties": {"id": "428010124#0", "nombre": "428010124#0", "longitud": 108.69, "velocidad_max": 50.0, "num_lanes": 1}}, {"type": "Feature", "id": "428010125", "geometry": {"type": "LineString", "coordinates": [[-77.043119, -12.058276], [-77.043394, -12.059115], [-77.043525, -12.059516]]}, "properties": {"id": "428010125", "nombre": "428010125", "longitud": 144.18, "velocidad_max": 30.0, "num_lanes": 2}}, {"type": "Feature", "id": "428010126#0", "geometry": {"type": "LineString", "coordinates": [[-77.042201, -12.05541], [-77.042931, -12.055464]]}, "properties": {"id": "428010126#0", "nombre": "428010126#0", "longitud": 79.71, "velocidad_max": 30.0, "num_lanes": 1}}, {"type": "Feature", "id": "428010126#1", "geometry": {"type": "LineString", "coordinates": [[-77.043034, -12.055472], [-77.043434, -12.055502], [-77.04365, -12.055518]]}, "properties": {"id": "428010126#1", "nombre": "428010126#1", "longitud": 67.29, "velocidad_max": 30.0, "num_lanes": 1}}, {"type": "Feature", "id": "428014805#0", "geometry": {"type": "LineString", "coordinates": [[-77.052711, -12.047659], [-77.052648, -12.049119]]}, "properties": {"id": "428014805#0", "nombre": "428014805#0", "longitud": 161.7, "velocidad_max": 30.0, "num_lanes": 1}}, {"type": "Feature", "id": "428014807#0", "geometry": {"type": "LineString", "coordinates": [[-77.052799, -12.047505], [-77.052764, -12.04754], [-77.052721, -12.047608], [-77.052717, -12.047619]]}, "properties": {"id": "428014807#0", "nombre": "428014807#0", "longitud": 15.53, "velocidad_max": 50.0, "num_lanes": 1}}, {"type": "Feature", "id": "428014943#0", "geometry": {"type": "LineString", "coordinates": [[-77.052168, -12.050461], [-77.052204, -12.050489], [-77.052238, -12.050538], [-77.052571, -12.05119]]}, "properties": {"id": "428014943#0", "nombre": "428014943#0", "longitud": 92.35, "velocidad_max": 30.0, "num_lanes": 1}}, {"type": "Feature", "id": "428014943#1", "geometry": {"type": "LineString", "coordinates": [[-77.052617, -12.051283], [-77.053027, -12.052127]]}, "properties": {"id": "428014943#1", "nombre": "428014943#1", "longitud": 103.58, "velocidad_max": 30.0, "num_lanes": 1}}, {"type": "Feature", "id": "428017186#0", "geometry": {"type": "LineString", "coordinates": [[-77.046265, -12.046043], [-77.046092, -12.046025], [-77.045627, -12.045978]]}, "properties": {"id": "428017186#0", "nombre": "428017186#0", "longitud": 69.85, "velocidad_max": 10.0, "num_lanes": 1}}, {"type": "Feature", "id": "428017187#0", "geometry": {"type": "LineString", "coordinates": [[-77.049419, -12.047872], [-77.049472, -12.047871], [-77.050135, -12.0479], [-77.050422, -12.047926], [-77.050495, -12.047932]]}, "properties": {"id": "428017187#0", "nombre": "428017187#0", "longitud": 117.35, "velocidad_max": 30.0, "num_lanes": 1}}, {"type": "Feature", "id": "428017189", "geometry": {"type": "LineString", "coordinates": [[-77.046318, -12.050616], [-77.04637, -12.050848], [-77.04639, -12.050911], [-77.046415, -12.050968], [-77.04652, -12.051112], [-77.046556, -12.051194], [-77.046647, -12.05154]]}, "properties": {"id": "428017189", "nombre": "428017189", "longitud": 109.57, "velocidad_max": 50.0, "num_lanes": 1}}, {"type": "Feature", "id": "428020154#0", "geometry": {"type": "LineString", "coordinates": [[-77.032414, -12.038671], [-77.032435, -12.038655], [-77.032507, -12.038602], [-77.032518, -12.038593], [-77.032611, -12.038523]]}, "properties": {"id": "428020154#0", "nombre": "428020154#0", "longitud": 26.96, "velocidad_max": 50.0, "num_lanes": 2}}, {"type": "Feature", "id": "428020154#15", "geometry": {"type": "LineString", "coordinates": [[-77.034789, -12.036879], [-77.034834, -12.036845], [-77.034859, -12.036826], [-77.035025, -12.036699], [-77.035152, -12.0366], [-77.035188, -12.036572], [-77.035304, -12.036484], [-77.035366, -12.036436], [-77.035449, -12.036373], [-77.035735, -12.036154]]}, "properties": {"id": "428020154#15", "nombre": "428020154#15", "longitud": 130.51, "velocidad_max": 50.0, "num_lanes": 2}}, {"type": "Feature", "id": "428020154#3", "geometry": {"type": "LineString", "coordinates": [[-77.032693, -12.038462], [-77.03285, -12.038342], [-77.033005, -12.038224], [-77.033045, -12.038193], [-77.033118, -12.038138], [-77.033144, -12.038119], [-77.033273, -12.03802], [-77.03333, -12.037977], [-77.033369, -12.037948], [-77.033398, -12.037925], [-77.033446, -12.037889], [-77.033465, -12.037875], [-77.0335, -12.037847], [-77.033631, -12.037748], [-77.033682, -12.03771], [-77.033729, -12.037674], [-77.033826, -12.0376], [-77.033864, -12.037572], [-77.034207, -12.037316], [-77.034219, -12.037307], [-77.034344, -12.037214], [-77.034436, -12.037144], [-77.034573, -12.037041], [-77.034606, -12.037017], [-77.03477, -12.036893], [-77.034787, -12.03688]]}, "properties": {"id": "428020154#3", "nombre": "428020154#3", "longitud": 287.48, "velocidad_max": 50.0, "num_lanes": 2}}, {"type": "Feature", "id": "428057111", "geometry": {"type": "LineString", "coordinates": [[-77.032017, -12.055619], [-77.031519, -12.055955]]}, "properties": {"id": "428057111", "nombre": "428057111", "longitud": 65.8, "velocidad_max": 30.0, "num_lanes": 1}}, {"type": "Feature", "id": "429707642", "geometry": {"type": "LineString", "coordinates": [[-77.039055, -12.038206], [-77.038997, -12.038114], [-77.038979, -12.038105], [-77.038953, -12.038102], [-77.038916, -12.038111], [-77.038626, -12.038213], [-77.038512, -12.038263], [-77.038303, -12.038355], [-77.038067, -12.038459]]}, "properties": {"id": "429707642", "nombre": "429707642", "longitud": 121.45, "velocidad_max": 50.0, "num_lanes": 1}}, {"type": "Feature", "id": "430062235", "geometry": {"type": "LineString", "coordinates": [[-77.04086, -12.046281], [-77.041411, -12.047111]]}, "properties": {"id": "430062235", "nombre": "430062235", "longitud": 109.71, "velocidad_max": 20.0, "num_lanes": 1}}, {"type": "Feature", "id": "430062236#2", "geometry": {"type": "LineString", "coordinates": [[-77.040442, -12.044764], [-77.040733, -12.045189], [-77.040824, -12.045322], [-77.040908, -12.045445], [-77.040937, -12.045488], [-77.040956, -12.045516]]}, "properties": {"id": "430062236#2", "nombre": "430062236#2", "longitud": 100.28, "velocidad_max": 30.0, "num_lanes": 2}}, {"type": "Feature", "id": "430063047#0", "geometry": {"type": "LineString", "coordinates": [[-77.040928, -12.047421], [-77.040337, -12.046566], [-77.040199, -12.046375], [-77.040144, -12.046297], [-77.040093, -12.046227], [-77.040075, -12.046202]]}, "properties": {"id": "430063047#0", "nombre": "430063047#0", "longitud": 163.81, "velocidad_max": 30.0, "num_lanes": 2}}, {"type": "Feature", "id": "430063047#2", "geometry": {"type": "LineString", "coordinates": [[-77.039999, -12.046097], [-77.039991, -12.046085], [-77.039883, -12.045945], [-77.039376, -12.045255], [-77.039372, -12.045249]]}, "properties": {"id": "430063047#2", "nombre": "430063047#2", "longitud": 116.03, "velocidad_max": 30.0, "num_lanes": 2}}, {"type": "Feature", "id": "430063047#4", "geometry": {"type": "LineString", "coordinates": [[-77.039292, -12.045143], [-77.038994, -12.04471], [-77.03877, -12.044384]]}, "properties": {"id": "430063047#4", "nombre": "430063047#4", "longitud": 101.44, "velocidad_max": 30.0, "num_lanes": 2}}, {"type": "Feature", "id": "430063047#6", "geometry": {"type": "LineString", "coordinates": [[-77.038694, -12.044276], [-77.03853, -12.044046], [-77.03833, -12.043766], [-77.038069, -12.043399]]}, "properties": {"id": "430063047#6", "nombre": "430063047#6", "longitud": 118.56, "velocidad_max": 30.0, "num_lanes": 2}}, {"type": "Feature", "id": "430063047#9", "geometry": {"type": "LineString", "coordinates": [[-77.037999, -12.04329], [-77.037759, -12.042872], [-77.037577, -12.042556], [-77.037474, -12.042376]]}, "properties": {"id": "430063047#9", "nombre": "430063047#9", "longitud": 116.08, "velocidad_max": 30.0, "num_lanes": 2}}, {"type": "Feature", "id": "430072721#0", "geometry": {"type": "LineString", "coordinates": [[-77.031698, -12.048655], [-77.031386, -12.048847], [-77.031368, -12.04886], [-77.03135, -12.04887], [-77.031094, -12.049019], [-77.031021, -12.049062], [-77.030953, -12.049104], [-77.030805, -12.049194]]}, "properties": {"id": "430072721#0", "nombre": "430072721#0", "longitud": 114.11, "velocidad_max": 30.0, "num_lanes": 2}}, {"type": "Feature", "id": "430072721#7", "geometry": {"type": "LineString", "coordinates": [[-77.030694, -12.049262], [-77.029935, -12.049732], [-77.029815, -12.049806], [-77.029814, -12.049807]]}, "properties": {"id": "430072721#7", "nombre": "430072721#7", "longitud": 113.27, "velocidad_max": 30.0, "num_lanes": 2}}, {"type": "Feature", "id": "430072721#8", "geometry": {"type": "LineString", "coordinates": [[-77.029702, -12.049878], [-77.029358, -12.050104], [-77.029019, -12.050327]]}, "properties": {"id": "430072721#8", "nombre": "430072721#8", "longitud": 89.46, "velocidad_max": 30.0, "num_lanes": 2}}, {"type": "Feature", "id": "430410163#0", "geometry": {"type": "LineString", "coordinates": [[-77.032196, -12.053368], [-77.032202, -12.053378], [-77.032229, -12.053419], [-77.032288, -12.053509], [-77.032294, -12.053518], [-77.032445, -12.053747], [-77.032696, -12.054121]]}, "properties": {"id": "430410163#0", "nombre": "430410163#0", "longitud": 99.49, "velocidad_max": 30.0, "num_lanes": 2}}, {"type": "Feature", "id": "430410163#3", "geometry": {"type": "LineString", "coordinates": [[-77.03277, -12.054229], [-77.032777, -12.054238], [-77.033159, -12.054774]]}, "properties": {"id": "430410163#3", "nombre": "430410163#3", "longitud": 73.63, "velocidad_max": 30.0, "num_lanes": 2}}, {"type": "Feature", "id": "430410163#6", "geometry": {"type": "LineString", "coordinates": [[-77.033296, -12.054965], [-77.033582, -12.055371], [-77.033596, -12.055392]]}, "properties": {"id": "430410163#6", "nombre": "430410163#6", "longitud": 57.45, "velocidad_max": 30.0, "num_lanes": 2}}, {"type": "Feature", "id": "430410163#8", "geometry": {"type": "LineString", "coordinates": [[-77.033753, -12.055614], [-77.033762, -12.055626], [-77.033876, -12.055787], [-77.033919, -12.055847], [-77.034148, -12.05617], [-77.034158, -12.056185], [-77.034221, -12.056273], [-77.034285, -12.056364], [-77.034439, -12.056581], [-77.034536, -12.056718], [-77.034711, -12.056965], [-77.034739, -12.057006]]}, "properties": {"id": "430410163#8", "nombre": "430410163#8", "longitud": 187.78, "velocidad_max": 30.0, "num_lanes": 2}}, {"type": "Feature", "id": "434577530", "geometry": {"type": "LineString", "coordinates": [[-77.048305, -12.058151], [-77.048298, -12.058257]]}, "properties": {"id": "434577530", "nombre": "434577530", "longitud": 11.68, "velocidad_max": 30.0, "num_lanes": 1}}, {"type": "Feature", "id": "434790309", "geometry": {"type": "LineString", "coordinates": [[-77.042277, -12.058723], [-77.041913, -12.058695]]}, "properties": {"id": "434790309", "nombre": "434790309", "longitud": 39.75, "velocidad_max": 50.0, "num_lanes": 1}}, {"type": "Feature", "id": "434827666#0", "geometry": {"type": "LineString", "coordinates": [[-77.037441, -12.054174], [-77.037427, -12.054452], [-77.037438, -12.054747], [-77.037458, -12.055061], [-77.037467, -12.055319], [-77.037466, -12.055356], [-77.037464, -12.055398], [-77.037459, -12.055429], [-77.037451, -12.055467], [-77.037442, -12.055499], [-77.037431, -12.055528], [-77.037416, -12.055562], [-77.037397, -12.055592], [-77.037378, -12.055621], [-77.037353, -12.05565], [-77.037328, -12.055674]]}, "properties": {"id": "434827666#0", "nombre": "434827666#0", "longitud": 170.36, "velocidad_max": 30.0, "num_lanes": 4}}, {"type": "Feature", "id": "435182963#0", "geometry": {"type": "LineString", "coordinates": [[-77.0472, -12.043514], [-77.048341, -12.04362]]}, "properties": {"id": "435182963#0", "nombre": "435182963#0", "longitud": 124.91, "velocidad_max": 40.0, "num_lanes": 2}}, {"type": "Feature", "id": "435182963#1", "geometry": {"type": "LineString", "coordinates": [[-77.048473, -12.043632], [-77.048919, -12.043673], [-77.049197, -12.0437], [-77.049535, -12.043733], [-77.049648, -12.043742]]}, "properties": {"id": "435182963#1", "nombre": "435182963#1", "longitud": 128.59, "velocidad_max": 40.0, "num_lanes": 2}}, {"type": "Feature", "id": "435182963#5", "geometry": {"type": "LineString", "coordinates": [[-77.049749, -12.043751], [-77.050051, -12.04378], [-77.05025, -12.043797], [-77.050406, -12.043812], [-77.050844, -12.043848]]}, "properties": {"id": "435182963#5", "nombre": "435182963#5", "longitud": 119.76, "velocidad_max": 40.0, "num_lanes": 2}}, {"type": "Feature", "id": "435182963#9", "geometry": {"type": "LineString", "coordinates": [[-77.050847, -12.043848], [-77.050899, -12.043852]]}, "properties": {"id": "435182963#9", "nombre": "435182963#9", "longitud": 5.65, "velocidad_max": 40.0, "num_lanes": 2}}, {"type": "Feature", "id": "435186959#0", "geometry": {"type": "LineString", "coordinates": [[-77.05109, -12.043867], [-77.051532, -12.043907], [-77.051562, -12.043936], [-77.051568, -12.043976], [-77.051558, -12.0441]]}, "properties": {"id": "435186959#0", "nombre": "435186959#0", "longitud": 71.14, "velocidad_max": 20.0, "num_lanes": 1}}, {"type": "Feature", "id": "435186960#0", "geometry": {"type": "LineString", "coordinates": [[-77.051569, -12.044336], [-77.051569, -12.044338], [-77.051552, -12.044479], [-77.051535, -12.044502], [-77.051503, -12.044511], [-77.05149, -12.04451], [-77.051348, -12.044499], [-77.051326, -12.044497], [-77.051265, -12.04449], [-77.051076, -12.044469]]}, "properties": {"id": "435186960#0", "nombre": "435186960#0", "longitud": 69.43, "velocidad_max": 20.0, "num_lanes": 1}}, {"type": "Feature", "id": "435186960#4", "geometry": {"type": "LineString", "coordinates": [[-77.051074, -12.044469], [-77.051042, -12.044464]]}, "properties": {"id": "435186960#4", "nombre": "435186960#4", "longitud": 3.54, "velocidad_max": 20.0, "num_lanes": 1}}, {"type": "Feature", "id": "435194808", "geometry": {"type": "LineString", "coordinates": [[-77.050671, -12.04397], [-77.050675, -12.043982], [-77.050676, -12.044018], [-77.050658, -12.044212], [-77.050646, -12.044273], [-77.05064, -12.044287]]}, "properties": {"id": "435194808", "nombre": "435194808", "longitud": 35.49, "velocidad_max": 30.0, "num_lanes": 1}}, {"type": "Feature", "id": "435194811#0", "geometry": {"type": "LineString", "coordinates": [[-77.051228, -12.044246], [-77.051225, -12.044231], [-77.051226, -12.044185], [-77.051229, -12.044148], [-77.051237, -12.044122]]}, "properties": {"id": "435194811#0", "nombre": "435194811#0", "longitud": 13.88, "velocidad_max": 30.0, "num_lanes": 1}}, {"type": "Feature", "id": "435208901#0", "geometry": {"type": "LineString", "coordinates": [[-77.051602, -12.044171], [-77.052117, -12.044229], [-77.052233, -12.044242]]}, "properties": {"id": "435208901#0", "nombre": "435208901#0", "longitud": 69.2, "velocidad_max": 50.0, "num_lanes": 2}}, {"type": "Feature", "id": "435208901#2", "geometry": {"type": "LineString", "coordinates": [[-77.052368, -12.044256], [-77.052968, -12.044313], [-77.053496, -12.044363], [-77.05354, -12.044367]]}, "properties": {"id": "435208901#2", "nombre": "435208901#2", "longitud": 128.29, "velocidad_max": 50.0, "num_lanes": 2}}, {"type": "Feature", "id": "435208901#5", "geometry": {"type": "LineString", "coordinates": [[-77.053672, -12.04438], [-77.05476, -12.044482]]}, "properties": {"id": "435208901#5", "nombre": "435208901#5", "longitud": 119.02, "velocidad_max": 50.0, "num_lanes": 2}}, {"type": "Feature", "id": "435208901#6", "geometry": {"type": "LineString", "coordinates": [[-77.054922, -12.044498], [-77.056165, -12.044612], [-77.057422, -12.044725], [-77.058708, -12.044855], [-77.059087, -12.044892], [-77.059974, -12.044977], [-77.060592, -12.045039], [-77.061129, -12.045092], [-77.06122, -12.045102], [-77.061314, -12.045111], [-77.061719, -12.045148], [-77.062398, -12.04521], [-77.062744, -12.04524], [-77.06297, -12.045262], [-77.06328, -12.045291], [-77.063642, -12.045324], [-77.063948, -12.045351], [-77.06441, -12.045392], [-77.064703, -12.045418]]}, "properties": {"id": "435208901#6", "nombre": "435208901#6", "longitud": 1070.15, "velocidad_max": 50.0, "num_lanes": 2}}, {"type": "Feature", "id": "435208901#7", "geometry": {"type": "LineString", "coordinates": [[-77.064706, -12.045419], [-77.064763, -12.045424], [-77.064906, -12.045437]]}, "properties": {"id": "435208901#7", "nombre": "435208901#7", "longitud": 21.9, "velocidad_max": 50.0, "num_lanes": 2}}, {"type": "Feature", "id": "435343301#1", "geometry": {"type": "LineString", "coordinates": [[-77.030451, -12.050666], [-77.031094, -12.050259], [-77.031104, -12.050253], [-77.031165, -12.050214]]}, "properties": {"id": "435343301#1", "nombre": "435343301#1", "longitud": 92.37, "velocidad_max": 40.0, "num_lanes": 2}}, {"type": "Feature", "id": "435353209", "geometry": {"type": "LineString", "coordinates": [[-77.05224, -12.058698], [-77.052325, -12.058921], [-77.052525, -12.059584]]}, "properties": {"id": "435353209", "nombre": "435353209", "longitud": 102.83, "velocidad_max": 50.0, "num_lanes": 2}}, {"type": "Feature", "id": "435353210#0", "geometry": {"type": "LineString", "coordinates": [[-77.052559, -12.059677], [-77.052576, -12.059707], [-77.052708, -12.059979]]}, "properties": {"id": "435353210#0", "nombre": "435353210#0", "longitud": 37.2, "velocidad_max": 50.0, "num_lanes": 2}}, {"type": "Feature", "id": "435353210#1", "geometry": {"type": "LineString", "coordinates": [[-77.052756, -12.060098], [-77.052782, -12.060182], [-77.05281, -12.060289], [-77.052827, -12.060406], [-77.052834, -12.060483], [-77.052854, -12.061087], [-77.052883, -12.061703], [-77.052929, -12.062753], [-77.052954, -12.06292], [-77.052973, -12.06299], [-77.052991, -12.063058]]}, "properties": {"id": "435353210#1", "nombre": "435353210#1", "longitud": 329.41, "velocidad_max": 50.0, "num_lanes": 2}}, {"type": "Feature", "id": "435353211#0", "geometry": {"type": "LineString", "coordinates": [[-77.052136, -12.058537], [-77.052058, -12.05829], [-77.051965, -12.058014], [-77.051912, -12.057857], [-77.051829, -12.057609]]}, "properties": {"id": "435353211#0", "nombre": "435353211#0", "longitud": 108.04, "velocidad_max": 50.0, "num_lanes": 1}}, {"type": "Feature", "id": "435353211#4", "geometry": {"type": "LineString", "coordinates": [[-77.051787, -12.057485], [-77.051747, -12.057365]]}, "properties": {"id": "435353211#4", "nombre": "435353211#4", "longitud": 14.04, "velocidad_max": 50.0, "num_lanes": 1}}, {"type": "Feature", "id": "435353211#5", "geometry": {"type": "LineString", "coordinates": [[-77.051746, -12.057362], [-77.051707, -12.057243]]}, "properties": {"id": "435353211#5", "nombre": "435353211#5", "longitud": 13.85, "velocidad_max": 50.0, "num_lanes": 1}}, {"type": "Feature", "id": "435353212#0", "geometry": {"type": "LineString", "coordinates": [[-77.052794, -12.061702], [-77.052767, -12.060889], [-77.052747, -12.060366], [-77.052719, -12.060199], [-77.052691, -12.060118]]}, "properties": {"id": "435353212#0", "nombre": "435353212#0", "longitud": 176.13, "velocidad_max": 50.0, "num_lanes": 2}}, {"type": "Feature", "id": "435353212#1", "geometry": {"type": "LineString", "coordinates": [[-77.052649, -12.060003], [-77.052543, -12.059748], [-77.052529, -12.059717], [-77.052516, -12.0597]]}, "properties": {"id": "435353212#1", "nombre": "435353212#1", "longitud": 36.56, "velocidad_max": 50.0, "num_lanes": 2}}, {"type": "Feature", "id": "435393028#0", "geometry": {"type": "LineString", "coordinates": [[-77.032165, -12.053199], [-77.032969, -12.052688]]}, "properties": {"id": "435393028#0", "nombre": "435393028#0", "longitud": 104.22, "velocidad_max": 40.0, "num_lanes": 2}}, {"type": "Feature", "id": "435393029#0", "geometry": {"type": "LineString", "coordinates": [[-77.032084, -12.053341], [-77.031753, -12.053565], [-77.031061, -12.054015], [-77.030882, -12.054138], [-77.030515, -12.054367]]}, "properties": {"id": "435393029#0", "nombre": "435393029#0", "longitud": 205.19, "velocidad_max": 40.0, "num_lanes": 3}}, {"type": "Feature", "id": "435393029#2", "geometry": {"type": "LineString", "coordinates": [[-77.030513, -12.054369], [-77.030484, -12.054388], [-77.030409, -12.054436]]}, "properties": {"id": "435393029#2", "nombre": "435393029#2", "longitud": 13.54, "velocidad_max": 40.0, "num_lanes": 3}}, {"type": "Feature", "id": "435394268", "geometry": {"type": "LineString", "coordinates": [[-77.03619, -12.05954], [-77.036123, -12.059937], [-77.036111, -12.06], [-77.036072, -12.060196]]}, "properties": {"id": "435394268", "nombre": "435394268", "longitud": 73.69, "velocidad_max": 40.0, "num_lanes": 8}}, {"type": "Feature", "id": "435473988#0", "geometry": {"type": "LineString", "coordinates": [[-77.032231, -12.063492], [-77.032241, -12.063416], [-77.032405, -12.06227], [-77.032417, -12.062188], [-77.032426, -12.062119], [-77.032503, -12.061542], [-77.032577, -12.060977], [-77.032589, -12.060884], [-77.032598, -12.060819], [-77.032697, -12.060066], [-77.032719, -12.059904], [-77.032747, -12.059691]]}, "properties": {"id": "435473988#0", "nombre": "435473988#0", "longitud": 424.27, "velocidad_max": 30.0, "num_lanes": 2}}, {"type": "Feature", "id": "435488000#0", "geometry": {"type": "LineString", "coordinates": [[-77.050459, -12.052279], [-77.050391, -12.051803], [-77.050368, -12.051657]]}, "properties": {"id": "435488000#0", "nombre": "435488000#0", "longitud": 69.55, "velocidad_max": 50.0, "num_lanes": 1}}, {"type": "Feature", "id": "435488000#2", "geometry": {"type": "LineString", "coordinates": [[-77.050352, -12.051556], [-77.050272, -12.051043], [-77.050246, -12.050879]]}, "properties": {"id": "435488000#2", "nombre": "435488000#2", "longitud": 75.76, "velocidad_max": 50.0, "num_lanes": 1}}, {"type": "Feature", "id": "435491726#2", "geometry": {"type": "LineString", "coordinates": [[-77.029356, -12.052988], [-77.029308, -12.052902], [-77.029246, -12.052794]]}, "properties": {"id": "435491726#2", "nombre": "435491726#2", "longitud": 24.67, "velocidad_max": 50.0, "num_lanes": 4}}, {"type": "Feature", "id": "435491726#3", "geometry": {"type": "LineString", "coordinates": [[-77.029244, -12.052791], [-77.028844, -12.052059], [-77.028799, -12.051972]]}, "properties": {"id": "435491726#3", "nombre": "435491726#3", "longitud": 102.8, "velocidad_max": 50.0, "num_lanes": 4}}, {"type": "Feature", "id": "435491726#4", "geometry": {"type": "LineString", "coordinates": [[-77.028797, -12.05197], [-77.028761, -12.051902], [-77.028706, -12.051797]]}, "properties": {"id": "435491726#4", "nombre": "435491726#4", "longitud": 21.54, "velocidad_max": 50.0, "num_lanes": 4}}, {"type": "Feature", "id": "435492362#0", "geometry": {"type": "LineString", "coordinates": [[-77.052996, -12.052185], [-77.052958, -12.05219], [-77.052544, -12.052208]]}, "properties": {"id": "435492362#0", "nombre": "435492362#0", "longitud": 49.23, "velocidad_max": 40.0, "num_lanes": 1}}, {"type": "Feature", "id": "435492362#1", "geometry": {"type": "LineString", "coordinates": [[-77.052443, -12.052213], [-77.051889, -12.052241]]}, "properties": {"id": "435492362#1", "nombre": "435492362#1", "longitud": 60.37, "velocidad_max": 40.0, "num_lanes": 1}}, {"type": "Feature", "id": "435492362#2", "geometry": {"type": "LineString", "coordinates": [[-77.051784, -12.052246], [-77.051287, -12.052272]]}, "properties": {"id": "435492362#2", "nombre": "435492362#2", "longitud": 54.27, "velocidad_max": 40.0, "num_lanes": 1}}, {"type": "Feature", "id": "435492363", "geometry": {"type": "LineString", "coordinates": [[-77.05411, -12.053249], [-77.054678, -12.054387]]}, "properties": {"id": "435492363", "nombre": "435492363", "longitud": 140.31, "velocidad_max": 50.0, "num_lanes": 1}}, {"type": "Feature", "id": "435499462#0", "geometry": {"type": "LineString", "coordinates": [[-77.036339, -12.044478], [-77.03634, -12.04448]]}, "properties": {"id": "435499462#0", "nombre": "435499462#0", "longitud": 0.28, "velocidad_max": 50.0, "num_lanes": 2}}, {"type": "Feature", "id": "435505666#0", "geometry": {"type": "LineString", "coordinates": [[-77.038777, -12.051587], [-77.038775, -12.051607], [-77.038767, -12.051671], [-77.038736, -12.051933], [-77.038723, -12.052043]]}, "properties": {"id": "435505666#0", "nombre": "435505666#0", "longitud": 50.86, "velocidad_max": 50.0, "num_lanes": 2}}, {"type": "Feature", "id": "435505666#1", "geometry": {"type": "LineString", "coordinates": [[-77.038706, -12.052172], [-77.038631, -12.052722]]}, "properties": {"id": "435505666#1", "nombre": "435505666#1", "longitud": 61.4, "velocidad_max": 50.0, "num_lanes": 2}}, {"type": "Feature", "id": "435505666#2", "geometry": {"type": "LineString", "coordinates": [[-77.038617, -12.052825], [-77.038577, -12.053151], [-77.038565, -12.053245]]}, "properties": {"id": "435505666#2", "nombre": "435505666#2", "longitud": 46.78, "velocidad_max": 50.0, "num_lanes": 2}}, {"type": "Feature", "id": "435505666#3", "geometry": {"type": "LineString", "coordinates": [[-77.038551, -12.053373], [-77.038497, -12.053953]]}, "properties": {"id": "435505666#3", "nombre": "435505666#3", "longitud": 64.44, "velocidad_max": 50.0, "num_lanes": 2}}, {"type": "Feature", "id": "435505666#4", "geometry": {"type": "LineString", "coordinates": [[-77.038496, -12.053956], [-77.038487, -12.054062], [-77.038486, -12.054077]]}, "properties": {"id": "435505666#4", "nombre": "435505666#4", "longitud": 13.49, "velocidad_max": 50.0, "num_lanes": 2}}, {"type": "Feature", "id": "435522159#0", "geometry": {"type": "LineString", "coordinates": [[-77.042032, -12.05632], [-77.042029, -12.056347], [-77.042003, -12.056679]]}, "properties": {"id": "435522159#0", "nombre": "435522159#0", "longitud": 39.89, "velocidad_max": 50.0, "num_lanes": 3}}, {"type": "Feature", "id": "435522159#2", "geometry": {"type": "LineString", "coordinates": [[-77.041993, -12.056809], [-77.041969, -12.057106]]}, "properties": {"id": "435522159#2", "nombre": "435522159#2", "longitud": 32.99, "velocidad_max": 50.0, "num_lanes": 3}}, {"type": "Feature", "id": "435522159#3", "geometry": {"type": "LineString", "coordinates": [[-77.041958, -12.057235], [-77.041921, -12.057636], [-77.041895, -12.057953]]}, "properties": {"id": "435522159#3", "nombre": "435522159#3", "longitud": 79.71, "velocidad_max": 50.0, "num_lanes": 3}}, {"type": "Feature", "id": "435522160", "geometry": {"type": "LineString", "coordinates": [[-77.041962, -12.056234], [-77.04196, -12.056234]]}, "properties": {"id": "435522160", "nombre": "435522160", "longitud": 0.2, "velocidad_max": 50.0, "num_lanes": 3}}, {"type": "Feature", "id": "435533335#0", "geometry": {"type": "LineString", "coordinates": [[-77.0349, -12.05543], [-77.03475, -12.055188], [-77.034638, -12.055017], [-77.034607, -12.054971], [-77.034365, -12.054606]]}, "properties": {"id": "435533335#0", "nombre": "435533335#0", "longitud": 108.19, "velocidad_max": 30.0, "num_lanes": 2}}, {"type": "Feature", "id": "435545123", "geometry": {"type": "LineString", "coordinates": [[-77.037553, -12.046309], [-77.037554, -12.04631]]}, "properties": {"id": "435545123", "nombre": "435545123", "longitud": 0.2, "velocidad_max": 50.0, "num_lanes": 4}}, {"type": "Feature", "id": "435716109#0", "geometry": {"type": "LineString", "coordinates": [[-77.037107, -12.043918], [-77.037501, -12.043674], [-77.037694, -12.043555], [-77.037978, -12.043379]]}, "properties": {"id": "435716109#0", "nombre": "435716109#0", "longitud": 112.04, "velocidad_max": 30.0, "num_lanes": 2}}, {"type": "Feature", "id": "435716109#13", "geometry": {"type": "LineString", "coordinates": [[-77.040098, -12.042072], [-77.040865, -12.041633], [-77.041082, -12.041508]]}, "properties": {"id": "435716109#13", "nombre": "435716109#13", "longitud": 123.93, "velocidad_max": 30.0, "num_lanes": 2}}, {"type": "Feature", "id": "435716109#3", "geometry": {"type": "LineString", "coordinates": [[-77.038087, -12.043312], [-77.038664, -12.042956], [-77.038996, -12.042751]]}, "properties": {"id": "435716109#3", "nombre": "435716109#3", "longitud": 116.88, "velocidad_max": 30.0, "num_lanes": 2}}, {"type": "Feature", "id": "435716109#5", "geometry": {"type": "LineString", "coordinates": [[-77.039106, -12.042682], [-77.039392, -12.042506], [-77.039445, -12.042473], [-77.039491, -12.042444], [-77.039598, -12.042378], [-77.039605, -12.042374], [-77.039729, -12.042297], [-77.039796, -12.042256], [-77.039983, -12.04214]]}, "properties": {"id": "435716109#5", "nombre": "435716109#5", "longitud": 112.73, "velocidad_max": 30.0, "num_lanes": 2}}, {"type": "Feature", "id": "435718615", "geometry": {"type": "LineString", "coordinates": [[-77.042178, -12.043449], [-77.042364, -12.043329]]}, "properties": {"id": "435718615", "nombre": "435718615", "longitud": 24.19, "velocidad_max": 40.0, "num_lanes": 2}}, {"type": "Feature", "id": "435829242", "geometry": {"type": "LineString", "coordinates": [[-77.038677, -12.044365], [-77.038669, -12.044369], [-77.037832, -12.044892]]}, "properties": {"id": "435829242", "nombre": "435829242", "longitud": 108.89, "velocidad_max": 50.0, "num_lanes": 2}}, {"type": "Feature", "id": "435971213#1", "geometry": {"type": "LineString", "coordinates": [[-77.034537, -12.058172], [-77.034645, -12.05817], [-77.035455, -12.058177]]}, "properties": {"id": "435971213#1", "nombre": "435971213#1", "longitud": 100.01, "velocidad_max": 30.0, "num_lanes": 2}}, {"type": "Feature", "id": "435974098#3", "geometry": {"type": "LineString", "coordinates": [[-77.037922, -12.057947], [-77.037924, -12.057946]]}, "properties": {"id": "435974098#3", "nombre": "435974098#3", "longitud": 0.2, "velocidad_max": 40.0, "num_lanes": 2}}, {"type": "Feature", "id": "436306829#0", "geometry": {"type": "LineString", "coordinates": [[-77.053799, -12.04752], [-77.053355, -12.047477], [-77.052914, -12.047435]]}, "properties": {"id": "436306829#0", "nombre": "436306829#0", "longitud": 96.87, "velocidad_max": 60.0, "num_lanes": 3}}, {"type": "Feature", "id": "436306829#3", "geometry": {"type": "LineString", "coordinates": [[-77.052791, -12.047423], [-77.052588, -12.047403]]}, "properties": {"id": "436306829#3", "nombre": "436306829#3", "longitud": 22.19, "velocidad_max": 60.0, "num_lanes": 3}}, {"type": "Feature", "id": "436306829#4", "geometry": {"type": "LineString", "coordinates": [[-77.052509, -12.047396], [-77.052044, -12.047351]]}, "properties": {"id": "436306829#4", "nombre": "436306829#4", "longitud": 50.89, "velocidad_max": 60.0, "num_lanes": 3}}, {"type": "Feature", "id": "436306829#5", "geometry": {"type": "LineString", "coordinates": [[-77.051912, -12.047338], [-77.051409, -12.047289], [-77.050868, -12.047237]]}, "properties": {"id": "436306829#5", "nombre": "436306829#5", "longitud": 114.23, "velocidad_max": 60.0, "num_lanes": 3}}, {"type": "Feature", "id": "436306829#7", "geometry": {"type": "LineString", "coordinates": [[-77.050866, -12.047237], [-77.050775, -12.047228]]}, "properties": {"id": "436306829#7", "nombre": "436306829#7", "longitud": 9.96, "velocidad_max": 60.0, "num_lanes": 3}}, {"type": "Feature", "id": "436430279#0", "geometry": {"type": "LineString", "coordinates": [[-77.051995, -12.04717], [-77.052023, -12.046817], [-77.052118, -12.04595]]}, "properties": {"id": "436430279#0", "nombre": "436430279#0", "longitud": 135.68, "velocidad_max": 50.0, "num_lanes": 1}}, {"type": "Feature", "id": "436430279#3", "geometry": {"type": "LineString", "coordinates": [[-77.052134, -12.045791], [-77.052189, -12.045241], [-77.052273, -12.044391]]}, "properties": {"id": "436430279#3", "nombre": "436430279#3", "longitud": 155.62, "velocidad_max": 50.0, "num_lanes": 1}}, {"type": "Feature", "id": "436430279#6", "geometry": {"type": "LineString", "coordinates": [[-77.052287, -12.044181], [-77.052288, -12.044136], [-77.052347, -12.043524], [-77.052421, -12.042762]]}, "properties": {"id": "436430279#6", "nombre": "436430279#6", "longitud": 157.78, "velocidad_max": 50.0, "num_lanes": 1}}, {"type": "Feature", "id": "436430279#9", "geometry": {"type": "LineString", "coordinates": [[-77.052434, -12.042632], [-77.052453, -12.042423], [-77.052587, -12.040935]]}, "properties": {"id": "436430279#9", "nombre": "436430279#9", "longitud": 188.48, "velocidad_max": 50.0, "num_lanes": 1}}, {"type": "Feature", "id": "436430942#0", "geometry": {"type": "LineString", "coordinates": [[-77.049372, -12.047161], [-77.049367, -12.047197], [-77.049297, -12.047779]]}, "properties": {"id": "436430942#0", "nombre": "436430942#0", "longitud": 68.84, "velocidad_max": 30.0, "num_lanes": 1}}, {"type": "Feature", "id": "436441361#1", "geometry": {"type": "LineString", "coordinates": [[-77.044221, -12.047823], [-77.044627, -12.048228], [-77.044634, -12.048234]]}, "properties": {"id": "436441361#1", "nombre": "436441361#1", "longitud": 63.93, "velocidad_max": 50.0, "num_lanes": 4}}, {"type": "Feature", "id": "438488611", "geometry": {"type": "LineString", "coordinates": [[-77.033591, -12.042213], [-77.033592, -12.042215], [-77.033598, -12.042228], [-77.033599, -12.04223]]}, "properties": {"id": "438488611", "nombre": "438488611", "longitud": 2.1, "velocidad_max": 50.0, "num_lanes": 1}}, {"type": "Feature", "id": "438488612#0", "geometry": {"type": "LineString", "coordinates": [[-77.032873, -12.042549], [-77.032704, -12.042626], [-77.032676, -12.04264], [-77.032251, -12.042847], [-77.031797, -12.04307], [-77.031734, -12.043107], [-77.031672, -12.043153], [-77.031549, -12.04324], [-77.0315, -12.04327], [-77.031408, -12.043326], [-77.031253, -12.043402], [-77.031052, -12.0435], [-77.031033, -12.043517], [-77.031018, -12.043536], [-77.03101, -12.043556], [-77.031004, -12.043577], [-77.031004, -12.043594]]}, "properties": {"id": "438488612#0", "nombre": "438488612#0", "longitud": 237.1, "velocidad_max": 20.0, "num_lanes": 1}}, {"type": "Feature", "id": "438488630#0", "geometry": {"type": "LineString", "coordinates": [[-77.032615, -12.042502], [-77.032639, -12.042491], [-77.032721, -12.042455], [-77.032778, -12.042435]]}, "properties": {"id": "438488630#0", "nombre": "438488630#0", "longitud": 19.28, "velocidad_max": 40.0, "num_lanes": 2}}, {"type": "Feature", "id": "438488630#2", "geometry": {"type": "LineString", "coordinates": [[-77.032861, -12.042405], [-77.032902, -12.042391], [-77.033246, -12.042271], [-77.033337, -12.042234], [-77.03353, -12.042175]]}, "properties": {"id": "438488630#2", "nombre": "438488630#2", "longitud": 77.22, "velocidad_max": 40.0, "num_lanes": 2}}, {"type": "Feature", "id": "438488630#3", "geometry": {"type": "LineString", "coordinates": [[-77.033596, -12.042155], [-77.034069, -12.042007]]}, "properties": {"id": "438488630#3", "nombre": "438488630#3", "longitud": 54.01, "velocidad_max": 40.0, "num_lanes": 2}}, {"type": "Feature", "id": "438488630#4", "geometry": {"type": "LineString", "coordinates": [[-77.034194, -12.041972], [-77.03434, -12.04193], [-77.034508, -12.041901], [-77.03454, -12.041898], [-77.034587, -12.041899], [-77.034626, -12.041913], [-77.034664, -12.041938], [-77.034694, -12.041965], [-77.034725, -12.042004], [-77.034822, -12.042171], [-77.034871, -12.042249], [-77.034902, -12.042299], [-77.03491, -12.042311], [-77.034942, -12.042347], [-77.034971, -12.042363], [-77.03498, -12.042367], [-77.034995, -12.042373], [-77.035023, -12.042383], [-77.035069, -12.042393]]}, "properties": {"id": "438488630#4", "nombre": "438488630#4", "longitud": 122.85, "velocidad_max": 40.0, "num_lanes": 2}}, {"type": "Feature", "id": "440417667", "geometry": {"type": "LineString", "coordinates": [[-77.041492, -12.039114], [-77.041374, -12.039102], [-77.041251, -12.039098], [-77.041102, -12.039101], [-77.041004, -12.039115]]}, "properties": {"id": "440417667", "nombre": "440417667", "longitud": 53.33, "velocidad_max": 80.0, "num_lanes": 2}}, {"type": "Feature", "id": "440695562#0", "geometry": {"type": "LineString", "coordinates": [[-77.031104, -12.039568], [-77.030847, -12.038998], [-77.030808, -12.03891], [-77.030799, -12.038889], [-77.030691, -12.038636]]}, "properties": {"id": "440695562#0", "nombre": "440695562#0", "longitud": 112.55, "velocidad_max": 50.0, "num_lanes": 1}}, {"type": "Feature", "id": "440974614#0", "geometry": {"type": "LineString", "coordinates": [[-77.042283, -12.042895], [-77.04212, -12.042693], [-77.042108, -12.042678], [-77.041903, -12.042422]]}, "properties": {"id": "440974614#0", "nombre": "440974614#0", "longitud": 66.69, "velocidad_max": 40.0, "num_lanes": 1}}, {"type": "Feature", "id": "440974624#0", "geometry": {"type": "LineString", "coordinates": [[-77.046395, -12.046435], [-77.046277, -12.046425], [-77.046311, -12.046098]]}, "properties": {"id": "440974624#0", "nombre": "440974624#0", "longitud": 49.23, "velocidad_max": 10.0, "num_lanes": 1}}, {"type": "Feature", "id": "440974624#1", "geometry": {"type": "LineString", "coordinates": [[-77.046324, -12.045969], [-77.046377, -12.045444]]}, "properties": {"id": "440974624#1", "nombre": "440974624#1", "longitud": 58.36, "velocidad_max": 10.0, "num_lanes": 1}}, {"type": "Feature", "id": "441001411#0", "geometry": {"type": "LineString", "coordinates": [[-77.046722, -12.047074], [-77.046727, -12.047047], [-77.046728, -12.046885]]}, "properties": {"id": "441001411#0", "nombre": "441001411#0", "longitud": 20.96, "velocidad_max": 40.0, "num_lanes": 2}}, {"type": "Feature", "id": "441014163#1", "geometry": {"type": "LineString", "coordinates": [[-77.047086, -12.044049], [-77.047085, -12.044051]]}, "properties": {"id": "441014163#1", "nombre": "441014163#1", "longitud": 0.2, "velocidad_max": 40.0, "num_lanes": 2}}, {"type": "Feature", "id": "441043349#0", "geometry": {"type": "LineString", "coordinates": [[-77.043653, -12.043683], [-77.043651, -12.043684]]}, "properties": {"id": "441043349#0", "nombre": "441043349#0", "longitud": 0.2, "velocidad_max": 50.0, "num_lanes": 2}}, {"type": "Feature", "id": "441043349#1", "geometry": {"type": "LineString", "coordinates": [[-77.043529, -12.043705], [-77.043527, -12.043705]]}, "properties": {"id": "441043349#1", "nombre": "441043349#1", "longitud": 0.2, "velocidad_max": 50.0, "num_lanes": 2}}, {"type": "Feature", "id": "441104749", "geometry": {"type": "LineString", "coordinates": [[-77.040029, -12.039121], [-77.039834, -12.039127], [-77.038731, -12.039174], [-77.038608, -12.03918], [-77.038416, -12.039201], [-77.038096, -12.039269], [-77.03783, -12.039366]]}, "properties": {"id": "441104749", "nombre": "441104749", "longitud": 242.43, "velocidad_max": 80.0, "num_lanes": 3}}, {"type": "Feature", "id": "441104749-AddedOnRampEdge", "geometry": {"type": "LineString", "coordinates": [[-77.04097, -12.039089], [-77.040858, -12.039097], [-77.040604, -12.039114], [-77.040219, -12.03913], [-77.040102, -12.039133]]}, "properties": {"id": "441104749-AddedOnRampEdge", "nombre": "441104749-AddedOnRampEdge", "longitud": 94.6, "velocidad_max": 80.0, "num_lanes": 4}}, {"type": "Feature", "id": "441104750#0", "geometry": {"type": "LineString", "coordinates": [[-77.046368, -12.039056], [-77.046414, -12.039044], [-77.046686, -12.038968], [-77.046974, -12.038876], [-77.047258, -12.038782], [-77.047319, -12.03875], [-77.04739, -12.03871], [-77.047487, -12.038652], [-77.04751, -12.038636]]}, "properties": {"id": "441104750#0", "nombre": "441104750#0", "longitud": 133.5, "velocidad_max": 40.0, "num_lanes": 1}}, {"type": "Feature", "id": "441104750#12", "geometry": {"type": "LineString", "coordinates": [[-77.051289, -12.037335], [-77.051332, -12.037331], [-77.051396, -12.037324], [-77.051496, -12.037314], [-77.051661, -12.037297], [-77.051879, -12.037275], [-77.052082, -12.037255], [-77.052205, -12.037242], [-77.052619, -12.037202], [-77.053128, -12.037185], [-77.053251, -12.037172], [-77.053365, -12.037156], [-77.054031, -12.037064]]}, "properties": {"id": "441104750#12", "nombre": "441104750#12", "longitud": 300.39, "velocidad_max": 40.0, "num_lanes": 1}}, {"type": "Feature", "id": "441104750#13", "geometry": {"type": "LineString", "coordinates": [[-77.054164, -12.037047], [-77.055147, -12.036937], [-77.055236, -12.036928], [-77.055312, -12.036919], [-77.055802, -12.036863], [-77.055951, -12.036855], [-77.0561, -12.036858], [-77.056509, -12.036881], [-77.056859, -12.036881], [-77.057108, -12.036861], [-77.057363, -12.036829], [-77.057637, -12.036779], [-77.05789, -12.036722], [-77.059138, -12.036404], [-77.059508, -12.036313], [-77.060225, -12.036135], [-77.060507, -12.036068], [-77.060776, -12.036008], [-77.061083, -12.035948], [-77.06139, -12.035896], [-77.061726, -12.035844], [-77.062063, -12.035802], [-77.062928, -12.035712]]}, "properties": {"id": "441104750#13", "nombre": "441104750#13", "longitud": 969.55, "velocidad_max": 40.0, "num_lanes": 1}}, {"type": "Feature", "id": "441104750#6", "geometry": {"type": "LineString", "coordinates": [[-77.047599, -12.038573], [-77.047694, -12.038502]]}, "properties": {"id": "441104750#6", "nombre": "441104750#6", "longitud": 13.01, "velocidad_max": 40.0, "num_lanes": 1}}, {"type": "Feature", "id": "441104750#7", "geometry": {"type": "LineString", "coordinates": [[-77.047778, -12.038443], [-77.048479, -12.037972], [-77.048598, -12.037899], [-77.048706, -12.037845], [-77.048884, -12.037763]]}, "properties": {"id": "441104750#7", "nombre": "441104750#7", "longitud": 142.31, "velocidad_max": 40.0, "num_lanes": 1}}, {"type": "Feature", "id": "441104750#8", "geometry": {"type": "LineString", "coordinates": [[-77.049014, -12.037705], [-77.049075, -12.03768], [-77.049188, -12.037639], [-77.049344, -12.037587], [-77.049504, -12.037539], [-77.049648, -12.037507], [-77.049778, -12.037489], [-77.049882, -12.037478]]}, "properties": {"id": "441104750#8", "nombre": "441104750#8", "longitud": 98.26, "velocidad_max": 40.0, "num_lanes": 1}}, {"type": "Feature", "id": "441104750#9", "geometry": {"type": "LineString", "coordinates": [[-77.050017, -12.037465], [-77.050373, -12.037428], [-77.050785, -12.037386], [-77.051078, -12.037357]]}, "properties": {"id": "441104750#9", "nombre": "441104750#9", "longitud": 116.16, "velocidad_max": 40.0, "num_lanes": 1}}, {"type": "Feature", "id": "441104751#0", "geometry": {"type": "LineString", "coordinates": [[-77.043035, -12.04004], [-77.043011, -12.040034], [-77.04214, -12.039899]]}, "properties": {"id": "441104751#0", "nombre": "441104751#0", "longitud": 98.71, "velocidad_max": 30.0, "num_lanes": 1}}, {"type": "Feature", "id": "441104751#2", "geometry": {"type": "LineString", "coordinates": [[-77.042009, -12.039879], [-77.041991, -12.039877], [-77.04124, -12.039784]]}, "properties": {"id": "441104751#2", "nombre": "441104751#2", "longitud": 84.44, "velocidad_max": 30.0, "num_lanes": 1}}, {"type": "Feature", "id": "442077639#0", "geometry": {"type": "LineString", "coordinates": [[-77.033414, -12.039583], [-77.033484, -12.039684], [-77.033565, -12.039802], [-77.033388, -12.040054]]}, "properties": {"id": "442077639#0", "nombre": "442077639#0", "longitud": 63.03, "velocidad_max": 30.0, "num_lanes": 1}}, {"type": "Feature", "id": "442077640#0", "geometry": {"type": "LineString", "coordinates": [[-77.033324, -12.039545], [-77.033234, -12.0396], [-77.033147, -12.039654]]}, "properties": {"id": "442077640#0", "nombre": "442077640#0", "longitud": 22.72, "velocidad_max": 50.0, "num_lanes": 3}}, {"type": "Feature", "id": "442078702#0", "geometry": {"type": "LineString", "coordinates": [[-77.034433, -12.040238], [-77.034434, -12.040237]]}, "properties": {"id": "442078702#0", "nombre": "442078702#0", "longitud": 0.2, "velocidad_max": 50.0, "num_lanes": 1}}, {"type": "Feature", "id": "442078702#1", "geometry": {"type": "LineString", "coordinates": [[-77.034484, -12.040183], [-77.034689, -12.039964]]}, "properties": {"id": "442078702#1", "nombre": "442078702#1", "longitud": 32.98, "velocidad_max": 50.0, "num_lanes": 1}}, {"type": "Feature", "id": "442220509#0", "geometry": {"type": "LineString", "coordinates": [[-77.034263, -12.054462], [-77.033994, -12.054068], [-77.033899, -12.053927], [-77.033727, -12.053666]]}, "properties": {"id": "442220509#0", "nombre": "442220509#0", "longitud": 105.66, "velocidad_max": 30.0, "num_lanes": 2}}, {"type": "Feature", "id": "442220509#5", "geometry": {"type": "LineString", "coordinates": [[-77.033627, -12.053517], [-77.033459, -12.053276], [-77.033236, -12.052957], [-77.033101, -12.052761]]}, "properties": {"id": "442220509#5", "nombre": "442220509#5", "longitud": 101.37, "velocidad_max": 30.0, "num_lanes": 2}}, {"type": "Feature", "id": "442220511", "geometry": {"type": "LineString", "coordinates": [[-77.034382, -12.054501], [-77.034436, -12.054489], [-77.034953, -12.054318], [-77.034973, -12.054311], [-77.035261, -12.05421]]}, "properties": {"id": "442220511", "nombre": "442220511", "longitud": 101.08, "velocidad_max": 30.0, "num_lanes": 2}}, {"type": "Feature", "id": "442681134#1", "geometry": {"type": "LineString", "coordinates": [[-77.03547, -12.047531], [-77.036328, -12.047006]]}, "properties": {"id": "442681134#1", "nombre": "442681134#1", "longitud": 109.95, "velocidad_max": 30.0, "num_lanes": 2}}, {"type": "Feature", "id": "442681134#4", "geometry": {"type": "LineString", "coordinates": [[-77.036466, -12.04692], [-77.037019, -12.046586], [-77.037331, -12.0464]]}, "properties": {"id": "442681134#4", "nombre": "442681134#4", "longitud": 110.28, "velocidad_max": 30.0, "num_lanes": 2}}, {"type": "Feature", "id": "442681135#2", "geometry": {"type": "LineString", "coordinates": [[-77.035461, -12.047683], [-77.036112, -12.048554]]}, "properties": {"id": "442681135#2", "nombre": "442681135#2", "longitud": 119.65, "velocidad_max": 30.0, "num_lanes": 2}}, {"type": "Feature", "id": "442681135#3", "geometry": {"type": "LineString", "coordinates": [[-77.036192, -12.048663], [-77.036706, -12.049371], [-77.036717, -12.049386], [-77.036762, -12.049449], [-77.036865, -12.04959]]}, "properties": {"id": "442681135#3", "nombre": "442681135#3", "longitud": 126.1, "velocidad_max": 30.0, "num_lanes": 2}}, {"type": "Feature", "id": "442681135#5", "geometry": {"type": "LineString", "coordinates": [[-77.036942, -12.049696], [-77.037088, -12.049911]]}, "properties": {"id": "442681135#5", "nombre": "442681135#5", "longitud": 28.69, "velocidad_max": 30.0, "num_lanes": 2}}, {"type": "Feature", "id": "442681135#9", "geometry": {"type": "LineString", "coordinates": [[-77.03722, -12.050095], [-77.037907, -12.050998]]}, "properties": {"id": "442681135#9", "nombre": "442681135#9", "longitud": 124.81, "velocidad_max": 30.0, "num_lanes": 2}}, {"type": "Feature", "id": "442685349#0", "geometry": {"type": "LineString", "coordinates": [[-77.037988, -12.049528], [-77.037237, -12.050005]]}, "properties": {"id": "442685349#0", "nombre": "442685349#0", "longitud": 97.34, "velocidad_max": 40.0, "num_lanes": 2}}, {"type": "Feature", "id": "442685350#0", "geometry": {"type": "LineString", "coordinates": [[-77.037124, -12.050078], [-77.036481, -12.050513], [-77.036423, -12.05055], [-77.036179, -12.050704]]}, "properties": {"id": "442685350#0", "nombre": "442685350#0", "longitud": 124.13, "velocidad_max": 40.0, "num_lanes": 2}}, {"type": "Feature", "id": "442685350#2", "geometry": {"type": "LineString", "coordinates": [[-77.036038, -12.050794], [-77.035346, -12.051238]]}, "properties": {"id": "442685350#2", "nombre": "442685350#2", "longitud": 89.96, "velocidad_max": 40.0, "num_lanes": 2}}, {"type": "Feature", "id": "442685350#3", "geometry": {"type": "LineString", "coordinates": [[-77.035344, -12.051239], [-77.035314, -12.051258], [-77.035253, -12.051308], [-77.035219, -12.05135], [-77.035211, -12.051376], [-77.035203, -12.051408]]}, "properties": {"id": "442685350#3", "nombre": "442685350#3", "longitud": 25.37, "velocidad_max": 40.0, "num_lanes": 2}}, {"type": "Feature", "id": "442685936#0", "geometry": {"type": "LineString", "coordinates": [[-77.038788, -12.051069], [-77.038787, -12.051075], [-77.038778, -12.05114], [-77.03874, -12.051451]]}, "properties": {"id": "442685936#0", "nombre": "442685936#0", "longitud": 42.56, "velocidad_max": 50.0, "num_lanes": 2}}, {"type": "Feature", "id": "442685937#0", "geometry": {"type": "LineString", "coordinates": [[-77.038727, -12.050979], [-77.038726, -12.050979]]}, "properties": {"id": "442685937#0", "nombre": "442685937#0", "longitud": 0.14, "velocidad_max": 30.0, "num_lanes": 3}}, {"type": "Feature", "id": "442685937#1", "geometry": {"type": "LineString", "coordinates": [[-77.038747, -12.050979], [-77.038745, -12.050979]]}, "properties": {"id": "442685937#1", "nombre": "442685937#1", "longitud": 0.2, "velocidad_max": 30.0, "num_lanes": 3}}, {"type": "Feature", "id": "442867200#1", "geometry": {"type": "LineString", "coordinates": [[-77.029489, -12.052921], [-77.029807, -12.053531]]}, "properties": {"id": "442867200#1", "nombre": "442867200#1", "longitud": 75.78, "velocidad_max": 50.0, "num_lanes": 4}}, {"type": "Feature", "id": "442867200#2", "geometry": {"type": "LineString", "coordinates": [[-77.029848, -12.05361], [-77.030008, -12.053922], [-77.030141, -12.054174], [-77.030233, -12.054339]]}, "properties": {"id": "442867200#2", "nombre": "442867200#2", "longitud": 90.8, "velocidad_max": 50.0, "num_lanes": 4}}, {"type": "Feature", "id": "44364379#0", "geometry": {"type": "LineString", "coordinates": [[-77.030359, -12.054357], [-77.030553, -12.054234], [-77.030614, -12.054195], [-77.030954, -12.053975]]}, "properties": {"id": "44364379#0", "nombre": "44364379#0", "longitud": 77.41, "velocidad_max": 40.0, "num_lanes": 3}}, {"type": "Feature", "id": "44364379#2", "geometry": {"type": "LineString", "coordinates": [[-77.031041, -12.053919], [-77.032046, -12.053272]]}, "properties": {"id": "44364379#2", "nombre": "44364379#2", "longitud": 130.8, "velocidad_max": 40.0, "num_lanes": 3}}, {"type": "Feature", "id": "44364644#0", "geometry": {"type": "LineString", "coordinates": [[-77.035556, -12.05711], [-77.035436, -12.057097], [-77.034958, -12.057063], [-77.034871, -12.057059], [-77.034841, -12.057061]]}, "properties": {"id": "44364644#0", "nombre": "44364644#0", "longitud": 78.19, "velocidad_max": 40.0, "num_lanes": 1}}, {"type": "Feature", "id": "44364644#14", "geometry": {"type": "LineString", "coordinates": [[-77.032152, -12.057393], [-77.031818, -12.057419], [-77.031804, -12.05742]]}, "properties": {"id": "44364644#14", "nombre": "44364644#14", "longitud": 37.98, "velocidad_max": 40.0, "num_lanes": 1}}, {"type": "Feature", "id": "44364644#2", "geometry": {"type": "LineString", "coordinates": [[-77.0347, -12.05707], [-77.034635, -12.057075], [-77.034474, -12.0571]]}, "properties": {"id": "44364644#2", "nombre": "44364644#2", "longitud": 24.83, "velocidad_max": 40.0, "num_lanes": 1}}, {"type": "Feature", "id": "44364644#4", "geometry": {"type": "LineString", "coordinates": [[-77.034342, -12.05712], [-77.034267, -12.057131], [-77.03402, -12.057169], [-77.03365, -12.057226], [-77.033453, -12.057256], [-77.033337, -12.057274], [-77.033247, -12.057288]]}, "properties": {"id": "44364644#4", "nombre": "44364644#4", "longitud": 120.66, "velocidad_max": 40.0, "num_lanes": 1}}, {"type": "Feature", "id": "44364644#9", "geometry": {"type": "LineString", "coordinates": [[-77.033123, -12.057304], [-77.033007, -12.057316], [-77.032838, -12.057334], [-77.032666, -12.057349], [-77.032478, -12.057366], [-77.032303, -12.057381]]}, "properties": {"id": "44364644#9", "nombre": "44364644#9", "longitud": 89.8, "velocidad_max": 40.0, "num_lanes": 1}}, {"type": "Feature", "id": "449759156", "geometry": {"type": "LineString", "coordinates": [[-77.046829, -12.050401], [-77.04683, -12.0504]]}, "properties": {"id": "449759156", "nombre": "449759156", "longitud": 0.2, "velocidad_max": 40.0, "num_lanes": 2}}, {"type": "Feature", "id": "45763046#0", "geometry": {"type": "LineString", "coordinates": [[-77.03136, -12.042116], [-77.031621, -12.041999], [-77.032103, -12.04176], [-77.032398, -12.041605], [-77.032676, -12.041439], [-77.033207, -12.041129], [-77.03343, -12.040997], [-77.033579, -12.040923], [-77.035009, -12.040383], [-77.035242, -12.040274], [-77.035491, -12.04015], [-77.035654, -12.040051], [-77.035794, -12.039961], [-77.035983, -12.039826]]}, "properties": {"id": "45763046#0", "nombre": "45763046#0", "longitud": 565.45, "velocidad_max": 80.0, "num_lanes": 3}}, {"type": "Feature", "id": "45763046#1", "geometry": {"type": "LineString", "coordinates": [[-77.036707, -12.039193], [-77.037226, -12.038733]]}, "properties": {"id": "45763046#1", "nombre": "45763046#1", "longitud": 76.07, "velocidad_max": 80.0, "num_lanes": 3}}, {"type": "Feature", "id": "45763046#1-AddedOffRampEdge", "geometry": {"type": "LineString", "coordinates": [[-77.037268, -12.038666], [-77.037576, -12.038449], [-77.037807, -12.038306], [-77.037997, -12.038202]]}, "properties": {"id": "45763046#1-AddedOffRampEdge", "nombre": "45763046#1-AddedOffRampEdge", "longitud": 94.68, "velocidad_max": 80.0, "num_lanes": 5}}, {"type": "Feature", "id": "45763046#1-AddedOnRampEdge", "geometry": {"type": "LineString", "coordinates": [[-77.035995, -12.039799], [-77.036196, -12.039638], [-77.036643, -12.039231]]}, "properties": {"id": "45763046#1-AddedOnRampEdge", "nombre": "45763046#1-AddedOnRampEdge", "longitud": 94.54, "velocidad_max": 80.0, "num_lanes": 4}}, {"type": "Feature", "id": "463349372", "geometry": {"type": "LineString", "coordinates": [[-77.035325, -12.038181], [-77.035143, -12.037983]]}, "properties": {"id": "463349372", "nombre": "463349372", "longitud": 29.54, "velocidad_max": 10.0, "num_lanes": 1}}, {"type": "Feature", "id": "463349912#1", "geometry": {"type": "LineString", "coordinates": [[-77.037958, -12.038443], [-77.037957, -12.038441]]}, "properties": {"id": "463349912#1", "nombre": "463349912#1", "longitud": 0.2, "velocidad_max": 50.0, "num_lanes": 1}}, {"type": "Feature", "id": "463349915#1", "geometry": {"type": "LineString", "coordinates": [[-77.040436, -12.038471], [-77.040581, -12.038442]]}, "properties": {"id": "463349915#1", "nombre": "463349915#1", "longitud": 16.18, "velocidad_max": 50.0, "num_lanes": 1}}, {"type": "Feature", "id": "463349915#2", "geometry": {"type": "LineString", "coordinates": [[-77.040712, -12.038426], [-77.040729, -12.038425], [-77.040777, -12.038428], [-77.040834, -12.03844], [-77.040882, -12.038455], [-77.040924, -12.038474]]}, "properties": {"id": "463349915#2", "nombre": "463349915#2", "longitud": 24.0, "velocidad_max": 50.0, "num_lanes": 1}}, {"type": "Feature", "id": "463349915#3", "geometry": {"type": "LineString", "coordinates": [[-77.041074, -12.038518], [-77.041147, -12.038518], [-77.041371, -12.038497]]}, "properties": {"id": "463349915#3", "nombre": "463349915#3", "longitud": 32.47, "velocidad_max": 50.0, "num_lanes": 1}}, {"type": "Feature", "id": "463349915#4", "geometry": {"type": "LineString", "coordinates": [[-77.041506, -12.038478], [-77.041765, -12.038431], [-77.042048, -12.038388]]}, "properties": {"id": "463349915#4", "nombre": "463349915#4", "longitud": 59.84, "velocidad_max": 50.0, "num_lanes": 1}}, {"type": "Feature", "id": "463349915#5", "geometry": {"type": "LineString", "coordinates": [[-77.042178, -12.038377], [-77.042493, -12.038376], [-77.042597, -12.038379]]}, "properties": {"id": "463349915#5", "nombre": "463349915#5", "longitud": 45.71, "velocidad_max": 50.0, "num_lanes": 1}}, {"type": "Feature", "id": "463349915#6", "geometry": {"type": "LineString", "coordinates": [[-77.042729, -12.038386], [-77.043193, -12.038421], [-77.043227, -12.038414]]}, "properties": {"id": "463349915#6", "nombre": "463349915#6", "longitud": 54.49, "velocidad_max": 50.0, "num_lanes": 1}}, {"type": "Feature", "id": "46490668#0", "geometry": {"type": "LineString", "coordinates": [[-77.044619, -12.056536], [-77.044594, -12.056857], [-77.044559, -12.057327]]}, "properties": {"id": "46490668#0", "nombre": "46490668#0", "longitud": 87.8, "velocidad_max": 40.0, "num_lanes": 1}}, {"type": "Feature", "id": "46490668#2", "geometry": {"type": "LineString", "coordinates": [[-77.04455, -12.057456], [-77.044523, -12.05786], [-77.044522, -12.057867], [-77.044496, -12.058284]]}, "properties": {"id": "46490668#2", "nombre": "46490668#2", "longitud": 91.81, "velocidad_max": 40.0, "num_lanes": 1}}, {"type": "Feature", "id": "46490670#0", "geometry": {"type": "LineString", "coordinates": [[-77.04806, -12.061627], [-77.047955, -12.061503], [-77.047551, -12.061026], [-77.047272, -12.06069], [-77.04717, -12.060566], [-77.047115, -12.060499], [-77.046954, -12.060305]]}, "properties": {"id": "46490670#0", "nombre": "46490670#0", "longitud": 189.41, "velocidad_max": 30.0, "num_lanes": 2}}, {"type": "Feature", "id": "46490670#1", "geometry": {"type": "LineString", "coordinates": [[-77.04687, -12.060204], [-77.046382, -12.059612]]}, "properties": {"id": "46490670#1", "nombre": "46490670#1", "longitud": 84.38, "velocidad_max": 30.0, "num_lanes": 2}}, {"type": "Feature", "id": "46490670#2", "geometry": {"type": "LineString", "coordinates": [[-77.046296, -12.059512], [-77.046202, -12.059407], [-77.045935, -12.059054], [-77.045932, -12.05905]]}, "properties": {"id": "46490670#2", "nombre": "46490670#2", "longitud": 64.76, "velocidad_max": 30.0, "num_lanes": 2}}, {"type": "Feature", "id": "46490672#0", "geometry": {"type": "LineString", "coordinates": [[-77.042636, -12.058145], [-77.043039, -12.058192]]}, "properties": {"id": "46490672#0", "nombre": "46490672#0", "longitud": 44.21, "velocidad_max": 30.0, "num_lanes": 2}}, {"type": "Feature", "id": "46490672#1", "geometry": {"type": "LineString", "coordinates": [[-77.043176, -12.058208], [-77.043723, -12.05827]]}, "properties": {"id": "46490672#1", "nombre": "46490672#1", "longitud": 60.0, "velocidad_max": 30.0, "num_lanes": 2}}, {"type": "Feature", "id": "46490672#2", "geometry": {"type": "LineString", "coordinates": [[-77.043856, -12.058285], [-77.044429, -12.058342]]}, "properties": {"id": "46490672#2", "nombre": "46490672#2", "longitud": 62.69, "velocidad_max": 30.0, "num_lanes": 2}}, {"type": "Feature", "id": "46490672#3", "geometry": {"type": "LineString", "coordinates": [[-77.044557, -12.058355], [-77.045774, -12.05849]]}, "properties": {"id": "46490672#3", "nombre": "46490672#3", "longitud": 133.33, "velocidad_max": 30.0, "num_lanes": 2}}, {"type": "Feature", "id": "46490673", "geometry": {"type": "LineString", "coordinates": [[-77.048421, -12.056855], [-77.048349, -12.05765]]}, "properties": {"id": "46490673", "nombre": "46490673", "longitud": 88.34, "velocidad_max": 30.0, "num_lanes": 1}}, {"type": "Feature", "id": "46490674#0", "geometry": {"type": "LineString", "coordinates": [[-77.047261, -12.056757], [-77.04723, -12.057174], [-77.047202, -12.057552]]}, "properties": {"id": "46490674#0", "nombre": "46490674#0", "longitud": 88.14, "velocidad_max": 30.0, "num_lanes": 2}}, {"type": "Feature", "id": "46490674#2", "geometry": {"type": "LineString", "coordinates": [[-77.047192, -12.057682], [-77.047157, -12.058161], [-77.04714, -12.058387], [-77.047139, -12.058403]]}, "properties": {"id": "46490674#2", "nombre": "46490674#2", "longitud": 79.92, "velocidad_max": 30.0, "num_lanes": 2}}, {"type": "Feature", "id": "46490675#0", "geometry": {"type": "LineString", "coordinates": [[-77.045847, -12.058433], [-77.045946, -12.057576]]}, "properties": {"id": "46490675#0", "nombre": "46490675#0", "longitud": 95.35, "velocidad_max": 40.0, "num_lanes": 2}}, {"type": "Feature", "id": "46490675#1", "geometry": {"type": "LineString", "coordinates": [[-77.045959, -12.057446], [-77.045998, -12.056979], [-77.046024, -12.056653]]}, "properties": {"id": "46490675#1", "nombre": "46490675#1", "longitud": 88.05, "velocidad_max": 40.0, "num_lanes": 2}}, {"type": "Feature", "id": "4827821", "geometry": {"type": "LineString", "coordinates": [[-77.042655, -12.045885], [-77.04266, -12.045873], [-77.042678, -12.04581], [-77.042683, -12.045771]]}, "properties": {"id": "4827821", "nombre": "4827821", "longitud": 12.99, "velocidad_max": 40.0, "num_lanes": 2}}, {"type": "Feature", "id": "4827823", "geometry": {"type": "LineString", "coordinates": [[-77.043105, -12.044355], [-77.043059, -12.044905]]}, "properties": {"id": "4827823", "nombre": "4827823", "longitud": 61.03, "velocidad_max": 40.0, "num_lanes": 2}}, {"type": "Feature", "id": "4827827#1", "geometry": {"type": "LineString", "coordinates": [[-77.042746, -12.048263], [-77.042737, -12.048379], [-77.042719, -12.048586], [-77.042671, -12.049094], [-77.042638, -12.049464]]}, "properties": {"id": "4827827#1", "nombre": "4827827#1", "longitud": 133.39, "velocidad_max": 30.0, "num_lanes": 3}}, {"type": "Feature", "id": "4827828#0", "geometry": {"type": "LineString", "coordinates": [[-77.041453, -12.059637], [-77.041469, -12.059604], [-77.041488, -12.059533], [-77.041501, -12.059463], [-77.041552, -12.05891], [-77.041598, -12.058338]]}, "properties": {"id": "4827828#0", "nombre": "4827828#0", "longitud": 144.95, "velocidad_max": 50.0, "num_lanes": 3}}, {"type": "Feature", "id": "4827829", "geometry": {"type": "LineString", "coordinates": [[-77.04292, -12.042815], [-77.042921, -12.042813]]}, "properties": {"id": "4827829", "nombre": "4827829", "longitud": 0.24, "velocidad_max": 40.0, "num_lanes": 2}}, {"type": "Feature", "id": "4827832", "geometry": {"type": "LineString", "coordinates": [[-77.043362, -12.040861], [-77.043168, -12.042747]]}, "properties": {"id": "4827832", "nombre": "4827832", "longitud": 209.75, "velocidad_max": 50.0, "num_lanes": 2}}, {"type": "Feature", "id": "4827838", "geometry": {"type": "LineString", "coordinates": [[-77.04233, -12.050145], [-77.042377, -12.049937], [-77.042408, -12.049698], [-77.042463, -12.049073], [-77.042519, -12.048345], [-77.042616, -12.047091]]}, "properties": {"id": "4827838", "nombre": "4827838", "longitud": 339.56, "velocidad_max": 80.0, "num_lanes": 2}}, {"type": "Feature", "id": "4827844", "geometry": {"type": "LineString", "coordinates": [[-77.043215, -12.040522], [-77.043229, -12.040448], [-77.043244, -12.040283], [-77.043325, -12.039341]]}, "properties": {"id": "4827844", "nombre": "4827844", "longitud": 131.25, "velocidad_max": 80.0, "num_lanes": 2}}, {"type": "Feature", "id": "4827845", "geometry": {"type": "LineString", "coordinates": [[-77.043552, -12.038396], [-77.04346, -12.039359], [-77.04339, -12.040167], [-77.043364, -12.040534], [-77.043362, -12.040858]]}, "properties": {"id": "4827845", "nombre": "4827845", "longitud": 273.4, "velocidad_max": 50.0, "num_lanes": 2}}, {"type": "Feature", "id": "4827847", "geometry": {"type": "LineString", "coordinates": [[-77.043326, -12.039338], [-77.043416, -12.038383]]}, "properties": {"id": "4827847", "nombre": "4827847", "longitud": 106.12, "velocidad_max": 50.0, "num_lanes": 2}}, {"type": "Feature", "id": "4827863#0", "geometry": {"type": "LineString", "coordinates": [[-77.043417, -12.038381], [-77.043433, -12.038173], [-77.043441, -12.038064], [-77.043442, -12.037888], [-77.043441, -12.037729], [-77.043433, -12.037576]]}, "properties": {"id": "4827863#0", "nombre": "4827863#0", "longitud": 89.14, "velocidad_max": 40.0, "num_lanes": 2}}, {"type": "Feature", "id": "4827863#1", "geometry": {"type": "LineString", "coordinates": [[-77.043432, -12.037574], [-77.043428, -12.037504], [-77.043425, -12.037443]]}, "properties": {"id": "4827863#1", "nombre": "4827863#1", "longitud": 14.48, "velocidad_max": 40.0, "num_lanes": 2}}, {"type": "Feature", "id": "4828013#0", "geometry": {"type": "LineString", "coordinates": [[-77.043584, -12.043173], [-77.043586, -12.043174]]}, "properties": {"id": "4828013#0", "nombre": "4828013#0", "longitud": 0.2, "velocidad_max": 45.0, "num_lanes": 2}}, {"type": "Feature", "id": "4828013#1", "geometry": {"type": "LineString", "coordinates": [[-77.043714, -12.043227], [-77.043715, -12.043228]]}, "properties": {"id": "4828013#1", "nombre": "4828013#1", "longitud": 0.2, "velocidad_max": 45.0, "num_lanes": 2}}, {"type": "Feature", "id": "4828021#1", "geometry": {"type": "LineString", "coordinates": [[-77.038518, -12.045687], [-77.038732, -12.045564], [-77.038901, -12.045467], [-77.039274, -12.045232]]}, "properties": {"id": "4828021#1", "nombre": "4828021#1", "longitud": 96.54, "velocidad_max": 40.0, "num_lanes": 2}}, {"type": "Feature", "id": "4828021#5", "geometry": {"type": "LineString", "coordinates": [[-77.0394, -12.045152], [-77.039909, -12.044839], [-77.040232, -12.04464]]}, "properties": {"id": "4828021#5", "nombre": "4828021#5", "longitud": 106.89, "velocidad_max": 40.0, "num_lanes": 2}}, {"type": "Feature", "id": "4828025#0", "geometry": {"type": "LineString", "coordinates": [[-77.04329, -12.046362], [-77.043307, -12.046367], [-77.043375, -12.04638], [-77.043448, -12.046386], [-77.043589, -12.046399], [-77.044096, -12.046446]]}, "properties": {"id": "4828025#0", "nombre": "4828025#0", "longitud": 88.24, "velocidad_max": 50.0, "num_lanes": 3}}, {"type": "Feature", "id": "517107201#0", "geometry": {"type": "LineString", "coordinates": [[-77.029912, -12.053534], [-77.030469, -12.053359], [-77.0305, -12.053349], [-77.030712, -12.053282]]}, "properties": {"id": "517107201#0", "nombre": "517107201#0", "longitud": 91.53, "velocidad_max": 30.0, "num_lanes": 1}}, {"type": "Feature", "id": "521127844#0", "geometry": {"type": "LineString", "coordinates": [[-77.065236, -12.045746], [-77.065179, -12.045748], [-77.065133, -12.045744], [-77.065087, -12.045733], [-77.065027, -12.045709], [-77.064947, -12.045648], [-77.064793, -12.045569], [-77.064761, -12.045556], [-77.06468, -12.04553], [-77.064575, -12.045505], [-77.064439, -12.045488], [-77.063992, -12.045444], [-77.063635, -12.045409], [-77.06283, -12.045336], [-77.062714, -12.045325], [-77.062251, -12.045282], [-77.061307, -12.045195], [-77.061213, -12.045185], [-77.061119, -12.045175], [-77.059998, -12.045065], [-77.059602, -12.045028], [-77.059311, -12.045001], [-77.058997, -12.044972], [-77.058839, -12.044957], [-77.058701, -12.044945], [-77.058589, -12.044934], [-77.058336, -12.044909], [-77.057412, -12.044817], [-77.056722, -12.04475], [-77.056623, -12.044741], [-77.056273, -12.044708], [-77.056157, -12.044697], [-77.055785, -12.044665], [-77.055673, -12.044656], [-77.054914, -12.04458]]}, "properties": {"id": "521127844#0", "nombre": "521127844#0", "longitud": 1135.3, "velocidad_max": 50.0, "num_lanes": 2}}, {"type": "Feature", "id": "521127844#1", "geometry": {"type": "LineString", "coordinates": [[-77.054752, -12.044565], [-77.054131, -12.044509], [-77.053664, -12.044463]]}, "properties": {"id": "521127844#1", "nombre": "521127844#1", "longitud": 119.06, "velocidad_max": 50.0, "num_lanes": 2}}, {"type": "Feature", "id": "521127844#3", "geometry": {"type": "LineString", "coordinates": [[-77.053532, -12.04445], [-77.052778, -12.044375], [-77.05236, -12.044334]]}, "properties": {"id": "521127844#3", "nombre": "521127844#3", "longitud": 128.25, "velocidad_max": 50.0, "num_lanes": 2}}, {"type": "Feature", "id": "521127844#5", "geometry": {"type": "LineString", "coordinates": [[-77.052227, -12.044322], [-77.051752, -12.044286], [-77.051627, -12.044277]]}, "properties": {"id": "521127844#5", "nombre": "521127844#5", "longitud": 65.47, "velocidad_max": 50.0, "num_lanes": 2}}, {"type": "Feature", "id": "529237042", "geometry": {"type": "LineString", "coordinates": [[-77.052509, -12.04269], [-77.053177, -12.04275], [-77.053229, -12.04275]]}, "properties": {"id": "529237042", "nombre": "529237042", "longitud": 78.7, "velocidad_max": 50.0, "num_lanes": 1}}, {"type": "Feature", "id": "54830141", "geometry": {"type": "LineString", "coordinates": [[-77.056217, -12.055905], [-77.055995, -12.056], [-77.055831, -12.056053], [-77.055562, -12.056127], [-77.055036, -12.056273]]}, "properties": {"id": "54830141", "nombre": "54830141", "longitud": 135.15, "velocidad_max": 55.0, "num_lanes": 3}}, {"type": "Feature", "id": "559773336#0", "geometry": {"type": "LineString", "coordinates": [[-77.051134, -12.041331], [-77.050516, -12.041276], [-77.050202, -12.041248], [-77.049981, -12.041229], [-77.049975, -12.041228]]}, "properties": {"id": "559773336#0", "nombre": "559773336#0", "longitud": 126.74, "velocidad_max": 50.0, "num_lanes": 1}}, {"type": "Feature", "id": "559790673#0", "geometry": {"type": "LineString", "coordinates": [[-77.055608, -12.059555], [-77.054874, -12.058728], [-77.054797, -12.058641], [-77.054671, -12.058499], [-77.054577, -12.058393], [-77.054395, -12.058186]]}, "properties": {"id": "559790673#0", "nombre": "559790673#0", "longitud": 200.92, "velocidad_max": 50.0, "num_lanes": 1}}, {"type": "Feature", "id": "564124762#0", "geometry": {"type": "LineString", "coordinates": [[-77.0536, -12.044306], [-77.053603, -12.04428], [-77.053642, -12.044009], [-77.053716, -12.043264], [-77.05375, -12.042903], [-77.053754, -12.042885], [-77.053778, -12.042639], [-77.053888, -12.041455], [-77.053936, -12.040696], [-77.053876, -12.04032]]}, "properties": {"id": "564124762#0", "nombre": "564124762#0", "longitud": 443.29, "velocidad_max": 50.0, "num_lanes": 1}}, {"type": "Feature", "id": "564126001#0", "geometry": {"type": "LineString", "coordinates": [[-77.047693, -12.038439], [-77.047466, -12.038233], [-77.047378, -12.038154], [-77.047109, -12.03791]]}, "properties": {"id": "564126001#0", "nombre": "564126001#0", "longitud": 86.42, "velocidad_max": 50.0, "num_lanes": 1}}, {"type": "Feature", "id": "564126003#0", "geometry": {"type": "LineString", "coordinates": [[-77.049006, -12.038079], [-77.049182, -12.038054], [-77.04942, -12.038014], [-77.049883, -12.037939]]}, "properties": {"id": "564126003#0", "nombre": "564126003#0", "longitud": 96.78, "velocidad_max": 50.0, "num_lanes": 1}}, {"type": "Feature", "id": "564126009", "geometry": {"type": "LineString", "coordinates": [[-77.03943, -12.038129], [-77.039571, -12.038319]]}, "properties": {"id": "564126009", "nombre": "564126009", "longitud": 26.03, "velocidad_max": 50.0, "num_lanes": 1}}, {"type": "Feature", "id": "564126011", "geometry": {"type": "LineString", "coordinates": [[-77.037892, -12.039102], [-77.03765, -12.038757]]}, "properties": {"id": "564126011", "nombre": "564126011", "longitud": 46.36, "velocidad_max": 50.0, "num_lanes": 1}}, {"type": "Feature", "id": "564126013", "geometry": {"type": "LineString", "coordinates": [[-77.036582, -12.03902], [-77.03622, -12.03864], [-77.036199, -12.038617]]}, "properties": {"id": "564126013", "nombre": "564126013", "longitud": 61.03, "velocidad_max": 50.0, "num_lanes": 1}}, {"type": "Feature", "id": "568375225", "geometry": {"type": "LineString", "coordinates": [[-77.037992, -12.057839], [-77.037992, -12.057837]]}, "properties": {"id": "568375225", "nombre": "568375225", "longitud": 0.2, "velocidad_max": 50.0, "num_lanes": 3}}, {"type": "Feature", "id": "568375229", "geometry": {"type": "LineString", "coordinates": [[-77.03811, -12.057851], [-77.03811, -12.057853]]}, "properties": {"id": "568375229", "nombre": "568375229", "longitud": 0.2, "velocidad_max": 50.0, "num_lanes": 2}}, {"type": "Feature", "id": "568375233", "geometry": {"type": "LineString", "coordinates": [[-77.038106, -12.058033], [-77.038106, -12.058035]]}, "properties": {"id": "568375233", "nombre": "568375233", "longitud": 0.2, "velocidad_max": 50.0, "num_lanes": 3}}, {"type": "Feature", "id": "568375236", "geometry": {"type": "LineString", "coordinates": [[-77.038134, -12.057964], [-77.038132, -12.057965]]}, "properties": {"id": "568375236", "nombre": "568375236", "longitud": 0.2, "velocidad_max": 40.0, "num_lanes": 1}}, {"type": "Feature", "id": "568375239", "geometry": {"type": "LineString", "coordinates": [[-77.038026, -12.059699], [-77.038013, -12.059829], [-77.03799, -12.060052]]}, "properties": {"id": "568375239", "nombre": "568375239", "longitud": 39.29, "velocidad_max": 50.0, "num_lanes": 2}}, {"type": "Feature", "id": "568375242#0", "geometry": {"type": "LineString", "coordinates": [[-77.038242, -12.057809], [-77.038287, -12.057811], [-77.038682, -12.057847], [-77.039185, -12.05789]]}, "properties": {"id": "568375242#0", "nombre": "568375242#0", "longitud": 103.05, "velocidad_max": 40.0, "num_lanes": 2}}, {"type": "Feature", "id": "568375242#3", "geometry": {"type": "LineString", "coordinates": [[-77.03935, -12.057904], [-77.040252, -12.057981]]}, "properties": {"id": "568375242#3", "nombre": "568375242#3", "longitud": 98.56, "velocidad_max": 40.0, "num_lanes": 2}}, {"type": "Feature", "id": "568375242#5", "geometry": {"type": "LineString", "coordinates": [[-77.040384, -12.057992], [-77.041016, -12.058046], [-77.041533, -12.05809]]}, "properties": {"id": "568375242#5", "nombre": "568375242#5", "longitud": 125.67, "velocidad_max": 40.0, "num_lanes": 2}}, {"type": "Feature", "id": "568375243", "geometry": {"type": "LineString", "coordinates": [[-77.038173, -12.057869], [-77.038173, -12.057871]]}, "properties": {"id": "568375243", "nombre": "568375243", "longitud": 0.2, "velocidad_max": 50.0, "num_lanes": 2}}, {"type": "Feature", "id": "571071270#0", "geometry": {"type": "LineString", "coordinates": [[-77.052976, -12.05925], [-77.052578, -12.058818], [-77.052329, -12.058521], [-77.052325, -12.058518]]}, "properties": {"id": "571071270#0", "nombre": "571071270#0", "longitud": 107.73, "velocidad_max": 50.0, "num_lanes": 1}}, {"type": "Feature", "id": "571086386#0", "geometry": {"type": "LineString", "coordinates": [[-77.042654, -12.038328], [-77.042682, -12.038096], [-77.042704, -12.037828]]}, "properties": {"id": "571086386#0", "nombre": "571086386#0", "longitud": 55.55, "velocidad_max": 50.0, "num_lanes": 1}}, {"type": "Feature", "id": "571086389#0", "geometry": {"type": "LineString", "coordinates": [[-77.042089, -12.03833], [-77.042063, -12.038207], [-77.042084, -12.037986], [-77.04209, -12.037924], [-77.04211, -12.037586]]}, "properties": {"id": "571086389#0", "nombre": "571086389#0", "longitud": 82.76, "velocidad_max": 50.0, "num_lanes": 1}}, {"type": "Feature", "id": "571086390", "geometry": {"type": "LineString", "coordinates": [[-77.040613, -12.038382], [-77.04031, -12.037714]]}, "properties": {"id": "571086390", "nombre": "571086390", "longitud": 80.95, "velocidad_max": 50.0, "num_lanes": 1}}, {"type": "Feature", "id": "571086391", "geometry": {"type": "LineString", "coordinates": [[-77.040964, -12.038437], [-77.04064, -12.037619]]}, "properties": {"id": "571086391", "nombre": "571086391", "longitud": 97.23, "velocidad_max": 50.0, "num_lanes": 1}}, {"type": "Feature", "id": "571358446#0", "geometry": {"type": "LineString", "coordinates": [[-77.033495, -12.040802], [-77.033228, -12.040396], [-77.033064, -12.040157], [-77.032895, -12.039913]]}, "properties": {"id": "571358446#0", "nombre": "571358446#0", "longitud": 118.87, "velocidad_max": 30.0, "num_lanes": 2}}, {"type": "Feature", "id": "584002217", "geometry": {"type": "LineString", "coordinates": [[-77.038002, -12.038148], [-77.03831, -12.037927], [-77.038356, -12.037881]]}, "properties": {"id": "584002217", "nombre": "584002217", "longitud": 48.66, "velocidad_max": 40.0, "num_lanes": 2}}, {"type": "Feature", "id": "594718591", "geometry": {"type": "LineString", "coordinates": [[-77.035807, -12.056051], [-77.035833, -12.055991], [-77.035844, -12.055966], [-77.035858, -12.055941], [-77.03587, -12.055921], [-77.035882, -12.055904], [-77.035901, -12.055883], [-77.035924, -12.055861], [-77.035949, -12.055843], [-77.035972, -12.055829], [-77.035987, -12.055822]]}, "properties": {"id": "594718591", "nombre": "594718591", "longitud": 33.03, "velocidad_max": 40.0, "num_lanes": 2}}, {"type": "Feature", "id": "604737237", "geometry": {"type": "LineString", "coordinates": [[-77.043089, -12.039917], [-77.043071, -12.039893], [-77.043004, -12.039816], [-77.042947, -12.039759], [-77.0429, -12.039717], [-77.042597, -12.039549]]}, "properties": {"id": "604737237", "nombre": "604737237", "longitud": 80.4, "velocidad_max": 30.0, "num_lanes": 4}}, {"type": "Feature", "id": "610109028#6", "geometry": {"type": "LineString", "coordinates": [[-77.036181, -12.053924], [-77.036248, -12.054138], [-77.036554, -12.055402], [-77.036567, -12.055505], [-77.036558, -12.05559], [-77.03655, -12.05564], [-77.036546, -12.055658]]}, "properties": {"id": "610109028#6", "nombre": "610109028#6", "longitud": 197.1, "velocidad_max": 20.0, "num_lanes": 1}}, {"type": "Feature", "id": "610109028#9", "geometry": {"type": "LineString", "coordinates": [[-77.036545, -12.05566], [-77.036525, -12.055739]]}, "properties": {"id": "610109028#9", "nombre": "610109028#9", "longitud": 8.96, "velocidad_max": 20.0, "num_lanes": 1}}, {"type": "Feature", "id": "613847317#0", "geometry": {"type": "LineString", "coordinates": [[-77.047894, -12.036409], [-77.047698, -12.036617], [-77.047218, -12.037257], [-77.047104, -12.037405], [-77.047035, -12.03747], [-77.046942, -12.03755], [-77.046854, -12.037613], [-77.046768, -12.037698], [-77.046675, -12.037805], [-77.046579, -12.037928], [-77.046501, -12.038031], [-77.046433, -12.038164]]}, "properties": {"id": "613847317#0", "nombre": "613847317#0", "longitud": 252.39, "velocidad_max": 40.0, "num_lanes": 6}}, {"type": "Feature", "id": "613847322#0", "geometry": {"type": "LineString", "coordinates": [[-77.046251, -12.038515], [-77.046191, -12.038591], [-77.046112, -12.038665], [-77.046038, -12.038722], [-77.045959, -12.03877], [-77.04588, -12.038821], [-77.045775, -12.038881], [-77.045466, -12.039024], [-77.045233, -12.039105], [-77.045026, -12.039156], [-77.044812, -12.039174], [-77.044402, -12.039169], [-77.043062, -12.039134], [-77.042147, -12.039073]]}, "properties": {"id": "613847322#0", "nombre": "613847322#0", "longitud": 467.61, "velocidad_max": 60.0, "num_lanes": 2}}, {"type": "Feature", "id": "616186512", "geometry": {"type": "LineString", "coordinates": [[-77.043763, -12.04362], [-77.043758, -12.043608], [-77.043748, -12.043563], [-77.043742, -12.04351], [-77.043744, -12.043456], [-77.043757, -12.04339], [-77.043778, -12.043341], [-77.043798, -12.04331]]}, "properties": {"id": "616186512", "nombre": "616186512", "longitud": 35.78, "velocidad_max": 30.0, "num_lanes": 1}}, {"type": "Feature", "id": "618289633", "geometry": {"type": "LineString", "coordinates": [[-77.030331, -12.050776], [-77.030224, -12.050843], [-77.029648, -12.051201]]}, "properties": {"id": "618289633", "nombre": "618289633", "longitud": 88.0, "velocidad_max": 30.0, "num_lanes": 2}}, {"type": "Feature", "id": "618321333", "geometry": {"type": "LineString", "coordinates": [[-77.037537, -12.054087], [-77.037921, -12.054122], [-77.038093, -12.054137], [-77.038174, -12.054144]]}, "properties": {"id": "618321333", "nombre": "618321333", "longitud": 69.68, "velocidad_max": 40.0, "num_lanes": 4}}, {"type": "Feature", "id": "618609343", "geometry": {"type": "LineString", "coordinates": [[-77.036812, -12.051266], [-77.036534, -12.051308]]}, "properties": {"id": "618609343", "nombre": "618609343", "longitud": 30.68, "velocidad_max": 40.0, "num_lanes": 1}}, {"type": "Feature", "id": "618609346#4", "geometry": {"type": "LineString", "coordinates": [[-77.036961, -12.04961], [-77.037366, -12.04938], [-77.037785, -12.049148]]}, "properties": {"id": "618609346#4", "nombre": "618609346#4", "longitud": 103.31, "velocidad_max": 30.0, "num_lanes": 2}}, {"type": "Feature", "id": "618610974#0", "geometry": {"type": "LineString", "coordinates": [[-77.037096, -12.047995], [-77.036209, -12.048572]]}, "properties": {"id": "618610974#0", "nombre": "618610974#0", "longitud": 115.76, "velocidad_max": 30.0, "num_lanes": 2}}, {"type": "Feature", "id": "618610974#1", "geometry": {"type": "LineString", "coordinates": [[-77.036094, -12.048644], [-77.035997, -12.048702], [-77.035152, -12.049205]]}, "properties": {"id": "618610974#1", "nombre": "618610974#1", "longitud": 119.95, "velocidad_max": 30.0, "num_lanes": 2}}, {"type": "Feature", "id": "618610974#2", "geometry": {"type": "LineString", "coordinates": [[-77.035038, -12.049275], [-77.034115, -12.049867], [-77.034066, -12.049899]]}, "properties": {"id": "618610974#2", "nombre": "618610974#2", "longitud": 126.4, "velocidad_max": 30.0, "num_lanes": 2}}, {"type": "Feature", "id": "618610975#0", "geometry": {"type": "LineString", "coordinates": [[-77.037113, -12.047905], [-77.036894, -12.0476], [-77.036605, -12.047216], [-77.03652, -12.047101]]}, "properties": {"id": "618610975#0", "nombre": "618610975#0", "longitud": 109.95, "velocidad_max": 30.0, "num_lanes": 2}}, {"type": "Feature", "id": "618610975#4", "geometry": {"type": "LineString", "coordinates": [[-77.036501, -12.047075], [-77.036468, -12.047033], [-77.03645, -12.04701]]}, "properties": {"id": "618610975#4", "nombre": "618610975#4", "longitud": 9.18, "velocidad_max": 30.0, "num_lanes": 2}}, {"type": "Feature", "id": "618611815#1", "geometry": {"type": "LineString", "coordinates": [[-77.037333, -12.046399], [-77.037348, -12.046391]]}, "properties": {"id": "618611815#1", "nombre": "618611815#1", "longitud": 1.95, "velocidad_max": 30.0, "num_lanes": 2}}, {"type": "Feature", "id": "618612525#0", "geometry": {"type": "LineString", "coordinates": [[-77.033719, -12.0433], [-77.034022, -12.043113], [-77.034363, -12.042902], [-77.034687, -12.042701]]}, "properties": {"id": "618612525#0", "nombre": "618612525#0", "longitud": 124.55, "velocidad_max": 30.0, "num_lanes": 1}}, {"type": "Feature", "id": "618612525#2", "geometry": {"type": "LineString", "coordinates": [[-77.03469, -12.0427], [-77.034735, -12.042672], [-77.034764, -12.042654]]}, "properties": {"id": "618612525#2", "nombre": "618612525#2", "longitud": 9.51, "velocidad_max": 30.0, "num_lanes": 1}}, {"type": "Feature", "id": "618615815", "geometry": {"type": "LineString", "coordinates": [[-77.030811, -12.04144], [-77.031002, -12.041425], [-77.031048, -12.041421], [-77.031347, -12.041397]]}, "properties": {"id": "618615815", "nombre": "618615815", "longitud": 58.55, "velocidad_max": 50.0, "num_lanes": 1}}, {"type": "Feature", "id": "618615817#0", "geometry": {"type": "LineString", "coordinates": [[-77.030436, -12.041482], [-77.030538, -12.04147]]}, "properties": {"id": "618615817#0", "nombre": "618615817#0", "longitud": 11.12, "velocidad_max": 50.0, "num_lanes": 1}}, {"type": "Feature", "id": "618616561#0", "geometry": {"type": "LineString", "coordinates": [[-77.030603, -12.040748], [-77.030572, -12.040751], [-77.030537, -12.040755], [-77.030391, -12.04077], [-77.030375, -12.040772]]}, "properties": {"id": "618616561#0", "nombre": "618616561#0", "longitud": 25.04, "velocidad_max": 40.0, "num_lanes": 3}}, {"type": "Feature", "id": "618616562", "geometry": {"type": "LineString", "coordinates": [[-77.0303, -12.0407], [-77.03022, -12.039984]]}, "properties": {"id": "618616562", "nombre": "618616562", "longitud": 79.64, "velocidad_max": 30.0, "num_lanes": 2}}, {"type": "Feature", "id": "618616563#0", "geometry": {"type": "LineString", "coordinates": [[-77.030243, -12.040786], [-77.029901, -12.040819], [-77.029825, -12.040826], [-77.029447, -12.040864]]}, "properties": {"id": "618616563#0", "nombre": "618616563#0", "longitud": 87.08, "velocidad_max": 40.0, "num_lanes": 3}}, {"type": "Feature", "id": "618616563#1", "geometry": {"type": "LineString", "coordinates": [[-77.029444, -12.040864], [-77.029396, -12.040869]]}, "properties": {"id": "618616563#1", "nombre": "618616563#1", "longitud": 5.23, "velocidad_max": 40.0, "num_lanes": 3}}, {"type": "Feature", "id": "628122050#0", "geometry": {"type": "LineString", "coordinates": [[-77.046123, -12.054826], [-77.046163, -12.05483]]}, "properties": {"id": "628122050#0", "nombre": "628122050#0", "longitud": 4.41, "velocidad_max": 45.0, "num_lanes": 3}}, {"type": "Feature", "id": "628122050#1", "geometry": {"type": "LineString", "coordinates": [[-77.046269, -12.054838], [-77.046684, -12.054872]]}, "properties": {"id": "628122050#1", "nombre": "628122050#1", "longitud": 45.3, "velocidad_max": 45.0, "num_lanes": 3}}, {"type": "Feature", "id": "628122050#2", "geometry": {"type": "LineString", "coordinates": [[-77.046791, -12.054881], [-77.046976, -12.054896], [-77.047044, -12.054901], [-77.047387, -12.054928]]}, "properties": {"id": "628122050#2", "nombre": "628122050#2", "longitud": 65.09, "velocidad_max": 45.0, "num_lanes": 3}}, {"type": "Feature", "id": "628122051#0", "geometry": {"type": "LineString", "coordinates": [[-77.049312, -12.055085], [-77.04951, -12.055102], [-77.0498, -12.055125], [-77.049859, -12.05513], [-77.050047, -12.055145], [-77.050785, -12.055205]]}, "properties": {"id": "628122051#0", "nombre": "628122051#0", "longitud": 160.98, "velocidad_max": 50.0, "num_lanes": 3}}, {"type": "Feature", "id": "628122051#5", "geometry": {"type": "LineString", "coordinates": [[-77.050788, -12.055206], [-77.050879, -12.055213]]}, "properties": {"id": "628122051#5", "nombre": "628122051#5", "longitud": 9.92, "velocidad_max": 50.0, "num_lanes": 3}}, {"type": "Feature", "id": "642250639#0", "geometry": {"type": "LineString", "coordinates": [[-77.045479, -12.039201], [-77.045552, -12.039189], [-77.04624, -12.039081]]}, "properties": {"id": "642250639#0", "nombre": "642250639#0", "longitud": 83.98, "velocidad_max": 40.0, "num_lanes": 1}}, {"type": "Feature", "id": "648697120#0", "geometry": {"type": "LineString", "coordinates": [[-77.037576, -12.046343], [-77.037592, -12.046366], [-77.037604, -12.046385], [-77.037629, -12.046421]]}, "properties": {"id": "648697120#0", "nombre": "648697120#0", "longitud": 10.33, "velocidad_max": 50.0, "num_lanes": 2}}, {"type": "Feature", "id": "648697120#2", "geometry": {"type": "LineString", "coordinates": [[-77.03763, -12.046423], [-77.03764, -12.046438]]}, "properties": {"id": "648697120#2", "nombre": "648697120#2", "longitud": 1.92, "velocidad_max": 50.0, "num_lanes": 2}}, {"type": "Feature", "id": "654074749#0", "geometry": {"type": "LineString", "coordinates": [[-77.052678, -12.047626], [-77.052674, -12.047614], [-77.052641, -12.047548], [-77.052596, -12.047489], [-77.052571, -12.047466]]}, "properties": {"id": "654074749#0", "nombre": "654074749#0", "longitud": 21.45, "velocidad_max": 50.0, "num_lanes": 1}}, {"type": "Feature", "id": "660234775", "geometry": {"type": "LineString", "coordinates": [[-77.035745, -12.056039], [-77.035764, -12.055785]]}, "properties": {"id": "660234775", "nombre": "660234775", "longitud": 28.15, "velocidad_max": 40.0, "num_lanes": 2}}, {"type": "Feature", "id": "670818203", "geometry": {"type": "LineString", "coordinates": [[-77.035197, -12.051513], [-77.035367, -12.051754]]}, "properties": {"id": "670818203", "nombre": "670818203", "longitud": 32.41, "velocidad_max": 40.0, "num_lanes": 3}}, {"type": "Feature", "id": "67709150#0", "geometry": {"type": "LineString", "coordinates": [[-77.051828, -12.057206], [-77.051909, -12.057447]]}, "properties": {"id": "67709150#0", "nombre": "67709150#0", "longitud": 28.05, "velocidad_max": 50.0, "num_lanes": 1}}, {"type": "Feature", "id": "67709150#1", "geometry": {"type": "LineString", "coordinates": [[-77.051951, -12.05757], [-77.052239, -12.058426], [-77.052253, -12.058436]]}, "properties": {"id": "67709150#1", "nombre": "67709150#1", "longitud": 101.68, "velocidad_max": 50.0, "num_lanes": 1}}, {"type": "Feature", "id": "67865017#0", "geometry": {"type": "LineString", "coordinates": [[-77.043768, -12.062736], [-77.044635, -12.062052], [-77.045229, -12.061583], [-77.045447, -12.061411], [-77.045587, -12.0613], [-77.045923, -12.061036], [-77.046147, -12.060858], [-77.046491, -12.060587], [-77.04686, -12.060296]]}, "properties": {"id": "67865017#0", "nombre": "67865017#0", "longitud": 431.67, "velocidad_max": 30.0, "num_lanes": 2}}, {"type": "Feature", "id": "67865017#1", "geometry": {"type": "LineString", "coordinates": [[-77.046964, -12.060214], [-77.047156, -12.060062], [-77.047675, -12.059653], [-77.047875, -12.059494]]}, "properties": {"id": "67865017#1", "nombre": "67865017#1", "longitud": 127.24, "velocidad_max": 30.0, "num_lanes": 2}}, {"type": "Feature", "id": "745165965", "geometry": {"type": "LineString", "coordinates": [[-77.043616, -12.039217], [-77.043199, -12.039187], [-77.043108, -12.039199], [-77.043042, -12.039243], [-77.042933, -12.039436], [-77.042853, -12.039579], [-77.042742, -12.039762], [-77.042714, -12.039781], [-77.042659, -12.039806], [-77.042611, -12.039812], [-77.042552, -12.039802], [-77.042264, -12.03967], [-77.04217, -12.039626]]}, "properties": {"id": "745165965", "nombre": "745165965", "longitud": 198.33, "velocidad_max": 50.0, "num_lanes": 1}}, {"type": "Feature", "id": "745165967", "geometry": {"type": "LineString", "coordinates": [[-77.042183, -12.0396], [-77.042277, -12.039643], [-77.04256, -12.039775], [-77.042611, -12.039783], [-77.042651, -12.039778], [-77.042699, -12.039756], [-77.042721, -12.039742], [-77.042827, -12.039564], [-77.042908, -12.039422], [-77.043019, -12.039223], [-77.043098, -12.039171], [-77.043199, -12.039158], [-77.043618, -12.039189]]}, "properties": {"id": "745165967", "nombre": "745165967", "longitud": 197.17, "velocidad_max": 50.0, "num_lanes": 1}}, {"type": "Feature", "id": "746192569#0", "geometry": {"type": "LineString", "coordinates": [[-77.047228, -12.03869], [-77.046969, -12.038475], [-77.046782, -12.038319]]}, "properties": {"id": "746192569#0", "nombre": "746192569#0", "longitud": 63.61, "velocidad_max": 50.0, "num_lanes": 1}}, {"type": "Feature", "id": "747150022", "geometry": {"type": "LineString", "coordinates": [[-77.04089, -12.039232], [-77.040837, -12.039687]]}, "properties": {"id": "747150022", "nombre": "747150022", "longitud": 50.77, "velocidad_max": 16.1, "num_lanes": 1}}, {"type": "Feature", "id": "747150024#0", "geometry": {"type": "LineString", "coordinates": [[-77.039712, -12.039274], [-77.039843, -12.039651]]}, "properties": {"id": "747150024#0", "nombre": "747150024#0", "longitud": 44.09, "velocidad_max": 50.0, "num_lanes": 1}}, {"type": "Feature", "id": "75036023", "geometry": {"type": "LineString", "coordinates": [[-77.030231, -12.055183], [-77.029614, -12.055256]]}, "properties": {"id": "75036023", "nombre": "75036023", "longitud": 67.71, "velocidad_max": 30.0, "num_lanes": 1}}, {"type": "Feature", "id": "75037348", "geometry": {"type": "LineString", "coordinates": [[-77.030726, -12.041398], [-77.030663, -12.040821]]}, "properties": {"id": "75037348", "nombre": "75037348", "longitud": 64.13, "velocidad_max": 50.0, "num_lanes": 1}}, {"type": "Feature", "id": "75037349#0", "geometry": {"type": "LineString", "coordinates": [[-77.031403, -12.04134], [-77.03136, -12.041076], [-77.031306, -12.040753]]}, "properties": {"id": "75037349#0", "nombre": "75037349#0", "longitud": 65.78, "velocidad_max": 50.0, "num_lanes": 1}}, {"type": "Feature", "id": "75037350#0", "geometry": {"type": "LineString", "coordinates": [[-77.030204, -12.039828], [-77.030159, -12.039308], [-77.030138, -12.03906], [-77.030113, -12.038774], [-77.03011, -12.038743], [-77.0301, -12.038655], [-77.030099, -12.038638], [-77.030083, -12.038489], [-77.030047, -12.038157], [-77.03, -12.037709], [-77.029975, -12.037522], [-77.029964, -12.037438], [-77.029946, -12.037304], [-77.029899, -12.036953]]}, "properties": {"id": "75037350#0", "nombre": "75037350#0", "longitud": 319.85, "velocidad_max": 30.0, "num_lanes": 1}}, {"type": "Feature", "id": "75037359#0", "geometry": {"type": "LineString", "coordinates": [[-77.032825, -12.039849], [-77.032782, -12.039876], [-77.032545, -12.040024], [-77.032113, -12.040293], [-77.031971, -12.040375], [-77.031886, -12.040424], [-77.031851, -12.04044], [-77.031731, -12.040493], [-77.031536, -12.040576]]}, "properties": {"id": "75037359#0", "nombre": "75037359#0", "longitud": 162.14, "velocidad_max": 40.0, "num_lanes": 3}}, {"type": "Feature", "id": "75037363#0", "geometry": {"type": "LineString", "coordinates": [[-77.031239, -12.040681], [-77.031069, -12.040699], [-77.030899, -12.040717], [-77.030843, -12.040723], [-77.030735, -12.040734]]}, "properties": {"id": "75037363#0", "nombre": "75037363#0", "longitud": 55.27, "velocidad_max": 40.0, "num_lanes": 3}}, {"type": "Feature", "id": "75037364", "geometry": {"type": "LineString", "coordinates": [[-77.032852, -12.03975], [-77.03285, -12.039749]]}, "properties": {"id": "75037364", "nombre": "75037364", "longitud": 0.2, "velocidad_max": 100.0, "num_lanes": 3}}, {"type": "Feature", "id": "75037365#0", "geometry": {"type": "LineString", "coordinates": [[-77.032691, -12.038546], [-77.032905, -12.038853], [-77.033038, -12.039043], [-77.033094, -12.039123], [-77.033323, -12.039451]]}, "properties": {"id": "75037365#0", "nombre": "75037365#0", "longitud": 121.47, "velocidad_max": 30.0, "num_lanes": 1}}, {"type": "Feature", "id": "75223314", "geometry": {"type": "LineString", "coordinates": [[-77.040084, -12.054421], [-77.039939, -12.05596]]}, "properties": {"id": "75223314", "nombre": "75223314", "longitud": 171.05, "velocidad_max": 10.0, "num_lanes": 1}}, {"type": "Feature", "id": "75223324#0", "geometry": {"type": "LineString", "coordinates": [[-77.033321, -12.054888], [-77.034093, -12.0546], [-77.034224, -12.054552]]}, "properties": {"id": "75223324#0", "nombre": "75223324#0", "longitud": 105.17, "velocidad_max": 30.0, "num_lanes": 2}}, {"type": "Feature", "id": "75223328", "geometry": {"type": "LineString", "coordinates": [[-77.038691, -12.052778], [-77.039642, -12.052826]]}, "properties": {"id": "75223328", "nombre": "75223328", "longitud": 103.75, "velocidad_max": 30.0, "num_lanes": 1}}, {"type": "Feature", "id": "75223330#0", "geometry": {"type": "LineString", "coordinates": [[-77.033125, -12.051532], [-77.033281, -12.051758], [-77.033558, -12.052161], [-77.033582, -12.052196]]}, "properties": {"id": "75223330#0", "nombre": "75223330#0", "longitud": 88.79, "velocidad_max": 30.0, "num_lanes": 1}}, {"type": "Feature", "id": "75223331#0", "geometry": {"type": "LineString", "coordinates": [[-77.034669, -12.052923], [-77.034241, -12.053195], [-77.033806, -12.053477]]}, "properties": {"id": "75223331#0", "nombre": "75223331#0", "longitud": 112.19, "velocidad_max": 30.0, "num_lanes": 2}}, {"type": "Feature", "id": "75223331#2", "geometry": {"type": "LineString", "coordinates": [[-77.033804, -12.053478], [-77.033771, -12.0535], [-77.033719, -12.053534]]}, "properties": {"id": "75223331#2", "nombre": "75223331#2", "longitud": 11.18, "velocidad_max": 30.0, "num_lanes": 2}}, {"type": "Feature", "id": "75223331#5", "geometry": {"type": "LineString", "coordinates": [[-77.033609, -12.053608], [-77.033314, -12.053798], [-77.032788, -12.054139]]}, "properties": {"id": "75223331#5", "nombre": "75223331#5", "longitud": 106.98, "velocidad_max": 30.0, "num_lanes": 2}}, {"type": "Feature", "id": "75223334", "geometry": {"type": "LineString", "coordinates": [[-77.03888, -12.055859], [-77.038927, -12.055379], [-77.039024, -12.054324]]}, "properties": {"id": "75223334", "nombre": "75223334", "longitud": 170.6, "velocidad_max": 30.0, "num_lanes": 1}}, {"type": "Feature", "id": "75223335", "geometry": {"type": "LineString", "coordinates": [[-77.039576, -12.053391], [-77.038624, -12.053314]]}, "properties": {"id": "75223335", "nombre": "75223335", "longitud": 104.03, "velocidad_max": 50.0, "num_lanes": 1}}, {"type": "Feature", "id": "75226934#0", "geometry": {"type": "LineString", "coordinates": [[-77.035767, -12.042108], [-77.036294, -12.042848], [-77.036347, -12.042922], [-77.03635, -12.042926]]}, "properties": {"id": "75226934#0", "nombre": "75226934#0", "longitud": 110.54, "velocidad_max": 30.0, "num_lanes": 2}}, {"type": "Feature", "id": "75226934#2", "geometry": {"type": "LineString", "coordinates": [[-77.036426, -12.043035], [-77.036847, -12.043656], [-77.036879, -12.043702], [-77.036911, -12.043749], [-77.037013, -12.0439]]}, "properties": {"id": "75226934#2", "nombre": "75226934#2", "longitud": 115.11, "velocidad_max": 30.0, "num_lanes": 2}}, {"type": "Feature", "id": "75226935#0", "geometry": {"type": "LineString", "coordinates": [[-77.041159, -12.041521], [-77.041351, -12.041743], [-77.041386, -12.041789], [-77.041479, -12.041898], [-77.041533, -12.041961], [-77.041636, -12.042082], [-77.041822, -12.042301], [-77.041831, -12.042311]]}, "properties": {"id": "75226935#0", "nombre": "75226935#0", "longitud": 113.98, "velocidad_max": 40.0, "num_lanes": 2}}, {"type": "Feature", "id": "75226937#0", "geometry": {"type": "LineString", "coordinates": [[-77.038852, -12.051528], [-77.039752, -12.051598]]}, "properties": {"id": "75226937#0", "nombre": "75226937#0", "longitud": 98.24, "velocidad_max": 30.0, "num_lanes": 2}}, {"type": "Feature", "id": "75226937#1", "geometry": {"type": "LineString", "coordinates": [[-77.039912, -12.051611], [-77.040804, -12.051686]]}, "properties": {"id": "75226937#1", "nombre": "75226937#1", "longitud": 97.54, "velocidad_max": 30.0, "num_lanes": 2}}, {"type": "Feature", "id": "75226937#2", "geometry": {"type": "LineString", "coordinates": [[-77.040935, -12.051698], [-77.041601, -12.051763], [-77.042096, -12.051812]]}, "properties": {"id": "75226937#2", "nombre": "75226937#2", "longitud": 127.05, "velocidad_max": 30.0, "num_lanes": 2}}, {"type": "Feature", "id": "75226939#0", "geometry": {"type": "LineString", "coordinates": [[-77.041252, -12.048958], [-77.040578, -12.047931]]}, "properties": {"id": "75226939#0", "nombre": "75226939#0", "longitud": 135.37, "velocidad_max": 30.0, "num_lanes": 1}}, {"type": "Feature", "id": "75226940#0", "geometry": {"type": "LineString", "coordinates": [[-77.035113, -12.051269], [-77.035138, -12.051263], [-77.0352, -12.051228]]}, "properties": {"id": "75226940#0", "nombre": "75226940#0", "longitud": 16.49, "velocidad_max": 40.0, "num_lanes": 2}}, {"type": "Feature", "id": "75226940#2", "geometry": {"type": "LineString", "coordinates": [[-77.035247, -12.051197], [-77.035263, -12.051187], [-77.035987, -12.050718]]}, "properties": {"id": "75226940#2", "nombre": "75226940#2", "longitud": 96.5, "velocidad_max": 40.0, "num_lanes": 2}}, {"type": "Feature", "id": "75226947#1", "geometry": {"type": "LineString", "coordinates": [[-77.039589, -12.048567], [-77.04027, -12.049604]]}, "properties": {"id": "75226947#1", "nombre": "75226947#1", "longitud": 136.61, "velocidad_max": 30.0, "num_lanes": 1}}, {"type": "Feature", "id": "75226949#0", "geometry": {"type": "LineString", "coordinates": [[-77.042269, -12.049378], [-77.042125, -12.049177], [-77.04185, -12.048781], [-77.041831, -12.048754]]}, "properties": {"id": "75226949#0", "nombre": "75226949#0", "longitud": 83.96, "velocidad_max": 40.0, "num_lanes": 3}}, {"type": "Feature", "id": "75226949#2", "geometry": {"type": "LineString", "coordinates": [[-77.041741, -12.048621], [-77.041739, -12.048619], [-77.041073, -12.047629]]}, "properties": {"id": "75226949#2", "nombre": "75226949#2", "longitud": 131.75, "velocidad_max": 40.0, "num_lanes": 3}}, {"type": "Feature", "id": "75226951#0", "geometry": {"type": "LineString", "coordinates": [[-77.039979, -12.050448], [-77.040054, -12.050399]]}, "properties": {"id": "75226951#0", "nombre": "75226951#0", "longitud": 9.84, "velocidad_max": 30.0, "num_lanes": 1}}, {"type": "Feature", "id": "75226951#1", "geometry": {"type": "LineString", "coordinates": [[-77.040164, -12.050327], [-77.041022, -12.049768]]}, "properties": {"id": "75226951#1", "nombre": "75226951#1", "longitud": 111.96, "velocidad_max": 30.0, "num_lanes": 1}}, {"type": "Feature", "id": "75226954#0", "geometry": {"type": "LineString", "coordinates": [[-77.038841, -12.05062], [-77.038843, -12.050619]]}, "properties": {"id": "75226954#0", "nombre": "75226954#0", "longitud": 0.2, "velocidad_max": 40.0, "num_lanes": 1}}, {"type": "Feature", "id": "75226954#1", "geometry": {"type": "LineString", "coordinates": [[-77.038963, -12.050542], [-77.039742, -12.050033]]}, "properties": {"id": "75226954#1", "nombre": "75226954#1", "longitud": 101.84, "velocidad_max": 40.0, "num_lanes": 1}}, {"type": "Feature", "id": "75226956#0", "geometry": {"type": "LineString", "coordinates": [[-77.042041, -12.052405], [-77.040886, -12.05234]]}, "properties": {"id": "75226956#0", "nombre": "75226956#0", "longitud": 126.0, "velocidad_max": 30.0, "num_lanes": 1}}, {"type": "Feature", "id": "75226956#1", "geometry": {"type": "LineString", "coordinates": [[-77.040756, -12.052329], [-77.040516, -12.052304], [-77.040176, -12.052268], [-77.039856, -12.052234]]}, "properties": {"id": "75226956#1", "nombre": "75226956#1", "longitud": 98.68, "velocidad_max": 30.0, "num_lanes": 1}}, {"type": "Feature", "id": "75226956#4", "geometry": {"type": "LineString", "coordinates": [[-77.039696, -12.052217], [-77.03878, -12.052115]]}, "properties": {"id": "75226956#4", "nombre": "75226956#4", "longitud": 100.39, "velocidad_max": 30.0, "num_lanes": 1}}, {"type": "Feature", "id": "75226957#0", "geometry": {"type": "LineString", "coordinates": [[-77.041287, -12.043915], [-77.040749, -12.043148]]}, "properties": {"id": "75226957#0", "nombre": "75226957#0", "longitud": 103.09, "velocidad_max": 30.0, "num_lanes": 2}}, {"type": "Feature", "id": "75226957#1", "geometry": {"type": "LineString", "coordinates": [[-77.040675, -12.043041], [-77.040502, -12.042787], [-77.040085, -12.042172], [-77.040077, -12.042161]]}, "properties": {"id": "75226957#1", "nombre": "75226957#1", "longitud": 117.2, "velocidad_max": 30.0, "num_lanes": 2}}, {"type": "Feature", "id": "75226957#3", "geometry": {"type": "LineString", "coordinates": [[-77.040002, -12.04205], [-77.039748, -12.041672], [-77.039667, -12.041551], [-77.039398, -12.04115]]}, "properties": {"id": "75226957#3", "nombre": "75226957#3", "longitud": 119.43, "velocidad_max": 30.0, "num_lanes": 2}}, {"type": "Feature", "id": "75243088#0", "geometry": {"type": "LineString", "coordinates": [[-77.030735, -12.045225], [-77.030825, -12.045358], [-77.03103, -12.045653], [-77.031056, -12.045695], [-77.031203, -12.045924], [-77.031285, -12.046037], [-77.031315, -12.046075]]}, "properties": {"id": "75243088#0", "nombre": "75243088#0", "longitud": 113.34, "velocidad_max": 30.0, "num_lanes": 1}}, {"type": "Feature", "id": "761576525", "geometry": {"type": "LineString", "coordinates": [[-77.038162, -12.058048], [-77.038162, -12.058049]]}, "properties": {"id": "761576525", "nombre": "761576525", "longitud": 0.1, "velocidad_max": 50.0, "num_lanes": 2}}, {"type": "Feature", "id": "761576527", "geometry": {"type": "LineString", "coordinates": [[-77.037958, -12.059694], [-77.037946, -12.059824], [-77.037925, -12.060045]]}, "properties": {"id": "761576527", "nombre": "761576527", "longitud": 38.99, "velocidad_max": 40.0, "num_lanes": 2}}, {"type": "Feature", "id": "761576528#0", "geometry": {"type": "LineString", "coordinates": [[-77.037849, -12.05965], [-77.037869, -12.059419], [-77.037921, -12.058814], [-77.037988, -12.058038]]}, "properties": {"id": "761576528#0", "nombre": "761576528#0", "longitud": 179.04, "velocidad_max": 50.0, "num_lanes": 3}}, {"type": "Feature", "id": "761576528#1", "geometry": {"type": "LineString", "coordinates": [[-77.037988, -12.058034], [-77.037989, -12.058027]]}, "properties": {"id": "761576528#1", "nombre": "761576528#1", "longitud": 0.83, "velocidad_max": 50.0, "num_lanes": 3}}, {"type": "Feature", "id": "761576529", "geometry": {"type": "LineString", "coordinates": [[-77.037826, -12.060028], [-77.037842, -12.059815], [-77.037845, -12.059725], [-77.037845, -12.059721]]}, "properties": {"id": "761576529", "nombre": "761576529", "longitud": 34.08, "velocidad_max": 50.0, "num_lanes": 2}}, {"type": "Feature", "id": "761576534#0", "geometry": {"type": "LineString", "coordinates": [[-77.039093, -12.059828], [-77.039096, -12.059732], [-77.03914, -12.059182], [-77.039144, -12.059128], [-77.039158, -12.058961], [-77.039208, -12.058453], [-77.039249, -12.058081]]}, "properties": {"id": "761576534#0", "nombre": "761576534#0", "longitud": 194.05, "velocidad_max": 30.0, "num_lanes": 3}}, {"type": "Feature", "id": "761576536", "geometry": {"type": "LineString", "coordinates": [[-77.039173, -12.059941], [-77.039236, -12.059946]]}, "properties": {"id": "761576536", "nombre": "761576536", "longitud": 6.92, "velocidad_max": 50.0, "num_lanes": 5}}, {"type": "Feature", "id": "769381551", "geometry": {"type": "LineString", "coordinates": [[-77.05095, -12.052296], [-77.050516, -12.052325]]}, "properties": {"id": "769381551", "nombre": "769381551", "longitud": 47.37, "velocidad_max": 40.0, "num_lanes": 1}}, {"type": "Feature", "id": "769382222", "geometry": {"type": "LineString", "coordinates": [[-77.053906, -12.054922], [-77.05387, -12.055383]]}, "properties": {"id": "769382222", "nombre": "769382222", "longitud": 51.14, "velocidad_max": 30.0, "num_lanes": 1}}, {"type": "Feature", "id": "769382584", "geometry": {"type": "LineString", "coordinates": [[-77.050415, -12.052331], [-77.049845, -12.05236]]}, "properties": {"id": "769382584", "nombre": "769382584", "longitud": 62.14, "velocidad_max": 40.0, "num_lanes": 1}}, {"type": "Feature", "id": "770817908#0", "geometry": {"type": "LineString", "coordinates": [[-77.030839, -12.054871], [-77.030991, -12.055129], [-77.031205, -12.055512], [-77.031442, -12.055946]]}, "properties": {"id": "770817908#0", "nombre": "770817908#0", "longitud": 135.92, "velocidad_max": 30.0, "num_lanes": 2}}, {"type": "Feature", "id": "771708361#0", "geometry": {"type": "LineString", "coordinates": [[-77.031808, -12.052702], [-77.031819, -12.052694], [-77.032008, -12.052565], [-77.032598, -12.052162]]}, "properties": {"id": "771708361#0", "nombre": "771708361#0", "longitud": 104.77, "velocidad_max": 30.0, "num_lanes": 2}}, {"type": "Feature", "id": "77228678#0", "geometry": {"type": "LineString", "coordinates": [[-77.043264, -12.056422], [-77.043231, -12.056827], [-77.043201, -12.05721]]}, "properties": {"id": "77228678#0", "nombre": "77228678#0", "longitud": 87.48, "velocidad_max": 30.0, "num_lanes": 1}}, {"type": "Feature", "id": "77526817#0", "geometry": {"type": "LineString", "coordinates": [[-77.049264, -12.055158], [-77.049294, -12.055654], [-77.049302, -12.055788], [-77.0493, -12.055924]]}, "properties": {"id": "77526817#0", "nombre": "77526817#0", "longitud": 84.83, "velocidad_max": 30.0, "num_lanes": 1}}, {"type": "Feature", "id": "77526817#2", "geometry": {"type": "LineString", "coordinates": [[-77.049295, -12.056021], [-77.04927, -12.056273], [-77.049217, -12.056762]]}, "properties": {"id": "77526817#2", "nombre": "77526817#2", "longitud": 82.42, "velocidad_max": 30.0, "num_lanes": 1}}, {"type": "Feature", "id": "77526818#0", "geometry": {"type": "LineString", "coordinates": [[-77.044649, -12.05186], [-77.04463, -12.052089], [-77.044569, -12.052831], [-77.044557, -12.052976], [-77.044542, -12.05316], [-77.0445, -12.053567]]}, "properties": {"id": "77526818#0", "nombre": "77526818#0", "longitud": 189.62, "velocidad_max": 50.0, "num_lanes": 1}}, {"type": "Feature", "id": "77526820", "geometry": {"type": "LineString", "coordinates": [[-77.05015, -12.056853], [-77.050219, -12.056075]]}, "properties": {"id": "77526820", "nombre": "77526820", "longitud": 86.42, "velocidad_max": 30.0, "num_lanes": 1}}, {"type": "Feature", "id": "77526821", "geometry": {"type": "LineString", "coordinates": [[-77.050484, -12.056881], [-77.050555, -12.056102]]}, "properties": {"id": "77526821", "nombre": "77526821", "longitud": 86.52, "velocidad_max": 20.0, "num_lanes": 1}}, {"type": "Feature", "id": "77526825", "geometry": {"type": "LineString", "coordinates": [[-77.045081, -12.055579], [-77.045065, -12.055011], [-77.045077, -12.054866], [-77.045084, -12.05482]]}, "properties": {"id": "77526825", "nombre": "77526825", "longitud": 84.09, "velocidad_max": 30.0, "num_lanes": 2}}, {"type": "Feature", "id": "77526829#0", "geometry": {"type": "LineString", "coordinates": [[-77.05083, -12.056896], [-77.05088, -12.056152]]}, "properties": {"id": "77526829#0", "nombre": "77526829#0", "longitud": 82.58, "velocidad_max": 30.0, "num_lanes": 1}}, {"type": "Feature", "id": "77526829#1", "geometry": {"type": "LineString", "coordinates": [[-77.050886, -12.05605], [-77.050888, -12.056014], [-77.050922, -12.055346]]}, "properties": {"id": "77526829#1", "nombre": "77526829#1", "longitud": 77.95, "velocidad_max": 30.0, "num_lanes": 1}}, {"type": "Feature", "id": "77526831#0", "geometry": {"type": "LineString", "coordinates": [[-77.041304, -12.050129], [-77.040978, -12.05036], [-77.040947, -12.050388], [-77.040926, -12.05042], [-77.040914, -12.050467], [-77.040917, -12.050627], [-77.040922, -12.050722], [-77.040928, -12.05084], [-77.040927, -12.050858]]}, "properties": {"id": "77526831#0", "nombre": "77526831#0", "longitud": 101.25, "velocidad_max": 30.0, "num_lanes": 2}}, {"type": "Feature", "id": "77526831#2", "geometry": {"type": "LineString", "coordinates": [[-77.040919, -12.051016], [-77.040912, -12.051152], [-77.040875, -12.051627]]}, "properties": {"id": "77526831#2", "nombre": "77526831#2", "longitud": 67.73, "velocidad_max": 30.0, "num_lanes": 2}}, {"type": "Feature", "id": "77526831#3", "geometry": {"type": "LineString", "coordinates": [[-77.040865, -12.051756], [-77.040825, -12.052286]]}, "properties": {"id": "77526831#3", "nombre": "77526831#3", "longitud": 58.8, "velocidad_max": 30.0, "num_lanes": 2}}, {"type": "Feature", "id": "77526831#4", "geometry": {"type": "LineString", "coordinates": [[-77.040817, -12.052385], [-77.040632, -12.05428]]}, "properties": {"id": "77526831#4", "nombre": "77526831#4", "longitud": 210.61, "velocidad_max": 30.0, "num_lanes": 2}}, {"type": "Feature", "id": "77526831#5", "geometry": {"type": "LineString", "coordinates": [[-77.040615, -12.054467], [-77.040477, -12.056001]]}, "properties": {"id": "77526831#5", "nombre": "77526831#5", "longitud": 170.38, "velocidad_max": 30.0, "num_lanes": 2}}, {"type": "Feature", "id": "77526831#6", "geometry": {"type": "LineString", "coordinates": [[-77.040463, -12.05619], [-77.040439, -12.056637], [-77.040387, -12.057269], [-77.040324, -12.057921]]}, "properties": {"id": "77526831#6", "nombre": "77526831#6", "longitud": 192.22, "velocidad_max": 30.0, "num_lanes": 2}}, {"type": "Feature", "id": "77526835#0", "geometry": {"type": "LineString", "coordinates": [[-77.049807, -12.056824], [-77.049851, -12.056432], [-77.049888, -12.056049]]}, "properties": {"id": "77526835#0", "nombre": "77526835#0", "longitud": 86.2, "velocidad_max": 30.0, "num_lanes": 1}}, {"type": "Feature", "id": "77526839#0", "geometry": {"type": "LineString", "coordinates": [[-77.043306, -12.053471], [-77.043442, -12.051932]]}, "properties": {"id": "77526839#0", "nombre": "77526839#0", "longitud": 170.92, "velocidad_max": 30.0, "num_lanes": 1}}, {"type": "Feature", "id": "77526839#1", "geometry": {"type": "LineString", "coordinates": [[-77.043451, -12.051837], [-77.043478, -12.051535], [-77.043537, -12.050854]]}, "properties": {"id": "77526839#1", "nombre": "77526839#1", "longitud": 109.19, "velocidad_max": 30.0, "num_lanes": 1}}, {"type": "Feature", "id": "77526840#0", "geometry": {"type": "LineString", "coordinates": [[-77.044129, -12.050815], [-77.044048, -12.05179]]}, "properties": {"id": "77526840#0", "nombre": "77526840#0", "longitud": 108.25, "velocidad_max": 30.0, "num_lanes": 2}}, {"type": "Feature", "id": "77526840#1", "geometry": {"type": "LineString", "coordinates": [[-77.044039, -12.0519], [-77.04389, -12.053518]]}, "properties": {"id": "77526840#1", "nombre": "77526840#1", "longitud": 179.73, "velocidad_max": 30.0, "num_lanes": 2}}, {"type": "Feature", "id": "77526840#2", "geometry": {"type": "LineString", "coordinates": [[-77.043881, -12.053619], [-77.04381, -12.05445], [-77.043803, -12.054556]]}, "properties": {"id": "77526840#2", "nombre": "77526840#2", "longitud": 104.05, "velocidad_max": 30.0, "num_lanes": 2}}, {"type": "Feature", "id": "77526840#4", "geometry": {"type": "LineString", "coordinates": [[-77.043792, -12.054714], [-77.043785, -12.054808], [-77.043721, -12.055155], [-77.043702, -12.055337], [-77.04371, -12.055473]]}, "properties": {"id": "77526840#4", "nombre": "77526840#4", "longitud": 84.76, "velocidad_max": 30.0, "num_lanes": 2}}, {"type": "Feature", "id": "77526840#5", "geometry": {"type": "LineString", "coordinates": [[-77.043721, -12.055575], [-77.043747, -12.055742], [-77.04383, -12.056168], [-77.043858, -12.056306]]}, "properties": {"id": "77526840#5", "nombre": "77526840#5", "longitud": 82.21, "velocidad_max": 30.0, "num_lanes": 2}}, {"type": "Feature", "id": "77526843#0", "geometry": {"type": "LineString", "coordinates": [[-77.047675, -12.055023], [-77.047784, -12.055353], [-77.047841, -12.055553], [-77.047852, -12.055619], [-77.047863, -12.055685], [-77.04787, -12.05581]]}, "properties": {"id": "77526843#0", "nombre": "77526843#0", "longitud": 89.96, "velocidad_max": 30.0, "num_lanes": 1}}, {"type": "Feature", "id": "77526843#3", "geometry": {"type": "LineString", "coordinates": [[-77.047869, -12.055904], [-77.047814, -12.056622], [-77.047813, -12.056644]]}, "properties": {"id": "77526843#3", "nombre": "77526843#3", "longitud": 82.07, "velocidad_max": 30.0, "num_lanes": 1}}, {"type": "Feature", "id": "77526845#0", "geometry": {"type": "LineString", "coordinates": [[-77.042729, -12.059823], [-77.042717, -12.05979], [-77.042563, -12.059393], [-77.042324, -12.058756]]}, "properties": {"id": "77526845#0", "nombre": "77526845#0", "longitud": 125.97, "velocidad_max": 50.0, "num_lanes": 1}}, {"type": "Feature", "id": "77526845#2", "geometry": {"type": "LineString", "coordinates": [[-77.042322, -12.058692], [-77.042346, -12.058606], [-77.042413, -12.058487], [-77.04246, -12.058403], [-77.042577, -12.058196]]}, "properties": {"id": "77526845#2", "nombre": "77526845#2", "longitud": 61.74, "velocidad_max": 50.0, "num_lanes": 1}}, {"type": "Feature", "id": "77526849#0", "geometry": {"type": "LineString", "coordinates": [[-77.049344, -12.054056], [-77.049291, -12.05433], [-77.049262, -12.054482], [-77.049257, -12.05451], [-77.049175, -12.054993]]}, "properties": {"id": "77526849#0", "nombre": "77526849#0", "longitud": 105.35, "velocidad_max": 50.0, "num_lanes": 1}}, {"type": "Feature", "id": "77526850#1", "geometry": {"type": "LineString", "coordinates": [[-77.047379, -12.050451], [-77.047572, -12.051336]]}, "properties": {"id": "77526850#1", "nombre": "77526850#1", "longitud": 100.18, "velocidad_max": 30.0, "num_lanes": 2}}, {"type": "Feature", "id": "77526850#10", "geometry": {"type": "LineString", "coordinates": [[-77.047786, -12.053934], [-77.047781, -12.054087], [-77.047762, -12.054226], [-77.047741, -12.054298], [-77.047726, -12.054347], [-77.047674, -12.054472], [-77.047668, -12.054487], [-77.047654, -12.05452], [-77.047614, -12.054612], [-77.047516, -12.054795], [-77.047501, -12.054858]]}, "properties": {"id": "77526850#10", "nombre": "77526850#10", "longitud": 108.17, "velocidad_max": 30.0, "num_lanes": 2}}, {"type": "Feature", "id": "77526850#2", "geometry": {"type": "LineString", "coordinates": [[-77.047591, -12.051437], [-77.047626, -12.051674], [-77.047654, -12.051853], [-77.047713, -12.052244]]}, "properties": {"id": "77526850#2", "nombre": "77526850#2", "longitud": 90.22, "velocidad_max": 30.0, "num_lanes": 2}}, {"type": "Feature", "id": "77526850#5", "geometry": {"type": "LineString", "coordinates": [[-77.047724, -12.052345], [-77.047749, -12.052663], [-77.04775, -12.052674], [-77.047751, -12.052689], [-77.047756, -12.052813], [-77.047772, -12.053218], [-77.047787, -12.053579], [-77.047788, -12.053829]]}, "properties": {"id": "77526850#5", "nombre": "77526850#5", "longitud": 164.38, "velocidad_max": 30.0, "num_lanes": 2}}, {"type": "Feature", "id": "77526851#0", "geometry": {"type": "LineString", "coordinates": [[-77.056808, -12.054615], [-77.056252, -12.054569], [-77.055839, -12.054536]]}, "properties": {"id": "77526851#0", "nombre": "77526851#0", "longitud": 105.97, "velocidad_max": 50.0, "num_lanes": 1}}, {"type": "Feature", "id": "77526851#1", "geometry": {"type": "LineString", "coordinates": [[-77.055732, -12.054527], [-77.05529, -12.054491]]}, "properties": {"id": "77526851#1", "nombre": "77526851#1", "longitud": 48.28, "velocidad_max": 50.0, "num_lanes": 1}}, {"type": "Feature", "id": "77526851#2", "geometry": {"type": "LineString", "coordinates": [[-77.055214, -12.054485], [-77.05475, -12.054446]]}, "properties": {"id": "77526851#2", "nombre": "77526851#2", "longitud": 50.67, "velocidad_max": 50.0, "num_lanes": 1}}, {"type": "Feature", "id": "77526851#3", "geometry": {"type": "LineString", "coordinates": [[-77.054643, -12.054438], [-77.054223, -12.054404]]}, "properties": {"id": "77526851#3", "nombre": "77526851#3", "longitud": 45.84, "velocidad_max": 50.0, "num_lanes": 1}}, {"type": "Feature", "id": "77526851#4", "geometry": {"type": "LineString", "coordinates": [[-77.054098, -12.054393], [-77.053992, -12.054385]]}, "properties": {"id": "77526851#4", "nombre": "77526851#4", "longitud": 11.55, "velocidad_max": 50.0, "num_lanes": 1}}, {"type": "Feature", "id": "77526851#5", "geometry": {"type": "LineString", "coordinates": [[-77.05389, -12.054377], [-77.053339, -12.054336]]}, "properties": {"id": "77526851#5", "nombre": "77526851#5", "longitud": 60.1, "velocidad_max": 50.0, "num_lanes": 1}}, {"type": "Feature", "id": "77526851#6", "geometry": {"type": "LineString", "coordinates": [[-77.053238, -12.054328], [-77.052635, -12.054279]]}, "properties": {"id": "77526851#6", "nombre": "77526851#6", "longitud": 65.88, "velocidad_max": 50.0, "num_lanes": 1}}, {"type": "Feature", "id": "77526851#7", "geometry": {"type": "LineString", "coordinates": [[-77.052532, -12.054271], [-77.051978, -12.054226]]}, "properties": {"id": "77526851#7", "nombre": "77526851#7", "longitud": 60.56, "velocidad_max": 50.0, "num_lanes": 1}}, {"type": "Feature", "id": "77526851#8", "geometry": {"type": "LineString", "coordinates": [[-77.051873, -12.054217], [-77.051292, -12.054165]]}, "properties": {"id": "77526851#8", "nombre": "77526851#8", "longitud": 63.53, "velocidad_max": 50.0, "num_lanes": 1}}, {"type": "Feature", "id": "77526851#9", "geometry": {"type": "LineString", "coordinates": [[-77.051186, -12.054155], [-77.050664, -12.054109]]}, "properties": {"id": "77526851#9", "nombre": "77526851#9", "longitud": 57.01, "velocidad_max": 50.0, "num_lanes": 1}}, {"type": "Feature", "id": "77526855#0", "geometry": {"type": "LineString", "coordinates": [[-77.046945, -12.051579], [-77.047046, -12.0523]]}, "properties": {"id": "77526855#0", "nombre": "77526855#0", "longitud": 80.55, "velocidad_max": 50.0, "num_lanes": 2}}, {"type": "Feature", "id": "77526855#1", "geometry": {"type": "LineString", "coordinates": [[-77.047057, -12.052402], [-77.04708, -12.052682], [-77.047081, -12.052818], [-77.047083, -12.052968], [-77.047084, -12.05314], [-77.047086, -12.053263], [-77.047086, -12.053292], [-77.047091, -12.053773]]}, "properties": {"id": "77526855#1", "nombre": "77526855#1", "longitud": 151.84, "velocidad_max": 50.0, "num_lanes": 2}}, {"type": "Feature", "id": "77526857#0", "geometry": {"type": "LineString", "coordinates": [[-77.046337, -12.054562], [-77.046318, -12.054442], [-77.046307, -12.054332], [-77.046312, -12.054223], [-77.046329, -12.054108], [-77.04636, -12.053911], [-77.046373, -12.053819]]}, "properties": {"id": "77526857#0", "nombre": "77526857#0", "longitud": 83.01, "velocidad_max": 40.0, "num_lanes": 2}}, {"type": "Feature", "id": "77526857#1", "geometry": {"type": "LineString", "coordinates": [[-77.046387, -12.053716], [-77.046404, -12.053555], [-77.046449, -12.053133], [-77.046489, -12.052719], [-77.046507, -12.052547], [-77.04652, -12.052438]]}, "properties": {"id": "77526857#1", "nombre": "77526857#1", "longitud": 142.12, "velocidad_max": 40.0, "num_lanes": 2}}, {"type": "Feature", "id": "77526857#5", "geometry": {"type": "LineString", "coordinates": [[-77.046519, -12.052343], [-77.046508, -12.052309], [-77.046487, -12.052261], [-77.04623, -12.051744]]}, "properties": {"id": "77526857#5", "nombre": "77526857#5", "longitud": 73.42, "velocidad_max": 40.0, "num_lanes": 2}}, {"type": "Feature", "id": "77526857#7", "geometry": {"type": "LineString", "coordinates": [[-77.04618, -12.051638], [-77.046004, -12.051252]]}, "properties": {"id": "77526857#7", "nombre": "77526857#7", "longitud": 46.85, "velocidad_max": 40.0, "num_lanes": 2}}, {"type": "Feature", "id": "77526857#8", "geometry": {"type": "LineString", "coordinates": [[-77.045949, -12.05113], [-77.045755, -12.050702]]}, "properties": {"id": "77526857#8", "nombre": "77526857#8", "longitud": 51.85, "velocidad_max": 40.0, "num_lanes": 2}}, {"type": "Feature", "id": "77861275#0", "geometry": {"type": "LineString", "coordinates": [[-77.051149, -12.052485], [-77.051179, -12.052731], [-77.051195, -12.052927], [-77.051211, -12.053119]]}, "properties": {"id": "77861275#0", "nombre": "77861275#0", "longitud": 70.48, "velocidad_max": 40.0, "num_lanes": 1}}, {"type": "Feature", "id": "77861275#3", "geometry": {"type": "LineString", "coordinates": [[-77.051217, -12.053217], [-77.051228, -12.053516], [-77.051235, -12.053933], [-77.051236, -12.053972], [-77.051238, -12.054108]]}, "properties": {"id": "77861275#3", "nombre": "77861275#3", "longitud": 98.53, "velocidad_max": 40.0, "num_lanes": 1}}, {"type": "Feature", "id": "77861275#7", "geometry": {"type": "LineString", "coordinates": [[-77.05124, -12.054212], [-77.051254, -12.054623]]}, "properties": {"id": "77861275#7", "nombre": "77861275#7", "longitud": 45.48, "velocidad_max": 40.0, "num_lanes": 1}}, {"type": "Feature", "id": "77861275#8", "geometry": {"type": "LineString", "coordinates": [[-77.051256, -12.054717], [-77.051259, -12.055082]]}, "properties": {"id": "77861275#8", "nombre": "77861275#8", "longitud": 40.47, "velocidad_max": 40.0, "num_lanes": 1}}, {"type": "Feature", "id": "77861280#0", "geometry": {"type": "LineString", "coordinates": [[-77.048184, -12.045433], [-77.04833, -12.044263]]}, "properties": {"id": "77861280#0", "nombre": "77861280#0", "longitud": 130.45, "velocidad_max": 50.0, "num_lanes": 1}}, {"type": "Feature", "id": "77861280#1", "geometry": {"type": "LineString", "coordinates": [[-77.048342, -12.044169], [-77.048342, -12.044167]]}, "properties": {"id": "77861280#1", "nombre": "77861280#1", "longitud": 0.2, "velocidad_max": 50.0, "num_lanes": 1}}, {"type": "Feature", "id": "77861282", "geometry": {"type": "LineString", "coordinates": [[-77.053937, -12.054431], [-77.053913, -12.054822]]}, "properties": {"id": "77861282", "nombre": "77861282", "longitud": 43.27, "velocidad_max": 30.0, "num_lanes": 1}}, {"type": "Feature", "id": "77861283#0", "geometry": {"type": "LineString", "coordinates": [[-77.045798, -12.043409], [-77.045798, -12.043407]]}, "properties": {"id": "77861283#0", "nombre": "77861283#0", "longitud": 0.2, "velocidad_max": 30.0, "num_lanes": 1}}, {"type": "Feature", "id": "77861283#1", "geometry": {"type": "LineString", "coordinates": [[-77.045807, -12.043313], [-77.045911, -12.042156]]}, "properties": {"id": "77861283#1", "nombre": "77861283#1", "longitud": 128.55, "velocidad_max": 30.0, "num_lanes": 1}}, {"type": "Feature", "id": "77861283#14", "geometry": {"type": "LineString", "coordinates": [[-77.046273, -12.039452], [-77.046296, -12.039155]]}, "properties": {"id": "77861283#14", "nombre": "77861283#14", "longitud": 32.94, "velocidad_max": 30.0, "num_lanes": 1}}, {"type": "Feature", "id": "77861283#2", "geometry": {"type": "LineString", "coordinates": [[-77.045921, -12.042054], [-77.045957, -12.041729], [-77.045994, -12.04141], [-77.04602, -12.041185]]}, "properties": {"id": "77861283#2", "nombre": "77861283#2", "longitud": 96.75, "velocidad_max": 30.0, "num_lanes": 1}}, {"type": "Feature", "id": "77861283#6", "geometry": {"type": "LineString", "coordinates": [[-77.046035, -12.041055], [-77.046077, -12.040698], [-77.046082, -12.040654], [-77.046095, -12.040602], [-77.046114, -12.040553], [-77.046139, -12.040496]]}, "properties": {"id": "77861283#6", "nombre": "77861283#6", "longitud": 63.23, "velocidad_max": 30.0, "num_lanes": 1}}, {"type": "Feature", "id": "77861283#9", "geometry": {"type": "LineString", "coordinates": [[-77.046171, -12.040378], [-77.046201, -12.040183], [-77.046218, -12.040032], [-77.046231, -12.039899], [-77.046262, -12.039581]]}, "properties": {"id": "77861283#9", "nombre": "77861283#9", "longitud": 88.75, "velocidad_max": 30.0, "num_lanes": 1}}, {"type": "Feature", "id": "77861284", "geometry": {"type": "LineString", "coordinates": [[-77.053284, -12.053783], [-77.052628, -12.053801]]}, "properties": {"id": "77861284", "nombre": "77861284", "longitud": 71.37, "velocidad_max": 50.0, "num_lanes": 1}}, {"type": "Feature", "id": "77861285#0", "geometry": {"type": "LineString", "coordinates": [[-77.054546, -12.047418], [-77.054585, -12.047073], [-77.054683, -12.046194]]}, "properties": {"id": "77861285#0", "nombre": "77861285#0", "longitud": 136.31, "velocidad_max": 40.0, "num_lanes": 1}}, {"type": "Feature", "id": "77861285#3", "geometry": {"type": "LineString", "coordinates": [[-77.054701, -12.046036], [-77.054725, -12.045849], [-77.05483, -12.044876], [-77.054852, -12.044676], [-77.054856, -12.04464]]}, "properties": {"id": "77861285#3", "nombre": "77861285#3", "longitud": 155.4, "velocidad_max": 40.0, "num_lanes": 1}}, {"type": "Feature", "id": "77861286", "geometry": {"type": "LineString", "coordinates": [[-77.042978, -12.060568], [-77.042971, -12.060516], [-77.042759, -12.059954]]}, "properties": {"id": "77861286", "nombre": "77861286", "longitud": 72.15, "velocidad_max": 50.0, "num_lanes": 1}}, {"type": "Feature", "id": "77861289#0", "geometry": {"type": "LineString", "coordinates": [[-77.049639, -12.044292], [-77.049639, -12.044293]]}, "properties": {"id": "77861289#0", "nombre": "77861289#0", "longitud": 0.2, "velocidad_max": 30.0, "num_lanes": 1}}, {"type": "Feature", "id": "77861289#1", "geometry": {"type": "LineString", "coordinates": [[-77.049629, -12.044389], [-77.049599, -12.044708], [-77.049519, -12.045541]]}, "properties": {"id": "77861289#1", "nombre": "77861289#1", "longitud": 128.02, "velocidad_max": 30.0, "num_lanes": 1}}, {"type": "Feature", "id": "77861289#2", "geometry": {"type": "LineString", "coordinates": [[-77.049503, -12.045699], [-77.04948, -12.045929], [-77.049457, -12.046161], [-77.049449, -12.046235], [-77.04944, -12.046333], [-77.049424, -12.046506], [-77.049412, -12.046625], [-77.049384, -12.046911]]}, "properties": {"id": "77861289#2", "nombre": "77861289#2", "longitud": 134.77, "velocidad_max": 30.0, "num_lanes": 1}}, {"type": "Feature", "id": "77861292#0", "geometry": {"type": "LineString", "coordinates": [[-77.052041, -12.049228], [-77.052036, -12.049223], [-77.051935, -12.049103], [-77.051864, -12.04897], [-77.051826, -12.048828], [-77.051829, -12.048677], [-77.051854, -12.048428], [-77.051955, -12.047422]]}, "properties": {"id": "77861292#0", "nombre": "77861292#0", "longitud": 207.11, "velocidad_max": 50.0, "num_lanes": 1}}, {"type": "Feature", "id": "77861293#0", "geometry": {"type": "LineString", "coordinates": [[-77.051, -12.052243], [-77.051, -12.052216], [-77.051006, -12.05218], [-77.051019, -12.052152], [-77.051056, -12.052119], [-77.051063, -12.052117]]}, "properties": {"id": "77861293#0", "nombre": "77861293#0", "longitud": 16.77, "velocidad_max": 30.0, "num_lanes": 1}}, {"type": "Feature", "id": "77861293#2", "geometry": {"type": "LineString", "coordinates": [[-77.051145, -12.052109], [-77.051176, -12.052122], [-77.051208, -12.052152], [-77.051225, -12.05219], [-77.051235, -12.052229]]}, "properties": {"id": "77861293#2", "nombre": "77861293#2", "longitud": 17.56, "velocidad_max": 30.0, "num_lanes": 1}}, {"type": "Feature", "id": "77861295#0", "geometry": {"type": "LineString", "coordinates": [[-77.055856, -12.053365], [-77.055397, -12.053599]]}, "properties": {"id": "77861295#0", "nombre": "77861295#0", "longitud": 56.3, "velocidad_max": 50.0, "num_lanes": 1}}, {"type": "Feature", "id": "77861295#1", "geometry": {"type": "LineString", "coordinates": [[-77.055307, -12.053645], [-77.054989, -12.053805]]}, "properties": {"id": "77861295#1", "nombre": "77861295#1", "longitud": 38.91, "velocidad_max": 50.0, "num_lanes": 1}}, {"type": "Feature", "id": "77861299#0", "geometry": {"type": "LineString", "coordinates": [[-77.054364, -12.051631], [-77.054913, -12.052741]]}, "properties": {"id": "77861299#0", "nombre": "77861299#0", "longitud": 136.58, "velocidad_max": 50.0, "num_lanes": 1}}, {"type": "Feature", "id": "77861299#1", "geometry": {"type": "LineString", "coordinates": [[-77.054958, -12.052832], [-77.05533, -12.053578]]}, "properties": {"id": "77861299#1", "nombre": "77861299#1", "longitud": 91.88, "velocidad_max": 50.0, "num_lanes": 1}}, {"type": "Feature", "id": "77861299#2", "geometry": {"type": "LineString", "coordinates": [[-77.055374, -12.053667], [-77.055767, -12.054477]]}, "properties": {"id": "77861299#2", "nombre": "77861299#2", "longitud": 99.25, "velocidad_max": 50.0, "num_lanes": 1}}, {"type": "Feature", "id": "77861309#0", "geometry": {"type": "LineString", "coordinates": [[-77.046832, -12.046481], [-77.046831, -12.046502], [-77.046819, -12.046625], [-77.046817, -12.046644]]}, "properties": {"id": "77861309#0", "nombre": "77861309#0", "longitud": 18.09, "velocidad_max": 40.0, "num_lanes": 2}}, {"type": "Feature", "id": "77861311#0", "geometry": {"type": "LineString", "coordinates": [[-77.053076, -12.052226], [-77.053424, -12.052925]]}, "properties": {"id": "77861311#0", "nombre": "77861311#0", "longitud": 86.22, "velocidad_max": 50.0, "num_lanes": 1}}, {"type": "Feature", "id": "77861311#1", "geometry": {"type": "LineString", "coordinates": [[-77.053469, -12.053015], [-77.053491, -12.053058]]}, "properties": {"id": "77861311#1", "nombre": "77861311#1", "longitud": 5.36, "velocidad_max": 50.0, "num_lanes": 1}}, {"type": "Feature", "id": "77861311#2", "geometry": {"type": "LineString", "coordinates": [[-77.053526, -12.053128], [-77.053618, -12.053311], [-77.053643, -12.053361]]}, "properties": {"id": "77861311#2", "nombre": "77861311#2", "longitud": 28.68, "velocidad_max": 50.0, "num_lanes": 1}}, {"type": "Feature", "id": "77861311#4", "geometry": {"type": "LineString", "coordinates": [[-77.053689, -12.053451], [-77.053922, -12.053918]]}, "properties": {"id": "77861311#4", "nombre": "77861311#4", "longitud": 57.52, "velocidad_max": 50.0, "num_lanes": 1}}, {"type": "Feature", "id": "77861311#5", "geometry": {"type": "LineString", "coordinates": [[-77.053969, -12.054013], [-77.054133, -12.054343]]}, "properties": {"id": "77861311#5", "nombre": "77861311#5", "longitud": 40.64, "velocidad_max": 50.0, "num_lanes": 1}}, {"type": "Feature", "id": "77861311#6", "geometry": {"type": "LineString", "coordinates": [[-77.054189, -12.054454], [-77.054407, -12.05487]]}, "properties": {"id": "77861311#6", "nombre": "77861311#6", "longitud": 51.78, "velocidad_max": 50.0, "num_lanes": 1}}, {"type": "Feature", "id": "77861311#7", "geometry": {"type": "LineString", "coordinates": [[-77.054442, -12.054938], [-77.054642, -12.05536], [-77.054692, -12.055462]]}, "properties": {"id": "77861311#7", "nombre": "77861311#7", "longitud": 64.08, "velocidad_max": 50.0, "num_lanes": 1}}, {"type": "Feature", "id": "77861314#0", "geometry": {"type": "LineString", "coordinates": [[-77.053344, -12.053603], [-77.053336, -12.053735]]}, "properties": {"id": "77861314#0", "nombre": "77861314#0", "longitud": 14.69, "velocidad_max": 30.0, "num_lanes": 1}}, {"type": "Feature", "id": "77861314#1", "geometry": {"type": "LineString", "coordinates": [[-77.05333, -12.053831], [-77.053326, -12.053875]]}, "properties": {"id": "77861314#1", "nombre": "77861314#1", "longitud": 4.9, "velocidad_max": 30.0, "num_lanes": 1}}, {"type": "Feature", "id": "77861314#2", "geometry": {"type": "LineString", "coordinates": [[-77.053318, -12.053975], [-77.053293, -12.054283]]}, "properties": {"id": "77861314#2", "nombre": "77861314#2", "longitud": 34.12, "velocidad_max": 30.0, "num_lanes": 1}}, {"type": "Feature", "id": "77861314#3", "geometry": {"type": "LineString", "coordinates": [[-77.053284, -12.054383], [-77.053247, -12.05477]]}, "properties": {"id": "77861314#3", "nombre": "77861314#3", "longitud": 43.06, "velocidad_max": 30.0, "num_lanes": 1}}, {"type": "Feature", "id": "77861323#0", "geometry": {"type": "LineString", "coordinates": [[-77.048947, -12.051157], [-77.049018, -12.05166], [-77.04905, -12.051881], [-77.049084, -12.05212]]}, "properties": {"id": "77861323#0", "nombre": "77861323#0", "longitud": 107.56, "velocidad_max": 50.0, "num_lanes": 1}}, {"type": "Feature", "id": "77861323#3", "geometry": {"type": "LineString", "coordinates": [[-77.049096, -12.05222], [-77.04911, -12.052353]]}, "properties": {"id": "77861323#3", "nombre": "77861323#3", "longitud": 14.81, "velocidad_max": 50.0, "num_lanes": 1}}, {"type": "Feature", "id": "77861323#4", "geometry": {"type": "LineString", "coordinates": [[-77.049119, -12.052455], [-77.0492, -12.053726], [-77.04921, -12.053944]]}, "properties": {"id": "77861323#4", "nombre": "77861323#4", "longitud": 165.15, "velocidad_max": 50.0, "num_lanes": 1}}, {"type": "Feature", "id": "77861324#0", "geometry": {"type": "LineString", "coordinates": [[-77.054571, -12.05296], [-77.054889, -12.052809]]}, "properties": {"id": "77861324#0", "nombre": "77861324#0", "longitud": 38.48, "velocidad_max": 50.0, "num_lanes": 1}}, {"type": "Feature", "id": "77861324#1", "geometry": {"type": "LineString", "coordinates": [[-77.054981, -12.052763], [-77.055262, -12.052612]]}, "properties": {"id": "77861324#1", "nombre": "77861324#1", "longitud": 34.85, "velocidad_max": 50.0, "num_lanes": 1}}, {"type": "Feature", "id": "77861325#0", "geometry": {"type": "LineString", "coordinates": [[-77.049522, -12.057871], [-77.049583, -12.05794], [-77.050115, -12.05855], [-77.050236, -12.058689]]}, "properties": {"id": "77861325#0", "nombre": "77861325#0", "longitud": 119.37, "velocidad_max": 40.0, "num_lanes": 1}}, {"type": "Feature", "id": "77861325#3", "geometry": {"type": "LineString", "coordinates": [[-77.050322, -12.058788], [-77.050528, -12.059024], [-77.050634, -12.059146], [-77.050668, -12.059185], [-77.050735, -12.059262], [-77.050841, -12.059383], [-77.050951, -12.05951]]}, "properties": {"id": "77861325#3", "nombre": "77861325#3", "longitud": 105.2, "velocidad_max": 40.0, "num_lanes": 1}}, {"type": "Feature", "id": "77861326#0", "geometry": {"type": "LineString", "coordinates": [[-77.053851, -12.051807], [-77.053523, -12.05197]]}, "properties": {"id": "77861326#0", "nombre": "77861326#0", "longitud": 40.0, "velocidad_max": 50.0, "num_lanes": 1}}, {"type": "Feature", "id": "77861326#1", "geometry": {"type": "LineString", "coordinates": [[-77.053432, -12.052014], [-77.053153, -12.052149], [-77.053104, -12.052163]]}, "properties": {"id": "77861326#1", "nombre": "77861326#1", "longitud": 39.38, "velocidad_max": 50.0, "num_lanes": 1}}, {"type": "Feature", "id": "77861330#0", "geometry": {"type": "LineString", "coordinates": [[-77.048436, -12.061667], [-77.048602, -12.061529], [-77.048703, -12.061444], [-77.048871, -12.061305], [-77.048885, -12.061293], [-77.049173, -12.061054]]}, "properties": {"id": "77861330#0", "nombre": "77861330#0", "longitud": 105.14, "velocidad_max": 40.0, "num_lanes": 1}}, {"type": "Feature", "id": "77861330#1", "geometry": {"type": "LineString", "coordinates": [[-77.049274, -12.06097], [-77.049583, -12.060713], [-77.04967, -12.060641], [-77.05, -12.060367], [-77.050034, -12.060338], [-77.050703, -12.059782], [-77.050923, -12.0596]]}, "properties": {"id": "77861330#1", "nombre": "77861330#1", "longitud": 234.98, "velocidad_max": 40.0, "num_lanes": 1}}, {"type": "Feature", "id": "77861330#3", "geometry": {"type": "LineString", "coordinates": [[-77.051024, -12.059516], [-77.051629, -12.059013]]}, "properties": {"id": "77861330#3", "nombre": "77861330#3", "longitud": 86.22, "velocidad_max": 40.0, "num_lanes": 1}}, {"type": "Feature", "id": "77861330#4", "geometry": {"type": "LineString", "coordinates": [[-77.05173, -12.058929], [-77.052106, -12.058618]]}, "properties": {"id": "77861330#4", "nombre": "77861330#4", "longitud": 53.46, "velocidad_max": 40.0, "num_lanes": 1}}, {"type": "Feature", "id": "77861335#0", "geometry": {"type": "LineString", "coordinates": [[-77.048506, -12.053892], [-77.048496, -12.053544], [-77.048491, -12.053376], [-77.048484, -12.053128], [-77.048484, -12.053098], [-77.048477, -12.052853], [-77.048448, -12.052499]]}, "properties": {"id": "77861335#0", "nombre": "77861335#0", "longitud": 154.22, "velocidad_max": 50.0, "num_lanes": 1}}, {"type": "Feature", "id": "77861340", "geometry": {"type": "LineString", "coordinates": [[-77.049982, -12.050834], [-77.049789, -12.049906]]}, "properties": {"id": "77861340", "nombre": "77861340", "longitud": 104.81, "velocidad_max": 50.0, "num_lanes": 1}}, {"type": "Feature", "id": "77861344#0", "geometry": {"type": "LineString", "coordinates": [[-77.050588, -12.054063], [-77.050566, -12.054019], [-77.050549, -12.053548], [-77.050542, -12.05324]]}, "properties": {"id": "77861344#0", "nombre": "77861344#0", "longitud": 91.68, "velocidad_max": 50.0, "num_lanes": 1}}, {"type": "Feature", "id": "77861344#2", "geometry": {"type": "LineString", "coordinates": [[-77.050538, -12.053138], [-77.05053, -12.053008], [-77.050471, -12.052378]]}, "properties": {"id": "77861344#2", "nombre": "77861344#2", "longitud": 84.42, "velocidad_max": 50.0, "num_lanes": 1}}, {"type": "Feature", "id": "77861345#0", "geometry": {"type": "LineString", "coordinates": [[-77.049741, -12.052366], [-77.049167, -12.052401]]}, "properties": {"id": "77861345#0", "nombre": "77861345#0", "longitud": 62.62, "velocidad_max": 40.0, "num_lanes": 1}}, {"type": "Feature", "id": "77861345#1", "geometry": {"type": "LineString", "coordinates": [[-77.049064, -12.052407], [-77.048897, -12.052418], [-77.048844, -12.052423], [-77.04866, -12.052436], [-77.048494, -12.052447]]}, "properties": {"id": "77861345#1", "nombre": "77861345#1", "longitud": 62.22, "velocidad_max": 40.0, "num_lanes": 1}}, {"type": "Feature", "id": "77861348", "geometry": {"type": "LineString", "coordinates": [[-77.053887, -12.053968], [-77.053374, -12.053929]]}, "properties": {"id": "77861348", "nombre": "77861348", "longitud": 56.11, "velocidad_max": 50.0, "num_lanes": 1}}, {"type": "Feature", "id": "77861349#0", "geometry": {"type": "LineString", "coordinates": [[-77.047272, -12.058769], [-77.04639, -12.059519]]}, "properties": {"id": "77861349#0", "nombre": "77861349#0", "longitud": 126.96, "velocidad_max": 30.0, "num_lanes": 2}}, {"type": "Feature", "id": "77861349#1", "geometry": {"type": "LineString", "coordinates": [[-77.046288, -12.059603], [-77.045989, -12.059844], [-77.04587, -12.059939], [-77.045707, -12.060071], [-77.045375, -12.060338]]}, "properties": {"id": "77861349#1", "nombre": "77861349#1", "longitud": 128.35, "velocidad_max": 30.0, "num_lanes": 2}}, {"type": "Feature", "id": "77861353#0", "geometry": {"type": "LineString", "coordinates": [[-77.050898, -12.050749], [-77.050923, -12.050914], [-77.050947, -12.051075], [-77.051004, -12.05145]]}, "properties": {"id": "77861353#0", "nombre": "77861353#0", "longitud": 78.48, "velocidad_max": 30.0, "num_lanes": 1}}, {"type": "Feature", "id": "77861353#3", "geometry": {"type": "LineString", "coordinates": [[-77.051019, -12.05155], [-77.051052, -12.051763], [-77.051097, -12.052064]]}, "properties": {"id": "77861353#3", "nombre": "77861353#3", "longitud": 57.49, "velocidad_max": 30.0, "num_lanes": 1}}, {"type": "Feature", "id": "77861354#0", "geometry": {"type": "LineString", "coordinates": [[-77.052508, -12.055269], [-77.052547, -12.054818]]}, "properties": {"id": "77861354#0", "nombre": "77861354#0", "longitud": 50.01, "velocidad_max": 30.0, "num_lanes": 1}}, {"type": "Feature", "id": "77861354#1", "geometry": {"type": "LineString", "coordinates": [[-77.052555, -12.054717], [-77.052581, -12.054325]]}, "properties": {"id": "77861354#1", "nombre": "77861354#1", "longitud": 43.45, "velocidad_max": 30.0, "num_lanes": 1}}, {"type": "Feature", "id": "77861354#2", "geometry": {"type": "LineString", "coordinates": [[-77.052583, -12.054224], [-77.052578, -12.053852]]}, "properties": {"id": "77861354#2", "nombre": "77861354#2", "longitud": 41.08, "velocidad_max": 30.0, "num_lanes": 1}}, {"type": "Feature", "id": "77861354#3", "geometry": {"type": "LineString", "coordinates": [[-77.052576, -12.053751], [-77.052575, -12.053648]]}, "properties": {"id": "77861354#3", "nombre": "77861354#3", "longitud": 11.43, "velocidad_max": 30.0, "num_lanes": 1}}, {"type": "Feature", "id": "77861354#4", "geometry": {"type": "LineString", "coordinates": [[-77.052573, -12.053548], [-77.052564, -12.053179]]}, "properties": {"id": "77861354#4", "nombre": "77861354#4", "longitud": 40.91, "velocidad_max": 30.0, "num_lanes": 1}}, {"type": "Feature", "id": "77861354#5", "geometry": {"type": "LineString", "coordinates": [[-77.052559, -12.053077], [-77.052528, -12.0526], [-77.052524, -12.052554], [-77.052498, -12.05226]]}, "properties": {"id": "77861354#5", "nombre": "77861354#5", "longitud": 90.61, "velocidad_max": 30.0, "num_lanes": 1}}, {"type": "Feature", "id": "77861354#8", "geometry": {"type": "LineString", "coordinates": [[-77.052488, -12.052161], [-77.052446, -12.051799], [-77.052423, -12.051646], [-77.052411, -12.051566], [-77.052389, -12.051424], [-77.052375, -12.051329]]}, "properties": {"id": "77861354#8", "nombre": "77861354#8", "longitud": 92.82, "velocidad_max": 30.0, "num_lanes": 1}}, {"type": "Feature", "id": "77861360#0", "geometry": {"type": "LineString", "coordinates": [[-77.053586, -12.044521], [-77.053551, -12.04483], [-77.053541, -12.044899], [-77.053421, -12.045904]]}, "properties": {"id": "77861360#0", "nombre": "77861360#0", "longitud": 154.1, "velocidad_max": 50.0, "num_lanes": 1}}, {"type": "Feature", "id": "77861360#3", "geometry": {"type": "LineString", "coordinates": [[-77.053404, -12.046062], [-77.053326, -12.046906], [-77.053291, -12.047255], [-77.053287, -12.047291]]}, "properties": {"id": "77861360#3", "nombre": "77861360#3", "longitud": 136.55, "velocidad_max": 50.0, "num_lanes": 1}}, {"type": "Feature", "id": "77861363#0", "geometry": {"type": "LineString", "coordinates": [[-77.049599, -12.051022], [-77.049635, -12.05124], [-77.04964, -12.05127], [-77.049705, -12.051663]]}, "properties": {"id": "77861363#0", "nombre": "77861363#0", "longitud": 71.79, "velocidad_max": 50.0, "num_lanes": 1}}, {"type": "Feature", "id": "77861363#3", "geometry": {"type": "LineString", "coordinates": [[-77.04972, -12.051761], [-77.049754, -12.052003], [-77.049788, -12.052312]]}, "properties": {"id": "77861363#3", "nombre": "77861363#3", "longitud": 61.44, "velocidad_max": 50.0, "num_lanes": 1}}, {"type": "Feature", "id": "77861363#5", "geometry": {"type": "LineString", "coordinates": [[-77.049797, -12.052414], [-77.049856, -12.053162]]}, "properties": {"id": "77861363#5", "nombre": "77861363#5", "longitud": 83.0, "velocidad_max": 50.0, "num_lanes": 1}}, {"type": "Feature", "id": "77861363#6", "geometry": {"type": "LineString", "coordinates": [[-77.049862, -12.053259], [-77.049889, -12.053999]]}, "properties": {"id": "77861363#6", "nombre": "77861363#6", "longitud": 81.99, "velocidad_max": 50.0, "num_lanes": 1}}, {"type": "Feature", "id": "77861368#0", "geometry": {"type": "LineString", "coordinates": [[-77.051275, -12.050564], [-77.051257, -12.050481], [-77.05107, -12.049664]]}, "properties": {"id": "77861368#0", "nombre": "77861368#0", "longitud": 101.98, "velocidad_max": 50.0, "num_lanes": 1}}, {"type": "Feature", "id": "77861372#0", "geometry": {"type": "LineString", "coordinates": [[-77.043976, -12.048854], [-77.044021, -12.048333]]}, "properties": {"id": "77861372#0", "nombre": "77861372#0", "longitud": 57.86, "velocidad_max": 30.0, "num_lanes": 1}}, {"type": "Feature", "id": "77861372#1", "geometry": {"type": "LineString", "coordinates": [[-77.044032, -12.048203], [-77.044066, -12.047829]]}, "properties": {"id": "77861372#1", "nombre": "77861372#1", "longitud": 41.54, "velocidad_max": 30.0, "num_lanes": 1}}, {"type": "Feature", "id": "77861373#0", "geometry": {"type": "LineString", "coordinates": [[-77.052541, -12.051249], [-77.052418, -12.05127]]}, "properties": {"id": "77861373#0", "nombre": "77861373#0", "longitud": 13.62, "velocidad_max": 30.0, "num_lanes": 1}}, {"type": "Feature", "id": "77861373#1", "geometry": {"type": "LineString", "coordinates": [[-77.052317, -12.051287], [-77.051768, -12.051377]]}, "properties": {"id": "77861373#1", "nombre": "77861373#1", "longitud": 60.53, "velocidad_max": 30.0, "num_lanes": 1}}, {"type": "Feature", "id": "77861373#2", "geometry": {"type": "LineString", "coordinates": [[-77.051668, -12.051393], [-77.051062, -12.051492]]}, "properties": {"id": "77861373#2", "nombre": "77861373#2", "longitud": 66.91, "velocidad_max": 30.0, "num_lanes": 1}}, {"type": "Feature", "id": "77861373#3", "geometry": {"type": "LineString", "coordinates": [[-77.050961, -12.051508], [-77.050411, -12.051598]]}, "properties": {"id": "77861373#3", "nombre": "77861373#3", "longitud": 60.72, "velocidad_max": 30.0, "num_lanes": 1}}, {"type": "Feature", "id": "77861373#4", "geometry": {"type": "LineString", "coordinates": [[-77.050309, -12.051615], [-77.049763, -12.051704]]}, "properties": {"id": "77861373#4", "nombre": "77861373#4", "longitud": 60.32, "velocidad_max": 30.0, "num_lanes": 1}}, {"type": "Feature", "id": "77861376#0", "geometry": {"type": "LineString", "coordinates": [[-77.048472, -12.052227], [-77.048486, -12.052225], [-77.048822, -12.052195], [-77.049039, -12.052175]]}, "properties": {"id": "77861376#0", "nombre": "77861376#0", "longitud": 62.03, "velocidad_max": 30.0, "num_lanes": 1}}, {"type": "Feature", "id": "77861377#0", "geometry": {"type": "LineString", "coordinates": [[-77.051963, -12.054722], [-77.0525, -12.054764]]}, "properties": {"id": "77861377#0", "nombre": "77861377#0", "longitud": 58.68, "velocidad_max": 30.0, "num_lanes": 1}}, {"type": "Feature", "id": "77861377#1", "geometry": {"type": "LineString", "coordinates": [[-77.052603, -12.054772], [-77.053191, -12.054817]]}, "properties": {"id": "77861377#1", "nombre": "77861377#1", "longitud": 64.23, "velocidad_max": 30.0, "num_lanes": 1}}, {"type": "Feature", "id": "77861377#2", "geometry": {"type": "LineString", "coordinates": [[-77.053294, -12.054825], [-77.053631, -12.05485], [-77.053859, -12.054868]]}, "properties": {"id": "77861377#2", "nombre": "77861377#2", "longitud": 61.74, "velocidad_max": 30.0, "num_lanes": 1}}, {"type": "Feature", "id": "77861377#4", "geometry": {"type": "LineString", "coordinates": [[-77.053961, -12.054876], [-77.054382, -12.054908]]}, "properties": {"id": "77861377#4", "nombre": "77861377#4", "longitud": 45.98, "velocidad_max": 30.0, "num_lanes": 1}}, {"type": "Feature", "id": "77861380#0", "geometry": {"type": "LineString", "coordinates": [[-77.0535, -12.052038], [-77.053833, -12.052713]]}, "properties": {"id": "77861380#0", "nombre": "77861380#0", "longitud": 83.08, "velocidad_max": 50.0, "num_lanes": 1}}, {"type": "Feature", "id": "77861380#1", "geometry": {"type": "LineString", "coordinates": [[-77.053879, -12.052804], [-77.054063, -12.053158]]}, "properties": {"id": "77861380#1", "nombre": "77861380#1", "longitud": 44.09, "velocidad_max": 50.0, "num_lanes": 1}}, {"type": "Feature", "id": "77861381#0", "geometry": {"type": "LineString", "coordinates": [[-77.04991, -12.053208], [-77.050489, -12.053191]]}, "properties": {"id": "77861381#0", "nombre": "77861381#0", "longitud": 63.16, "velocidad_max": 50.0, "num_lanes": 1}}, {"type": "Feature", "id": "77861381#1", "geometry": {"type": "LineString", "coordinates": [[-77.050592, -12.053187], [-77.051165, -12.05317]]}, "properties": {"id": "77861381#1", "nombre": "77861381#1", "longitud": 62.37, "velocidad_max": 50.0, "num_lanes": 1}}, {"type": "Feature", "id": "77861381#2", "geometry": {"type": "LineString", "coordinates": [[-77.051265, -12.053167], [-77.051859, -12.053149]]}, "properties": {"id": "77861381#2", "nombre": "77861381#2", "longitud": 64.71, "velocidad_max": 50.0, "num_lanes": 1}}, {"type": "Feature", "id": "77861381#3", "geometry": {"type": "LineString", "coordinates": [[-77.051962, -12.053146], [-77.052511, -12.053129]]}, "properties": {"id": "77861381#3", "nombre": "77861381#3", "longitud": 59.77, "velocidad_max": 50.0, "num_lanes": 1}}, {"type": "Feature", "id": "77861381#4", "geometry": {"type": "LineString", "coordinates": [[-77.052614, -12.053126], [-77.053465, -12.053101]]}, "properties": {"id": "77861381#4", "nombre": "77861381#4", "longitud": 92.78, "velocidad_max": 50.0, "num_lanes": 1}}, {"type": "Feature", "id": "77861384#0", "geometry": {"type": "LineString", "coordinates": [[-77.053867, -12.051726], [-77.053794, -12.051581], [-77.052683, -12.0494]]}, "properties": {"id": "77861384#0", "nombre": "77861384#0", "longitud": 287.91, "velocidad_max": 30.0, "num_lanes": 1}}, {"type": "Feature", "id": "77861385#0", "geometry": {"type": "LineString", "coordinates": [[-77.046612, -12.047797], [-77.046595, -12.047797], [-77.046552, -12.047795]]}, "properties": {"id": "77861385#0", "nombre": "77861385#0", "longitud": 6.45, "velocidad_max": 30.0, "num_lanes": 2}}, {"type": "Feature", "id": "77861386#0", "geometry": {"type": "LineString", "coordinates": [[-77.051367, -12.056086], [-77.051139, -12.055373]]}, "properties": {"id": "77861386#0", "nombre": "77861386#0", "longitud": 82.71, "velocidad_max": 40.0, "num_lanes": 1}}, {"type": "Feature", "id": "780252064#0", "geometry": {"type": "LineString", "coordinates": [[-77.042044, -12.057177], [-77.042669, -12.057231]]}, "properties": {"id": "780252064#0", "nombre": "780252064#0", "longitud": 68.29, "velocidad_max": 30.0, "num_lanes": 2}}, {"type": "Feature", "id": "780252064#1", "geometry": {"type": "LineString", "coordinates": [[-77.0428, -12.057242], [-77.043115, -12.057269]]}, "properties": {"id": "780252064#1", "nombre": "780252064#1", "longitud": 34.41, "velocidad_max": 30.0, "num_lanes": 2}}, {"type": "Feature", "id": "809014376", "geometry": {"type": "LineString", "coordinates": [[-77.042431, -12.043122], [-77.042394, -12.043063]]}, "properties": {"id": "809014376", "nombre": "809014376", "longitud": 7.66, "velocidad_max": 30.0, "num_lanes": 1}}, {"type": "Feature", "id": "809224586#0", "geometry": {"type": "LineString", "coordinates": [[-77.043149, -12.046748], [-77.043158, -12.04676], [-77.043191, -12.046797], [-77.043424, -12.04703]]}, "properties": {"id": "809224586#0", "nombre": "809224586#0", "longitud": 132.63, "velocidad_max": 45.0, "num_lanes": 4}}, {"type": "Feature", "id": "809224587#0", "geometry": {"type": "LineString", "coordinates": [[-77.039975, -12.04825], [-77.039597, -12.048485]]}, "properties": {"id": "809224587#0", "nombre": "809224587#0", "longitud": 48.77, "velocidad_max": 40.0, "num_lanes": 2}}, {"type": "Feature", "id": "809224587#2", "geometry": {"type": "LineString", "coordinates": [[-77.03951, -12.04854], [-77.039235, -12.048715]]}, "properties": {"id": "809224587#2", "nombre": "809224587#2", "longitud": 35.69, "velocidad_max": 40.0, "num_lanes": 2}}, {"type": "Feature", "id": "809224587#3", "geometry": {"type": "LineString", "coordinates": [[-77.039233, -12.048717], [-77.039212, -12.04873]]}, "properties": {"id": "809224587#3", "nombre": "809224587#3", "longitud": 2.73, "velocidad_max": 40.0, "num_lanes": 2}}, {"type": "Feature", "id": "809224587#4", "geometry": {"type": "LineString", "coordinates": [[-77.039211, -12.04873], [-77.03921, -12.048731]]}, "properties": {"id": "809224587#4", "nombre": "809224587#4", "longitud": 0.22, "velocidad_max": 40.0, "num_lanes": 2}}, {"type": "Feature", "id": "835533919", "geometry": {"type": "LineString", "coordinates": [[-77.048843, -12.040638], [-77.048889, -12.040138]]}, "properties": {"id": "835533919", "nombre": "835533919", "longitud": 55.59, "velocidad_max": 50.0, "num_lanes": 1}}, {"type": "Feature", "id": "835533923", "geometry": {"type": "LineString", "coordinates": [[-77.049588, -12.040197], [-77.049869, -12.040135]]}, "properties": {"id": "835533923", "nombre": "835533923", "longitud": 31.36, "velocidad_max": 10.0, "num_lanes": 1}}, {"type": "Feature", "id": "835533924#0", "geometry": {"type": "LineString", "coordinates": [[-77.050003, -12.04053], [-77.05002, -12.040488], [-77.04994, -12.0402]]}, "properties": {"id": "835533924#0", "nombre": "835533924#0", "longitud": 38.05, "velocidad_max": 10.0, "num_lanes": 1}}, {"type": "Feature", "id": "835533924#1", "geometry": {"type": "LineString", "coordinates": [[-77.049907, -12.040075], [-77.049876, -12.039955]]}, "properties": {"id": "835533924#1", "nombre": "835533924#1", "longitud": 13.71, "velocidad_max": 10.0, "num_lanes": 1}}, {"type": "Feature", "id": "874907688#0", "geometry": {"type": "LineString", "coordinates": [[-77.054197, -12.059632], [-77.054306, -12.059608], [-77.054365, -12.059601], [-77.054373, -12.059601]]}, "properties": {"id": "874907688#0", "nombre": "874907688#0", "longitud": 19.5, "velocidad_max": 50.0, "num_lanes": 2}}, {"type": "Feature", "id": "892042698", "geometry": {"type": "LineString", "coordinates": [[-77.035386, -12.054163], [-77.036129, -12.05386]]}, "properties": {"id": "892042698", "nombre": "892042698", "longitud": 87.56, "velocidad_max": 30.0, "num_lanes": 2}}, {"type": "Feature", "id": "892117743#0", "geometry": {"type": "LineString", "coordinates": [[-77.040498, -12.047905], [-77.04012, -12.048156], [-77.040086, -12.048179]]}, "properties": {"id": "892117743#0", "nombre": "892117743#0", "longitud": 54.15, "velocidad_max": 40.0, "num_lanes": 2}}, {"type": "Feature", "id": "892117744#0", "geometry": {"type": "LineString", "coordinates": [[-77.040956, -12.047599], [-77.040947, -12.047605], [-77.040583, -12.047848]]}, "properties": {"id": "892117744#0", "nombre": "892117744#0", "longitud": 49.02, "velocidad_max": 40.0, "num_lanes": 2}}, {"type": "Feature", "id": "892117745#0", "geometry": {"type": "LineString", "coordinates": [[-77.042346, -12.046705], [-77.042327, -12.046716], [-77.042297, -12.046735], [-77.042263, -12.046758], [-77.042019, -12.046917]]}, "properties": {"id": "892117745#0", "nombre": "892117745#0", "longitud": 42.68, "velocidad_max": 40.0, "num_lanes": 2}}, {"type": "Feature", "id": "892117990#0", "geometry": {"type": "LineString", "coordinates": [[-77.041895, -12.046997], [-77.041091, -12.047512]]}, "properties": {"id": "892117990#0", "nombre": "892117990#0", "longitud": 104.5, "velocidad_max": 40.0, "num_lanes": 2}}, {"type": "Feature", "id": "892541203#0", "geometry": {"type": "LineString", "coordinates": [[-77.040031, -12.048091], [-77.040059, -12.048074], [-77.040163, -12.048012], [-77.040444, -12.047826]]}, "properties": {"id": "892541203#0", "nombre": "892541203#0", "longitud": 53.69, "velocidad_max": 40.0, "num_lanes": 2}}, {"type": "Feature", "id": "892541204#0", "geometry": {"type": "LineString", "coordinates": [[-77.039542, -12.048403], [-77.039919, -12.048161]]}, "properties": {"id": "892541204#0", "nombre": "892541204#0", "longitud": 48.94, "velocidad_max": 40.0, "num_lanes": 2}}, {"type": "Feature", "id": "893097120#1", "geometry": {"type": "LineString", "coordinates": [[-77.054025, -12.049088], [-77.053976, -12.049095], [-77.053942, -12.0491]]}, "properties": {"id": "893097120#1", "nombre": "893097120#1", "longitud": 9.06, "velocidad_max": 50.0, "num_lanes": 3}}, {"type": "Feature", "id": "893097121", "geometry": {"type": "LineString", "coordinates": [[-77.055758, -12.048883], [-77.055715, -12.048887], [-77.054981, -12.048968], [-77.054872, -12.048981], [-77.054435, -12.049036], [-77.054027, -12.049088]]}, "properties": {"id": "893097121", "nombre": "893097121", "longitud": 189.88, "velocidad_max": 50.0, "num_lanes": 3}}, {"type": "Feature", "id": "893097123#1", "geometry": {"type": "LineString", "coordinates": [[-77.055687, -12.048793], [-77.055722, -12.048789], [-77.05577, -12.048784]]}, "properties": {"id": "893097123#1", "nombre": "893097123#1", "longitud": 9.07, "velocidad_max": 50.0, "num_lanes": 3}}, {"type": "Feature", "id": "893097124#0", "geometry": {"type": "LineString", "coordinates": [[-77.053927, -12.048992], [-77.053965, -12.048987], [-77.054183, -12.048959], [-77.054977, -12.048871], [-77.055621, -12.0488], [-77.055684, -12.048793]]}, "properties": {"id": "893097124#0", "nombre": "893097124#0", "longitud": 192.6, "velocidad_max": 50.0, "num_lanes": 3}}, {"type": "Feature", "id": "893101021#1", "geometry": {"type": "LineString", "coordinates": [[-77.041858, -12.046824], [-77.041531, -12.046376], [-77.041495, -12.046325]]}, "properties": {"id": "893101021#1", "nombre": "893101021#1", "longitud": 67.95, "velocidad_max": 30.0, "num_lanes": 2}}, {"type": "Feature", "id": "89558387#0", "geometry": {"type": "LineString", "coordinates": [[-77.053706, -12.038994], [-77.053675, -12.038862], [-77.053649, -12.038713]]}, "properties": {"id": "89558387#0", "nombre": "89558387#0", "longitud": 31.74, "velocidad_max": 50.0, "num_lanes": 1}}, {"type": "Feature", "id": "89558387#2", "geometry": {"type": "LineString", "coordinates": [[-77.053657, -12.03855], [-77.053592, -12.038189]]}, "properties": {"id": "89558387#2", "nombre": "89558387#2", "longitud": 40.57, "velocidad_max": 50.0, "num_lanes": 1}}, {"type": "Feature", "id": "89558387#3", "geometry": {"type": "LineString", "coordinates": [[-77.053566, -12.03806], [-77.053524, -12.037871], [-77.053515, -12.037841], [-77.053496, -12.037821]]}, "properties": {"id": "89558387#3", "nombre": "89558387#3", "longitud": 27.96, "velocidad_max": 50.0, "num_lanes": 1}}, {"type": "Feature", "id": "89558389#0", "geometry": {"type": "LineString", "coordinates": [[-77.053525, -12.038145], [-77.053501, -12.038146], [-77.05299, -12.038181], [-77.0529, -12.038187], [-77.052684, -12.038206], [-77.052515, -12.038231]]}, "properties": {"id": "89558389#0", "nombre": "89558389#0", "longitud": 110.54, "velocidad_max": 50.0, "num_lanes": 1}}, {"type": "Feature", "id": "89558389#4", "geometry": {"type": "LineString", "coordinates": [[-77.052381, -12.038248], [-77.052096, -12.038276], [-77.051883, -12.038297], [-77.051848, -12.0383], [-77.05158, -12.038327], [-77.051387, -12.038347]]}, "properties": {"id": "89558389#4", "nombre": "89558389#4", "longitud": 108.76, "velocidad_max": 50.0, "num_lanes": 1}}, {"type": "Feature", "id": "89558391", "geometry": {"type": "LineString", "coordinates": [[-77.053099, -12.040066], [-77.053051, -12.039733]]}, "properties": {"id": "89558391", "nombre": "89558391", "longitud": 37.21, "velocidad_max": 50.0, "num_lanes": 1}}, {"type": "Feature", "id": "89558392", "geometry": {"type": "LineString", "coordinates": [[-77.058262, -12.038266], [-77.057937, -12.038303], [-77.056614, -12.038502], [-77.056257, -12.03853], [-77.055854, -12.038566], [-77.055334, -12.038623], [-77.054798, -12.038687]]}, "properties": {"id": "89558392", "nombre": "89558392", "longitud": 380.22, "velocidad_max": 50.0, "num_lanes": 1}}, {"type": "Feature", "id": "89558395#0", "geometry": {"type": "LineString", "coordinates": [[-77.04977, -12.039208], [-77.04996, -12.039193], [-77.050028, -12.039187], [-77.050646, -12.039139]]}, "properties": {"id": "89558395#0", "nombre": "89558395#0", "longitud": 95.76, "velocidad_max": 50.0, "num_lanes": 1}}, {"type": "Feature", "id": "89558395#14", "geometry": {"type": "LineString", "coordinates": [[-77.054523, -12.038405], [-77.054877, -12.038356], [-77.055313, -12.038297], [-77.056567, -12.038159], [-77.057933, -12.037967]]}, "properties": {"id": "89558395#14", "nombre": "89558395#14", "longitud": 374.53, "velocidad_max": 50.0, "num_lanes": 1}}, {"type": "Feature", "id": "89558395#3", "geometry": {"type": "LineString", "coordinates": [[-77.050778, -12.039127], [-77.050987, -12.039108], [-77.051266, -12.039082]]}, "properties": {"id": "89558395#3", "nombre": "89558395#3", "longitud": 53.32, "velocidad_max": 50.0, "num_lanes": 1}}, {"type": "Feature", "id": "89558395#5", "geometry": {"type": "LineString", "coordinates": [[-77.051456, -12.039061], [-77.051887, -12.039002], [-77.05243, -12.038887]]}, "properties": {"id": "89558395#5", "nombre": "89558395#5", "longitud": 107.83, "velocidad_max": 50.0, "num_lanes": 1}}, {"type": "Feature", "id": "89558395#6", "geometry": {"type": "LineString", "coordinates": [[-77.052566, -12.038857], [-77.052838, -12.038794], [-77.052861, -12.038789], [-77.053228, -12.038715], [-77.053584, -12.038644]]}, "properties": {"id": "89558395#6", "nombre": "89558395#6", "longitud": 113.34, "velocidad_max": 50.0, "num_lanes": 1}}, {"type": "Feature", "id": "89558395#9", "geometry": {"type": "LineString", "coordinates": [[-77.053743, -12.038609], [-77.053851, -12.038584], [-77.054012, -12.038547], [-77.054139, -12.038514], [-77.054204, -12.038497], [-77.054267, -12.038479], [-77.054378, -12.038441]]}, "properties": {"id": "89558395#9", "nombre": "89558395#9", "longitud": 71.65, "velocidad_max": 50.0, "num_lanes": 1}}, {"type": "Feature", "id": "89558396", "geometry": {"type": "LineString", "coordinates": [[-77.054754, -12.039506], [-77.055396, -12.039428]]}, "properties": {"id": "89558396", "nombre": "89558396", "longitud": 70.42, "velocidad_max": 50.0, "num_lanes": 1}}, {"type": "Feature", "id": "89558397", "geometry": {"type": "LineString", "coordinates": [[-77.05156, -12.040337], [-77.051505, -12.039968]]}, "properties": {"id": "89558397", "nombre": "89558397", "longitud": 41.25, "velocidad_max": 50.0, "num_lanes": 1}}, {"type": "Feature", "id": "89558402#0", "geometry": {"type": "LineString", "coordinates": [[-77.049971, -12.037557], [-77.049984, -12.037606], [-77.049987, -12.037656], [-77.049983, -12.037702], [-77.049946, -12.03791]]}, "properties": {"id": "89558402#0", "nombre": "89558402#0", "longitud": 39.69, "velocidad_max": 80.0, "num_lanes": 2}}, {"type": "Feature", "id": "89558402#1", "geometry": {"type": "LineString", "coordinates": [[-77.04993, -12.037998], [-77.049893, -12.038189], [-77.049852, -12.038417]]}, "properties": {"id": "89558402#1", "nombre": "89558402#1", "longitud": 47.17, "velocidad_max": 80.0, "num_lanes": 2}}, {"type": "Feature", "id": "89558402#5", "geometry": {"type": "LineString", "coordinates": [[-77.049821, -12.038605], [-77.049798, -12.038745], [-77.049711, -12.039155]]}, "properties": {"id": "89558402#5", "nombre": "89558402#5", "longitud": 62.06, "velocidad_max": 80.0, "num_lanes": 2}}, {"type": "Feature", "id": "89558409#0", "geometry": {"type": "LineString", "coordinates": [[-77.054668, -12.039818], [-77.054671, -12.03959]]}, "properties": {"id": "89558409#0", "nombre": "89558409#0", "longitud": 25.21, "velocidad_max": 30.0, "num_lanes": 1}}, {"type": "Feature", "id": "89558409#2", "geometry": {"type": "LineString", "coordinates": [[-77.054669, -12.039363], [-77.054667, -12.039252]]}, "properties": {"id": "89558409#2", "nombre": "89558409#2", "longitud": 12.2, "velocidad_max": 30.0, "num_lanes": 1}}, {"type": "Feature", "id": "89558423#0", "geometry": {"type": "LineString", "coordinates": [[-77.05462, -12.039448], [-77.053124, -12.039671]]}, "properties": {"id": "89558423#0", "nombre": "89558423#0", "longitud": 164.81, "velocidad_max": 40.0, "num_lanes": 1}}, {"type": "Feature", "id": "89558423#1", "geometry": {"type": "LineString", "coordinates": [[-77.052993, -12.03969], [-77.052608, -12.039746], [-77.052017, -12.039832], [-77.051577, -12.039906]]}, "properties": {"id": "89558423#1", "nombre": "89558423#1", "longitud": 156.09, "velocidad_max": 40.0, "num_lanes": 1}}, {"type": "Feature", "id": "89558426#0", "geometry": {"type": "LineString", "coordinates": [[-77.050672, -12.038437], [-77.050693, -12.038707], [-77.050723, -12.039081]]}, "properties": {"id": "89558426#0", "nombre": "89558426#0", "longitud": 71.47, "velocidad_max": 50.0, "num_lanes": 1}}, {"type": "Feature", "id": "89558426#2", "geometry": {"type": "LineString", "coordinates": [[-77.050733, -12.039212], [-77.05076, -12.03958]]}, "properties": {"id": "89558426#2", "nombre": "89558426#2", "longitud": 40.84, "velocidad_max": 50.0, "num_lanes": 1}}, {"type": "Feature", "id": "89558427#1", "geometry": {"type": "LineString", "coordinates": [[-77.051232, -12.037426], [-77.051249, -12.037576], [-77.051273, -12.037849], [-77.05128, -12.037919], [-77.051313, -12.038274]]}, "properties": {"id": "89558427#1", "nombre": "89558427#1", "longitud": 94.28, "velocidad_max": 80.0, "num_lanes": 2}}, {"type": "Feature", "id": "89558427#12", "geometry": {"type": "LineString", "coordinates": [[-77.051253, -12.041393], [-77.051244, -12.041495], [-77.051238, -12.041569], [-77.051222, -12.041722], [-77.051184, -12.042124], [-77.051164, -12.042347], [-77.051147, -12.042524]]}, "properties": {"id": "89558427#12", "nombre": "89558427#12", "longitud": 125.64, "velocidad_max": 80.0, "num_lanes": 2}}, {"type": "Feature", "id": "89558427#18", "geometry": {"type": "LineString", "coordinates": [[-77.051132, -12.042684], [-77.051114, -12.042873], [-77.051112, -12.042889], [-77.051084, -12.043201], [-77.051069, -12.043358], [-77.051049, -12.043572], [-77.051047, -12.043589], [-77.051029, -12.043789]]}, "properties": {"id": "89558427#18", "nombre": "89558427#18", "longitud": 122.8, "velocidad_max": 80.0, "num_lanes": 2}}, {"type": "Feature", "id": "89558427#2", "geometry": {"type": "LineString", "coordinates": [[-77.051326, -12.038404], [-77.051385, -12.039018]]}, "properties": {"id": "89558427#2", "nombre": "89558427#2", "longitud": 68.26, "velocidad_max": 80.0, "num_lanes": 2}}, {"type": "Feature", "id": "89558427#3", "geometry": {"type": "LineString", "coordinates": [[-77.051399, -12.039148], [-77.051438, -12.039477]]}, "properties": {"id": "89558427#3", "nombre": "89558427#3", "longitud": 36.65, "velocidad_max": 80.0, "num_lanes": 2}}, {"type": "Feature", "id": "89558427#4", "geometry": {"type": "LineString", "coordinates": [[-77.051448, -12.03962], [-77.051451, -12.039693], [-77.051444, -12.039842]]}, "properties": {"id": "89558427#4", "nombre": "89558427#4", "longitud": 24.6, "velocidad_max": 80.0, "num_lanes": 2}}, {"type": "Feature", "id": "89558427#5", "geometry": {"type": "LineString", "coordinates": [[-77.051438, -12.039946], [-77.051402, -12.040312], [-77.051392, -12.040372], [-77.051379, -12.040428]]}, "properties": {"id": "89558427#5", "nombre": "89558427#5", "longitud": 53.86, "velocidad_max": 80.0, "num_lanes": 2}}, {"type": "Feature", "id": "89558427#6", "geometry": {"type": "LineString", "coordinates": [[-77.05134, -12.040563], [-77.051332, -12.040606], [-77.051326, -12.040663], [-77.051322, -12.040696], [-77.0513, -12.040898], [-77.05128, -12.041099], [-77.051265, -12.041263]]}, "properties": {"id": "89558427#6", "nombre": "89558427#6", "longitud": 77.98, "velocidad_max": 80.0, "num_lanes": 2}}, {"type": "Feature", "id": "89558440#0", "geometry": {"type": "LineString", "coordinates": [[-77.048679, -12.040639], [-77.048707, -12.04037], [-77.048732, -12.040055]]}, "properties": {"id": "89558440#0", "nombre": "89558440#0", "longitud": 64.96, "velocidad_max": 30.0, "num_lanes": 1}}, {"type": "Feature", "id": "89558440#2", "geometry": {"type": "LineString", "coordinates": [[-77.048743, -12.039924], [-77.048768, -12.039664], [-77.048795, -12.039392]]}, "properties": {"id": "89558440#2", "nombre": "89558440#2", "longitud": 59.12, "velocidad_max": 30.0, "num_lanes": 1}}, {"type": "Feature", "id": "89558445#0", "geometry": {"type": "LineString", "coordinates": [[-77.048821, -12.039977], [-77.048914, -12.039974], [-77.049017, -12.039974], [-77.049143, -12.039959], [-77.049366, -12.039905], [-77.049565, -12.039857]]}, "properties": {"id": "89558445#0", "nombre": "89558445#0", "longitud": 82.51, "velocidad_max": 50.0, "num_lanes": 1}}, {"type": "Feature", "id": "89558445#2", "geometry": {"type": "LineString", "coordinates": [[-77.049696, -12.039831], [-77.049862, -12.039804], [-77.050075, -12.039771], [-77.050185, -12.039747], [-77.050349, -12.039712], [-77.050361, -12.03971], [-77.050686, -12.039646]]}, "properties": {"id": "89558445#2", "nombre": "89558445#2", "longitud": 109.8, "velocidad_max": 50.0, "num_lanes": 1}}, {"type": "Feature", "id": "89558445#5", "geometry": {"type": "LineString", "coordinates": [[-77.050816, -12.039624], [-77.051316, -12.039549]]}, "properties": {"id": "89558445#5", "nombre": "89558445#5", "longitud": 55.06, "velocidad_max": 50.0, "num_lanes": 1}}, {"type": "Feature", "id": "89558445#6", "geometry": {"type": "LineString", "coordinates": [[-77.05151, -12.039517], [-77.051973, -12.039434], [-77.052189, -12.039395], [-77.052489, -12.039495]]}, "properties": {"id": "89558445#6", "nombre": "89558445#6", "longitud": 109.69, "velocidad_max": 50.0, "num_lanes": 1}}, {"type": "Feature", "id": "89558450", "geometry": {"type": "LineString", "coordinates": [[-77.057928, -12.037681], [-77.05653, -12.037857], [-77.05531, -12.037989], [-77.054154, -12.038165], [-77.054115, -12.038158], [-77.0541, -12.038116], [-77.054099, -12.037782], [-77.054099, -12.037763], [-77.054108, -12.037426], [-77.054091, -12.037137]]}, "properties": {"id": "89558450", "nombre": "89558450", "longitud": 532.2, "velocidad_max": 50.0, "num_lanes": 1}}, {"type": "Feature", "id": "950048196", "geometry": {"type": "LineString", "coordinates": [[-77.050228, -12.058804], [-77.050215, -12.058817], [-77.050015, -12.058972], [-77.049856, -12.059096]]}, "properties": {"id": "950048196", "nombre": "950048196", "longitud": 51.86, "velocidad_max": 50.0, "num_lanes": 1}}, {"type": "Feature", "id": "953223475", "geometry": {"type": "LineString", "coordinates": [[-77.035714, -12.03909], [-77.036116, -12.039533], [-77.036128, -12.039537], [-77.036148, -12.039536], [-77.036247, -12.039461], [-77.036418, -12.039308], [-77.036679, -12.039067], [-77.036903, -12.038857], [-77.037031, -12.038744]]}, "properties": {"id": "953223475", "nombre": "953223475", "longitud": 199.47, "velocidad_max": 50.0, "num_lanes": 1}}, {"type": "Feature", "id": "953567621", "geometry": {"type": "LineString", "coordinates": [[-77.043648, -12.043746], [-77.043647, -12.043745]]}, "properties": {"id": "953567621", "nombre": "953567621", "longitud": 0.18, "velocidad_max": 40.0, "num_lanes": 2}}, {"type": "Feature", "id": "958786659", "geometry": {"type": "LineString", "coordinates": [[-77.04001, -12.040624], [-77.039581, -12.040664], [-77.039192, -12.040713], [-77.039118, -12.040729], [-77.039085, -12.040742], [-77.039053, -12.040767]]}, "properties": {"id": "958786659", "nombre": "958786659", "longitud": 106.2, "velocidad_max": 20.0, "num_lanes": 1}}, {"type": "Feature", "id": "966845930#0", "geometry": {"type": "LineString", "coordinates": [[-77.054333, -12.039122], [-77.054168, -12.039077], [-77.054034, -12.03904], [-77.053964, -12.039028], [-77.053798, -12.039055]]}, "properties": {"id": "966845930#0", "nombre": "966845930#0", "longitud": 59.86, "velocidad_max": 50.0, "num_lanes": 1}}, {"type": "Feature", "id": "971819231", "geometry": {"type": "LineString", "coordinates": [[-77.054817, -12.044422], [-77.055102, -12.041357], [-77.05517, -12.040548]]}, "properties": {"id": "971819231", "nombre": "971819231", "longitud": 430.48, "velocidad_max": 50.0, "num_lanes": 1}}, {"type": "Feature", "id": "971834161#0", "geometry": {"type": "LineString", "coordinates": [[-77.056505, -12.039879], [-77.055204, -12.040074], [-77.053948, -12.040258]]}, "properties": {"id": "971834161#0", "nombre": "971834161#0", "longitud": 281.58, "velocidad_max": 50.0, "num_lanes": 1}}, {"type": "Feature", "id": "971834161#1", "geometry": {"type": "LineString", "coordinates": [[-77.053818, -12.040277], [-77.052714, -12.040438]]}, "properties": {"id": "971834161#1", "nombre": "971834161#1", "longitud": 121.56, "velocidad_max": 50.0, "num_lanes": 1}}, {"type": "Feature", "id": "997214756", "geometry": {"type": "LineString", "coordinates": [[-77.039064, -12.048906], [-77.03906, -12.048922], [-77.039055, -12.048959], [-77.038883, -12.050254], [-77.038854, -12.050466], [-77.038853, -12.050476]]}, "properties": {"id": "997214756", "nombre": "997214756", "longitud": 175.23, "velocidad_max": 50.0, "num_lanes": 2}}, {"type": "Feature", "id": "997214757#0", "geometry": {"type": "LineString", "coordinates": [[-77.039034, -12.048853], [-77.039033, -12.048854]]}, "properties": {"id": "997214757#0", "nombre": "997214757#0", "longitud": 0.2, "velocidad_max": 40.0, "num_lanes": 2}}, {"type": "Feature", "id": "997214758", "geometry": {"type": "LineString", "coordinates": [[-77.03911, -12.048799], [-77.039108, -12.0488]]}, "properties": {"id": "997214758", "nombre": "997214758", "longitud": 0.2, "velocidad_max": 40.0, "num_lanes": 2}}, {"type": "Feature", "id": "997214759", "geometry": {"type": "LineString", "coordinates": [[-77.039119, -12.048866], [-77.039118, -12.048873]]}, "properties": {"id": "997214759", "nombre": "997214759", "longitud": 0.7, "velocidad_max": 50.0, "num_lanes": 2}}, {"type": "Feature", "id": "997214760", "geometry": {"type": "LineString", "coordinates": [[-77.039152, -12.048714], [-77.039152, -12.048716]]}, "properties": {"id": "997214760", "nombre": "997214760", "longitud": 0.2, "velocidad_max": 50.0, "num_lanes": 2}}, {"type": "Feature", "id": "997214761#0", "geometry": {"type": "LineString", "coordinates": [[-77.039236, -12.048599], [-77.039456, -12.048458]]}, "properties": {"id": "997214761#0", "nombre": "997214761#0", "longitud": 28.59, "velocidad_max": 40.0, "num_lanes": 2}}, {"type": "Feature", "id": "997214766", "geometry": {"type": "LineString", "coordinates": [[-77.039169, -12.049017], [-77.039219, -12.049092], [-77.039365, -12.049306], [-77.039788, -12.049924]]}, "properties": {"id": "997214766", "nombre": "997214766", "longitud": 120.96, "velocidad_max": 40.0, "num_lanes": 3}}, {"type": "Feature", "id": "997214767#1", "geometry": {"type": "LineString", "coordinates": [[-77.039092, -12.049037], [-77.039087, -12.049067], [-77.038927, -12.050301], [-77.038899, -12.05051]]}, "properties": {"id": "997214767#1", "nombre": "997214767#1", "longitud": 164.4, "velocidad_max": 50.0, "num_lanes": 2}}, {"type": "Feature", "id": "997214767#2", "geometry": {"type": "LineString", "coordinates": [[-77.038877, -12.050704], [-77.038854, -12.050921]]}, "properties": {"id": "997214767#2", "nombre": "997214767#2", "longitud": 24.15, "velocidad_max": 50.0, "num_lanes": 2}}, {"type": "Feature", "id": "997214767#3", "geometry": {"type": "LineString", "coordinates": [[-77.038855, -12.050911], [-77.038855, -12.050913]]}, "properties": {"id": "997214767#3", "nombre": "997214767#3", "longitud": 0.2, "velocidad_max": 50.0, "num_lanes": 2}}, {"type": "Feature", "id": "998217846", "geometry": {"type": "LineString", "coordinates": [[-77.036287, -12.044509], [-77.036307, -12.044538], [-77.036844, -12.0453]]}, "properties": {"id": "998217846", "nombre": "998217846", "longitud": 106.39, "velocidad_max": 50.0, "num_lanes": 2}}, {"type": "Feature", "id": "998217847#0", "geometry": {"type": "LineString", "coordinates": [[-77.036204, -12.044483], [-77.036206, -12.044482]]}, "properties": {"id": "998217847#0", "nombre": "998217847#0", "longitud": 0.2, "velocidad_max": 50.0, "num_lanes": 2}}, {"type": "Feature", "id": "998217848#1", "geometry": {"type": "LineString", "coordinates": [[-77.035577, -12.043674], [-77.035526, -12.043602]]}, "properties": {"id": "998217848#1", "nombre": "998217848#1", "longitud": 9.72, "velocidad_max": 50.0, "num_lanes": 3}}, {"type": "Feature", "id": "998217850", "geometry": {"type": "LineString", "coordinates": [[-77.034931, -12.042502], [-77.034933, -12.042502]]}, "properties": {"id": "998217850", "nombre": "998217850", "longitud": 0.2, "velocidad_max": 50.0, "num_lanes": 2}}, {"type": "Feature", "id": "998555742#1", "geometry": {"type": "LineString", "coordinates": [[-77.036195, -12.044589], [-77.036184, -12.044572]]}, "properties": {"id": "998555742#1", "nombre": "998555742#1", "longitud": 2.22, "velocidad_max": 50.0, "num_lanes": 3}}, {"type": "Feature", "id": "998577339#0", "geometry": {"type": "LineString", "coordinates": [[-77.038308, -12.054061], [-77.038309, -12.054048], [-77.038329, -12.05384], [-77.038379, -12.053309], [-77.038387, -12.053238], [-77.038459, -12.052654], [-77.038538, -12.052137]]}, "properties": {"id": "998577339#0", "nombre": "998577339#0", "longitud": 214.4, "velocidad_max": 50.0, "num_lanes": 3}}, {"type": "Feature", "id": "998577341#2", "geometry": {"type": "LineString", "coordinates": [[-77.037522, -12.046492], [-77.037478, -12.046432], [-77.037458, -12.046404]]}, "properties": {"id": "998577341#2", "nombre": "998577341#2", "longitud": 11.99, "velocidad_max": 50.0, "num_lanes": 3}}, {"type": "Feature", "id": "998577343", "geometry": {"type": "LineString", "coordinates": [[-77.03611, -12.044467], [-77.036083, -12.044431], [-77.035626, -12.043749], [-77.035578, -12.043677]]}, "properties": {"id": "998577343", "nombre": "998577343", "longitud": 104.86, "velocidad_max": 50.0, "num_lanes": 3}}]}