**
(mainV3.tex
LaTeX2e <2021-11-15> patch level 1
L3 programming layer <2022-02-24> (report.cls
Document Class: report 2021/10/04 v1.4n Standard LaTeX document class
(size12.clo
File: size12.clo 2021/10/04 v1.4n Standard LaTeX file (size option)
)
\c@part=\count181
\c@chapter=\count182
\c@section=\count183
\c@subsection=\count184
\c@subsubsection=\count185
\c@paragraph=\count186
\c@subparagraph=\count187
\c@figure=\count188
\c@table=\count189
\abovecaptionskip=\skip47
\belowcaptionskip=\skip48
\bibindent=\dimen138
) (iftex.sty
Package: iftex 2022/02/03 v1.0f TeX engine tests
) (fontspec.sty (xparse.sty (expl3.sty
Package: expl3 2022-02-24 L3 programming layer (loader) 

(l3backend-xetex.def
File: l3backend-xetex.def 2022-02-07 L3 backend support: XeTeX
\c__kernel_sys_dvipdfmx_version_int=\count190
\l__color_backend_stack_int=\count191
\g__color_backend_stack_int=\count192
\g__graphics_track_int=\count193
\l__pdf_internal_box=\box50
\g__pdf_backend_object_int=\count194
\g__pdf_backend_annotation_int=\count195
\g__pdf_backend_link_int=\count196
))
Package: xparse 2022-01-12 L3 Experimental document command parser
)
Package: fontspec 2022/01/15 v2.8a Font selection for XeLaTeX and LuaLaTeX
 (fontspec-xetex.sty
Package: fontspec-xetex 2022/01/15 v2.8a Font selection for XeLaTeX and LuaLaTe
X
\l__fontspec_script_int=\count197
\l__fontspec_language_int=\count198
\l__fontspec_strnum_int=\count199
\l__fontspec_tmp_int=\count266
\l__fontspec_tmpa_int=\count267
\l__fontspec_tmpb_int=\count268
\l__fontspec_tmpc_int=\count269
\l__fontspec_em_int=\count270
\l__fontspec_emdef_int=\count271
\l__fontspec_strong_int=\count272
\l__fontspec_strongdef_int=\count273
\l__fontspec_tmpa_dim=\dimen139
\l__fontspec_tmpb_dim=\dimen140
\l__fontspec_tmpc_dim=\dimen141
 (fontenc.sty
Package: fontenc 2021/04/29 v2.0v Standard LaTeX package
) (fontspec.cfg)))

Package fontspec Info: Font family 'TimesNewRoman(0)' created for font 'Times
(fontspec)             New Roman' with options [Ligatures=TeX].
(fontspec)              
(fontspec)              This font family consists of the following NFSS
(fontspec)             series/shapes:
(fontspec)              
(fontspec)             - 'normal' (m/n) with NFSS spec.: <->"Times New
(fontspec)             Roman/OT:script=latn;language=dflt;mapping=tex-text;"
(fontspec)             - 'small caps'  (m/sc) with NFSS spec.: <->"Times New
(fontspec)             Roman/OT:script=latn;language=dflt;+smcp;mapping=tex-tex
t;"
(fontspec)             - 'bold' (b/n) with NFSS spec.: <->"Times New
(fontspec)             Roman/B/OT:script=latn;language=dflt;mapping=tex-text;"
(fontspec)             - 'bold small caps'  (b/sc) with NFSS spec.: <->"Times
(fontspec)             New
(fontspec)             Roman/B/OT:script=latn;language=dflt;+smcp;mapping=tex-t
ext;"
(fontspec)             - 'italic' (m/it) with NFSS spec.: <->"Times New
(fontspec)             Roman/I/OT:script=latn;language=dflt;mapping=tex-text;"
(fontspec)             - 'italic small caps'  (m/scit) with NFSS spec.:
(fontspec)             <->"Times New
(fontspec)             Roman/I/OT:script=latn;language=dflt;+smcp;mapping=tex-t
ext;"
(fontspec)             - 'bold italic' (b/it) with NFSS spec.: <->"Times New
(fontspec)             Roman/BI/OT:script=latn;language=dflt;mapping=tex-text;"

(fontspec)             - 'bold italic small caps'  (b/scit) with NFSS spec.:
(fontspec)             <->"Times New
(fontspec)             Roman/BI/OT:script=latn;language=dflt;+smcp;mapping=tex-
text;"


Package fontspec Info: Font family 'Arial(0)' created for font 'Arial' with
(fontspec)             options [Ligatures=TeX].
(fontspec)              
(fontspec)              This font family consists of the following NFSS
(fontspec)             series/shapes:
(fontspec)              
(fontspec)             - 'normal' (m/n) with NFSS spec.:
(fontspec)             <->"Arial/OT:script=latn;language=dflt;mapping=tex-text;
"
(fontspec)             - 'small caps'  (m/sc) with NFSS spec.:
(fontspec)             <->"Arial/OT:script=latn;language=dflt;+smcp;mapping=tex
-text;"
(fontspec)             - 'bold' (b/n) with NFSS spec.:
(fontspec)             <->"Arial/B/OT:script=latn;language=dflt;mapping=tex-tex
t;"
(fontspec)             - 'bold small caps'  (b/sc) with NFSS spec.:
(fontspec)             <->"Arial/B/OT:script=latn;language=dflt;+smcp;mapping=t
ex-text;"
(fontspec)             - 'italic' (m/it) with NFSS spec.:
(fontspec)             <->"Arial/I/OT:script=latn;language=dflt;mapping=tex-tex
t;"
(fontspec)             - 'italic small caps'  (m/scit) with NFSS spec.:
(fontspec)             <->"Arial/I/OT:script=latn;language=dflt;+smcp;mapping=t
ex-text;"
(fontspec)             - 'bold italic' (b/it) with NFSS spec.:
(fontspec)             <->"Arial/BI/OT:script=latn;language=dflt;mapping=tex-te
xt;"
(fontspec)             - 'bold italic small caps'  (b/scit) with NFSS spec.:
(fontspec)             <->"Arial/BI/OT:script=latn;language=dflt;+smcp;mapping=
tex-text;"


Package fontspec Info: Font family 'CourierNew(0)' created for font 'Courier
(fontspec)             New' with options
(fontspec)             [WordSpace={1,0,0},HyphenChar=None,PunctuationSpace=Word
Space].
(fontspec)              
(fontspec)              This font family consists of the following NFSS
(fontspec)             series/shapes:
(fontspec)              
(fontspec)             - 'normal' (m/n) with NFSS spec.: <->"Courier
(fontspec)             New/OT:script=latn;language=dflt;"
(fontspec)             - 'small caps'  (m/sc) with NFSS spec.: 
(fontspec)             and font adjustment code:
(fontspec)             \fontdimen 2\font =1\fontdimen 2\font \fontdimen 3\font
(fontspec)             =0\fontdimen 3\font \fontdimen 4\font =0\fontdimen
(fontspec)             4\font \fontdimen 7\font =0\fontdimen 2\font
(fontspec)             \tex_hyphenchar:D \font =-1\scan_stop: 
(fontspec)             - 'bold' (b/n) with NFSS spec.: <->"Courier
(fontspec)             New/B/OT:script=latn;language=dflt;"
(fontspec)             - 'bold small caps'  (b/sc) with NFSS spec.: 
(fontspec)             and font adjustment code:
(fontspec)             \fontdimen 2\font =1\fontdimen 2\font \fontdimen 3\font
(fontspec)             =0\fontdimen 3\font \fontdimen 4\font =0\fontdimen
(fontspec)             4\font \fontdimen 7\font =0\fontdimen 2\font
(fontspec)             \tex_hyphenchar:D \font =-1\scan_stop: 
(fontspec)             - 'italic' (m/it) with NFSS spec.: <->"Courier
(fontspec)             New/I/OT:script=latn;language=dflt;"
(fontspec)             - 'italic small caps'  (m/scit) with NFSS spec.: 
(fontspec)             and font adjustment code:
(fontspec)             \fontdimen 2\font =1\fontdimen 2\font \fontdimen 3\font
(fontspec)             =0\fontdimen 3\font \fontdimen 4\font =0\fontdimen
(fontspec)             4\font \fontdimen 7\font =0\fontdimen 2\font
(fontspec)             \tex_hyphenchar:D \font =-1\scan_stop: 
(fontspec)             - 'bold italic' (b/it) with NFSS spec.: <->"Courier
(fontspec)             New/BI/OT:script=latn;language=dflt;"
(fontspec)             - 'bold italic small caps'  (b/scit) with NFSS spec.: 
(fontspec)             and font adjustment code:
(fontspec)             \fontdimen 2\font =1\fontdimen 2\font \fontdimen 3\font
(fontspec)             =0\fontdimen 3\font \fontdimen 4\font =0\fontdimen
(fontspec)             4\font \fontdimen 7\font =0\fontdimen 2\font
(fontspec)             \tex_hyphenchar:D \font =-1\scan_stop: 


(babel.sty
Package: babel 2022/02/26 3.73 The Babel package
\babel@savecnt=\count274
\U@D=\dimen142
\l@unhyphenated=\language87
 (xebabel.def (txtbabel.def))
\bbl@readstream=\read2
\bbl@dirlevel=\count275
 (spanish.ldf
Language: spanish.ldf 2021/05/27 v5.0q Spanish support from the babel system
\es@quottoks=\toks16
\es@quotdepth=\count276
Package babel Info: Making " an active character on input line 570.
)) (microtype.sty
Package: microtype 2022/03/14 v3.0d Micro-typographical refinements (RS)

(keyval.sty
Package: keyval 2014/10/28 v1.15 key=value parser (DPC)
\KV@toks@=\toks17
) (etoolbox.sty
Package: etoolbox 2020/10/05 v2.5k e-TeX tools for LaTeX (JAW)
\etb@tempcnta=\count277
)
\MT@toks=\toks18
\MT@tempbox=\box51
\MT@count=\count278
LaTeX Info: Redefining \noprotrusionifhmode on input line 1027.
LaTeX Info: Redefining \leftprotrusion on input line 1028.
LaTeX Info: Redefining \rightprotrusion on input line 1036.
LaTeX Info: Redefining \textls on input line 1195.
\MT@outer@kern=\dimen143
LaTeX Info: Redefining \textmicrotypecontext on input line 1781.
\MT@listname@count=\count279
 (microtype-xetex.def
File: microtype-xetex.def 2022/03/14 v3.0d Definitions specific to xetex (RS)
LaTeX Info: Redefining \lsstyle on input line 236.
)
Package microtype Info: Loading configuration file microtype.cfg.
 (microtype.cfg
File: microtype.cfg 2022/03/14 v3.0d microtype main configuration file (RS)
))
(setspace.sty
Package: setspace 2011/12/19 v6.7a set line spacing
) (geometry.sty
Package: geometry 2020/01/02 v5.9 Page Geometry
 (ifvtex.sty
Package: ifvtex 2019/10/25 v1.7 ifvtex legacy package. Use iftex instead.
)
\Gm@cnth=\count280
\Gm@cntv=\count281
\c@Gm@tempcnt=\count282
\Gm@bindingoffset=\dimen144
\Gm@wd@mp=\dimen145
\Gm@odd@mp=\dimen146
\Gm@even@mp=\dimen147
\Gm@layoutwidth=\dimen148
\Gm@layoutheight=\dimen149
\Gm@layouthoffset=\dimen150
\Gm@layoutvoffset=\dimen151
\Gm@dimlist=\toks19
) (ragged2e.sty
Package: ragged2e 2021/12/15 v3.1 ragged2e Package
\CenteringLeftskip=\skip49
\RaggedLeftLeftskip=\skip50
\RaggedRightLeftskip=\skip51
\CenteringRightskip=\skip52
\RaggedLeftRightskip=\skip53
\RaggedRightRightskip=\skip54
\CenteringParfillskip=\skip55
\RaggedLeftParfillskip=\skip56
\RaggedRightParfillskip=\skip57
\JustifyingParfillskip=\skip58
\CenteringParindent=\skip59
\RaggedLeftParindent=\skip60
\RaggedRightParindent=\skip61
\JustifyingParindent=\skip62
) (amsmath.sty
Package: amsmath 2021/10/15 v2.17l AMS math features
\@mathmargin=\skip63

For additional information on amsmath, use the `?' option.
(amstext.sty
Package: amstext 2021/08/26 v2.01 AMS text
 (amsgen.sty
File: amsgen.sty 1999/11/30 v2.0 generic functions
\@emptytoks=\toks20
\ex@=\dimen152
)) (amsbsy.sty
Package: amsbsy 1999/11/29 v1.2d Bold Symbols
\pmbraise@=\dimen153
) (amsopn.sty
Package: amsopn 2021/08/26 v2.02 operator names
)
\inf@bad=\count283
LaTeX Info: Redefining \frac on input line 234.
\uproot@=\count284
\leftroot@=\count285
LaTeX Info: Redefining \overline on input line 399.
\classnum@=\count286
\DOTSCASE@=\count287
LaTeX Info: Redefining \ldots on input line 496.
LaTeX Info: Redefining \dots on input line 499.
LaTeX Info: Redefining \cdots on input line 620.
\Mathstrutbox@=\box52
\strutbox@=\box53
\big@size=\dimen154
LaTeX Font Info:    Redeclaring font encoding OML on input line 743.
LaTeX Font Info:    Redeclaring font encoding OMS on input line 744.
\macc@depth=\count288
\c@MaxMatrixCols=\count289
\dotsspace@=\muskip16
\c@parentequation=\count290
\dspbrk@lvl=\count291
\tag@help=\toks21
\row@=\count292
\column@=\count293
\maxfields@=\count294
\andhelp@=\toks22
\eqnshift@=\dimen155
\alignsep@=\dimen156
\tagshift@=\dimen157
\tagwidth@=\dimen158
\totwidth@=\dimen159
\lineht@=\dimen160
\@envbody=\toks23
\multlinegap=\skip64
\multlinetaggap=\skip65
\mathdisplay@stack=\toks24
LaTeX Info: Redefining \[ on input line 2938.
LaTeX Info: Redefining \] on input line 2939.
) (amssymb.sty
Package: amssymb 2013/01/14 v3.01 AMS font symbols

(amsfonts.sty
Package: amsfonts 2013/01/14 v3.01 Basic AMSFonts support
\symAMSa=\mathgroup4
\symAMSb=\mathgroup5
LaTeX Font Info:    Redeclaring math symbol \hbar on input line 98.
LaTeX Font Info:    Overwriting math alphabet `\mathfrak' in version `bold'
(Font)                  U/euf/m/n --> U/euf/b/n on input line 106.
)) (textcomp.sty
Package: textcomp 2020/02/02 v2.0n Standard LaTeX package
) (longtable.sty
Package: longtable 2021-09-01 v4.17 Multi-page Table package (DPC)
\LTleft=\skip66
\LTright=\skip67
\LTpre=\skip68
\LTpost=\skip69
\LTchunksize=\count295
\LTcapwidth=\dimen161
\LT@head=\box54
\LT@firsthead=\box55
\LT@foot=\box56
\LT@lastfoot=\box57
\LT@gbox=\box58
\LT@cols=\count296
\LT@rows=\count297
\c@LT@tables=\count298
\c@LT@chunks=\count299
\LT@p@ftn=\toks25
) (booktabs.sty
Package: booktabs 2020/01/12 v1.61803398 Publication quality tables
\heavyrulewidth=\dimen162
\lightrulewidth=\dimen163
\cmidrulewidth=\dimen164
\belowrulesep=\dimen165
\belowbottomsep=\dimen166
\aboverulesep=\dimen167
\abovetopsep=\dimen168
\cmidrulesep=\dimen169
\cmidrulekern=\dimen170
\defaultaddspace=\dimen171
\@cmidla=\count300
\@cmidlb=\count301
\@aboverulesep=\dimen172
\@belowrulesep=\dimen173
\@thisruleclass=\count302
\@lastruleclass=\count303
\@thisrulewidth=\dimen174
) (array.sty
Package: array 2021/10/04 v2.5f Tabular extension package (FMi)
\col@sep=\dimen175
\ar@mcellbox=\box59
\extrarowheight=\dimen176
\NC@list=\toks26
\extratabsurround=\skip70
\backup@length=\skip71
\ar@cellbox=\box60
)
(multirow.sty
Package: multirow 2021/03/15 v2.8 Span multiple rows of a table
\multirow@colwidth=\skip72
\multirow@cntb=\count304
\multirow@dima=\skip73
\bigstrutjot=\dimen177
) (makecell.sty
Package: makecell 2009/08/03 V0.1e Managing of Tab Column Heads and Cells
\rotheadsize=\dimen178
\c@nlinenum=\count305
\TeXr@lab=\toks27
) (tabularx.sty
Package: tabularx 2020/01/15 v2.11c `tabularx' package (DPC)
\TX@col@width=\dimen179
\TX@old@table=\dimen180
\TX@old@col=\dimen181
\TX@target=\dimen182
\TX@delta=\dimen183
\TX@cols=\count306
\TX@ftn=\toks28
) (calc.sty
Package: calc 2017/05/25 v4.3 Infix arithmetic (KKT,FJ)
\calc@Acount=\count307
\calc@Bcount=\count308
\calc@Adimen=\dimen184
\calc@Bdimen=\dimen185
\calc@Askip=\skip74
\calc@Bskip=\skip75
LaTeX Info: Redefining \setlength on input line 80.
LaTeX Info: Redefining \addtolength on input line 81.
\calc@Ccount=\count309
\calc@Cskip=\skip76
) (pdflscape.sty
Package: pdflscape 2019/12/05 v0.12 Display of landscape pages in PDF (HO)

(lscape.sty
Package: lscape 2020/05/28 v3.02 Landscape Pages (DPC)
 (graphics.sty
Package: graphics 2021/03/04 v1.4d Standard LaTeX Graphics (DPC,SPQR)
 (trig.sty
Package: trig 2021/08/11 v1.11 sin cos tan (DPC)
) (graphics.cfg
File: graphics.cfg 2016/06/04 v1.11 sample graphics configuration
)
Package graphics Info: Driver file: xetex.def on input line 107.
 (xetex.def
File: xetex.def 2021/03/18 v5.0k Graphics/color driver for xetex
)))
Package pdflscape Info: Auto-detected driver: dvipdfm (xetex) on input line 98.


(atbegshi-ltx.sty
Package: atbegshi-ltx 2021/01/10 v1.0c Emulation of the original atbegshi
package with kernel methods
)) (colortbl.sty
Package: colortbl 2020/01/04 v1.0e Color table columns (DPC)
 (color.sty
Package: color 2021/12/07 v1.3c Standard LaTeX Color (DPC)
 (color.cfg
File: color.cfg 2016/01/02 v1.6 sample color configuration
)
Package color Info: Driver file: xetex.def on input line 149.
)
\everycr=\toks29
\minrowclearance=\skip77
) (graphicx.sty
Package: graphicx 2021/09/16 v1.2d Enhanced LaTeX Graphics (DPC,SPQR)
\Gin@req@height=\dimen186
\Gin@req@width=\dimen187
)
(adjustbox.sty
Package: adjustbox 2020/08/19 v1.3 Adjusting TeX boxes (trim, clip, ...)
 (xkeyval.sty
Package: xkeyval 2020/11/20 v2.8 package option processing (HA)
 (xkeyval (xkvutils
\XKV@toks=\toks30
\XKV@tempa@toks=\toks31
)
\XKV@depth=\count310
File: xkeyval.tex 2014/12/03 v2.7a key=value parser (HA)
)) (adjcalc.sty
Package: adjcalc 2012/05/16 v1.1 Provides advanced setlength with multiple back
-ends (calc, etex, pgfmath)
) (trimclip.sty
Package: trimclip 2020/08/19 v1.2 Trim and clip general TeX material

(collectbox.sty
Package: collectbox 2012/05/17 v0.4b Collect macro arguments as boxes
\collectedbox=\box61
)
\tc@llx=\dimen188
\tc@lly=\dimen189
\tc@urx=\dimen190
\tc@ury=\dimen191
Package trimclip Info: Using driver 'tc-xetex.def'.
 (tc-xetex.def
File: tc-xetex.def 2019/01/04 v2.2 Clipping driver for xetex
))
\adjbox@Width=\dimen192
\adjbox@Height=\dimen193
\adjbox@Depth=\dimen194
\adjbox@Totalheight=\dimen195
\adjbox@pwidth=\dimen196
\adjbox@pheight=\dimen197
\adjbox@pdepth=\dimen198
\adjbox@ptotalheight=\dimen199
 (ifoddpage.sty
Package: ifoddpage 2016/04/23 v1.1 Conditionals for odd/even page detection
\c@checkoddpage=\count311
) (varwidth.sty
Package: varwidth 2009/03/30 ver 0.92;  Variable-width minipages
\@vwid@box=\box62
\sift@deathcycles=\count312
\@vwid@loff=\dimen256
\@vwid@roff=\dimen257
)) (float.sty
Package: float 2001/11/08 v1.3d Float enhancements (AL)
\c@float@type=\count313
\float@exts=\toks32
\float@box=\box63
\@float@everytoks=\toks33
\@floatcapt=\box64
)
(caption.sty
Package: caption 2022/03/01 v3.6b Customizing captions (AR)
 (caption3.sty
Package: caption3 2022/03/17 v2.3b caption3 kernel (AR)
\caption@tempdima=\dimen258
\captionmargin=\dimen259
\caption@leftmargin=\dimen260
\caption@rightmargin=\dimen261
\caption@width=\dimen262
\caption@indent=\dimen263
\caption@parindent=\dimen264
\caption@hangindent=\dimen265
Package caption Info: Standard document class detected.
)
\c@caption@flags=\count314
\c@continuedfloat=\count315
Package caption Info: float package is loaded.
Package caption Info: longtable package is loaded.
 (ltcaption.sty
Package: ltcaption 2021/01/08 v1.4c longtable captions (AR)
)) (subcaption.sty
Package: subcaption 2022/01/07 v1.5 Sub-captions (AR)
\c@subfigure=\count316
\c@subtable=\count317
) (placeins.sty
Package: placeins 2005/04/18  v 2.2
)
(needspace.sty
Package: needspace 2010/09/12 v1.3d reserve vertical space
) (enumitem.sty
Package: enumitem 2019/06/20 v3.9 Customized lists
\labelindent=\skip78
\enit@outerparindent=\dimen266
\enit@toks=\toks34
\enit@inbox=\box65
\enit@count@id=\count318
\enitdp@description=\count319
) (xcolor.sty
Package: xcolor 2021/10/31 v2.13 LaTeX color extensions (UK)
 (color.cfg
File: color.cfg 2016/01/02 v1.6 sample color configuration
)
Package xcolor Info: Driver file: xetex.def on input line 227.
LaTeX Info: Redefining \color on input line 711.
Package xcolor Info: Model `cmy' substituted by `cmy0' on input line 1352.
Package xcolor Info: Model `RGB' extended on input line 1368.
Package xcolor Info: Model `HTML' substituted by `rgb' on input line 1370.
Package xcolor Info: Model `Hsb' substituted by `hsb' on input line 1371.
Package xcolor Info: Model `tHsb' substituted by `hsb' on input line 1372.
Package xcolor Info: Model `HSB' substituted by `hsb' on input line 1373.
Package xcolor Info: Model `Gray' substituted by `gray' on input line 1374.
Package xcolor Info: Model `wave' substituted by `hsb' on input line 1375.
) (soul.sty
Package: soul 2003/11/17 v2.4 letterspacing/underlining (mf)
\SOUL@word=\toks35
\SOUL@lasttoken=\toks36
\SOUL@cmds=\toks37
\SOUL@buffer=\toks38
\SOUL@token=\toks39
\SOUL@spaceskip=\skip79
\SOUL@ttwidth=\dimen267
\SOUL@uldp=\dimen268
\SOUL@ulht=\dimen269
)
(titlesec.sty
Package: titlesec 2021/07/05 v2.14 Sectioning titles
\ttl@box=\box66
\beforetitleunit=\skip80
\aftertitleunit=\skip81
\ttl@plus=\dimen270
\ttl@minus=\dimen271
\ttl@toksa=\toks40
\titlewidth=\dimen272
\titlewidthlast=\dimen273
\titlewidthfirst=\dimen274
) (tocloft.sty
Package: tocloft 2017/08/31 v2.3i parameterised ToC, etc., typesetting
Package tocloft Info: The document has chapter divisions on input line 51.
\cftparskip=\skip82
\cftbeforetoctitleskip=\skip83
\cftaftertoctitleskip=\skip84
\cftbeforepartskip=\skip85
\cftpartnumwidth=\skip86
\cftpartindent=\skip87
\cftbeforechapskip=\skip88
\cftchapindent=\skip89
\cftchapnumwidth=\skip90
\cftbeforesecskip=\skip91
\cftsecindent=\skip92
\cftsecnumwidth=\skip93
\cftbeforesubsecskip=\skip94
\cftsubsecindent=\skip95
\cftsubsecnumwidth=\skip96
\cftbeforesubsubsecskip=\skip97
\cftsubsubsecindent=\skip98
\cftsubsubsecnumwidth=\skip99
\cftbeforeparaskip=\skip100
\cftparaindent=\skip101
\cftparanumwidth=\skip102
\cftbeforesubparaskip=\skip103
\cftsubparaindent=\skip104
\cftsubparanumwidth=\skip105
\cftbeforeloftitleskip=\skip106
\cftafterloftitleskip=\skip107
\cftbeforefigskip=\skip108
\cftfigindent=\skip109
\cftfignumwidth=\skip110
\c@lofdepth=\count320
\c@lotdepth=\count321
\cftbeforelottitleskip=\skip111
\cftafterlottitleskip=\skip112
\cftbeforetabskip=\skip113
\cfttabindent=\skip114
\cfttabnumwidth=\skip115
) (fancyhdr.sty
Package: fancyhdr 2021/01/28 v4.0.1 Extensive control of page headers and foote
rs
\f@nch@headwidth=\skip116
\f@nch@O@elh=\skip117
\f@nch@O@erh=\skip118
\f@nch@O@olh=\skip119
\f@nch@O@orh=\skip120
\f@nch@O@elf=\skip121
\f@nch@O@erf=\skip122
\f@nch@O@olf=\skip123
\f@nch@O@orf=\skip124
) (xurl.sty
Package: xurl 2022/01/09 v 0.10 modify URL breaks
 (url.sty
\Urlmuskip=\muskip17
Package: url 2013/09/16  ver 3.4  Verb mode for urls, etc.
)) (hyperref.sty
Package: hyperref 2022-02-21 v7.00n Hypertext links for LaTeX

(ltxcmds.sty
Package: ltxcmds 2020-05-10 v1.25 LaTeX kernel commands for general use (HO)
) (pdftexcmds.sty
Package: pdftexcmds 2020-06-27 v0.33 Utility functions of pdfTeX for LuaTeX (HO
)
 (infwarerr.sty
Package: infwarerr 2019/12/03 v1.5 Providing info/warning/error messages (HO)
)
Package pdftexcmds Info: \pdf@primitive is available.
Package pdftexcmds Info: \pdf@ifprimitive is available.
Package pdftexcmds Info: \pdfdraftmode not found.
) (kvsetkeys.sty
Package: kvsetkeys 2019/12/15 v1.18 Key value parser (HO)
)
(kvdefinekeys.sty
Package: kvdefinekeys 2019-12-19 v1.6 Define keys (HO)
) (pdfescape.sty
Package: pdfescape 2019/12/09 v1.15 Implements pdfTeX's escape features (HO)
) (hycolor.sty
Package: hycolor 2020-01-27 v1.10 Color options for hyperref/bookmark (HO)
) (letltxmacro.sty
Package: letltxmacro 2019/12/03 v1.6 Let assignment for LaTeX macros (HO)
) (auxhook.sty
Package: auxhook 2019-12-17 v1.6 Hooks for auxiliary files (HO)
) (kvoptions.sty
Package: kvoptions 2020-10-07 v3.14 Key value format for package options (HO)
)
\@linkdim=\dimen275
\Hy@linkcounter=\count322
\Hy@pagecounter=\count323
 (pd1enc.def
File: pd1enc.def 2022-02-21 v7.00n Hyperref: PDFDocEncoding definition (HO)
) (intcalc.sty
Package: intcalc 2019/12/15 v1.3 Expandable calculations with integers (HO)
) (etexcmds.sty
Package: etexcmds 2019/12/15 v1.7 Avoid name clashes with e-TeX commands (HO)
)
\Hy@SavedSpaceFactor=\count324
 (puenc.def
File: puenc.def 2022-02-21 v7.00n Hyperref: PDF Unicode definition (HO)
)
Package hyperref Info: Hyper figures OFF on input line 4137.
Package hyperref Info: Link nesting OFF on input line 4142.
Package hyperref Info: Hyper index ON on input line 4145.
Package hyperref Info: Plain pages OFF on input line 4152.
Package hyperref Info: Backreferencing OFF on input line 4157.
Package hyperref Info: Implicit mode ON; LaTeX internals redefined.
Package hyperref Info: Bookmarks ON on input line 4390.
\c@Hy@tempcnt=\count325
LaTeX Info: Redefining \url on input line 4749.
\XeTeXLinkMargin=\dimen276

(bitset.sty
Package: bitset 2019/12/09 v1.3 Handle bit-vector datatype (HO)
 (bigintcalc.sty
Package: bigintcalc 2019/12/15 v1.5 Expandable calculations on big integers (HO
)
))
\Fld@menulength=\count326
\Field@Width=\dimen277
\Fld@charsize=\dimen278
Package hyperref Info: Hyper figures OFF on input line 6027.
Package hyperref Info: Link nesting OFF on input line 6032.
Package hyperref Info: Hyper index ON on input line 6035.
Package hyperref Info: backreferencing OFF on input line 6042.
Package hyperref Info: Link coloring OFF on input line 6047.
Package hyperref Info: Link coloring with OCG OFF on input line 6052.
Package hyperref Info: PDF/A mode OFF on input line 6057.
LaTeX Info: Redefining \ref on input line 6097.
LaTeX Info: Redefining \pageref on input line 6101.
\Hy@abspage=\count327
\c@Item=\count328
\c@Hfootnote=\count329
)
Package hyperref Info: Driver (autodetected): hxetex.
 (hxetex.def
File: hxetex.def 2022-02-21 v7.00n Hyperref driver for XeTeX
 (stringenc.sty
Package: stringenc 2019/11/29 v1.12 Convert strings between diff. encodings (HO
)
)
\pdfm@box=\box67
\c@Hy@AnnotLevel=\count330
\HyField@AnnotCount=\count331
\Fld@listcount=\count332
\c@bookmark@seq@number=\count333
 (rerunfilecheck.sty
Package: rerunfilecheck 2019/12/05 v1.9 Rerun checks for auxiliary files (HO)

(atveryend-ltx.sty
Package: atveryend-ltx 2020/08/19 v1.0a Emulation of the original atveryend pac
kage
with kernel methods
) (uniquecounter.sty
Package: uniquecounter 2019/12/15 v1.4 Provide unlimited unique counter (HO)
)
Package uniquecounter Info: New unique counter `rerunfilecheck' on input line 2
86.
)
\Hy@SectionHShift=\skip125
) (bookmark.sty
Package: bookmark 2020-11-06 v1.29 PDF bookmarks (HO)
 (bkm-dvipdfm.def
File: bkm-dvipdfm.def 2020-11-06 v1.29 bookmark driver for dvipdfm (HO)
\BKM@id=\count334
))
Package hyperref Info: Option `colorlinks' set `true' on input line 121.

(mainV3.aux
LaTeX Info: Redefining \. on input line 23.
LaTeX Info: Redefining \% on input line 23.
)
\openout1 = `mainV3.aux'.

LaTeX Font Info:    Checking defaults for OML/cmm/m/it on input line 136.
LaTeX Font Info:    ... okay on input line 136.
LaTeX Font Info:    Checking defaults for OMS/cmsy/m/n on input line 136.
LaTeX Font Info:    ... okay on input line 136.
LaTeX Font Info:    Checking defaults for OT1/cmr/m/n on input line 136.
LaTeX Font Info:    ... okay on input line 136.
LaTeX Font Info:    Checking defaults for T1/cmr/m/n on input line 136.
LaTeX Font Info:    ... okay on input line 136.
LaTeX Font Info:    Checking defaults for TS1/cmr/m/n on input line 136.
LaTeX Font Info:    Trying to load font information for TS1+cmr on input line 1
36.
 (ts1cmr.fd
File: ts1cmr.fd 2019/12/16 v2.5j Standard LaTeX font definitions
)
LaTeX Font Info:    ... okay on input line 136.
LaTeX Font Info:    Checking defaults for TU/lmr/m/n on input line 136.
LaTeX Font Info:    ... okay on input line 136.
LaTeX Font Info:    Checking defaults for OMX/cmex/m/n on input line 136.
LaTeX Font Info:    ... okay on input line 136.
LaTeX Font Info:    Checking defaults for U/cmr/m/n on input line 136.
LaTeX Font Info:    ... okay on input line 136.
LaTeX Font Info:    Checking defaults for PD1/pdf/m/n on input line 136.
LaTeX Font Info:    ... okay on input line 136.
LaTeX Font Info:    Checking defaults for PU/pdf/m/n on input line 136.
LaTeX Font Info:    ... okay on input line 136.

Package fontspec Info: Adjusting the maths setup (use [no-math] to avoid
(fontspec)             this).

\symlegacymaths=\mathgroup6
LaTeX Font Info:    Overwriting symbol font `legacymaths' in version `bold'
(Font)                  OT1/cmr/m/n --> OT1/cmr/bx/n on input line 136.
LaTeX Font Info:    Redeclaring math accent \acute on input line 136.
LaTeX Font Info:    Redeclaring math accent \grave on input line 136.
LaTeX Font Info:    Redeclaring math accent \ddot on input line 136.
LaTeX Font Info:    Redeclaring math accent \tilde on input line 136.
LaTeX Font Info:    Redeclaring math accent \bar on input line 136.
LaTeX Font Info:    Redeclaring math accent \breve on input line 136.
LaTeX Font Info:    Redeclaring math accent \check on input line 136.
LaTeX Font Info:    Redeclaring math accent \hat on input line 136.
LaTeX Font Info:    Redeclaring math accent \dot on input line 136.
LaTeX Font Info:    Redeclaring math accent \mathring on input line 136.
LaTeX Font Info:    Redeclaring math symbol \Gamma on input line 136.
LaTeX Font Info:    Redeclaring math symbol \Delta on input line 136.
LaTeX Font Info:    Redeclaring math symbol \Theta on input line 136.
LaTeX Font Info:    Redeclaring math symbol \Lambda on input line 136.
LaTeX Font Info:    Redeclaring math symbol \Xi on input line 136.
LaTeX Font Info:    Redeclaring math symbol \Pi on input line 136.
LaTeX Font Info:    Redeclaring math symbol \Sigma on input line 136.
LaTeX Font Info:    Redeclaring math symbol \Upsilon on input line 136.
LaTeX Font Info:    Redeclaring math symbol \Phi on input line 136.
LaTeX Font Info:    Redeclaring math symbol \Psi on input line 136.
LaTeX Font Info:    Redeclaring math symbol \Omega on input line 136.
LaTeX Font Info:    Redeclaring math symbol \mathdollar on input line 136.
LaTeX Font Info:    Redeclaring symbol font `operators' on input line 136.
LaTeX Font Info:    Encoding `OT1' has changed to `TU' for symbol font
(Font)              `operators' in the math version `normal' on input line 136.

LaTeX Font Info:    Overwriting symbol font `operators' in version `normal'
(Font)                  OT1/cmr/m/n --> TU/TimesNewRoman(0)/m/n on input line 1
36.
LaTeX Font Info:    Encoding `OT1' has changed to `TU' for symbol font
(Font)              `operators' in the math version `bold' on input line 136.
LaTeX Font Info:    Overwriting symbol font `operators' in version `bold'
(Font)                  OT1/cmr/bx/n --> TU/TimesNewRoman(0)/m/n on input line 
136.
LaTeX Font Info:    Overwriting symbol font `operators' in version `normal'
(Font)                  TU/TimesNewRoman(0)/m/n --> TU/TimesNewRoman(0)/m/n on 
input line 136.
LaTeX Font Info:    Overwriting math alphabet `\mathit' in version `normal'
(Font)                  OT1/cmr/m/it --> TU/TimesNewRoman(0)/m/it on input line
 136.
LaTeX Font Info:    Overwriting math alphabet `\mathbf' in version `normal'
(Font)                  OT1/cmr/bx/n --> TU/TimesNewRoman(0)/b/n on input line 
136.
LaTeX Font Info:    Overwriting math alphabet `\mathsf' in version `normal'
(Font)                  OT1/cmss/m/n --> TU/Arial(0)/m/n on input line 136.
LaTeX Font Info:    Overwriting math alphabet `\mathtt' in version `normal'
(Font)                  OT1/cmtt/m/n --> TU/CourierNew(0)/m/n on input line 136
.
LaTeX Font Info:    Overwriting symbol font `operators' in version `bold'
(Font)                  TU/TimesNewRoman(0)/m/n --> TU/TimesNewRoman(0)/b/n on 
input line 136.
LaTeX Font Info:    Overwriting math alphabet `\mathit' in version `bold'
(Font)                  OT1/cmr/bx/it --> TU/TimesNewRoman(0)/b/it on input lin
e 136.
LaTeX Font Info:    Overwriting math alphabet `\mathsf' in version `bold'
(Font)                  OT1/cmss/bx/n --> TU/Arial(0)/b/n on input line 136.
LaTeX Font Info:    Overwriting math alphabet `\mathtt' in version `bold'
(Font)                  OT1/cmtt/m/n --> TU/CourierNew(0)/b/n on input line 136
.
LaTeX Info: Redefining \. on input line 136.
LaTeX Info: Redefining \% on input line 136.
LaTeX Info: Redefining \microtypecontext on input line 136.
Package microtype Info: Applying patch `item' on input line 136.
Package microtype Info: Applying patch `toc' on input line 136.
Package microtype Info: Applying patch `eqnum' on input line 136.
Package microtype Info: Applying patch `footnote' on input line 136.
Package microtype Info: Character protrusion enabled (level 2).
Package microtype Info: Using default protrusion set `alltext'.
Package microtype Info: No adjustment of tracking.
Package microtype Info: No adjustment of spacing.
Package microtype Info: No adjustment of kerning.
Package microtype Info: Loading generic protrusion settings for font family
(microtype)             `TimesNewRoman' (encoding: TU).
(microtype)             For optimal results, create family-specific settings.
(microtype)             See the microtype manual for details.

*geometry* driver: auto-detecting
*geometry* detected driver: xetex
*geometry* verbose mode - [ preamble ] result:
* driver: xetex
* paper: a4paper
* layout: <same size as paper>
* layoutoffset:(h,v)=(0.0pt,0.0pt)
* modes: 
* h-part:(L,W,R)=(85.35826pt, 441.01773pt, 71.13188pt)
* v-part:(T,H,B)=(76.82234pt, 691.40216pt, 76.82234pt)
* \paperwidth=597.50787pt
* \paperheight=845.04684pt
* \textwidth=441.01773pt
* \textheight=691.40216pt
* \oddsidemargin=13.08827pt
* \evensidemargin=13.08827pt
* \topmargin=-35.44765pt
* \headheight=15.0pt
* \headsep=25.0pt
* \topskip=12.0pt
* \footskip=30.0pt
* \marginparwidth=35.0pt
* \marginparsep=10.0pt
* \columnsep=10.0pt
* \skip\footins=10.8pt plus 4.0pt minus 2.0pt
* \hoffset=0.0pt
* \voffset=0.0pt
* \mag=1000
* \@twocolumnfalse
* \@twosidefalse
* \@mparswitchfalse
* \@reversemarginfalse
* (1in=72.27pt=25.4mm, 1cm=28.453pt)

Package caption Info: Begin \AtBeginDocument code.
Package caption Info: hyperref package is loaded.
Package caption Info: End \AtBeginDocument code.
Package hyperref Info: Link coloring ON on input line 136.
(nameref.sty
Package: nameref 2021-04-02 v2.47 Cross-referencing by name of section
 (refcount.sty
Package: refcount 2019/12/15 v3.6 Data extraction from label references (HO)
) (gettitlestring.sty
Package: gettitlestring 2019/12/15 v1.6 Cleanup title references (HO)
)
\c@section@level=\count335
)
LaTeX Info: Redefining \ref on input line 136.
LaTeX Info: Redefining \pageref on input line 136.
LaTeX Info: Redefining \nameref on input line 136.
LaTeX Info: Redefining \% on input line 136.
File: media/image155.png Graphic file (type bmp)
<media/image155.png>
 [1

] [1

]
LaTeX Font Info:    Trying to load font information for U+msa on input line 207
.
 (umsa.fd
File: umsa.fd 2013/01/14 v3.01 AMS symbols A
) (mt-msa.cfg
File: mt-msa.cfg 2006/02/04 v1.1 microtype config. file: AMS symbols (a) (RS)
)
LaTeX Font Info:    Trying to load font information for U+msb on input line 207
.
 (umsb.fd
File: umsb.fd 2013/01/14 v3.01 AMS symbols B
) (mt-msb.cfg
File: mt-msb.cfg 2005/06/01 v1.0 microtype config. file: AMS symbols (b) (RS)
) (mt-cmr.cfg
File: mt-cmr.cfg 2013/05/19 v2.2 microtype config. file: Computer Modern Roman 
(RS)
) [2

] [1


] (mainV3.toc
LaTeX Info: Redefining \. on input line 1.
LaTeX Info: Redefining \% on input line 1.
 [2

]
LaTeX Info: Redefining \. on input line 77.
LaTeX Info: Redefining \% on input line 77.
 [3]
LaTeX Info: Redefining \. on input line 115.
LaTeX Info: Redefining \% on input line 115.
 [4])
\tf@toc=\write3
\openout3 = `mainV3.toc'.

LaTeX Info: Redefining \. on input line 258.
LaTeX Info: Redefining \% on input line 258.
 [5]
(mainV3.lot
LaTeX Info: Redefining \. on input line 1.
LaTeX Info: Redefining \% on input line 1.
 [6

])
\tf@lot=\write4
\openout4 = `mainV3.lot'.

LaTeX Info: Redefining \. on input line 263.
LaTeX Info: Redefining \% on input line 263.
 [7] (mainV3.lof
LaTeX Info: Redefining \. on input line 1.
LaTeX Info: Redefining \% on input line 1.
 [8

]
LaTeX Info: Redefining \. on input line 68.
LaTeX Info: Redefining \% on input line 68.
 [9])
\tf@lof=\write5
\openout5 = `mainV3.lof'.

LaTeX Info: Redefining \. on input line 271.
LaTeX Info: Redefining \% on input line 271.
 [10] (build_v3/introduccion) [1


]
(build_v3/cap1_antecedentes
LaTeX Info: Redefining \. on input line 1.
LaTeX Info: Redefining \% on input line 1.
 [2]
Capítulo 1.
File: media/image149.png Graphic file (type bmp)
<media/image149.png>
[3

]
LaTeX Info: Redefining \. on input line 30.
LaTeX Info: Redefining \% on input line 30.
 [4]
LaTeX Info: Redefining \. on input line 72.
LaTeX Info: Redefining \% on input line 72.
 [5]
File: media/image116.png Graphic file (type bmp)
<media/image116.png>
LaTeX Info: Redefining \. on input line 95.
LaTeX Info: Redefining \% on input line 95.
 [6]
LaTeX Info: Redefining \. on input line 129.
LaTeX Info: Redefining \% on input line 129.
 [7]
LaTeX Info: Redefining \. on input line 167.
LaTeX Info: Redefining \% on input line 167.
 [8]
LaTeX Info: Redefining \. on input line 198.
LaTeX Info: Redefining \% on input line 198.
 [9]) (build_v3/cap2_estado_arte
LaTeX Info: Redefining \. on input line 1.
LaTeX Info: Redefining \% on input line 1.
 [10]
Capítulo 2.
File: media/image25.png Graphic file (type bmp)
<media/image25.png>
[11

]
LaTeX Info: Redefining \. on input line 61.
LaTeX Info: Redefining \% on input line 61.
 [12]
Underfull \hbox (badness 1286) in paragraph at lines 89--89
[]|\TU/TimesNewRoman(0)/m/n/12 Opera de día/noche y
 []


Underfull \hbox (badness 10000) in paragraph at lines 89--89
[]|\TU/TimesNewRoman(0)/m/n/12 Instalación sencilla,
 []

LaTeX Info: Redefining \. on input line 99.
LaTeX Info: Redefining \% on input line 99.
[13]
File: media/image17.png Graphic file (type bmp)
<media/image17.png>
LaTeX Info: Redefining \. on input line 133.
LaTeX Info: Redefining \% on input line 133.
 [14]
Overfull \hbox (10.85933pt too wide) in paragraph at lines 175--175
[]|\TU/TimesNewRoman(0)/b/n/12 Controlador|  
 []


Underfull \hbox (badness 10000) in paragraph at lines 175--175
[]|\TU/TimesNewRoman(0)/m/n/12 Cálculo analítico
 []


Underfull \hbox (badness 10000) in paragraph at lines 175--175
[]|\TU/TimesNewRoman(0)/m/n/12 Flujos de satura-
 []


Underfull \hbox (badness 1360) in paragraph at lines 175--175
\TU/TimesNewRoman(0)/m/n/12 tralizado por satu-
 []


Underfull \hbox (badness 10000) in paragraph at lines 175--175
[]|\TU/TimesNewRoman(0)/m/n/12 Optimización
 []


Underfull \hbox (badness 10000) in paragraph at lines 175--175
\TU/TimesNewRoman(0)/m/n/12 incremental de
 []


Underfull \hbox (badness 10000) in paragraph at lines 175--175
[]|\TU/TimesNewRoman(0)/m/n/12 Detectores aguas
 []


Underfull \hbox (badness 6893) in paragraph at lines 175--175
[]|\TU/TimesNewRoman(0)/m/n/12 Programación dis-
 []


Underfull \hbox (badness 4899) in paragraph at lines 175--175
[]|\TU/TimesNewRoman(0)/m/n/12 Política aprendida
 []


Underfull \hbox (badness 10000) in paragraph at lines 175--175
[]|\TU/TimesNewRoman(0)/m/n/12 Gran volu-
 []


Underfull \hbox (badness 10000) in paragraph at lines 175--175
\TU/TimesNewRoman(0)/m/n/12 men de da-
 []

LaTeX Info: Redefining \. on input line 177.
LaTeX Info: Redefining \% on input line 177.
[15]
LaTeX Info: Redefining \. on input line 195.
LaTeX Info: Redefining \% on input line 195.
 [16]
File: media/image82.png Graphic file (type bmp)
<media/image82.png>

Underfull \hbox (badness 5954) in paragraph at lines 238--238
[]|\TU/TimesNewRoman(0)/m/n/12 Capa base de comu-
 []


Underfull \hbox (badness 10000) in paragraph at lines 238--238
[]|\TU/TimesNewRoman(0)/m/n/12 Paquetes de datos,
 []


Underfull \hbox (badness 10000) in paragraph at lines 238--238
[]|\TU/TimesNewRoman(0)/m/n/12 Interoperabilidad con
 []


Underfull \hbox (badness 10000) in paragraph at lines 238--238
\TU/TimesNewRoman(0)/m/n/12 el controlador sema-
 []


Underfull \hbox (badness 1077) in paragraph at lines 238--238
\TU/TimesNewRoman(0)/m/n/12 fórico y la central de
 []


Underfull \hbox (badness 2772) in paragraph at lines 238--238
[]|\TU/TimesNewRoman(0)/m/n/12 Estados de operación,
 []


Underfull \hbox (badness 4391) in paragraph at lines 238--238
\TU/TimesNewRoman(0)/m/n/12 y parámetros permiti-
 []


Underfull \hbox (badness 10000) in paragraph at lines 238--238
[]|\TU/TimesNewRoman(0)/m/n/12 Métricas de tráfico,
 []


Underfull \hbox (badness 10000) in paragraph at lines 238--238
\TU/TimesNewRoman(0)/m/n/12 alarmas, estado ener-
 []


Underfull \hbox (badness 10000) in paragraph at lines 238--238
[]|\TU/TimesNewRoman(0)/m/n/12 Supervisión lo-
 []


Underfull \hbox (badness 10000) in paragraph at lines 238--238
\TU/TimesNewRoman(0)/m/n/12 cal/remota desde la
 []


Underfull \hbox (badness 10000) in paragraph at lines 238--238
[]|\TU/TimesNewRoman(0)/m/n/12 Visualización, alertas,
 []


Underfull \hbox (badness 2343) in paragraph at lines 238--238
\TU/TimesNewRoman(0)/m/n/12 reportes y aprobación
 []

LaTeX Info: Redefining \. on input line 241.
LaTeX Info: Redefining \% on input line 241.
[17]
LaTeX Info: Redefining \. on input line 257.
LaTeX Info: Redefining \% on input line 257.
 [18]
Underfull \hbox (badness 10000) in paragraph at lines 283--283
[]|\TU/TimesNewRoman(0)/m/n/12 Confidencialidad de
 []


Underfull \hbox (badness 10000) in paragraph at lines 283--283
[]|\TU/TimesNewRoman(0)/m/n/12 Puede aumentar la
 []


Underfull \hbox (badness 10000) in paragraph at lines 283--283
\TU/TimesNewRoman(0)/m/n/12 latencia por cifra-
 []


Underfull \hbox (badness 3039) in paragraph at lines 283--283
[]|\TU/TimesNewRoman(0)/m/n/12 Requiere gestión co-
 []


Underfull \hbox (badness 1755) in paragraph at lines 283--283
\TU/TimesNewRoman(0)/m/n/12 so para los operado-
 []


Underfull \hbox (badness 10000) in paragraph at lines 283--283
[]|\TU/TimesNewRoman(0)/m/n/12 Verifica autenticidad
 []


Underfull \hbox (badness 10000) in paragraph at lines 283--283
[]|\TU/TimesNewRoman(0)/m/n/12 Requiere infraestruc-
 []


Underfull \hbox (badness 10000) in paragraph at lines 283--283
\TU/TimesNewRoman(0)/m/n/12 tura de gestión de
 []


Underfull \hbox (badness 2818) in paragraph at lines 283--283
\TU/TimesNewRoman(0)/m/n/12 antes de su explota-
 []


Underfull \hbox (badness 10000) in paragraph at lines 283--283
[]|\TU/TimesNewRoman(0)/m/n/12 Exige monitoreo y
 []

LaTeX Info: Redefining \. on input line 286.
LaTeX Info: Redefining \% on input line 286.
[19]
Underfull \hbox (badness 2126) in paragraph at lines 306--306
[]|\TU/TimesNewRoman(0)/m/n/12 Ingreso de telemetría
 []


Underfull \hbox (badness 10000) in paragraph at lines 306--306
[]|\TU/TimesNewRoman(0)/m/n/12 Optimización basada
 []


Underfull \hbox (badness 4899) in paragraph at lines 306--306
\TU/TimesNewRoman(0)/m/n/12 en información inco-
 []


Underfull \hbox (badness 1325) in paragraph at lines 306--306
\TU/TimesNewRoman(0)/m/n/12 de parámetros o con-
 []


Underfull \hbox (badness 3919) in paragraph at lines 306--306
\TU/TimesNewRoman(0)/m/n/12 sulta de datos sensi-
 []


Underfull \hbox (badness 8075) in paragraph at lines 306--306
[]|\TU/TimesNewRoman(0)/m/n/12 Pérdida temporal de
 []


Underfull \hbox (badness 4913) in paragraph at lines 306--306
[]|\TU/TimesNewRoman(0)/m/n/12 Enlace de comunica-
 []


Underfull \hbox (badness 2653) in paragraph at lines 306--306
[]|\TU/TimesNewRoman(0)/m/n/12 Gabinete, cableado y
 []

LaTeX Info: Redefining \. on input line 309.
LaTeX Info: Redefining \% on input line 309.
[20]
Underfull \hbox (badness 2334) in paragraph at lines 329--329
[]|\TU/TimesNewRoman(0)/m/n/12 Se descartan recomendaciones
 []


Underfull \hbox (badness 10000) in paragraph at lines 329--329
[]|\TU/TimesNewRoman(0)/m/n/12 La sugerencia debe respetar
 []


Underfull \hbox (badness 10000) in paragraph at lines 329--329
\TU/TimesNewRoman(0)/m/n/12 tiempos mínimos, conflictos
 []


Underfull \hbox (badness 3954) in paragraph at lines 329--329
\TU/TimesNewRoman(0)/m/n/12 de fases y la validación del
 []


Underfull \hbox (badness 4416) in paragraph at lines 329--329
\TU/TimesNewRoman(0)/m/n/12 guras para peatones y flujos
 []

LaTeX Info: Redefining \. on input line 332.
LaTeX Info: Redefining \% on input line 332.
[21]
LaTeX Info: Redefining \. on input line 354.
LaTeX Info: Redefining \% on input line 354.
 [22]
File: media/image144.png Graphic file (type bmp)
<media/image144.png>

Underfull \hbox (badness 5490) in paragraph at lines 385--385
[]|\TU/TimesNewRoman(0)/b/n/12 Características principa-
 []


Underfull \hbox (badness 10000) in paragraph at lines 385--385
[]|\TU/TimesNewRoman(0)/m/n/12 Alta fidelidad, visuali-
 []


Underfull \hbox (badness 10000) in paragraph at lines 385--385
\TU/TimesNewRoman(0)/m/n/12 zación 3D, semáforos
 []


Underfull \hbox (badness 10000) in paragraph at lines 385--385
[]|\TU/TimesNewRoman(0)/m/n/12 Planes SCATS/SCOOT,
 []


Underfull \hbox (badness 10000) in paragraph at lines 385--385
\TU/TimesNewRoman(0)/m/n/12 reales, comunicaciones
 []


Overfull \hbox (16.4521pt too wide) in paragraph at lines 385--385
[]|\TU/TimesNewRoman(0)/m/n/12 Análisis/mesoscópico|  
 []


Underfull \hbox (badness 3058) in paragraph at lines 385--385
[]|\TU/TimesNewRoman(0)/m/n/12 Optimización de intersec-
 []

LaTeX Info: Redefining \. on input line 388.
LaTeX Info: Redefining \% on input line 388.
[23]
Underfull \hbox (badness 2903) in paragraph at lines 413--413
[]|\TU/TimesNewRoman(0)/m/n/12 La visión por compu-
 []


Underfull \hbox (badness 1533) in paragraph at lines 413--413
\TU/TimesNewRoman(0)/m/n/12 y respaldo ante condi-
 []


Underfull \hbox (badness 2922) in paragraph at lines 413--413
[]|\TU/TimesNewRoman(0)/m/n/12 Usar la cámara como
 []


Underfull \hbox (badness 10000) in paragraph at lines 413--413
[]|\TU/TimesNewRoman(0)/m/n/12 Priorizar el control
 []


Underfull \hbox (badness 6691) in paragraph at lines 413--413
\TU/TimesNewRoman(0)/m/n/12 difuso local validable
 []


Underfull \hbox (badness 3199) in paragraph at lines 413--413
\TU/TimesNewRoman(0)/m/n/12 global como recomen-
 []


Overfull \hbox (9.41603pt too wide) in paragraph at lines 413--413
[]|\TU/TimesNewRoman(0)/m/n/12 Comunicaciones|  
 []


Underfull \hbox (badness 10000) in paragraph at lines 413--413
[]|\TU/TimesNewRoman(0)/m/n/12 NTCIP para el en-
 []


Underfull \hbox (badness 10000) in paragraph at lines 413--413
\TU/TimesNewRoman(0)/m/n/12 torno semafórico y
 []


Underfull \hbox (badness 10000) in paragraph at lines 413--413
\TU/TimesNewRoman(0)/m/n/12 MQTT/TLS para la
 []


Overfull \hbox (2.74806pt too wide) in paragraph at lines 413--413
[]|\TU/TimesNewRoman(0)/m/n/12 Ciberseguridad|  
 []


Underfull \hbox (badness 6691) in paragraph at lines 413--413
[]|\TU/TimesNewRoman(0)/m/n/12 Los sistemas conecta-
 []


Underfull \hbox (badness 1571) in paragraph at lines 413--413
[]|\TU/TimesNewRoman(0)/m/n/12 La simulación permite
 []


Underfull \hbox (badness 1418) in paragraph at lines 413--413
[]|\TU/TimesNewRoman(0)/m/n/12 Usar SUMO/TraCI pa-
 []

) (build_v3/cap3_diseno_conceptual
LaTeX Info: Redefining \. on input line 1.
LaTeX Info: Redefining \% on input line 1.
 [24]
LaTeX Info: Redefining \. on input line 1.
LaTeX Info: Redefining \% on input line 1.
 [25]
Capítulo 3.
[26

]
LaTeX Info: Redefining \. on input line 99.
LaTeX Info: Redefining \% on input line 99.
 [27]
LaTeX Info: Redefining \. on input line 107.
LaTeX Info: Redefining \% on input line 107.
 [28]
LaTeX Info: Redefining \. on input line 107.
LaTeX Info: Redefining \% on input line 107.
 [29]
Overfull \hbox (691.40216pt too wide) detected at line 110
[]
 []


Underfull \hbox (badness 10000) in alignment at lines 109--114
[] [] [] [] [] [] []
 []


Underfull \hbox (badness 10000) in alignment at lines 114--118
[] [] [] [] [] [] []
 []


Underfull \hbox (badness 10000) in alignment at lines 118--120
[] [] [] [] [] [] []
 []


Underfull \hbox (badness 10000) in paragraph at lines 122--122
[]|\TU/TimesNewRoman(0)/m/n/10 Índice normalizado
 []


Underfull \hbox (badness 10000) in paragraph at lines 122--122
\TU/TimesNewRoman(0)/m/n/10 y documentado;
 []


Underfull \hbox (badness 10000) in paragraph at lines 122--122
\TU/TimesNewRoman(0)/m/n/10 pesos calibrados o
 []


Underfull \hbox (badness 5548) in paragraph at lines 122--122
[]|\TU/TimesNewRoman(0)/m/n/10 Permite combinar variables
 []


Underfull \hbox (badness 2503) in paragraph at lines 122--122
[]|\TU/TimesNewRoman(0)/m/n/10 Revisión de ecuaciones,
 []


Underfull \hbox (badness 1043) in paragraph at lines 123--123
[]|\TU/TimesNewRoman(0)/m/n/10 Estructura de mensa-
 []


Underfull \hbox (badness 1983) in paragraph at lines 123--123
[]|\TU/TimesNewRoman(0)/m/n/10 Inspección de mensajes,
 []


Underfull \hbox (badness 10000) in paragraph at lines 125--125
[]|\TU/TimesNewRoman(0)/m/n/10 Seguridad
 []


Underfull \hbox (badness 1383) in paragraph at lines 125--125
[]|\TU/TimesNewRoman(0)/m/n/10 Sin conexión directa
 []


Underfull \hbox (badness 2119) in paragraph at lines 125--125
[]|\TU/TimesNewRoman(0)/m/n/10 Diagrama de arquitectu-
 []


Underfull \hbox (badness 2326) in paragraph at lines 126--126
\TU/TimesNewRoman(0)/m/n/10 el Capítulo 6 según
 []


Underfull \hbox (badness 1946) in paragraph at lines 126--126
\TU/TimesNewRoman(0)/m/n/10 norma y controlador
 []


Underfull \hbox (badness 3302) in paragraph at lines 126--126
\TU/TimesNewRoman(0)/m/n/10 ra del dominio operacional
 []


Underfull \hbox (badness 1783) in paragraph at lines 127--127
[]|\TU/TimesNewRoman(0)/m/n/10 Una estimación inválida no
 []


Underfull \hbox (badness 1348) in paragraph at lines 127--127
\TU/TimesNewRoman(0)/m/n/10 tos ausentes o fuera de
 []


Underfull \hbox (badness 10000) in paragraph at lines 128--128
[]|\TU/TimesNewRoman(0)/m/n/10 R-
 []


Overfull \hbox (9.95073pt too wide) in paragraph at lines 128--128
[]|\TU/TimesNewRoman(0)/m/n/10 Comunicación| 
 []


Underfull \hbox (badness 1867) in paragraph at lines 128--128
[]|\TU/TimesNewRoman(0)/m/n/10 Transmitir telemetría, métricas de
 []


Underfull \hbox (badness 10000) in paragraph at lines 128--128
[]|\TU/TimesNewRoman(0)/m/n/10 MQTT/TLS o pro-
 []


Underfull \hbox (badness 10000) in paragraph at lines 128--128
\TU/TimesNewRoman(0)/m/n/10 tocolo equivalente;
 []


Underfull \hbox (badness 10000) in paragraph at lines 129--129
[]|\TU/TimesNewRoman(0)/m/n/10 R-
 []


Overfull \hbox (9.95073pt too wide) in paragraph at lines 129--129
[]|\TU/TimesNewRoman(0)/m/n/10 Comunicación| 
 []


Underfull \hbox (badness 10000) in paragraph at lines 129--129
[]|\TU/TimesNewRoman(0)/m/n/10 Lista blanca, rango
 []


Underfull \hbox (badness 10000) in paragraph at lines 129--129
\TU/TimesNewRoman(0)/m/n/10 permitido, vigen-
 []


Underfull \hbox (badness 10000) in paragraph at lines 129--129
\TU/TimesNewRoman(0)/m/n/10 cia y firma/token
 []


Underfull \hbox (badness 10000) in paragraph at lines 129--129
[]|\TU/TimesNewRoman(0)/m/n/10 Casos de acepta-
 []


Underfull \hbox (badness 10000) in paragraph at lines 129--129
\TU/TimesNewRoman(0)/m/n/10 ción/rechazo de pará-
 []


Underfull \hbox (badness 10000) in paragraph at lines 130--130
[]|\TU/TimesNewRoman(0)/m/n/10 R-
 []


Underfull \hbox (badness 3312) in paragraph at lines 130--130
[]|\TU/TimesNewRoman(0)/m/n/10 Centraliza análisis y opera-
 []


Underfull \hbox (badness 10000) in paragraph at lines 131--131
[]|\TU/TimesNewRoman(0)/m/n/10 R-
 []


Overfull \hbox (12.72417pt too wide) in paragraph at lines 131--131
[]|\TU/TimesNewRoman(0)/m/n/10 Ciberseguridad| 
 []


Underfull \hbox (badness 10000) in paragraph at lines 131--131
[]|\TU/TimesNewRoman(0)/m/n/10 Revisión de configu-
 []


Underfull \hbox (badness 7468) in paragraph at lines 131--131
\TU/TimesNewRoman(0)/m/n/10 ración, flujo de auten-
 []


Underfull \hbox (badness 10000) in paragraph at lines 131--131
\TU/TimesNewRoman(0)/m/n/10 ticación y modelo de
 []


Underfull \hbox (badness 10000) in paragraph at lines 132--132
[]|\TU/TimesNewRoman(0)/m/n/10 R-
 []


Overfull \hbox (12.72417pt too wide) in paragraph at lines 132--132
[]|\TU/TimesNewRoman(0)/m/n/10 Ciberseguridad| 
 []


Underfull \hbox (badness 10000) in paragraph at lines 132--132
[]|\TU/TimesNewRoman(0)/m/n/10 Tabla de amenazas
 []


Underfull \hbox (badness 10000) in paragraph at lines 132--132
\TU/TimesNewRoman(0)/m/n/10 y pruebas negativas
 []


Underfull \hbox (badness 10000) in paragraph at lines 133--133
[]|\TU/TimesNewRoman(0)/m/n/10 R-
 []


Overfull \hbox (12.72417pt too wide) in paragraph at lines 133--133
[]|\TU/TimesNewRoman(0)/m/n/10 Ciberseguridad| 
 []


Underfull \hbox (badness 6995) in paragraph at lines 133--133
[]|\TU/TimesNewRoman(0)/m/n/10 Logs con identidad,
 []


Underfull \hbox (badness 2103) in paragraph at lines 133--133
[]|\TU/TimesNewRoman(0)/m/n/10 Permite auditoría y análisis
 []


Underfull \hbox (badness 10000) in paragraph at lines 134--134
[]|\TU/TimesNewRoman(0)/m/n/10 R-
 []


Overfull \hbox (12.72417pt too wide) in paragraph at lines 134--134
[]|\TU/TimesNewRoman(0)/m/n/10 Ciberseguridad| 
 []


Underfull \hbox (badness 10000) in paragraph at lines 134--134
[]|\TU/TimesNewRoman(0)/m/n/10 Roles diferenciados;
 []


Underfull \hbox (badness 10000) in paragraph at lines 134--134
\TU/TimesNewRoman(0)/m/n/10 ningún usuario del
 []


Underfull \hbox (badness 10000) in paragraph at lines 134--134
\TU/TimesNewRoman(0)/m/n/10 dashboard gobierna
 []


Underfull \hbox (badness 10000) in paragraph at lines 134--134
\TU/TimesNewRoman(0)/m/n/10 directamente las
 []


Underfull \hbox (badness 1412) in paragraph at lines 134--134
[]|\TU/TimesNewRoman(0)/m/n/10 Revisión de permisos y
 []


Underfull \hbox (badness 10000) in paragraph at lines 135--135
[]|\TU/TimesNewRoman(0)/m/n/10 R-
 []


Overfull \hbox (2.27463pt too wide) in paragraph at lines 135--135
\TU/TimesNewRoman(0)/m/n/10 ELEC01| 
 []


Underfull \hbox (badness 1540) in paragraph at lines 135--135
[]|\TU/TimesNewRoman(0)/m/n/10 Incorporar protecciones contra so-
 []


Underfull \hbox (badness 10000) in paragraph at lines 135--135
[]|\TU/TimesNewRoman(0)/m/n/10 Protecciones dimen-
 []


Underfull \hbox (badness 1803) in paragraph at lines 135--135
\TU/TimesNewRoman(0)/m/n/10 sionadas por cálculo
 []


Underfull \hbox (badness 10000) in paragraph at lines 136--136
[]|\TU/TimesNewRoman(0)/m/n/10 R-
 []


Overfull \hbox (2.27463pt too wide) in paragraph at lines 136--136
\TU/TimesNewRoman(0)/m/n/10 ELEC02| 
 []


Underfull \hbox (badness 5970) in paragraph at lines 136--136
[]|\TU/TimesNewRoman(0)/m/n/10 Balance de potencia y
 []


Underfull \hbox (badness 10000) in paragraph at lines 137--137
[]|\TU/TimesNewRoman(0)/m/n/10 R-
 []


Overfull \hbox (2.27463pt too wide) in paragraph at lines 137--137
\TU/TimesNewRoman(0)/m/n/10 ELEC03| 
 []


Underfull \hbox (badness 5217) in paragraph at lines 137--137
[]|\TU/TimesNewRoman(0)/m/n/10 Canalización y pun-
 []


Underfull \hbox (badness 10000) in paragraph at lines 138--138
[]|\TU/TimesNewRoman(0)/m/n/10 R-
 []


Underfull \hbox (badness 10000) in paragraph at lines 139--139
[]|\TU/TimesNewRoman(0)/m/n/10 R-
 []


Underfull \hbox (badness 10000) in paragraph at lines 140--140
[]|\TU/TimesNewRoman(0)/m/n/10 R-
 []


Underfull \hbox (badness 3138) in paragraph at lines 140--140
[]|\TU/TimesNewRoman(0)/m/n/10 Campo visual y co-
 []


Underfull \hbox (badness 2573) in paragraph at lines 140--140
\TU/TimesNewRoman(0)/m/n/10 estructural y prueba de
 []


Underfull \hbox (badness 10000) in paragraph at lines 141--141
[]|\TU/TimesNewRoman(0)/m/n/10 R-
 []


Underfull \hbox (badness 2865) in paragraph at lines 141--141
[]|\TU/TimesNewRoman(0)/m/n/10 Permitir mantenimiento, actualiza-
 []


Underfull \hbox (badness 1205) in paragraph at lines 141--141
\TU/TimesNewRoman(0)/m/n/10 ción y recuperación sin alterar la
 []


Underfull \hbox (badness 10000) in paragraph at lines 141--141
[]|\TU/TimesNewRoman(0)/m/n/10 Procedimiento
 []


Underfull \hbox (badness 10000) in paragraph at lines 142--142
[]|\TU/TimesNewRoman(0)/m/n/10 R-
 []


Underfull \hbox (badness 10000) in paragraph at lines 143--143
[]|\TU/TimesNewRoman(0)/m/n/10 R-
 []


Underfull \hbox (badness 10000) in paragraph at lines 143--143
[]|\TU/TimesNewRoman(0)/m/n/10 Tabla comparati-
 []


Underfull \hbox (badness 10000) in paragraph at lines 143--143
\TU/TimesNewRoman(0)/m/n/10 va con unidades y
 []


Underfull \hbox (badness 10000) in paragraph at lines 143--143
[]|\TU/TimesNewRoman(0)/m/n/10 Exportación SUMO y
 []


Underfull \hbox (badness 10000) in paragraph at lines 143--143
\TU/TimesNewRoman(0)/m/n/10 procesamiento estadísti-
 []


Underfull \hbox (badness 10000) in paragraph at lines 144--144
[]|\TU/TimesNewRoman(0)/m/n/10 R-
 []


Underfull \hbox (badness 10000) in paragraph at lines 145--145
[]|\TU/TimesNewRoman(0)/m/n/10 R-
 []


Overfull \hbox (2.84103pt too wide) in paragraph at lines 145--145
\TU/TimesNewRoman(0)/m/n/10 COST01| 
 []


Underfull \hbox (badness 1540) in paragraph at lines 145--145
\TU/TimesNewRoman(0)/m/n/10 cha y supuestos, de-
 []


Underfull \hbox (badness 10000) in alignment at lines 120--146
[] [] [] [] [] [] []
 []

LaTeX Info: Redefining \. on input line 146.
LaTeX Info: Redefining \% on input line 146.
[30

]
LaTeX Info: Redefining \. on input line 146.
LaTeX Info: Redefining \% on input line 146.
 [31]
LaTeX Info: Redefining \. on input line 146.
LaTeX Info: Redefining \% on input line 146.
 [32]
LaTeX Info: Redefining \. on input line 148.
LaTeX Info: Redefining \% on input line 148.
 [33]
File: media/image91.png Graphic file (type bmp)
<media/image91.png>
LaTeX Info: Redefining \. on input line 193.
LaTeX Info: Redefining \% on input line 193.
 [34

]
LaTeX Info: Redefining \. on input line 207.
LaTeX Info: Redefining \% on input line 207.
 [35]
File: media/image154.jpg Graphic file (type bmp)
<media/image154.jpg>
LaTeX Info: Redefining \. on input line 250.
LaTeX Info: Redefining \% on input line 250.
 [36]
File: media/image27.png Graphic file (type bmp)
<media/image27.png>
File: media/image74.png Graphic file (type bmp)
<media/image74.png>
LaTeX Info: Redefining \. on input line 275.
LaTeX Info: Redefining \% on input line 275.
 [37]
File: media/image83.png Graphic file (type bmp)
<media/image83.png>
LaTeX Info: Redefining \. on input line 288.
LaTeX Info: Redefining \% on input line 288.
 [38]
File: media/image80.png Graphic file (type bmp)
<media/image80.png>
LaTeX Info: Redefining \. on input line 302.
LaTeX Info: Redefining \% on input line 302.
 [39]
File: media/image147.png Graphic file (type bmp)
<media/image147.png>
LaTeX Info: Redefining \. on input line 322.
LaTeX Info: Redefining \% on input line 322.
 [40]
Overfull \hbox (691.40216pt too wide) detected at line 325
[]
 []


Underfull \hbox (badness 10000) in alignment at lines 324--329
[] [] [] [] [] []
 []


Underfull \hbox (badness 10000) in alignment at lines 329--333
[] [] [] [] [] []
 []


Underfull \hbox (badness 10000) in alignment at lines 333--335
[] [] [] [] [] []
 []


Underfull \hbox (badness 1616) in paragraph at lines 341--341
[]|\TU/TimesNewRoman(0)/b/n/10 4G/LTE con respaldo o
 []


Underfull \hbox (badness 1173) in paragraph at lines 344--344
[]|\TU/TimesNewRoman(0)/b/n/10 UPS/batería dimensiona-
 []


Underfull \hbox (badness 4479) in paragraph at lines 345--346
[]|\TU/TimesNewRoman(0)/m/n/10 Gabinete del controlador
 []


Underfull \hbox (badness 10000) in alignment at lines 335--348
[] [] [] [] [] []
 []

LaTeX Info: Redefining \. on input line 350.
LaTeX Info: Redefining \% on input line 350.
[41

]
LaTeX Info: Redefining \. on input line 375.
LaTeX Info: Redefining \% on input line 375.
 [42

]
Overfull \hbox (691.40216pt too wide) detected at line 378
[]
 []


Underfull \hbox (badness 10000) in alignment at lines 377--382
[] [] [] [] [] [] []
 []


Underfull \hbox (badness 10000) in alignment at lines 382--386
[] [] [] [] [] [] []
 []


Underfull \hbox (badness 10000) in alignment at lines 386--388
[] [] [] [] [] [] []
 []


Underfull \hbox (badness 10000) in alignment at lines 388--401
[] [] [] [] [] [] []
 []

LaTeX Info: Redefining \. on input line 403.
LaTeX Info: Redefining \% on input line 403.
[43

]
LaTeX Info: Redefining \. on input line 444.
LaTeX Info: Redefining \% on input line 444.
 [44

]
File: media/image140.png Graphic file (type bmp)
<media/image140.png>
LaTeX Info: Redefining \. on input line 452.
LaTeX Info: Redefining \% on input line 452.
 [45]
LaTeX Info: Redefining \. on input line 459.
LaTeX Info: Redefining \% on input line 459.
 [46]
File: media/image49.png Graphic file (type bmp)
<media/image49.png>
LaTeX Info: Redefining \. on input line 495.
LaTeX Info: Redefining \% on input line 495.
 [47]
File: media/image66.png Graphic file (type bmp)
<media/image66.png>
File: media/image33.png Graphic file (type bmp)
<media/image33.png>
LaTeX Info: Redefining \. on input line 516.
LaTeX Info: Redefining \% on input line 516.
 [48]
Overfull \vbox (1256.31572pt too high) has occurred while \output is active []

LaTeX Info: Redefining \. on input line 516.
LaTeX Info: Redefining \% on input line 516.

[49]
File: media/image13.png Graphic file (type bmp)
<media/image13.png>
LaTeX Info: Redefining \. on input line 535.
LaTeX Info: Redefining \% on input line 535.
 [50]
File: media/image151.png Graphic file (type bmp)
<media/image151.png>
LaTeX Info: Redefining \. on input line 543.
LaTeX Info: Redefining \% on input line 543.
 [51]
LaTeX Info: Redefining \. on input line 569.
LaTeX Info: Redefining \% on input line 569.
 [52]
LaTeX Info: Redefining \. on input line 596.
LaTeX Info: Redefining \% on input line 596.
 [53]
LaTeX Info: Redefining \. on input line 603.
LaTeX Info: Redefining \% on input line 603.
 [54]
Overfull \hbox (691.40216pt too wide) detected at line 606
[]
 []


Underfull \hbox (badness 10000) in paragraph at lines 608--608
[]|\TU/TimesNewRoman(0)/b/n/10 Requerimientos relaciona-
 []


Underfull \hbox (badness 10000) in alignment at lines 605--610
[] [] [] [] []
 []


Underfull \hbox (badness 10000) in paragraph at lines 612--612
[]|\TU/TimesNewRoman(0)/b/n/10 Requerimientos relaciona-
 []


Underfull \hbox (badness 10000) in alignment at lines 610--614
[] [] [] [] []
 []


Underfull \hbox (badness 10000) in alignment at lines 614--616
[] [] [] [] []
 []


Underfull \hbox (badness 1515) in paragraph at lines 617--617
[]|\TU/TimesNewRoman(0)/m/n/10 Base para todos los requeri-
 []


Underfull \hbox (badness 7504) in paragraph at lines 617--617
[]|\TU/TimesNewRoman(0)/m/n/10 Revisión comparativa y
 []


Underfull \hbox (badness 1303) in paragraph at lines 618--618
[]|\TU/TimesNewRoman(0)/m/n/10 Inspección de especifica-
 []


Underfull \hbox (badness 10000) in paragraph at lines 619--619
[]|\TU/TimesNewRoman(0)/m/n/10 R-C01, R-C02, R-C04, R-
 []


Underfull \hbox (badness 1668) in paragraph at lines 620--620
[]|\TU/TimesNewRoman(0)/m/n/10 R-ELEC01 a R-ELEC03, R-
 []


Underfull \hbox (badness 3240) in paragraph at lines 621--621
[]|\TU/TimesNewRoman(0)/m/n/10 CAD, cálculo y simula-
 []


Underfull \hbox (badness 10000) in paragraph at lines 623--623
[]|\TU/TimesNewRoman(0)/m/n/10 R-COM01, R-COM02, R-
 []


Underfull \hbox (badness 10000) in alignment at lines 616--628
[] [] [] [] []
 []

LaTeX Info: Redefining \. on input line 630.
LaTeX Info: Redefining \% on input line 630.
[55

]) (build_v3/cap4_diseno_electronico
Capítulo 4.
[56


]
Overfull \hbox (9.78044pt too wide) in paragraph at lines 28--28
[]|\TU/TimesNewRoman(0)/b/n/10 Función/componente| 
 []


Underfull \hbox (badness 10000) in paragraph at lines 30--30
[]|\TU/TimesNewRoman(0)/m/n/10 Información obtenida,
 []


Underfull \hbox (badness 2165) in paragraph at lines 30--30
\TU/TimesNewRoman(0)/m/n/10 a oclusión e iluminación. An-
 []


Underfull \hbox (badness 10000) in paragraph at lines 31--31
[]|\TU/TimesNewRoman(0)/m/n/10 Procesamiento
 []


Underfull \hbox (badness 10000) in paragraph at lines 31--32
[]|\TU/TimesNewRoman(0)/m/n/10 R-C01, R-
 []


Underfull \hbox (badness 3260) in paragraph at lines 32--32
[]|\TU/TimesNewRoman(0)/m/n/10 Cobertura, independen-
 []


Underfull \hbox (badness 2753) in paragraph at lines 32--32
[]|\TU/TimesNewRoman(0)/m/n/10 4G/LTE con Ether-
 []


Underfull \hbox (badness 2452) in paragraph at lines 32--33
[]|\TU/TimesNewRoman(0)/m/n/10 R-COM01, R-
 []


Underfull \hbox (badness 1681) in paragraph at lines 33--33
[]|\TU/TimesNewRoman(0)/m/n/10 Sensor aislado tipo
 []


Underfull \hbox (badness 10000) in paragraph at lines 34--34
[]|\TU/TimesNewRoman(0)/m/n/10 Protección, eficiencia,
 []


Underfull \hbox (badness 10000) in paragraph at lines 34--34
[]|\TU/TimesNewRoman(0)/m/n/10 Fuente industrial
 []


Underfull \hbox (badness 5091) in paragraph at lines 35--35
[]|\TU/TimesNewRoman(0)/m/n/10 Lineal, buck comercial,
 []


Underfull \hbox (badness 3701) in paragraph at lines 35--35
[]|\TU/TimesNewRoman(0)/m/n/10 Convertidores buck
 []


Underfull \hbox (badness 10000) in paragraph at lines 36--36
[]|\TU/TimesNewRoman(0)/m/n/10 Autonomía, seguridad,
 []


Underfull \hbox (badness 10000) in paragraph at lines 36--36
[]|\TU/TimesNewRoman(0)/m/n/10 Mantiene registro y apagado
 []


Underfull \hbox (badness 1331) in paragraph at lines 36--36
\TU/TimesNewRoman(0)/m/n/10 controlado; autonomía verifica-
 []


Underfull \hbox (badness 2894) in paragraph at lines 37--37
[]|\TU/TimesNewRoman(0)/m/n/10 Seguridad, aislamiento,
 []


Underfull \hbox (badness 10000) in paragraph at lines 37--37
\TU/TimesNewRoman(0)/m/n/10 compatibilidad, autori-
 []


Underfull \hbox (badness 10000) in paragraph at lines 37--38
[]|\TU/TimesNewRoman(0)/m/n/10 R-C02, R-
 []

LaTeX Info: Redefining \. on input line 42.
LaTeX Info: Redefining \% on input line 42.
[57]
Underfull \hbox (badness 1072) in paragraph at lines 50--59
[]\TU/TimesNewRoman(0)/m/n/12 Para el monitoreo térmico del interior del gabine
te se evaluaron el DS18B20,
 []

File: media/image89.png Graphic file (type bmp)
<media/image89.png>
LaTeX Info: Redefining \. on input line 79.
LaTeX Info: Redefining \% on input line 79.
[58


]
File: media/image75.png Graphic file (type bmp)
<media/image75.png>
File: media/image150.png Graphic file (type bmp)
<media/image150.png>
LaTeX Info: Redefining \. on input line 105.
LaTeX Info: Redefining \% on input line 105.
 [59]
File: media/image110.png Graphic file (type bmp)
<media/image110.png>
LaTeX Info: Redefining \. on input line 131.
LaTeX Info: Redefining \% on input line 131.
 [60]
File: media/image85.png Graphic file (type bmp)
<media/image85.png>
LaTeX Info: Redefining \. on input line 152.
LaTeX Info: Redefining \% on input line 152.
 [61]
File: media/image157.png Graphic file (type bmp)
<media/image157.png>
File: media/image153.png Graphic file (type bmp)
<media/image153.png>
LaTeX Info: Redefining \. on input line 178.
LaTeX Info: Redefining \% on input line 178.
 [62]
File: media/image20.png Graphic file (type bmp)
<media/image20.png>
LaTeX Info: Redefining \. on input line 206.
LaTeX Info: Redefining \% on input line 206.
 [63]
File: media/image68.png Graphic file (type bmp)
<media/image68.png>
LaTeX Info: Redefining \. on input line 231.
LaTeX Info: Redefining \% on input line 231.
 [64]
File: media/image21.png Graphic file (type bmp)
<media/image21.png>
LaTeX Info: Redefining \. on input line 270.
LaTeX Info: Redefining \% on input line 270.
 [65]
LaTeX Info: Redefining \. on input line 307.
LaTeX Info: Redefining \% on input line 307.
 [66]
LaTeX Info: Redefining \. on input line 341.
LaTeX Info: Redefining \% on input line 341.
 [67]
File: media/image86.png Graphic file (type bmp)
<media/image86.png>
File: media/image87.png Graphic file (type bmp)
<media/image87.png>
LaTeX Info: Redefining \. on input line 370.
LaTeX Info: Redefining \% on input line 370.
 [68]
File: media/image114.png Graphic file (type bmp)
<media/image114.png>

Missing character: There is no ^^S (U+0013) in font Times New Roman:script=latn
;language=dflt;mapping=tex-text;!
LaTeX Info: Redefining \. on input line 400.
LaTeX Info: Redefining \% on input line 400.
[69]
Missing character: There is no ^^S (U+0013) in font Times New Roman:script=latn
;language=dflt;mapping=tex-text;!
File: media/image6.png Graphic file (type bmp)
<media/image6.png>
File: media/image72.png Graphic file (type bmp)
<media/image72.png>
LaTeX Info: Redefining \. on input line 435.
LaTeX Info: Redefining \% on input line 435.
[70]
File: media/image136.png Graphic file (type bmp)
<media/image136.png>
File: media/image35.png Graphic file (type bmp)
<media/image35.png>
LaTeX Info: Redefining \. on input line 451.
LaTeX Info: Redefining \% on input line 451.
 [71]
File: media/image40.png Graphic file (type bmp)
<media/image40.png>
LaTeX Info: Redefining \. on input line 469.
LaTeX Info: Redefining \% on input line 469.
 [72]
Underfull \hbox (badness 5924) in paragraph at lines 481--481
[]|\TU/TimesNewRoman(0)/m/n/10 Schneider ID K 25A
 []

LaTeX Info: Redefining \. on input line 534.
LaTeX Info: Redefining \% on input line 534.
[73]
LaTeX Info: Redefining \. on input line 549.
LaTeX Info: Redefining \% on input line 549.
 [74]
File: media/image117.png Graphic file (type bmp)
<media/image117.png>
File: media/image77.png Graphic file (type bmp)
<media/image77.png>
LaTeX Info: Redefining \. on input line 587.
LaTeX Info: Redefining \% on input line 587.
 [75]
File: media/image69.png Graphic file (type bmp)
<media/image69.png>
File: media/image8.png Graphic file (type bmp)
<media/image8.png>
LaTeX Info: Redefining \. on input line 611.
LaTeX Info: Redefining \% on input line 611.
 [76]
File: media/image97.png Graphic file (type bmp)
<media/image97.png>
LaTeX Info: Redefining \. on input line 631.
LaTeX Info: Redefining \% on input line 631.
 [77]
File: media/image11.png Graphic file (type bmp)
<media/image11.png>
) (build_v3/cap5_diseno_mecanico
LaTeX Info: Redefining \. on input line 1.
LaTeX Info: Redefining \% on input line 1.
 [78]
Capítulo 5.

Underfull \hbox (badness 3849) in paragraph at lines 28--28
[]|\TU/TimesNewRoman(0)/m/n/12 Resistencia estructural: soportar peso
 []


Underfull \hbox (badness 1540) in paragraph at lines 28--28
[]|\TU/TimesNewRoman(0)/m/n/12 Cargas, Von Mises, desplazamiento y
 []


Underfull \hbox (badness 10000) in paragraph at lines 28--28
[]|\TU/TimesNewRoman(0)/m/n/12 Manipulación/vandalismo: cerradura,
 []


Underfull \hbox (badness 8038) in paragraph at lines 28--28
[]|\TU/TimesNewRoman(0)/m/n/12 Ventilación y temperatura: mantener
 []

[79

]
LaTeX Info: Redefining \. on input line 39.
LaTeX Info: Redefining \% on input line 39.
 [80]
LaTeX Info: Redefining \. on input line 55.
LaTeX Info: Redefining \% on input line 55.
 [81]
File: media/image30.png Graphic file (type bmp)
<media/image30.png>
File: media/image64.png Graphic file (type bmp)
<media/image64.png>
File: media/image111.png Graphic file (type bmp)
<media/image111.png>
LaTeX Info: Redefining \. on input line 79.
LaTeX Info: Redefining \% on input line 79.
 [82]
File: media/image109.png Graphic file (type bmp)
<media/image109.png>
LaTeX Info: Redefining \. on input line 93.
LaTeX Info: Redefining \% on input line 93.
 [83]
LaTeX Info: Redefining \. on input line 110.
LaTeX Info: Redefining \% on input line 110.
 [84]
File: media/image145.png Graphic file (type bmp)
<media/image145.png>
LaTeX Info: Redefining \. on input line 128.
LaTeX Info: Redefining \% on input line 128.
 [85]
LaTeX Info: Redefining \. on input line 144.
LaTeX Info: Redefining \% on input line 144.
 [86]
File: media/image42.png Graphic file (type bmp)
<media/image42.png>
File: media/image37.png Graphic file (type bmp)
<media/image37.png>
LaTeX Info: Redefining \. on input line 160.
LaTeX Info: Redefining \% on input line 160.
 [87]
File: media/image51.png Graphic file (type bmp)
<media/image51.png>
File: media/image125.png Graphic file (type bmp)
<media/image125.png>
LaTeX Info: Redefining \. on input line 180.
LaTeX Info: Redefining \% on input line 180.
 [88]
LaTeX Info: Redefining \. on input line 187.
LaTeX Info: Redefining \% on input line 187.
 [89]
Underfull \hbox (badness 2495) in paragraph at lines 215--216
[]\TU/TimesNewRoman(0)/m/n/12 Por tanto, el apoyo bilateral del rodamiento redu
ce la demanda operativa a
 []


Underfull \hbox (badness 1286) in paragraph at lines 219--220
\TU/TimesNewRoman(0)/m/n/12 tracción-compresión alternante. Para el caso crític
o (biela horizontal), la fuerza axial
 []

LaTeX Info: Redefining \. on input line 221.
LaTeX Info: Redefining \% on input line 221.
[90]
LaTeX Info: Redefining \. on input line 239.
LaTeX Info: Redefining \% on input line 239.
 [91]
File: media/image73.png Graphic file (type bmp)
<media/image73.png>
File: media/image104.png Graphic file (type bmp)
<media/image104.png>
LaTeX Info: Redefining \. on input line 261.
LaTeX Info: Redefining \% on input line 261.
 [92]
LaTeX Info: Redefining \. on input line 280.
LaTeX Info: Redefining \% on input line 280.
 [93]
File: media/image55.png Graphic file (type bmp)
<media/image55.png>
File: media/image159.png Graphic file (type bmp)
<media/image159.png>
LaTeX Info: Redefining \. on input line 305.
LaTeX Info: Redefining \% on input line 305.
 [94]
File: media/image90.png Graphic file (type bmp)
<media/image90.png>
LaTeX Info: Redefining \. on input line 315.
LaTeX Info: Redefining \% on input line 315.
 [95]
File: media/image96.png Graphic file (type bmp)
<media/image96.png>
LaTeX Info: Redefining \. on input line 323.
LaTeX Info: Redefining \% on input line 323.
 [96]
Overfull \vbox (307.88513pt too high) has occurred while \output is active []

LaTeX Info: Redefining \. on input line 323.
LaTeX Info: Redefining \% on input line 323.

[97]
File: media/image134.png Graphic file (type bmp)
<media/image134.png>
LaTeX Info: Redefining \. on input line 345.
LaTeX Info: Redefining \% on input line 345.
 [98]
File: media/image31.png Graphic file (type bmp)
<media/image31.png>
LaTeX Info: Redefining \. on input line 357.
LaTeX Info: Redefining \% on input line 357.
 [99]
File: media/image100.png Graphic file (type bmp)
<media/image100.png>
File: media/image141.png Graphic file (type bmp)
<media/image141.png>
LaTeX Info: Redefining \. on input line 373.
LaTeX Info: Redefining \% on input line 373.
 [100]
File: media/image61.png Graphic file (type bmp)
<media/image61.png>
LaTeX Info: Redefining \. on input line 393.
LaTeX Info: Redefining \% on input line 393.
 [101]
Overfull \vbox (136.96062pt too high) has occurred while \output is active []

LaTeX Info: Redefining \. on input line 393.
LaTeX Info: Redefining \% on input line 393.

[102]
File: media/image99.png Graphic file (type bmp)
<media/image99.png>
File: media/image130.png Graphic file (type bmp)
<media/image130.png>
LaTeX Info: Redefining \. on input line 413.
LaTeX Info: Redefining \% on input line 413.
 [103]
Overfull \vbox (151.83672pt too high) has occurred while \output is active []

LaTeX Info: Redefining \. on input line 413.
LaTeX Info: Redefining \% on input line 413.

[104]
File: media/image1.png Graphic file (type bmp)
<media/image1.png>
LaTeX Info: Redefining \. on input line 432.
LaTeX Info: Redefining \% on input line 432.
 [105]
File: media/image29.png Graphic file (type bmp)
<media/image29.png>
LaTeX Info: Redefining \. on input line 452.
LaTeX Info: Redefining \% on input line 452.
 [106]
LaTeX Info: Redefining \. on input line 457.
LaTeX Info: Redefining \% on input line 457.
 [107]
Underfull \hbox (badness 4120) in paragraph at lines 465--466
[]\TU/TimesNewRoman(0)/b/n/12 Poste y soporte del controlador semafórico: \TU/T
imesNewRoman(0)/m/n/12 perfil tubular de acero A36
 []

) (build_v3/cap6_control
LaTeX Info: Redefining \. on input line 1.
LaTeX Info: Redefining \% on input line 1.
 [108]
Capítulo 6.
[109

]
Overfull \hbox (34.55975pt too wide) detected at line 91
\OML/cmm/m/it/12 V[]\OT1/cmr/m/n/12 (\OML/cmm/m/it/12 l; t\OT1/cmr/m/n/12 ) = [
] [] \OML/cmm/m/it/12 velocidad\OT1/cmr/m/n/12 (\OML/cmm/m/it/12 v\OT1/cmr/m/n/
12 )\OML/cmm/m/it/12 ;  V[]\OT1/cmr/m/n/12 (\OML/cmm/m/it/12 l; t\OT1/cmr/m/n/1
2 ) = \OMS/cmsy/m/n/12 f\OML/cmm/m/it/12 v \OMS/cmsy/m/n/12 2 \OML/cmm/m/it/12 
V\OT1/cmr/m/n/12 (\OML/cmm/m/it/12 l; t\OT1/cmr/m/n/12 ) : \OML/cmm/m/it/12 vel
ocidad\OT1/cmr/m/n/12 (\OML/cmm/m/it/12 v\OT1/cmr/m/n/12 ) \OMS/cmsy/m/n/12 ^^U
 \OML/cmm/m/it/12 "\OMS/cmsy/m/n/12 g\OML/cmm/m/it/12 :
 []

LaTeX Info: Redefining \. on input line 91.
LaTeX Info: Redefining \% on input line 91.
[110]
Overfull \hbox (34.2758pt too wide) detected at line 126
\OML/cmm/m/it/12 EV\OT1/cmr/m/n/12 (\OML/cmm/m/it/12 l; t\OT1/cmr/m/n/12 ) = []
 \OML/cmm/m/it/12 ^^N[]\OT1/cmr/m/n/12 [\OML/cmm/m/it/12 v; t\OT1/cmr/m/n/12 ]\
OML/cmm/m/it/12 ;  ^^N[]\OT1/cmr/m/n/12 [\OML/cmm/m/it/12 v; t\OT1/cmr/m/n/12 ]
 = []
 []

LaTeX Info: Redefining \. on input line 141.
LaTeX Info: Redefining \% on input line 141.
[111]
LaTeX Info: Redefining \. on input line 187.
LaTeX Info: Redefining \% on input line 187.
 [112]
File: media/image95.png Graphic file (type bmp)
<media/image95.png>
File: media/image143.png Graphic file (type bmp)
<media/image143.png>
LaTeX Info: Redefining \. on input line 211.
LaTeX Info: Redefining \% on input line 211.
 [113]
Overfull \hbox (54.7862pt too wide) detected at line 223
\OML/cmm/m/it/12 ICV\OT1/cmr/m/n/12 (\OML/cmm/m/it/12 l; t\OT1/cmr/m/n/12 ) = [
]
 []

LaTeX Info: Redefining \. on input line 261.
LaTeX Info: Redefining \% on input line 261.
[114]
LaTeX Info: Redefining \. on input line 307.
LaTeX Info: Redefining \% on input line 307.
 [115]
Overfull \hbox (1.39949pt too wide) in paragraph at lines 313--324
 [][] 
 []


Package hyperref Warning: Token not allowed in a PDF string (Unicode):
(hyperref)                removing `\leavevmode@ifvmode' on input line 327.


Package hyperref Warning: Token not allowed in a PDF string (Unicode):
(hyperref)                \kern 2.00043pt
(hyperref)                removed on input line 327.


Package hyperref Warning: Token not allowed in a PDF string (Unicode):
(hyperref)                removing `math shift' on input line 327.


Package hyperref Warning: Token not allowed in a PDF string (Unicode):
(hyperref)                removing `\rightarrow' on input line 327.


Package hyperref Warning: Token not allowed in a PDF string (Unicode):
(hyperref)                removing `math shift' on input line 327.


Package hyperref Warning: Token not allowed in a PDF string (Unicode):
(hyperref)                removing `\leavevmode@ifvmode' on input line 327.


Package hyperref Warning: Token not allowed in a PDF string (Unicode):
(hyperref)                \kern 2.00043pt
(hyperref)                removed on input line 327.


Underfull \hbox (badness 1226) in paragraph at lines 329--337
[]\TU/TimesNewRoman(0)/m/n/12 Más allá de los casos sintéticos, la cadena compl
eta cámara$\OMS/cmsy/m/n/12 !$\TU/TimesNewRoman(0)/m/n/12 conteo/ veloci-
 []

LaTeX Info: Redefining \. on input line 346.
LaTeX Info: Redefining \% on input line 346.
[116]
Overfull \hbox (253.0279pt too wide) detected at line 362
\OML/cmm/m/it/12 ^^V[]\OT1/cmr/m/n/12 (\OML/cmm/m/it/12 ICV\OT1/cmr/m/n/12 ) = 
[]   \OML/cmm/m/it/12 ^^V[]\OT1/cmr/m/n/12 (\OML/cmm/m/it/12 ICV\OT1/cmr/m/n/12
 ) = []   \OML/cmm/m/it/12 ^^V[]\OT1/cmr/m/n/12 (\OML/cmm/m/it/12 ICV\OT1/cmr/m
/n/12 ) = []
 []

LaTeX Info: Redefining \. on input line 409.
LaTeX Info: Redefining \% on input line 409.
[117]
LaTeX Info: Redefining \. on input line 435.
LaTeX Info: Redefining \% on input line 435.
 [118]
Underfull \hbox (badness 10000) in paragraph at lines 478--478
[]|\TU/TimesNewRoman(0)/m/n/12 Calcula ICV, ejecuta
 []


Underfull \hbox (badness 10000) in paragraph at lines 478--478
\TU/TimesNewRoman(0)/m/n/12 recomendación acota-
 []


Underfull \hbox (badness 1173) in paragraph at lines 478--479
[]|\TU/TimesNewRoman(0)/m/n/12 Controlador sema-
 []


Underfull \hbox (badness 10000) in paragraph at lines 479--479
[]|\TU/TimesNewRoman(0)/m/n/12 Asistido por
 []


Underfull \hbox (badness 10000) in paragraph at lines 479--479
[]|\TU/TimesNewRoman(0)/m/n/12 Recomendación
 []


Underfull \hbox (badness 10000) in paragraph at lines 479--479
\TU/TimesNewRoman(0)/m/n/12 remota autenticada,
 []


Underfull \hbox (badness 1242) in paragraph at lines 479--479
\TU/TimesNewRoman(0)/m/n/12 vigente y dentro de
 []


Underfull \hbox (badness 1173) in paragraph at lines 479--480
[]|\TU/TimesNewRoman(0)/m/n/12 Controlador sema-
 []


Underfull \hbox (badness 1067) in paragraph at lines 480--480
[]|\TU/TimesNewRoman(0)/m/n/12 Sin conectivi-
 []


Underfull \hbox (badness 10000) in paragraph at lines 480--480
[]|\TU/TimesNewRoman(0)/m/n/12 Conserva configura-
 []


Underfull \hbox (badness 3199) in paragraph at lines 480--480
\TU/TimesNewRoman(0)/m/n/12 ción válida, almacena
 []


Underfull \hbox (badness 1789) in paragraph at lines 480--480
\TU/TimesNewRoman(0)/m/n/12 localmente y continúa
 []


Underfull \hbox (badness 1173) in paragraph at lines 480--481
[]|\TU/TimesNewRoman(0)/m/n/12 Controlador sema-
 []


Underfull \hbox (badness 10000) in paragraph at lines 481--481
[]|\TU/TimesNewRoman(0)/m/n/12 Sensado de-
 []


Underfull \hbox (badness 1173) in paragraph at lines 481--482
[]|\TU/TimesNewRoman(0)/m/n/12 Controlador sema-
 []


Underfull \hbox (badness 10000) in paragraph at lines 482--482
\TU/TimesNewRoman(0)/m/n/12 be recomendaciones
 []


Underfull \hbox (badness 10000) in paragraph at lines 482--482
\TU/TimesNewRoman(0)/m/n/12 y ejecuta apaga-
 []


Underfull \hbox (badness 1173) in paragraph at lines 482--483
[]|\TU/TimesNewRoman(0)/m/n/12 Controlador sema-
 []

LaTeX Info: Redefining \. on input line 488.
LaTeX Info: Redefining \% on input line 488.
[119]
LaTeX Info: Redefining \. on input line 508.
LaTeX Info: Redefining \% on input line 508.
 [120]
LaTeX Info: Redefining \. on input line 538.
LaTeX Info: Redefining \% on input line 538.
 [121]
LaTeX Info: Redefining \. on input line 538.
LaTeX Info: Redefining \% on input line 538.
 [122]
Underfull \hbox (badness 10000) in paragraph at lines 546--547
[]|\TU/TimesNewRoman(0)/b/n/12 Mecanismo pro-
 []


Underfull \hbox (badness 10000) in paragraph at lines 548--548
[]|\TU/TimesNewRoman(0)/m/n/12 Cuentas, vi-
 []


Underfull \hbox (badness 10000) in paragraph at lines 548--548
\TU/TimesNewRoman(0)/m/n/12 sualización y
 []


Underfull \hbox (badness 10000) in paragraph at lines 548--548
[]|\TU/TimesNewRoman(0)/m/n/12 Exposición o
 []


Underfull \hbox (badness 1158) in paragraph at lines 548--548
[]|\TU/TimesNewRoman(0)/m/n/12 MFA, RBAC, mínimo privile-
 []


Underfull \hbox (badness 1237) in paragraph at lines 548--549
[]|\TU/TimesNewRoman(0)/m/n/12 Revisión de roles y
 []


Underfull \hbox (badness 10000) in paragraph at lines 548--549
\TU/TimesNewRoman(0)/m/n/12 flujo de autentica-
 []


Underfull \hbox (badness 10000) in paragraph at lines 549--549
[]|\TU/TimesNewRoman(0)/m/n/12 Configuración y
 []


Underfull \hbox (badness 7740) in paragraph at lines 549--549
[]|\TU/TimesNewRoman(0)/m/n/12 Degradación del
 []


Underfull \hbox (badness 1005) in paragraph at lines 550--551
[]|\TU/TimesNewRoman(0)/m/n/12 Inspección de confi-
 []


Underfull \hbox (badness 7168) in paragraph at lines 551--551
[]|\TU/TimesNewRoman(0)/m/n/12 Inyección de datos
 []


Underfull \hbox (badness 10000) in paragraph at lines 551--551
[]|\TU/TimesNewRoman(0)/m/n/12 ICV, estados y
 []


Underfull \hbox (badness 10000) in paragraph at lines 551--551
[]|\TU/TimesNewRoman(0)/m/n/12 Decisiones inco-
 []


Underfull \hbox (badness 2237) in paragraph at lines 551--552
[]|\TU/TimesNewRoman(0)/m/n/12 Pruebas con mensa-
 []


Underfull \hbox (badness 10000) in paragraph at lines 552--552
[]|\TU/TimesNewRoman(0)/m/n/12 Supervisión y
 []


Underfull \hbox (badness 10000) in paragraph at lines 553--553
[]|\TU/TimesNewRoman(0)/m/n/12 Indisponibilidad
 []


Underfull \hbox (badness 4779) in paragraph at lines 554--554
[]|\TU/TimesNewRoman(0)/m/n/12 Secretos no embebidos, rota-
 []


Underfull \hbox (badness 1681) in paragraph at lines 555--555
[]|\TU/TimesNewRoman(0)/m/n/12 Software edge y
 []


Underfull \hbox (badness 1127) in paragraph at lines 555--555
[]|\TU/TimesNewRoman(0)/m/n/12 Ejecución de có-
 []


Overfull \hbox (4.76543pt too wide) in paragraph at lines 555--555
[]|\TU/TimesNewRoman(0)/m/n/12 Baja/Media| 
 []


Underfull \hbox (badness 1009) in paragraph at lines 555--555
\TU/TimesNewRoman(0)/m/n/12 ticado, control de versiones y
 []


Underfull \hbox (badness 10000) in paragraph at lines 555--556
[]|\TU/TimesNewRoman(0)/m/n/12 Flujo de actualiza-
 []


Underfull \hbox (badness 2818) in paragraph at lines 556--556
[]|\TU/TimesNewRoman(0)/m/n/12 Fallo de sincroniza-
 []


Overfull \hbox (1.94057pt too wide) in paragraph at lines 556--556
[]|\TU/TimesNewRoman(0)/m/n/12 Recomendaciones
 []


Underfull \hbox (badness 1028) in paragraph at lines 556--556
\TU/TimesNewRoman(0)/m/n/12 mero de secuencia e invalida-
 []


Overfull \hbox (4.76543pt too wide) in paragraph at lines 557--557
[]|\TU/TimesNewRoman(0)/m/n/12 Baja/Media| 
 []

LaTeX Info: Redefining \. on input line 562.
LaTeX Info: Redefining \% on input line 562.
[123

]
Overfull \vbox (229.89981pt too high) has occurred while \output is active []

LaTeX Info: Redefining \. on input line 562.
LaTeX Info: Redefining \% on input line 562.

[124]
LaTeX Info: Redefining \. on input line 608.
LaTeX Info: Redefining \% on input line 608.
 [125

]) (build_v3/cap7_validacion
LaTeX Info: Redefining \. on input line 1.
LaTeX Info: Redefining \% on input line 1.
 [126]
Capítulo 7.

Underfull \hbox (badness 2020) in paragraph at lines 34--34
[]|\TU/TimesNewRoman(0)/m/n/12 Control semafórico fijo /
 []


Underfull \hbox (badness 1383) in paragraph at lines 34--34
[]|\TU/TimesNewRoman(0)/m/n/12 Configuración documenta-
 []


Underfull \hbox (badness 1189) in paragraph at lines 34--34
[]|\TU/TimesNewRoman(0)/m/n/12 Mejora o no degradación
 []


Underfull \hbox (badness 2376) in paragraph at lines 34--34
\TU/TimesNewRoman(0)/m/n/12 de coordinación de nube
 []


Underfull \hbox (badness 1859) in paragraph at lines 34--34
\TU/TimesNewRoman(0)/m/n/12 cleo; recomendación vali-
 []


Underfull \hbox (badness 6691) in paragraph at lines 34--34
[]|\TU/TimesNewRoman(0)/m/n/12 Sin dependencia de res-
 []


Underfull \hbox (badness 1721) in paragraph at lines 34--34
[]|\TU/TimesNewRoman(0)/m/n/12 Establecer una cota com-
 []


Underfull \hbox (badness 3635) in paragraph at lines 34--34
\TU/TimesNewRoman(0)/m/n/12 parativa con información
 []

[127

]
Package microtype Info: Loading generic protrusion settings for font family
(microtype)             `CourierNew' (encoding: TU).
(microtype)             For optimal results, create family-specific settings.
(microtype)             See the microtype manual for details.

Underfull \hbox (badness 1259) in paragraph at lines 47--52
[]\TU/TimesNewRoman(0)/m/n/12 La comparación A–B se ejecuta de forma determinis
ta mediante la biblioteca
 []

LaTeX Info: Redefining \. on input line 74.
LaTeX Info: Redefining \% on input line 74.
[128]
LaTeX Info: Redefining \. on input line 101.
LaTeX Info: Redefining \% on input line 101.
 [129]
File: media/image65.png Graphic file (type bmp)
<media/image65.png>
File: media/image58.png Graphic file (type bmp)
<media/image58.png>
LaTeX Info: Redefining \. on input line 123.
LaTeX Info: Redefining \% on input line 123.
 [130]
File: media/image10.png Graphic file (type bmp)
<media/image10.png>
LaTeX Info: Redefining \. on input line 144.
LaTeX Info: Redefining \% on input line 144.
 [131]
Underfull \hbox (badness 1968) in paragraph at lines 202--202
[]|\TU/TimesNewRoman(0)/m/n/12 Difuso mejo-
 []


Underfull \hbox (badness 1968) in paragraph at lines 202--202
[]|\TU/TimesNewRoman(0)/m/n/12 Difuso mejo-
 []

LaTeX Info: Redefining \. on input line 205.
LaTeX Info: Redefining \% on input line 205.
[132]
LaTeX Info: Redefining \. on input line 246.
LaTeX Info: Redefining \% on input line 246.
 [133]
Underfull \hbox (badness 1052) in paragraph at lines 293--293
[]|\TU/TimesNewRoman(0)/m/n/12 Cadena cámara$\OMS/cmsy/m/n/12 !$\TU/TimesNewRom
an(0)/m/n/12 ICV demostra-
 []


Overfull \hbox (14.12404pt too wide) in paragraph at lines 293--293
[]|\TU/TimesNewRoman(0)/m/n/12 Comunicación/seguridad| 
 []


Underfull \hbox (badness 10000) in paragraph at lines 293--293
[]|\TU/TimesNewRoman(0)/m/n/12 Rechazo de parámetros invá-
 []


Underfull \hbox (badness 10000) in paragraph at lines 293--293
\TU/TimesNewRoman(0)/m/n/12 lidos y vencidos por vigen-
 []


Underfull \hbox (badness 2707) in paragraph at lines 293--293
\TU/TimesNewRoman(0)/m/n/12 señados; disponibilidad por de-
 []


Underfull \hbox (badness 10000) in paragraph at lines 293--293
[]|\TU/TimesNewRoman(0)/m/n/12 Arquitectura TLS/autenticación
 []


Underfull \hbox (badness 1783) in paragraph at lines 293--293
[]|\TU/TimesNewRoman(0)/m/n/12 CAPEX/OPEX consolidados en
 []

LaTeX Info: Redefining \. on input line 296.
LaTeX Info: Redefining \% on input line 296.
[134]
Overfull \vbox (441.97067pt too high) has occurred while \output is active []

LaTeX Info: Redefining \. on input line 296.
LaTeX Info: Redefining \% on input line 296.

[135]
LaTeX Info: Redefining \. on input line 344.
LaTeX Info: Redefining \% on input line 344.
 [136]
Underfull \hbox (badness 1609) in paragraph at lines 374--374
[]|\TU/TimesNewRoman(0)/m/n/12 150 W $\OMS/cmsy/m/n/12 ^^B$ \TU/TimesNewRoman(0
)/m/n/12 24 h $\OMS/cmsy/m/n/12 ^^B$ \TU/TimesNewRoman(0)/m/n/12 365 d @ S/
 []


Underfull \hbox (badness 1845) in paragraph at lines 374--374
[]|\TU/TimesNewRoman(0)/m/n/12 Plan de datos 10 GB/mes @ S/
 []

LaTeX Info: Redefining \. on input line 377.
LaTeX Info: Redefining \% on input line 377.
[137]) (build_v3/cierre
LaTeX Info: Redefining \. on input line 4.
LaTeX Info: Redefining \% on input line 4.
 [138] [139

]
LaTeX Info: Redefining \. on input line 76.
LaTeX Info: Redefining \% on input line 76.
 [140]
LaTeX Info: Redefining \. on input line 98.
LaTeX Info: Redefining \% on input line 98.
 [141] (build_v3/bibliografia_items
Underfull \hbox (badness 1178) in paragraph at lines 4--6
[]\TU/TimesNewRoman(0)/m/n/12 Adafruit Industries. (2016, 9 de febrero). MCP300
8 | Raspberry Pi Analog to
 []


Underfull \hbox (badness 10000) in paragraph at lines 6--8
[][][]\TU/TimesNewRoman(0)/m/n/12 https://www.advancedpcb.com/en[]-[]us/resourc
es/blog/understanding[]-[]high[]-[]po[]-[]wer[]-[]pcb[]-
 []


Overfull \hbox (122.65193pt too wide) in paragraph at lines 8--10
\TU/TimesNewRoman(0)/m/n/12 Part Number: CFP23BV8-ART. [][][]https://ieeexplore
.pucp.elogim.com/stamp/stamp.jsp?tp=&arnumber=9071667[][] 
 []


Underfull \hbox (badness 10000) in paragraph at lines 10--12
\TU/TimesNewRoman(0)/m/n/12 Heating. [][][]https://resources.altium.com/p/ipc[]
-[]2221[]-[]cal[]-[]cu[]-[]la[]-[]tor[]-[]pcb[]-[]tra[]-[]ce[]-[]cu[]-[]rrent[]
-[]and[]-
 []


Underfull \hbox (badness 5847) in paragraph at lines 12--14
[]\TU/TimesNewRoman(0)/m/n/12 Analog Devices. (2015). DS18B20: Programmable res
olution 1-Wire digital
 []


Overfull \hbox (82.51105pt too wide) in paragraph at lines 14--16
[]\TU/TimesNewRoman(0)/m/n/12 APC Guard. (s.f.). Smart-UPS SMT1500IC Datasheet.
 [][][]https://www.apcguard.com.au/datasheets/Smart[]-
 []


Underfull \hbox (badness 2173) in paragraph at lines 16--18
\TU/TimesNewRoman(0)/m/n/12 inteligentes. [][][]https://apolitical.co/solution[
]-[]ar[]-[]ti[]-[]cles/es/pittsburgh[]-[]re[]-[]du[]-[]ce[]-[]el[]-[]tiem[]-[]p
o[]-[]de[]-
 []


Overfull \hbox (114.59496pt too wide) in paragraph at lines 22--24
[]\TU/TimesNewRoman(0)/m/n/12 ATO. (2020). NEMA 23 stepper motor specifications
 [Hoja de datos]. [][][]https://www.ato.com/Content/doc/nema[]-
 []

[142

]
Underfull \hbox (badness 10000) in paragraph at lines 26--28
\TU/TimesNewRoman(0)/m/n/12 with World Bank support. [][][]https://www.bancomun
dial.org/es/news/press[]-[]re[]-[]lea[]-
 []


Overfull \hbox (38.38438pt too wide) in paragraph at lines 28--30
[]\TU/TimesNewRoman(0)/m/n/12 BBMLED. (s.f.). How IoT enhances smart traffic li
ght systems. [][][]https://www.bbmled.com/es/a[]-
 []


Underfull \hbox (badness 1189) in paragraph at lines 30--32
[]\TU/TimesNewRoman(0)/m/n/12 BC Robotics. (s.f.). Getting Started With The Ras
pberry Pi 16 Channel ADC
 []


Underfull \hbox (badness 10000) in paragraph at lines 30--32
\TU/TimesNewRoman(0)/m/n/12 HAT. [][][]https://bc[]-[]ro[]-[]bo[]-[]tics.com/tu
torials/getting[]-[]star[]-[]ted[]-[]rasp[]-[]berry[]-[]16[]-[]chan[]-[]nel[]-[
]adc[]-
 []


Overfull \hbox (17.83057pt too wide) in paragraph at lines 30--32
[]\TU/TimesNewRoman(0)/m/n/12 hat/?srsltid=AfmBOoo5UNInhCebqc6AE[]-[]9IB_Cp4Din
eEsyD8XHiTWDtIY1t7zUg1Ld[][] 
 []


Overfull \hbox (44.23291pt too wide) in paragraph at lines 36--38
[][][]\TU/TimesNewRoman(0)/m/n/12 https://pillarinc.com/wp[]-[]con[]-[]tent/upl
oads/2019/09/Boaz_NTCIPCenterToFieldStepByStep.pdf[][] 
 []


Underfull \hbox (badness 5203) in paragraph at lines 38--40
\TU/TimesNewRoman(0)/m/n/12 Met Alice. [][][]https://medium.com/asecuritysite[]
-[]when[]-[]bob[]-[]met[]-[]ali[]-[]ce/traffic[]-[]light[]-[]hac[]-
 []


Underfull \hbox (badness 10000) in paragraph at lines 40--42
[][][]\TU/TimesNewRoman(0)/m/n/12 https://www.cmu.edu/news/stories/archives/201
9/october/traffic[]-[]mo[]-[]ves[]-[]at[]-[]speed[]-[]of[]-
 []


Overfull \hbox (30.31613pt too wide) in paragraph at lines 42--44
[]\TU/TimesNewRoman(0)/m/n/12 Coral. (s.f.). Get started with the Coral USB Acc
elerator. [][][]https://coral.ai/docs/accelerator/get[]-
 []


Underfull \hbox (badness 10000) in paragraph at lines 46--48
[]\TU/TimesNewRoman(0)/m/n/12 vehi[]-[]cu[]-[]lar[]-[]en[]-[]li[]-[]ma[]-[]la[]
-[]ciu[]-[]dad[]-[]mas[]-[]len[]-[]ta[]-[]de[]-[]ame[]-[]ri[]-[]ca[]-[]la[]-[]t
i[]-[]na[]-[]con[]-[]so[]-[]lo[]-[]145[]-[]kmh[]-[]en[]-[]ho[]-
 []


Overfull \hbox (148.53761pt too wide) in paragraph at lines 48--50
\TU/TimesNewRoman(0)/m/n/12 cantes controlar los semáforos de una ciudad. [][][
]https://www.elespanol.com/omicrono/tecnologia/20240718/gigantesco[]-
 []


Overfull \hbox (43.69385pt too wide) in paragraph at lines 48--50
[]\TU/TimesNewRoman(0)/m/n/12 atas[]-[]co[]-[]crea[]-[]do[]-[]hac[]-[]kers[]-[]
con[]-[]se[]-[]gui[]-[]rian[]-[]ata[]-[]can[]-[]tes[]-[]con[]-[]tro[]-[]lar[]-[
]se[]-[]ma[]-[]fo[]-[]ros[]-[]ciu[]-[]dad/871413290_0.html[][] 
 []

LaTeX Info: Redefining \. on input line 50.
LaTeX Info: Redefining \% on input line 50.
[143]
Overfull \hbox (134.63243pt too wide) in paragraph at lines 52--54
[]\TU/TimesNewRoman(0)/m/n/12 Finglai Electric. (s.f.). S-360-24 – Switching Po
wer Supply 24V 15A. [][][]https://www.finglai.com/products/switching[]-
 []


Overfull \hbox (45.51231pt too wide) in paragraph at lines 56--58
\TU/TimesNewRoman(0)/m/n/12 21. [][][]https://www.scielo.org.mx/scielo.php?pid=
S1405[]-[]77432013000400011&script=sci_arttext[][] 
 []


Underfull \hbox (badness 6110) in paragraph at lines 58--60
[]\TU/TimesNewRoman(0)/m/n/12 HandsOn Technology. (s.f.). 360W 24V 15A SMPS – P
ower Supply Da-
 []


Underfull \hbox (badness 10000) in paragraph at lines 58--60
\TU/TimesNewRoman(0)/m/n/12 tasheet. [][][]https://www.handsontec.com/dataspecs
/power%20supply/360W[]-[]24V[]-
 []


Overfull \hbox (55.93408pt too wide) in paragraph at lines 62--64
[]\TU/TimesNewRoman(0)/m/n/12 eng.lbl.gov/~shuman/NEXT/CURRENT_DESIGN/TP/MATERI
ALS/IPC[]-[]2221A%28L%29.pdf[][] 
 []


Overfull \hbox (43.49777pt too wide) in paragraph at lines 64--66
[]\TU/TimesNewRoman(0)/m/n/12 ITS Perú. (2024a). Semáforos inteligentes en San 
Isidro. [][][]https://itsperu.org/articulos/semaforos[]-
 []


Underfull \hbox (badness 1024) in paragraph at lines 66--68
[]\TU/TimesNewRoman(0)/m/n/12 ITS Perú. (2024b). ¿Quién o qué decide el ritmo d
e los semáforos en Lima?.
 []


Overfull \hbox (9.58838pt too wide) in paragraph at lines 68--70
\TU/TimesNewRoman(0)/m/n/12 CON). [][][]https://ieeexplore.pucp.elogim.com/stam
p/stamp.jsp?tp=&arnumber=10537877[][] 
 []

LaTeX Info: Redefining \. on input line 74.
LaTeX Info: Redefining \% on input line 74.
[144]
Underfull \hbox (badness 2401) in paragraph at lines 74--76
[]\TU/TimesNewRoman(0)/m/n/12 KSN PCB. (s.f.). The Ultimate Guide of Mastering 
PCB Design Guidelines.
 []


Underfull \hbox (badness 2409) in paragraph at lines 76--78
[]\TU/TimesNewRoman(0)/m/n/12 Little Bird Electronics. (s.f.). Using a Logic-le
vel Shifter with Raspberry Pi.
 []


Underfull \hbox (badness 10000) in paragraph at lines 76--78
[][][]\TU/TimesNewRoman(0)/m/n/12 https://learn.littlebirdelectronics.com.au/gu
ides/using[]-[]a[]-[]lo[]-[]gic[]-[]le[]-[]vel[]-[]shif[]-[]ter[]-[]with[]-[]ra
sp[]-
 []


Overfull \hbox (161.93236pt too wide) in paragraph at lines 80--82
[]\TU/TimesNewRoman(0)/m/n/12 Mean Well. (s.f.b). HDR-15 Series Power Supply. [
][][]https://www.meanwell.com/webapp/product/search.aspx?prod=HDR[]-
 []


Underfull \hbox (badness 1603) in paragraph at lines 86--88
[]\TU/TimesNewRoman(0)/m/n/12 National Electrical Manufacturers Association (NE
MA). (2021). NEMA TS 2-
 []


Underfull \hbox (badness 10000) in paragraph at lines 86--88
[][][]\TU/TimesNewRoman(0)/m/n/12 https://www.nema.org/docs/default[]-[]sour[]-
[]ce/standards[]-[]do[]-[]cu[]-[]ment[]-[]li[]-[]brary/nema[]-[]ts[]-[]2[]-
 []


Underfull \hbox (badness 8113) in paragraph at lines 88--90
[]\TU/TimesNewRoman(0)/m/n/12 Naylamp Mechatronics. (s.f.a). Conversor de nivel
 lógico 8ch TXS0108E.
 []


Underfull \hbox (badness 10000) in paragraph at lines 88--90
[][][]\TU/TimesNewRoman(0)/m/n/12 https://naylampmechatronics.com/conversores[]
-[]ttl/282[]-[]con[]-[]ver[]-[]sor[]-[]de[]-[]ni[]-[]vel[]-[]lo[]-[]gi[]-[]co[]
-
 []


Underfull \hbox (badness 10000) in paragraph at lines 92--94
[][][]\TU/TimesNewRoman(0)/m/n/12 https://naylampmechatronics.com/motores[]-[]p
ap[]-[]step[]-[]pers/820[]-[]mo[]-[]tor[]-[]pap[]-[]step[]-[]per[]-[]ne[]-
 []


Overfull \hbox (143.67064pt too wide) in paragraph at lines 94--96
[]\TU/TimesNewRoman(0)/m/n/12 Naylamp Mechatronics. (s.f.d). Sensor de temperat
ura digital DS18B20. [][][]https://naylampmechatronics.com/sensores[]-
 []


Underfull \hbox (badness 10000) in paragraph at lines 96--98
\TU/TimesNewRoman(0)/m/n/12 seguras. [][][]https://www.pasajero7.com/semaforos[
]-[]in[]-[]te[]-[]li[]-[]gen[]-[]tes[]-[]la[]-[]cla[]-[]ve[]-[]pa[]-[]ra[]-[]ci
u[]-[]da[]-[]des[]-
 []

LaTeX Info: Redefining \. on input line 98.
LaTeX Info: Redefining \% on input line 98.
[145]
Overfull \hbox (91.10907pt too wide) in paragraph at lines 100--102
[]\TU/TimesNewRoman(0)/m/n/12 PULS Power. (s.f.a). CD5.051 – 5V, 10A DIN Rail P
ower Supply. [][][]https://products.pulspower.com/en/cd5[]-
 []


Overfull \hbox (91.7829pt too wide) in paragraph at lines 102--104
[]\TU/TimesNewRoman(0)/m/n/12 PULS Power. (s.f.b). CD5.121 – 12V, 5A DIN Rail P
ower Supply. [][][]https://products.pulspower.com/en/cd5[]-
 []


Underfull \hbox (badness 4048) in paragraph at lines 110--112
[]\TU/TimesNewRoman(0)/m/n/12 Raspberry Pi Stack Exchange. (2014, 13 de marzo).
 Using 5 volts on an
 []


Underfull \hbox (badness 10000) in paragraph at lines 110--112
\TU/TimesNewRoman(0)/m/n/12 mcp3008. [][][]https://raspberrypi.stackexchange.co
m/questions/14450/using[]-[]5[]-[]volts[]-
 []


Underfull \hbox (badness 1546) in paragraph at lines 112--114
[]\TU/TimesNewRoman(0)/m/n/12 S, S., Kingslin, M. T., M, S., Sivarajan, S., Jos
phine, C. V., & Lakshmi, C.
 []


Underfull \hbox (badness 2662) in paragraph at lines 112--114
\TU/TimesNewRoman(0)/m/n/12 K. R. (2023). IoT based on smart traffic lights and
 streetlight system. Pro-
 []


Underfull \hbox (badness 6141) in paragraph at lines 112--114
\TU/TimesNewRoman(0)/m/n/12 ceedings of the Second International Conference on 
Edge Computing and
 []


Underfull \hbox (badness 5817) in paragraph at lines 112--114
\TU/TimesNewRoman(0)/m/n/12 Applications (ICECAA 2023), IEEE Xplore Part Number
: CFP23BV8-ART.
 []


Underfull \hbox (badness 10000) in paragraph at lines 120--122
\TU/TimesNewRoman(0)/m/n/12 (SMT1500IC). [][][]https://www.se.com/pe/es/product
/SMT1500IC/apc[]-[]smar[]-[]tups[]-
 []


Underfull \hbox (badness 10000) in paragraph at lines 120--122
[]\TU/TimesNewRoman(0)/m/n/12 l%C3%ADnea[]-[]in[]-[]ter[]-[]ac[]-[]ti[]-[]va[]-
[]1500va[]-[]to[]-[]rre[]-[]230v[]-[]8x[]-[]iec[]-[]c13[]-[]sa[]-[]li[]-[]das[]
-[]puer[]-[]to[]-[]smart[]-[]con[]-
 []


Overfull \hbox (27.58556pt too wide) in paragraph at lines 122--124
\TU/TimesNewRoman(0)/m/n/12 peruano. SciELO Perú. [][][]http://www.scielo.org.p
e/scielo.php?script=sci_arttext&pid=S1810[]-
 []

LaTeX Info: Redefining \. on input line 124.
LaTeX Info: Redefining \% on input line 124.
[146]
Overfull \hbox (78.41858pt too wide) in paragraph at lines 124--126
[]\TU/TimesNewRoman(0)/m/n/12 SCOOT. (s.f.). Split Cycle Offset Optimization Te
chnique. [][][]https://trlsoftware.com/software/intelligent[]-
 []


Overfull \hbox (265.35614pt too wide) in paragraph at lines 126--128
[]\TU/TimesNewRoman(0)/m/n/12 Seeed Studio. (s.f.). Getting started with Raspbe
rry Pi 4G LTE HAT. [][][]https://wiki.seeedstudio.com/es/getting_started_raspbe
rry_pi_4g_lte_hat/[][] 
 []


Underfull \hbox (badness 5847) in paragraph at lines 128--130
[]\TU/TimesNewRoman(0)/m/n/12 Sierra Circuits. (2023, 30 de enero). IPC-2221 St
andards in PCB Design.
 []


Underfull \hbox (badness 1072) in paragraph at lines 132--134
\TU/TimesNewRoman(0)/m/n/12 time by 25%. [][][]https://www.smartcitiesdive.com/
news/this[]-[]ai[]-[]traf[]-[]fic[]-[]sys[]-[]tem[]-[]in[]-[]pit[]-[]ts[]-
 []


Overfull \hbox (346.7048pt too wide) in paragraph at lines 136--138
[]\TU/TimesNewRoman(0)/m/n/12 StepperOnline. (2020). DM542T digital stepping dr
ive [Hoja de datos]. [][][]https://5.imimg.com/data5/SELLER/Doc/2020/12/GL/TF/K
S/16561264/stepperonline[]-
 []


Underfull \hbox (badness 2582) in paragraph at lines 138--140
[]\TU/TimesNewRoman(0)/m/n/12 Tario, J. D., Dillmann, R., Lardoux, J., Martinez
, R., White, C., Gross, N.,
 []


Underfull \hbox (badness 1824) in paragraph at lines 138--140
\TU/TimesNewRoman(0)/m/n/12 Patel, N., & Meyer, R. (2014). Adaptive traffic sig
nal control for Tarrytown
 []


Underfull \hbox (badness 2012) in paragraph at lines 138--140
\TU/TimesNewRoman(0)/m/n/12 Energy Research and Development Authority & New Yor
k State Department
 []


Underfull \hbox (badness 10000) in paragraph at lines 138--140
\TU/TimesNewRoman(0)/m/n/12 of Transportation. TransCore ITS, LLC. [][][]https:
//www.nyserda.ny.gov/[]-[]/me[]-
 []


Underfull \hbox (badness 10000) in paragraph at lines 138--140
[]\TU/TimesNewRoman(0)/m/n/12 dia/Project/Nyserda/Files/Publications/Research/T
ransportation/Adaptive[]-[]Traf[]-
 []


Overfull \hbox (305.72452pt too wide) in paragraph at lines 140--142
[]\TU/TimesNewRoman(0)/m/n/12 Trafficware. (2014). Summary of Version 8 release
s. [][][]https://online.trafficware.com/downloads/v8/Summary%20of%20Version%208
%20Releases.pdf[][] 
 []

)
LaTeX Info: Redefining \. on input line 104.
LaTeX Info: Redefining \% on input line 104.
 [147] [148

]
LaTeX Info: Redefining \. on input line 179.
LaTeX Info: Redefining \% on input line 179.
 [149] (build_v3/anexo_componentes

Package caption Warning: \captionsetup{type*=...} or \captionof
(caption)                outside box or environment on input line 4.
See the caption package documentation for explanation.


Underfull \hbox (badness 10000) in alignment at lines 10--49
[] [] [] []
 []


Underfull \hbox (badness 10000) in alignment at lines 49--51
[] [] [] []
 []


Underfull \hbox (badness 10000) in alignment at lines 51--52
[] [] [] []
 []


Underfull \hbox (badness 10000) in alignment at lines 59--87
[] []
 []


Underfull \hbox (badness 10000) in alignment at lines 87--89
[] []
 []


Underfull \hbox (badness 10000) in alignment at lines 89--90
[] []
 []

LaTeX Info: Redefining \. on input line 92.
LaTeX Info: Redefining \% on input line 92.
[150]
Underfull \hbox (badness 10000) in alignment at lines 99--138
[] [] [] []
 []


Underfull \hbox (badness 10000) in alignment at lines 138--140
[] [] [] []
 []


Underfull \hbox (badness 10000) in alignment at lines 140--141
[] [] [] []
 []


Underfull \hbox (badness 10000) in alignment at lines 148--176
[] []
 []


Underfull \hbox (badness 10000) in alignment at lines 176--178
[] []
 []


Underfull \hbox (badness 10000) in alignment at lines 178--179
[] []
 []


Underfull \hbox (badness 10000) in alignment at lines 188--227
[] [] [] []
 []


Underfull \hbox (badness 10000) in alignment at lines 227--229
[] [] [] []
 []


Underfull \hbox (badness 10000) in alignment at lines 229--230
[] [] [] []
 []


Underfull \hbox (badness 10000) in alignment at lines 237--260
[] []
 []


Underfull \hbox (badness 10000) in alignment at lines 260--262
[] []
 []


Underfull \hbox (badness 10000) in alignment at lines 262--263
[] []
 []

LaTeX Info: Redefining \. on input line 265.
LaTeX Info: Redefining \% on input line 265.
[151]
Underfull \hbox (badness 10000) in alignment at lines 363--391
[] []
 []


Underfull \hbox (badness 10000) in alignment at lines 391--393
[] []
 []


Underfull \hbox (badness 10000) in alignment at lines 393--394
[] []
 []


Underfull \hbox (badness 10000) in alignment at lines 405--444
[] [] [] []
 []


Underfull \hbox (badness 10000) in alignment at lines 444--446
[] [] [] []
 []


Underfull \hbox (badness 10000) in alignment at lines 446--447
[] [] [] []
 []

LaTeX Info: Redefining \. on input line 449.
LaTeX Info: Redefining \% on input line 449.
[152]
Underfull \hbox (badness 10000) in alignment at lines 454--492
[] []
 []


Underfull \hbox (badness 10000) in alignment at lines 492--494
[] []
 []


Underfull \hbox (badness 10000) in alignment at lines 494--495
[] []
 []


Underfull \hbox (badness 10000) in alignment at lines 502--535
[] []
 []


Underfull \hbox (badness 10000) in alignment at lines 535--537
[] []
 []


Underfull \hbox (badness 10000) in alignment at lines 537--538
[] []
 []


Underfull \hbox (badness 10000) in alignment at lines 545--583
[] []
 []


Underfull \hbox (badness 10000) in alignment at lines 583--585
[] []
 []


Underfull \hbox (badness 10000) in alignment at lines 585--586
[] []
 []

LaTeX Info: Redefining \. on input line 590.
LaTeX Info: Redefining \% on input line 590.
[153]
Underfull \hbox (badness 10000) in alignment at lines 595--643
[] []
 []


Underfull \hbox (badness 10000) in alignment at lines 643--645
[] []
 []


Underfull \hbox (badness 10000) in alignment at lines 645--646
[] []
 []


Underfull \hbox (badness 10000) in alignment at lines 653--696
[] []
 []


Underfull \hbox (badness 10000) in alignment at lines 696--698
[] []
 []


Underfull \hbox (badness 10000) in alignment at lines 698--699
[] []
 []


Underfull \hbox (badness 10000) in alignment at lines 706--764
[] []
 []


Underfull \hbox (badness 10000) in alignment at lines 764--766
[] []
 []


Underfull \hbox (badness 10000) in alignment at lines 766--767
[] []
 []

LaTeX Info: Redefining \. on input line 767.
LaTeX Info: Redefining \% on input line 767.
[154]
Underfull \hbox (badness 10000) in alignment at lines 774--817
[] []
 []


Underfull \hbox (badness 10000) in alignment at lines 817--819
[] []
 []


Underfull \hbox (badness 10000) in alignment at lines 819--820
[] []
 []


Underfull \hbox (badness 10000) in alignment at lines 827--855
[] []
 []


Underfull \hbox (badness 10000) in alignment at lines 855--857
[] []
 []


Underfull \hbox (badness 10000) in alignment at lines 857--858
[] []
 []

LaTeX Info: Redefining \. on input line 860.
LaTeX Info: Redefining \% on input line 860.
[155]
Underfull \hbox (badness 10000) in alignment at lines 865--898
[] []
 []


Underfull \hbox (badness 10000) in alignment at lines 898--900
[] []
 []


Underfull \hbox (badness 10000) in alignment at lines 900--901
[] []
 []


Underfull \hbox (badness 10000) in alignment at lines 908--946
[] []
 []


Underfull \hbox (badness 10000) in alignment at lines 946--948
[] []
 []


Underfull \hbox (badness 10000) in alignment at lines 948--949
[] []
 []


Underfull \hbox (badness 10000) in alignment at lines 958--1411
[] [] [] []
 []


Underfull \hbox (badness 10000) in alignment at lines 1411--1413
[] [] [] []
 []


Underfull \hbox (badness 10000) in alignment at lines 1413--1414
[] [] [] []
 []

LaTeX Info: Redefining \. on input line 1414.
LaTeX Info: Redefining \% on input line 1414.
[156]
LaTeX Info: Redefining \. on input line 1414.
LaTeX Info: Redefining \% on input line 1414.
 [157]
LaTeX Info: Redefining \. on input line 1414.
LaTeX Info: Redefining \% on input line 1414.
 [158]
Overfull \vbox (365.76703pt too high) has occurred while \output is active []

LaTeX Info: Redefining \. on input line 1414.
LaTeX Info: Redefining \% on input line 1414.

[159]))
LaTeX Info: Redefining \. on input line 291.
LaTeX Info: Redefining \% on input line 291.
 [160] (mainV3.aux
LaTeX Info: Redefining \. on input line 23.
LaTeX Info: Redefining \% on input line 23.
) )
Output written on mainV3.xdv (173 pages, 2908216 bytes).
